Chromosome,Position,rsID,Reference,Alternate,Source,Filters - exomes,Filters - genomes,Consequence,Protein Consequence,Transcript Consequence,Annotation,Flags,Allele Count,Allele Number,Allele Frequency,Homozygote Count,Hemizygote Count,Allele Count African,Allele Number African,Homozygote Count African,Hemizygote Count African,Allele Count Latino,Allele Number Latino,Homozygote Count Latino,Hemizygote Count Latino,Allele Count Ashkenazi Jewish,Allele Number Ashkenazi Jewish,Homozygote Count Ashkenazi Jewish,Hemizygote Count Ashkenazi Jewish,Allele Count East Asian,Allele Number East Asian,Homozygote Count East Asian,Hemizygote Count East Asian,Allele Count European (Finnish),Allele Number European (Finnish),Homozygote Count European (Finnish),Hemizygote Count European (Finnish),Allele Count European (non-Finnish),Allele Number European (non-Finnish),Homozygote Count European (non-Finnish),Hemizygote Count European (non-Finnish),Allele Count Other,Allele Number Other,Homozygote Count Other,Hemizygote Count Other,Allele Count South Asian,Allele Number South Asian,Homozygote Count South Asian,Hemizygote Count South Asian
9,35089099,rs746940407,T,C,gnomAD Exomes,PASS,NA,p.Gln1087Arg,p.Gln1087Arg,c.3260A>G,missense_variant,,1,109404,9.14043362217103E-06,0,0,0,7164,0,0,0,17108,0,0,0,2320,0,0,0,9046,0,0,0,13394,0,0,1,42768,0,0,0,1914,0,0,0,15690,0,0
9,35089115,rs776854356,G,A,gnomAD Exomes,PASS,NA,p.Gln1082Ter,p.Gln1082Ter,c.3244C>T,stop_gained,lc_lof,1,109406,9.14026653017202E-06,0,0,0,7164,0,0,0,17110,0,0,0,2320,0,0,0,9046,0,0,0,13394,0,0,1,42768,0,0,0,1914,0,0,0,15690,0,0
9,35089124,rs1407523324,A,G,gnomAD Exomes,PASS,NA,p.Trp1079Arg,p.Trp1079Arg,c.3235T>C,missense_variant,,1,109408,9.14009944428195E-06,0,0,0,7164,0,0,0,17112,0,0,0,2320,0,0,0,9046,0,0,0,13394,0,0,0,42768,0,0,0,1914,0,0,1,15690,0,0
9,35089126,rs1179043464,GA,G,gnomAD Exomes,PASS,NA,p.Ser1078ProfsTer27,p.Ser1078ProfsTer27,c.3232delT,frameshift_variant,lc_lof,1,109408,9.14009944428195E-06,0,0,0,7164,0,0,1,17112,0,0,0,2320,0,0,0,9046,0,0,0,13394,0,0,0,42768,0,0,0,1914,0,0,0,15690,0,0
9,35089135,rs756831867,G,A,gnomAD Exomes,PASS,NA,p.Ala1075Val,p.Ala1075Val,c.3224C>T,missense_variant,,1,109404,9.14043362217103E-06,0,0,0,7162,0,0,1,17112,0,0,0,2320,0,0,0,9046,0,0,0,13394,0,0,0,42766,0,0,0,1914,0,0,0,15690,0,0
9,35089160,rs768489762,C,T,gnomAD Exomes,PASS,NA,p.Ala1067Thr,p.Ala1067Thr,c.3199G>A,missense_variant,,1,109408,9.14009944428195E-06,0,0,0,7164,0,0,0,17112,0,0,0,2320,0,0,0,9046,0,0,0,13394,0,0,0,42768,0,0,0,1914,0,0,1,15690,0,0
9,35089161,rs1205267378,T,C,gnomAD Exomes,PASS,NA,p.Ile1066Met,p.Ile1066Met,c.3198A>G,missense_variant,,1,109408,9.14009944428195E-06,0,0,0,7164,0,0,0,17112,0,0,0,2320,0,0,0,9046,0,0,0,13394,0,0,1,42768,0,0,0,1914,0,0,0,15690,0,0
9,35089181,rs551920425,C,T,gnomAD Exomes,PASS,NA,p.Val1060Met,p.Val1060Met,c.3178G>A,missense_variant,,2,109408,1.82801988885639E-05,0,0,0,7164,0,0,1,17112,0,0,0,2320,0,0,1,9046,0,0,0,13394,0,0,0,42768,0,0,0,1914,0,0,0,15690,0,0
9,35089196,rs147316771,A,G,"gnomAD Exomes,gnomAD Genomes",PASS,PASS,p.Phe1055Leu,p.Phe1055Leu,c.3163T>C,missense_variant,,86,120286,0.000714962672298,0,0,4,9738,0,0,13,17358,0,0,0,2358,0,0,1,9962,0,0,0,14556,0,0,66,48288,0,0,2,2336,0,0,0,15690,0,0
9,35089198,rs372353644,C,T,gnomAD Exomes,PASS,NA,p.Gly1054Asp,p.Gly1054Asp,c.3161G>A,missense_variant,,1,109408,9.14009944428195E-06,0,0,0,7164,0,0,0,17112,0,0,0,2320,0,0,0,9046,0,0,0,13394,0,0,0,42768,0,0,0,1914,0,0,1,15690,0,0
9,35089390,rs1274878177,C,T,gnomAD Exomes,PASS,NA,p.Val1043Met,p.Val1043Met,c.3127G>A,missense_variant,,1,109396,9.1411020512633E-06,0,0,0,7162,0,0,0,17106,0,0,0,2320,0,0,0,9046,0,0,0,13390,0,0,0,42768,0,0,1,1914,0,0,0,15690,0,0
9,35089393,rs759792378,T,C,gnomAD Exomes,PASS,NA,p.Lys1042Glu,p.Lys1042Glu,c.3124A>G,missense_variant,,1,109404,9.14043362217103E-06,0,0,0,7164,0,0,0,17110,0,0,0,2320,0,0,0,9046,0,0,0,13392,0,0,1,42768,0,0,0,1914,0,0,0,15690,0,0
9,35089397,rs765185990,GA,G,gnomAD Exomes,PASS,NA,p.Val1040AlafsTer18,p.Val1040AlafsTer18,c.3119delT,frameshift_variant,,2,109402,1.82812014405587E-05,0,0,0,7164,0,0,0,17110,0,0,0,2320,0,0,0,9046,0,0,0,13390,0,0,2,42768,0,0,0,1914,0,0,0,15690,0,0
9,35089399,rs149439295,C,T,gnomAD Exomes,PASS,NA,p.Val1040Ile,p.Val1040Ile,c.3118G>A,missense_variant,,24,109396,0.00021938644923,0,0,0,7164,0,0,0,17106,0,0,14,2320,0,0,0,9046,0,0,1,13392,0,0,6,42764,0,0,2,1914,0,0,1,15690,0,0
9,35089404,rs761199326,A,C,gnomAD Exomes,PASS,NA,p.Leu1038Arg,p.Leu1038Arg,c.3113T>G,missense_variant,,1,109402,9.14060072027934E-06,0,0,0,7164,0,0,0,17108,0,0,0,2320,0,0,0,9046,0,0,0,13392,0,0,1,42768,0,0,0,1914,0,0,0,15690,0,0
9,35089410,rs764658486,C,T,gnomAD Exomes,PASS,NA,p.Arg1036Lys,p.Arg1036Lys,c.3107G>A,missense_variant,,13,109392,0.000118838671932,0,0,0,7164,0,0,0,17106,0,0,0,2320,0,0,0,9046,0,0,0,13384,0,0,0,42768,0,0,0,1914,0,0,13,15690,0,0
9,35089413,rs763001837,C,T,gnomAD Exomes,PASS,NA,p.Arg1035His,p.Arg1035His,c.3104G>A,missense_variant,,2,109386,1.82838754502404E-05,0,0,0,7164,0,0,0,17106,0,0,0,2320,0,0,0,9046,0,0,0,13380,0,0,2,42766,0,0,0,1914,0,0,0,15690,0,0
9,35089414,rs376829041,G,A,gnomAD Exomes,PASS,NA,p.Arg1035Cys,p.Arg1035Cys,c.3103C>T,missense_variant,,14,109384,0.000127989468295,0,0,1,7164,0,0,6,17104,0,0,0,2320,0,0,0,9046,0,0,0,13382,0,0,7,42764,0,0,0,1914,0,0,0,15690,0,0
9,35089417,rs751265523,G,A,gnomAD Exomes,PASS,NA,p.Leu1034Phe,p.Leu1034Phe,c.3100C>T,missense_variant,,1,109390,9.14160343724289E-06,0,0,0,7164,0,0,0,17106,0,0,0,2320,0,0,0,9046,0,0,0,13382,0,0,0,42768,0,0,0,1914,0,0,1,15690,0,0
9,35089422,rs781164845,G,C,gnomAD Exomes,PASS,NA,p.Ser1032Cys,p.Ser1032Cys,c.3095C>G,missense_variant,,1,109390,9.14160343724289E-06,0,0,0,7164,0,0,0,17106,0,0,0,2320,0,0,1,9046,0,0,0,13384,0,0,0,42766,0,0,0,1914,0,0,0,15690,0,0
9,35089443,rs1299501656,A,C,gnomAD Exomes,PASS,NA,p.Leu1025Arg,p.Leu1025Arg,c.3074T>G,missense_variant,,1,109370,9.1432751211484E-06,0,0,0,7162,0,0,1,17102,0,0,0,2320,0,0,0,9046,0,0,0,13374,0,0,0,42764,0,0,0,1914,0,0,0,15688,0,0
9,35090068,rs571533656,T,G,gnomAD Exomes,PASS,NA,p.Ile1022Leu,p.Ile1022Leu,c.3064A>C,missense_variant,,1,109350,9.14494741655236E-06,0,0,1,7164,0,0,0,17096,0,0,0,2316,0,0,0,9046,0,0,0,13392,0,0,0,42752,0,0,0,1910,0,0,0,15674,0,0
9,35090070,rs139423183,C,G,gnomAD Exomes,PASS,NA,p.Gly1021Ala,p.Gly1021Ala,c.3062G>C,missense_variant,,1,109340,9.14578379367112E-06,0,0,1,7164,0,0,0,17094,0,0,0,2312,0,0,0,9046,0,0,0,13392,0,0,0,42750,0,0,0,1910,0,0,0,15672,0,0
9,35090083,rs753866521,G,A,gnomAD Exomes,PASS,NA,p.Leu1017Phe,p.Leu1017Phe,c.3049C>T,missense_variant,,3,109384,2.74263146346815E-05,0,0,0,7164,0,0,0,17102,0,0,0,2318,0,0,0,9046,0,0,0,13394,0,0,0,42762,0,0,0,1912,0,0,3,15686,0,0
9,35090085,rs757240040,T,C,gnomAD Exomes,PASS,NA,p.Tyr1016Cys,p.Tyr1016Cys,c.3047A>G,missense_variant,,1,109392,9.14143630247184E-06,0,0,1,7164,0,0,0,17104,0,0,0,2320,0,0,0,9046,0,0,0,13392,0,0,0,42764,0,0,0,1914,0,0,0,15688,0,0
9,35090120,rs758630237,G,C,gnomAD Exomes,PASS,NA,p.His1004Gln,p.His1004Gln,c.3012C>G,missense_variant,,2,109408,1.82801988885639E-05,0,0,0,7164,0,0,0,17112,0,0,0,2320,0,0,0,9046,0,0,0,13394,0,0,0,42768,0,0,0,1914,0,0,2,15690,0,0
9,35090121,rs780311193,T,C,gnomAD Exomes,PASS,NA,p.His1004Arg,p.His1004Arg,c.3011A>G,missense_variant,,1,109408,9.14009944428195E-06,0,0,0,7164,0,0,0,17112,0,0,0,2320,0,0,0,9046,0,0,1,13394,0,0,0,42768,0,0,0,1914,0,0,0,15690,0,0
9,35090127,rs1184994292,G,C,gnomAD Exomes,PASS,NA,p.Pro1002Arg,p.Pro1002Arg,c.3005C>G,missense_variant,,1,109408,9.14009944428195E-06,0,0,0,7164,0,0,0,17112,0,0,0,2320,0,0,0,9046,0,0,0,13394,0,0,0,42768,0,0,1,1914,0,0,0,15690,0,0
9,35090130,rs149391665,G,A,gnomAD Exomes,PASS,NA,p.Ala1001Val,p.Ala1001Val,c.3002C>T,missense_variant,,2,109398,1.82818698696503E-05,0,0,0,7164,0,0,0,17110,0,0,0,2320,0,0,1,9046,0,0,0,13388,0,0,1,42768,0,0,0,1912,0,0,0,15690,0,0
9,35090136,rs1160814644,C,T,"gnomAD Exomes,gnomAD Genomes",PASS,PASS,p.Arg999Gln,p.Arg999Gln,c.2996G>A,missense_variant,,4,120290,3.32529719843711E-05,0,0,0,9738,0,0,3,17358,0,0,0,2358,0,0,0,9962,0,0,0,14556,0,0,1,48290,0,0,0,2338,0,0,0,15690,0,0
9,35090137,rs61746764,G,A,gnomAD Exomes,PASS,NA,p.Arg999Trp,p.Arg999Trp,c.2995C>T,missense_variant,,5,109404,4.57021681108552E-05,0,0,0,7164,0,0,0,17110,0,0,0,2320,0,0,1,9046,0,0,0,13392,0,0,2,42768,0,0,0,1914,0,0,2,15690,0,0
9,35090140,rs776980889,G,A,gnomAD Exomes,PASS,NA,p.Leu998Phe,p.Leu998Phe,c.2992C>T,missense_variant,,1,109402,9.14060072027934E-06,0,0,0,7164,0,0,0,17110,0,0,0,2320,0,0,0,9046,0,0,0,13392,0,0,1,42768,0,0,0,1914,0,0,0,15688,0,0
9,35090141,rs748721693,C,CTGAGG,gnomAD Exomes,PASS,NA,p.Arg999SerfsTer61,p.Arg999SerfsTer61,c.2990_2991insCCTCA,frameshift_variant,,1,109406,9.14026653017202E-06,0,0,0,7164,0,0,1,17110,0,0,0,2320,0,0,0,9046,0,0,0,13394,0,0,0,42768,0,0,0,1914,0,0,0,15690,0,0
9,35090142,rs770280569,C,T,gnomAD Exomes,PASS,NA,p.Arg997Gln,p.Arg997Gln,c.2990G>A,missense_variant,,1,109404,9.14043362217103E-06,0,0,0,7164,0,0,0,17112,0,0,0,2320,0,0,1,9046,0,0,0,13392,0,0,0,42768,0,0,0,1914,0,0,0,15688,0,0
9,35090151,rs147155365,A,G,gnomAD Exomes,PASS,NA,p.Met994Thr,p.Met994Thr,c.2981T>C,missense_variant,,1,109406,9.14026653017202E-06,0,0,1,7164,0,0,0,17112,0,0,0,2320,0,0,0,9046,0,0,0,13392,0,0,0,42768,0,0,0,1914,0,0,0,15690,0,0
9,35090152,rs775325953,T,C,gnomAD Exomes,PASS,NA,p.Met994Val,p.Met994Val,c.2980A>G,missense_variant,,1,109408,9.14009944428195E-06,0,0,0,7164,0,0,0,17112,0,0,0,2320,0,0,0,9046,0,0,0,13394,0,0,1,42768,0,0,0,1914,0,0,0,15690,0,0
9,35090167,rs753674368,C,T,gnomAD Exomes,PASS,NA,p.Glu989Lys,p.Glu989Lys,c.2965G>A,missense_variant,,1,109408,9.14009944428195E-06,0,0,0,7164,0,0,0,17112,0,0,0,2320,0,0,0,9046,0,0,0,13394,0,0,0,42768,0,0,0,1914,0,0,1,15690,0,0
9,35090173,rs550176742,C,T,gnomAD Exomes,PASS,NA,p.Glu987Lys,p.Glu987Lys,c.2959G>A,missense_variant,,3,109404,2.74213008665131E-05,0,0,0,7164,0,0,0,17112,0,0,0,2320,0,0,0,9046,0,0,0,13390,0,0,0,42768,0,0,0,1914,0,0,3,15690,0,0
9,35090200,rs570149221,T,A,gnomAD Exomes,PASS,NA,p.Asn978Tyr,p.Asn978Tyr,c.2932A>T,missense_variant,,4,109404,3.65617344886841E-05,0,0,0,7164,0,0,0,17110,0,0,0,2320,0,0,0,9046,0,0,0,13392,0,0,0,42768,0,0,0,1914,0,0,4,15690,0,0
9,35090203,rs755248929,C,T,gnomAD Exomes,PASS,NA,p.Gly977Arg,p.Gly977Arg,c.2929G>A,missense_variant,,1,109398,9.14093493482513E-06,0,0,0,7164,0,0,1,17110,0,0,0,2320,0,0,0,9046,0,0,0,13386,0,0,0,42768,0,0,0,1914,0,0,0,15690,0,0
9,35090223,rs781623319,C,T,gnomAD Exomes,PASS,NA,p.Arg970Gln,p.Arg970Gln,c.2909G>A,missense_variant,,2,109390,1.82832068744858E-05,0,0,0,7164,0,0,0,17110,0,0,0,2320,0,0,0,9046,0,0,0,13380,0,0,0,42768,0,0,0,1914,0,0,2,15688,0,0
9,35090224,rs748546962,G,A,gnomAD Exomes,PASS,NA,p.Arg970Trp,p.Arg970Trp,c.2908C>T,missense_variant,,18,109368,0.000164581961817,0,0,0,7164,0,0,13,17110,0,0,0,2320,0,0,0,9046,0,0,0,13360,0,0,1,42768,0,0,0,1912,0,0,4,15688,0,0
9,35090241,rs148648652,C,T,gnomAD Exomes,PASS,NA,p.Cys964Tyr,p.Cys964Tyr,c.2891G>A,missense_variant,,2,109362,1.82878879318228E-05,0,0,2,7164,0,0,0,17108,0,0,0,2320,0,0,0,9046,0,0,0,13354,0,0,0,42768,0,0,0,1914,0,0,0,15688,0,0
9,35090246,rs1342382561,G,C,gnomAD Exomes,PASS,NA,p.Phe962Leu,p.Phe962Leu,c.2886C>G,missense_variant,,1,109338,9.14595108745358E-06,0,0,0,7162,0,0,0,17104,0,0,0,2320,0,0,0,9046,0,0,0,13338,0,0,0,42768,0,0,0,1914,0,0,1,15686,0,0
9,35090256,rs775237799,A,G,gnomAD Exomes,PASS,NA,p.Leu959Pro,p.Leu959Pro,c.2876T>C,missense_variant,,1,109322,9.14728965807431E-06,0,0,0,7164,0,0,1,17102,0,0,0,2320,0,0,0,9046,0,0,0,13322,0,0,0,42768,0,0,0,1914,0,0,0,15686,0,0
9,35090274,rs761568429,C,T,gnomAD Exomes,PASS,NA,p.Gly953Asp,p.Gly953Asp,c.2858G>A,missense_variant,,1,109148,9.16187195367758E-06,0,0,0,7158,0,0,0,17086,0,0,0,2320,0,0,0,9044,0,0,0,13216,0,0,1,42744,0,0,0,1910,0,0,0,15670,0,0
9,35090465,rs761635526,G,A,gnomAD Exomes,PASS,NA,p.Ala951Val,p.Ala951Val,c.2852C>T,missense_variant,,2,108534,1.84274052370686E-05,0,0,0,7094,0,0,0,16994,0,0,0,2300,0,0,0,8940,0,0,0,13366,0,0,1,42340,0,0,0,1902,0,0,1,15598,0,0
9,35090466,rs1243487347,C,A,gnomAD Exomes,PASS,NA,p.Ala951Ser,p.Ala951Ser,c.2851G>T,missense_variant,,1,108564,9.21115655281677E-06,0,0,0,7086,0,0,0,16986,0,0,0,2298,0,0,0,8958,0,0,0,13362,0,0,0,42364,0,0,0,1906,0,0,1,15604,0,0
9,35090469,rs766703716,AGAG,A,"gnomAD Exomes,gnomAD Genomes",PASS,PASS,p.Leu949del,p.Leu949del,c.2845_2847delCTC,inframe_deletion,,3,119678,2.5067263824596E-05,0,0,0,9694,0,0,0,17270,0,0,0,2344,0,0,0,9890,0,0,1,14532,0,0,2,47986,0,0,0,2332,0,0,0,15630,0,0
9,35090478,rs769624406,G,A,gnomAD Exomes,PASS,NA,p.His947Tyr,p.His947Tyr,c.2839C>T,missense_variant,,5,109040,4.58547322083639E-05,0,0,0,7146,0,0,2,17064,0,0,0,2312,0,0,0,9024,0,0,0,13374,0,0,0,42542,0,0,0,1910,0,0,3,15668,0,0
9,35090510,rs375724131,G,C,gnomAD Exomes,PASS,NA,p.Ala936Gly,p.Ala936Gly,c.2807C>G,missense_variant,,3,109344,2.74363476733977E-05,0,0,0,7156,0,0,0,17096,0,0,3,2320,0,0,0,9044,0,0,0,13388,0,0,0,42740,0,0,0,1914,0,0,0,15686,0,0
9,35090514,rs1160072970,G,A,gnomAD Exomes,PASS,NA,p.Pro935Ser,p.Pro935Ser,c.2803C>T,missense_variant,,1,109354,9.14461290853558E-06,0,0,0,7160,0,0,0,17096,0,0,0,2320,0,0,0,9042,0,0,0,13388,0,0,0,42744,0,0,0,1914,0,0,1,15690,0,0
9,35090537,rs1158838373,C,A,gnomAD Exomes,PASS,NA,p.Gly927Val,p.Gly927Val,c.2780G>T,missense_variant,,1,109394,9.14126917381209E-06,0,0,0,7162,0,0,0,17108,0,0,0,2320,0,0,0,9046,0,0,0,13388,0,0,1,42766,0,0,0,1914,0,0,0,15690,0,0
9,35090544,rs767750872,G,A,gnomAD Exomes,PASS,NA,p.Pro925Ser,p.Pro925Ser,c.2773C>T,missense_variant,,3,109394,2.74238075214363E-05,0,0,0,7162,0,0,3,17108,0,0,0,2320,0,0,0,9046,0,0,0,13390,0,0,0,42764,0,0,0,1914,0,0,0,15690,0,0
9,35090563,rs754326292,A,T,gnomAD Exomes,PASS,NA,p.His918Gln,p.His918Gln,c.2754T>A,missense_variant,,1,109396,9.1411020512633E-06,0,0,0,7164,0,0,0,17104,0,0,0,2320,0,0,0,9046,0,0,0,13390,0,0,0,42768,0,0,0,1914,0,0,1,15690,0,0
9,35090564,rs1306318756,T,C,gnomAD Genomes,NA,PASS,p.His918Arg,p.His918Arg,c.2753A>G,missense_variant,,1,10876,9.19455682236116E-05,0,0,0,2574,0,0,0,246,0,0,0,38,0,0,0,916,0,0,0,1162,0,0,1,5518,0,0,0,422,0,0,0,0,0,0
9,35090579,rs768685116,G,A,gnomAD Exomes,PASS,NA,p.Pro913Leu,p.Pro913Leu,c.2738C>T,missense_variant,,1,109394,9.14126917381209E-06,0,0,0,7164,0,0,0,17106,0,0,0,2320,0,0,0,9046,0,0,0,13386,0,0,1,42768,0,0,0,1914,0,0,0,15690,0,0
9,35090586,rs779624264,C,A,gnomAD Exomes,PASS,NA,p.Val911Phe,p.Val911Phe,c.2731G>T,missense_variant,,1,109388,9.14177057812557E-06,0,0,0,7162,0,0,0,17106,0,0,0,2320,0,0,0,9046,0,0,0,13386,0,0,0,42764,0,0,0,1914,0,0,1,15690,0,0
9,35090595,rs754489357,G,A,gnomAD Exomes,PASS,NA,p.His908Tyr,p.His908Tyr,c.2722C>T,missense_variant,,1,109338,9.14595108745358E-06,0,0,0,7162,0,0,0,17104,0,0,0,2320,0,0,0,9038,0,0,0,13360,0,0,1,42752,0,0,0,1914,0,0,0,15688,0,0
9,35090601,rs747779919,T,C,gnomAD Genomes,NA,PASS,p.Thr906Ala,p.Thr906Ala,c.2716A>G,missense_variant,,2,10876,0.000183891136447,0,0,0,2570,0,0,0,246,0,0,0,38,0,0,0,916,0,0,0,1162,0,0,2,5520,0,0,0,424,0,0,0,0,0,0
9,35090610,rs1009399563,A,C,gnomAD Exomes,PASS,NA,p.Phe903Val,p.Phe903Val,c.2707T>G,missense_variant,,1,109274,9.15130772187346E-06,0,0,0,7150,0,0,1,17096,0,0,0,2320,0,0,0,9020,0,0,0,13344,0,0,0,42748,0,0,0,1908,0,0,0,15688,0,0
9,35090612,rs372802683,G,C,gnomAD Exomes,PASS,NA,p.Thr902Ser,p.Thr902Ser,c.2705C>G,missense_variant,,5,109248,4.57674282366725E-05,0,0,0,7146,0,0,2,17086,0,0,0,2320,0,0,0,9024,0,0,0,13330,0,0,3,42746,0,0,0,1910,0,0,0,15686,0,0
9,35090621,rs774193694,G,C,gnomAD Exomes,PASS,NA,p.Ala899Gly,p.Ala899Gly,c.2696C>G,missense_variant,,1,109090,9.16674305619213E-06,0,0,0,7124,0,0,1,17084,0,0,0,2318,0,0,0,8990,0,0,0,13286,0,0,0,42704,0,0,0,1906,0,0,0,15678,0,0
9,35090631,rs754244964,C,T,gnomAD Exomes,PASS,NA,p.Ala896Thr,p.Ala896Thr,c.2686G>A,missense_variant,,1,108980,9.17599559552211E-06,0,0,0,7092,0,0,0,17070,0,0,0,2318,0,0,0,8996,0,0,0,13290,0,0,0,42634,0,0,0,1900,0,0,1,15680,0,0
9,35090652,rs1206167577,AT,A,gnomAD Exomes,PASS,NA,p.Trp889GlyfsTer50,p.Trp889GlyfsTer50,c.2664delA,frameshift_variant,,1,109290,9.14996797511209E-06,0,0,0,7164,0,0,1,17090,0,0,0,2320,0,0,0,9046,0,0,0,13300,0,0,0,42768,0,0,0,1912,0,0,0,15690,0,0
9,35090658,rs1482098524,C,T,gnomAD Exomes,PASS,NA,p.Val887Met,p.Val887Met,c.2659G>A,missense_variant,,1,109256,9.15281540601889E-06,0,0,0,7160,0,0,0,17090,0,0,0,2320,0,0,0,9046,0,0,0,13278,0,0,1,42764,0,0,0,1910,0,0,0,15688,0,0
9,35091249,rs139155910,C,T,"gnomAD Exomes,gnomAD Genomes",PASS,PASS,p.Val879Ile,p.Val879Ile,c.2635G>A,missense_variant,,8,113022,7.07826794783316E-05,0,0,7,9724,0,0,1,16748,0,0,0,1920,0,0,0,9952,0,0,0,13894,0,0,0,44696,0,0,0,2220,0,0,0,13868,0,0
9,35091261,rs1285052258,C,G,gnomAD Exomes,PASS,NA,p.Ala875Pro,p.Ala875Pro,c.2623G>C,missense_variant,,1,105438,9.48424666628729E-06,0,0,0,7164,0,0,0,16768,0,0,0,2030,0,0,0,9040,0,0,0,13052,0,0,1,40746,0,0,0,1868,0,0,0,14770,0,0
9,35091267,rs542956681,G,C,"gnomAD Exomes,gnomAD Genomes",PASS,PASS,p.Leu873Val,p.Leu873Val,c.2617C>G,missense_variant,,9,117628,7.65123950079913E-05,1,0,0,9736,0,0,0,17094,0,0,0,2184,0,0,0,9958,0,0,0,14314,0,0,9,46904,1,0,0,2308,0,0,0,15130,0,0
9,35091300,rs377645902,G,C,gnomAD Exomes,PASS,NA,p.Leu862Val,p.Leu862Val,c.2584C>G,missense_variant,,1,109252,9.15315051440706E-06,0,0,1,7164,0,0,0,17080,0,0,0,2300,0,0,0,9046,0,0,0,13374,0,0,0,42706,0,0,0,1914,0,0,0,15668,0,0
9,35091317,rs1465754763,C,A,gnomAD Exomes,PASS,NA,p.Ser856Ile,p.Ser856Ile,c.2567G>T,missense_variant,,1,109360,9.1441111923921E-06,0,0,0,7164,0,0,0,17098,0,0,0,2320,0,0,1,9046,0,0,0,13394,0,0,0,42736,0,0,0,1914,0,0,0,15688,0,0
9,35091321,rs201481510,T,C,"gnomAD Exomes,gnomAD Genomes",PASS,PASS,p.Ile855Val,p.Ile855Val,c.2563A>G,missense_variant,,77,120250,0.000640332640333,1,0,0,9728,0,0,0,17348,0,0,0,2358,0,0,0,9962,0,0,69,14552,1,0,6,48276,0,0,2,2336,0,0,0,15690,0,0
9,35091324,rs747057479,G,A,gnomAD Exomes,PASS,NA,p.Arg854Cys,p.Arg854Cys,c.2560C>T,missense_variant,,1,109378,9.14260637422516E-06,0,0,0,7164,0,0,0,17102,0,0,0,2320,0,0,0,9046,0,0,0,13390,0,0,0,42752,0,0,0,1914,0,0,1,15690,0,0
9,35091329,rs768909165,G,A,gnomAD Exomes,PASS,NA,p.Ala852Val,p.Ala852Val,c.2555C>T,missense_variant,,1,109384,9.14210487822716E-06,0,0,0,7164,0,0,0,17104,0,0,0,2318,0,0,0,9046,0,0,0,13390,0,0,0,42758,0,0,0,1914,0,0,1,15690,0,0
9,35091336,rs1311555746,ACAG,A,gnomAD Genomes,NA,PASS,p.Leu850del,p.Leu850del,c.2545_2547delCTG,inframe_deletion,,1,10864,9.20471281296024E-05,0,0,0,2568,0,0,0,246,0,0,0,38,0,0,1,916,0,0,0,1160,0,0,0,5516,0,0,0,420,0,0,0,0,0,0
9,35091341,rs1416988495,A,G,gnomAD Exomes,PASS,NA,p.Leu848Pro,p.Leu848Pro,c.2543T>C,missense_variant,,1,109380,9.1424392027793E-06,0,0,0,7160,0,0,0,17106,0,0,0,2320,0,0,0,9046,0,0,0,13392,0,0,0,42752,0,0,0,1914,0,0,1,15690,0,0
9,35091362,rs371089504,G,A,gnomAD Exomes,PASS,NA,p.Thr841Ile,p.Thr841Ile,c.2522C>T,missense_variant,,1,109386,9.14193772512022E-06,0,0,1,7160,0,0,0,17104,0,0,0,2320,0,0,0,9046,0,0,0,13394,0,0,0,42758,0,0,0,1914,0,0,0,15690,0,0
9,35091369,rs746677542,CTG,C,gnomAD Exomes,PASS,NA,p.Thr838SerfsTer127,p.Thr838SerfsTer127,c.2513_2514delCA,frameshift_variant,,1,109374,9.14294073545815E-06,0,0,1,7160,0,0,0,17104,0,0,0,2320,0,0,0,9046,0,0,0,13392,0,0,0,42750,0,0,0,1914,0,0,0,15688,0,0
9,35091375,rs766765040,C,T,gnomAD Exomes,PASS,NA,p.Val837Ile,p.Val837Ile,c.2509G>A,missense_variant,,2,109372,1.82862158504919E-05,0,0,0,7160,0,0,0,17102,0,0,0,2320,0,0,2,9046,0,0,0,13392,0,0,0,42750,0,0,0,1914,0,0,0,15688,0,0
9,35091378,rs752108320,T,C,gnomAD Exomes,PASS,NA,p.Met836Val,p.Met836Val,c.2506A>G,missense_variant,,6,109382,5.48536322246805E-05,0,0,0,7160,0,0,0,17102,0,0,0,2320,0,0,0,9046,0,0,2,13392,0,0,4,42758,0,0,0,1914,0,0,0,15690,0,0
9,35091387,rs931445470,A,C,gnomAD Exomes,PASS,NA,p.Ser833Ala,p.Ser833Ala,c.2497T>G,missense_variant,,2,109372,1.82862158504919E-05,0,0,0,7154,0,0,0,17104,0,0,0,2318,0,0,0,9046,0,0,0,13394,0,0,2,42752,0,0,0,1914,0,0,0,15690,0,0
9,35091396,rs1201442869,T,C,gnomAD Exomes,PASS,NA,p.Ser830Gly,p.Ser830Gly,c.2488A>G,missense_variant,,1,109370,9.1432751211484E-06,0,0,0,7156,0,0,1,17098,0,0,0,2320,0,0,0,9046,0,0,0,13392,0,0,0,42754,0,0,0,1914,0,0,0,15690,0,0
9,35091426,rs1413004957,G,A,gnomAD Exomes,PASS,NA,p.Pro820Ser,p.Pro820Ser,c.2458C>T,missense_variant,,1,109394,9.14126917381209E-06,0,0,0,7164,0,0,1,17104,0,0,0,2320,0,0,0,9046,0,0,0,13392,0,0,0,42764,0,0,0,1914,0,0,0,15690,0,0
9,35091449,rs746967719,A,G,gnomAD Exomes,PASS,NA,p.Leu812Ser,p.Leu812Ser,c.2435T>C,missense_variant,,2,109404,1.82808672443421E-05,0,0,0,7164,0,0,0,17110,0,0,0,2320,0,0,0,9046,0,0,0,13394,0,0,2,42766,0,0,0,1914,0,0,0,15690,0,0
9,35091452,rs75579358,C,T,"gnomAD Exomes,gnomAD Genomes",PASS,PASS,p.Arg811Gln,p.Arg811Gln,c.2432G>A,missense_variant,,191,120270,0.00158809345639,1,0,174,9738,1,0,14,17356,0,0,0,2358,0,0,0,9962,0,0,0,14552,0,0,0,48278,0,0,2,2336,0,0,1,15690,0,0
9,35091453,rs140470862,G,A,gnomAD Exomes,PASS,NA,p.Arg811Trp,p.Arg811Trp,c.2431C>T,missense_variant,,6,109400,5.48446069469835E-05,0,0,0,7164,0,0,1,17110,0,0,0,2320,0,0,1,9046,0,0,0,13392,0,0,4,42764,0,0,0,1914,0,0,0,15690,0,0
9,35091458,rs757836072,CG,C,gnomAD Exomes,PASS,NA,p.Arg809GlyfsTer4,p.Arg809GlyfsTer4,c.2425delC,frameshift_variant,,1,109400,9.14076782449726E-06,0,0,0,7164,0,0,1,17110,0,0,0,2320,0,0,0,9044,0,0,0,13392,0,0,0,42766,0,0,0,1914,0,0,0,15690,0,0
9,35091459,rs1208314439,G,A,gnomAD Exomes,PASS,NA,p.Arg809Trp,p.Arg809Trp,c.2425C>T,missense_variant,,2,109400,1.82815356489945E-05,0,0,0,7164,0,0,1,17110,0,0,0,2320,0,0,0,9046,0,0,0,13394,0,0,1,42764,0,0,0,1914,0,0,0,15688,0,0
9,35091479,rs771347652,C,T,gnomAD Exomes,PASS,NA,p.Arg802Gln,p.Arg802Gln,c.2405G>A,missense_variant,,1,109404,9.14043362217103E-06,0,0,0,7164,0,0,0,17110,0,0,0,2320,0,0,0,9046,0,0,0,13394,0,0,0,42766,0,0,0,1914,0,0,1,15690,0,0
9,35091480,rs1199247059,G,A,gnomAD Exomes,PASS,NA,p.Arg802Ter,p.Arg802Ter,c.2404C>T,stop_gained,,1,109404,9.14043362217103E-06,0,0,0,7164,0,0,1,17110,0,0,0,2320,0,0,0,9046,0,0,0,13394,0,0,0,42766,0,0,0,1914,0,0,0,15690,0,0
9,35091482,rs774796768,T,C,gnomAD Exomes,PASS,NA,p.Tyr801Cys,p.Tyr801Cys,c.2402A>G,missense_variant,,2,109404,1.82808672443421E-05,0,0,0,7164,0,0,2,17110,0,0,0,2320,0,0,0,9046,0,0,0,13394,0,0,0,42766,0,0,0,1914,0,0,0,15690,0,0
9,35091501,rs760038249,A,G,gnomAD Exomes,PASS,NA,p.Tyr795His,p.Tyr795His,c.2383T>C,missense_variant,,3,109404,2.74213008665131E-05,0,0,0,7164,0,0,3,17110,0,0,0,2320,0,0,0,9046,0,0,0,13394,0,0,0,42766,0,0,0,1914,0,0,0,15690,0,0
9,35091503,rs1419558349,T,C,gnomAD Genomes,NA,PASS,p.Asp794Gly,p.Asp794Gly,c.2381A>G,missense_variant,,1,10850,9.21658986175115E-05,0,0,0,2568,0,0,0,246,0,0,0,38,0,0,1,912,0,0,0,1160,0,0,0,5502,0,0,0,424,0,0,0,0,0,0
9,35091510,rs763533970,C,T,gnomAD Exomes,PASS,NA,p.Asp792Asn,p.Asp792Asn,c.2374G>A,missense_variant,,1,109400,9.14076782449726E-06,0,0,0,7162,0,0,0,17110,0,0,0,2320,0,0,1,9044,0,0,0,13394,0,0,0,42766,0,0,0,1914,0,0,0,15690,0,0
9,35091522,rs770591449,TG,T,gnomAD Exomes,PASS,NA,p.Thr788LeufsTer25,p.Thr788LeufsTer25,c.2361delC,frameshift_variant,,0,109368,0,0,0,0,7160,0,0,0,17104,0,0,0,2320,0,0,0,9044,0,0,0,13374,0,0,0,42762,0,0,0,1914,0,0,0,15690,0,0
9,35091533,rs552622367,G,A,gnomAD Exomes,PASS,NA,p.Ser784Leu,p.Ser784Leu,c.2351C>T,missense_variant,,1,109398,9.14093493482513E-06,0,0,0,7162,0,0,0,17108,0,0,0,2320,0,0,0,9046,0,0,0,13392,0,0,0,42766,0,0,0,1914,0,0,1,15690,0,0
9,35091540,rs769675960,G,C,gnomAD Exomes,PASS,NA,p.Pro782Ala,p.Pro782Ala,c.2344C>G,missense_variant,,1,109398,9.14093493482513E-06,0,0,0,7162,0,0,0,17110,0,0,0,2320,0,0,0,9046,0,0,0,13392,0,0,1,42766,0,0,0,1914,0,0,0,15688,0,0
9,35091549,rs368992777,C,G,"gnomAD Exomes,gnomAD Genomes",PASS,PASS,p.Val779Leu,p.Val779Leu,c.2335G>C,missense_variant,,14,120258,0.000116416371468,0,0,0,9730,0,0,0,17354,0,0,0,2358,0,0,14,9962,0,0,0,14550,0,0,0,48280,0,0,0,2336,0,0,0,15688,0,0
9,35091553,rs771132526,C,G,gnomAD Exomes,PASS,NA,p.Arg777Ser,p.Arg777Ser,c.2331G>C,missense_variant,,1,109392,9.14143630247184E-06,0,0,0,7164,0,0,0,17104,0,0,0,2320,0,0,0,9046,0,0,1,13390,0,0,0,42766,0,0,0,1914,0,0,0,15688,0,0
9,35091557,rs746285713,G,A,gnomAD Exomes,PASS,NA,p.Thr776Ile,p.Thr776Ile,c.2327C>T,missense_variant,,1,109388,9.14177057812557E-06,0,0,0,7164,0,0,0,17106,0,0,0,2320,0,0,0,9044,0,0,0,13388,0,0,0,42764,0,0,0,1914,0,0,1,15688,0,0
9,35091566,rs776019714,G,A,gnomAD Exomes,PASS,NA,p.Ala773Val,p.Ala773Val,c.2318C>T,missense_variant,,1,109356,9.14444566370387E-06,0,0,0,7162,0,0,0,17104,0,0,0,2320,0,0,0,9040,0,0,0,13370,0,0,0,42760,0,0,0,1914,0,0,1,15686,0,0
9,35091567,rs1192845302,C,T,gnomAD Exomes,PASS,NA,p.Ala773Thr,p.Ala773Thr,c.2317G>A,missense_variant,,0,109330,0,0,0,0,7160,0,0,0,17100,0,0,0,2320,0,0,0,9038,0,0,0,13354,0,0,0,42760,0,0,0,1912,0,0,0,15686,0,0
9,35091573,rs1166737574,C,T,gnomAD Exomes,PASS,NA,p.Ala771Thr,p.Ala771Thr,c.2311G>A,missense_variant,,2,109330,1.82932406475807E-05,0,0,0,7156,0,0,2,17104,0,0,0,2320,0,0,0,9040,0,0,0,13350,0,0,0,42762,0,0,0,1914,0,0,0,15684,0,0
9,35091575,rs1372605305,C,G,gnomAD Exomes,PASS,NA,p.Gly770Ala,p.Gly770Ala,c.2309G>C,missense_variant,,1,109344,9.14544922446591E-06,0,0,1,7160,0,0,0,17104,0,0,0,2320,0,0,0,9038,0,0,0,13366,0,0,0,42758,0,0,0,1914,0,0,0,15684,0,0
9,35091597,rs146576650,C,A,"gnomAD Exomes,gnomAD Genomes",PASS,PASS,p.Val763Leu,p.Val763Leu,c.2287G>T,missense_variant,,8,120180,6.65668164420037E-05,0,0,0,9728,0,0,0,17350,0,0,0,2358,0,0,0,9952,0,0,0,14492,0,0,8,48278,0,0,0,2336,0,0,0,15686,0,0
9,35091598,rs1410272147,AGGCTT,A,gnomAD Exomes,PASS,NA,p.Lys761CysfsTer30,p.Lys761CysfsTer30,c.2281_2285delAAGCC,frameshift_variant,,1,109286,9.15030287502516E-06,0,0,0,7156,0,0,0,17102,0,0,0,2320,0,0,0,9038,0,0,0,13312,0,0,1,42760,0,0,0,1914,0,0,0,15684,0,0
9,35091599,rs767539954,G,A,"gnomAD Exomes,gnomAD Genomes",PASS,PASS,p.Pro762Leu,p.Pro762Leu,c.2285C>T,missense_variant,,4,120172,3.32856239390207E-05,0,0,1,9728,0,0,3,17348,0,0,0,2358,0,0,0,9956,0,0,0,14488,0,0,0,48276,0,0,0,2336,0,0,0,15682,0,0
9,35091600,rs752700560,G,C,gnomAD Exomes,PASS,NA,p.Pro762Ala,p.Pro762Ala,c.2284C>G,missense_variant,,1,109278,9.15097274840316E-06,0,0,0,7154,0,0,0,17102,0,0,0,2320,0,0,0,9038,0,0,0,13312,0,0,1,42758,0,0,0,1914,0,0,0,15680,0,0
9,35091609,rs777909908,G,C,gnomAD Exomes,PASS,NA,p.Leu759Val,p.Leu759Val,c.2275C>G,missense_variant,,1,109184,9.1588511137163E-06,0,0,0,7150,0,0,0,17098,0,0,0,2320,0,0,0,9026,0,0,0,13252,0,0,1,42748,0,0,0,1912,0,0,0,15678,0,0
9,35091617,rs757452987,G,A,"gnomAD Exomes,gnomAD Genomes",PASS,PASS,p.Ala756Val,p.Ala756Val,c.2267C>T,missense_variant,,6,119928,5.00300180108065E-05,0,0,0,9712,0,0,0,17336,0,0,0,2356,0,0,0,9938,0,0,0,14336,0,0,2,48244,0,0,1,2334,0,0,3,15672,0,0
9,35091618,rs143331791,C,G,gnomAD Exomes,PASS,NA,p.Ala756Pro,p.Ala756Pro,c.2266G>C,missense_variant,,1,109094,9.16640695180303E-06,0,0,0,7144,0,0,0,17094,0,0,0,2320,0,0,0,9028,0,0,1,13188,0,0,0,42734,0,0,0,1912,0,0,0,15674,0,0
9,35091618,rs143331791,C,T,gnomAD Exomes,PASS,NA,p.Ala756Thr,p.Ala756Thr,c.2266G>A,missense_variant,,1,109094,9.16640695180303E-06,0,0,0,7144,0,0,0,17094,0,0,0,2320,0,0,0,9028,0,0,0,13188,0,0,0,42734,0,0,0,1912,0,0,1,15674,0,0
9,35091623,rs1424475122,C,G,gnomAD Exomes,PASS,NA,p.Gly754Ala,p.Gly754Ala,c.2261G>C,missense_variant,,1,109102,9.16573481696028E-06,0,0,0,7148,0,0,0,17098,0,0,0,2320,0,0,0,9028,0,0,1,13180,0,0,0,42742,0,0,0,1908,0,0,0,15678,0,0
9,35091636,rs747585510,G,C,gnomAD Exomes,PASS,NA,p.Leu750Val,p.Leu750Val,c.2248C>G,missense_variant,,1,109028,9.17195582786073E-06,0,0,1,7140,0,0,0,17100,0,0,0,2320,0,0,0,9028,0,0,0,13106,0,0,0,42748,0,0,0,1908,0,0,0,15678,0,0
9,35091645,rs769119651,C,T,gnomAD Exomes,PASS,NA,p.Val747Ile,p.Val747Ile,c.2239G>A,missense_variant,,2,108912,1.83634493903335E-05,0,0,0,7142,0,0,0,17100,0,0,0,2320,0,0,0,9030,0,0,0,13020,0,0,0,42720,0,0,0,1910,0,0,2,15670,0,0
9,35091647,rs1433413542,G,C,gnomAD Exomes,PASS,NA,p.Ala746Gly,p.Ala746Gly,c.2237C>G,missense_variant,,0,108878,0,0,0,0,7136,0,0,0,17098,0,0,0,2320,0,0,0,9030,0,0,0,12998,0,0,0,42718,0,0,0,1910,0,0,0,15668,0,0
9,35091650,rs371317684,C,G,gnomAD Exomes,PASS,NA,p.Arg745Pro,p.Arg745Pro,c.2234G>C,missense_variant,,1,108878,9.18459192858061E-06,0,0,0,7134,0,0,1,17100,0,0,0,2318,0,0,0,9026,0,0,0,13016,0,0,0,42710,0,0,0,1910,0,0,0,15664,0,0
9,35091651,rs762428877,G,A,"gnomAD Exomes,gnomAD Genomes",PASS,PASS,p.Arg745Trp,p.Arg745Trp,c.2233C>T,missense_variant,,6,119710,5.0121126054632E-05,0,0,0,9700,0,0,2,17346,0,0,0,2356,0,0,4,9936,0,0,0,14160,0,0,0,48218,0,0,0,2334,0,0,0,15660,0,0
9,35091651,rs762428877,G,C,gnomAD Exomes,PASS,NA,p.Arg745Gly,p.Arg745Gly,c.2233C>G,missense_variant,,1,108858,9.1862793731283E-06,0,0,0,7132,0,0,0,17100,0,0,0,2318,0,0,0,9022,0,0,0,13000,0,0,1,42716,0,0,0,1910,0,0,0,15660,0,0
9,35091656,rs1353428922,A,G,gnomAD Exomes,PASS,NA,p.Leu743Pro,p.Leu743Pro,c.2228T>C,missense_variant,,1,108878,9.18459192858061E-06,0,0,0,7132,0,0,0,17098,0,0,0,2318,0,0,1,9022,0,0,0,13020,0,0,0,42716,0,0,0,1910,0,0,0,15662,0,0
9,35091660,rs1232633765,C,T,gnomAD Exomes,PASS,NA,p.Val742Met,p.Val742Met,c.2224G>A,missense_variant,,0,108814,0,0,0,0,7130,0,0,0,17092,0,0,0,2318,0,0,0,9026,0,0,0,12972,0,0,0,42708,0,0,0,1906,0,0,0,15662,0,0
9,35091661,rs759356075,C,T,gnomAD Exomes,PASS,NA,p.Met741Ile,p.Met741Ile,c.2223G>A,missense_variant,,1,108822,9.18931833636581E-06,0,0,0,7126,0,0,0,17092,0,0,0,2318,0,0,0,9026,0,0,0,12986,0,0,0,42704,0,0,0,1908,0,0,1,15662,0,0
9,35091663,rs767449897,T,C,gnomAD Exomes,PASS,NA,p.Met741Val,p.Met741Val,c.2221A>G,missense_variant,,3,108816,2.75694750771945E-05,1,0,0,7122,0,0,0,17092,0,0,0,2318,0,0,0,9026,0,0,0,12990,0,0,0,42700,0,0,0,1908,0,0,3,15660,1,0
9,35091686,rs373305585,C,T,gnomAD Exomes,PASS,NA,p.Arg733Gln,p.Arg733Gln,c.2198G>A,missense_variant,,292,108164,0.002699604304575,6,0,0,7070,0,0,0,17072,0,0,0,2316,0,0,0,9006,0,0,0,12578,0,0,5,42618,0,0,1,1898,0,0,286,15606,6,0
9,35091687,rs748093757,G,A,"gnomAD Exomes,gnomAD Genomes",PASS,PASS,p.Arg733Trp,p.Arg733Trp,c.2197C>T,missense_variant,,21,118952,0.000176541798372,0,0,0,9620,0,0,0,17306,0,0,0,2350,0,0,0,9916,0,0,20,13714,0,0,0,48118,0,0,0,2320,0,0,1,15608,0,0
9,35091692,rs773254055,C,A,gnomAD Exomes,PASS,NA,p.Arg731Leu,p.Arg731Leu,c.2192G>T,missense_variant,,2,107536,1.8598422853742E-05,0,0,0,7036,0,0,2,17060,0,0,0,2316,0,0,0,8970,0,0,0,12098,0,0,0,42554,0,0,0,1896,0,0,0,15606,0,0
9,35091692,rs773254055,CG,C,gnomAD Exomes,PASS,NA,p.Arg731ValfsTer17,p.Arg731ValfsTer17,c.2191delC,frameshift_variant,,5,107536,4.6496057134355E-05,0,0,1,7036,0,0,0,17060,0,0,0,2316,0,0,2,8970,0,0,1,12098,0,0,0,42554,0,0,0,1896,0,0,1,15606,0,0
9,35091692,rs773254055,C,T,gnomAD Exomes,PASS,NA,p.Arg731His,p.Arg731His,c.2192G>A,missense_variant,,1,107536,9.299211426871E-06,0,0,0,7036,0,0,0,17060,0,0,0,2316,0,0,1,8970,0,0,0,12098,0,0,0,42554,0,0,0,1896,0,0,0,15606,0,0
9,35091693,rs148341577,G,T,gnomAD Exomes,PASS,NA,p.Arg731Ser,p.Arg731Ser,c.2191C>A,missense_variant,,1,107606,9.2931620913332E-06,0,0,0,7062,0,0,0,17054,0,0,0,2318,0,0,0,8986,0,0,0,12058,0,0,0,42610,0,0,0,1898,0,0,1,15620,0,0
9,35091693,rs148341577,G,A,gnomAD Exomes,PASS,NA,p.Arg731Cys,p.Arg731Cys,c.2191C>T,missense_variant,,3,107606,2.78794862739996E-05,0,0,0,7062,0,0,1,17054,0,0,0,2318,0,0,0,8986,0,0,0,12058,0,0,0,42610,0,0,0,1898,0,0,2,15620,0,0
9,35091695,rs561174794,G,T,gnomAD Exomes,PASS,NA,p.Pro730His,p.Pro730His,c.2189C>A,missense_variant,,8,108192,7.39426205264715E-05,0,0,0,7086,0,0,1,17074,0,0,0,2318,0,0,4,9008,0,0,0,12544,0,0,0,42632,0,0,0,1900,0,0,3,15630,0,0
9,35091696,rs747418653,G,A,gnomAD Exomes,PASS,NA,p.Pro730Ser,p.Pro730Ser,c.2188C>T,missense_variant,,1,108170,9.24470740501063E-06,0,0,0,7088,0,0,1,17072,0,0,0,2318,0,0,0,9010,0,0,0,12538,0,0,0,42624,0,0,0,1902,0,0,0,15618,0,0
9,35091696,rs747418653,G,C,gnomAD Exomes,PASS,NA,p.Pro730Ala,p.Pro730Ala,c.2188C>G,missense_variant,,3,108170,2.77341222150319E-05,0,0,3,7088,0,0,0,17072,0,0,0,2318,0,0,0,9010,0,0,0,12538,0,0,0,42624,0,0,0,1902,0,0,0,15618,0,0
9,35091698,rs140561049,G,T,gnomAD Exomes,PASS,NA,p.Pro729His,p.Pro729His,c.2186C>A,missense_variant,,1,108152,9.24624602411421E-06,0,0,0,7088,0,0,0,17074,0,0,0,2318,0,0,0,9012,0,0,0,12516,0,0,0,42630,0,0,0,1900,0,0,1,15614,0,0
9,35091699,rs925153680,G,A,gnomAD Exomes,PASS,NA,p.Pro729Ser,p.Pro729Ser,c.2185C>T,missense_variant,,0,108070,0,0,0,0,7070,0,0,0,17070,0,0,0,2316,0,0,0,9014,0,0,0,12450,0,0,0,42632,0,0,0,1900,0,0,0,15618,0,0
9,35091702,rs1221803789,C,A,gnomAD Exomes,PASS,NA,p.Ala728Ser,p.Ala728Ser,c.2182G>T,missense_variant,,1,107994,9.25977369113099E-06,0,0,0,7068,0,0,0,17074,0,0,0,2316,0,0,0,8998,0,0,0,12400,0,0,1,42620,0,0,0,1900,0,0,0,15618,0,0
9,35091710,rs529268753,G,T,gnomAD Exomes,PASS,NA,p.Ala725Glu,p.Ala725Glu,c.2174C>A,missense_variant,,2,107610,1.85856333054549E-05,0,0,0,7056,0,0,0,17058,0,0,0,2318,0,0,0,8992,0,0,1,12062,0,0,0,42620,0,0,0,1900,0,0,1,15604,0,0
9,35091711,rs916863227,C,T,gnomAD Genomes,NA,PASS,p.Ala725Thr,p.Ala725Thr,c.2173G>A,missense_variant,,1,10878,9.19286633572348E-05,0,0,1,2572,0,0,0,246,0,0,0,38,0,0,0,916,0,0,0,1162,0,0,0,5520,0,0,0,424,0,0,0,0,0,0
9,35091754,rs766620694,TA,T,gnomAD Exomes,PASS,NA,p.Leu710GlnfsTer38,p.Leu710GlnfsTer38,c.2129delT,frameshift_variant,,1,107456,9.30613460393091E-06,0,0,0,7074,0,0,0,17072,0,0,0,2320,0,0,1,9004,0,0,0,11840,0,0,0,42634,0,0,0,1898,0,0,0,15614,0,0
9,35091756,rs771932830,G,C,gnomAD Exomes,PASS,NA,p.Leu710Val,p.Leu710Val,c.2128C>G,missense_variant,,2,107434,1.86160805703967E-05,0,0,0,7074,0,0,0,17068,0,0,0,2320,0,0,2,9004,0,0,0,11818,0,0,0,42642,0,0,0,1896,0,0,0,15612,0,0
9,35091765,rs1013394440,C,T,gnomAD Exomes,PASS,NA,p.Gly707Arg,p.Gly707Arg,c.2119G>A,missense_variant,,1,107564,9.29679074783385E-06,0,0,0,7076,0,0,0,17080,0,0,0,2318,0,0,0,9008,0,0,0,11918,0,0,1,42638,0,0,0,1900,0,0,0,15626,0,0
9,35091770,rs761836966,C,T,gnomAD Exomes,PASS,NA,p.Arg705His,p.Arg705His,c.2114G>A,missense_variant,,3,107666,2.78639496219791E-05,0,0,0,7082,0,0,1,17080,0,0,0,2320,0,0,0,9012,0,0,0,12016,0,0,2,42640,0,0,0,1896,0,0,0,15620,0,0
9,35091771,rs551682667,G,A,gnomAD Exomes,PASS,NA,p.Arg705Cys,p.Arg705Cys,c.2113C>T,missense_variant,,3,107668,2.78634320318015E-05,0,0,0,7072,0,0,0,17082,0,0,0,2320,0,0,0,9010,0,0,0,12020,0,0,0,42636,0,0,0,1898,0,0,3,15630,0,0
9,35091774,rs754217456,CA,C,gnomAD Exomes,PASS,NA,p.Phe703LeufsTer8,p.Phe703LeufsTer8,c.2109delT,frameshift_variant,,1,107980,9.26097425449157E-06,0,0,0,7082,0,0,0,17080,0,0,0,2320,0,0,1,9016,0,0,0,12292,0,0,0,42650,0,0,0,1902,0,0,0,15638,0,0
9,35091781,rs1220794921,C,T,"gnomAD Exomes,gnomAD Genomes",PASS,PASS,p.Met701Ile,p.Met701Ile,c.2103G>A,missense_variant,,3,119026,2.52045771512107E-05,0,0,0,9660,0,0,0,17324,0,0,0,2358,0,0,0,9934,0,0,3,13610,0,0,0,48168,0,0,0,2326,0,0,0,15646,0,0
9,35091788,rs758634173,G,A,gnomAD Exomes,PASS,NA,p.Pro699Leu,p.Pro699Leu,c.2096C>T,missense_variant,,2,108154,1.84921500822901E-05,0,0,0,7084,0,0,0,17076,0,0,0,2320,0,0,2,9004,0,0,0,12522,0,0,0,42616,0,0,0,1898,0,0,0,15634,0,0
9,35091792,rs571768342,C,T,"gnomAD Exomes,gnomAD Genomes",PASS,PASS,p.Glu698Lys,p.Glu698Lys,c.2092G>A,missense_variant,,9,119074,7.55832507516334E-05,0,0,0,9648,0,0,0,17324,0,0,0,2358,0,0,7,9918,0,0,0,13744,0,0,0,48116,0,0,0,2322,0,0,2,15644,0,0
9,35091797,rs1436537334,CTCT,C,gnomAD Genomes,NA,PASS,p.Lys695del,p.Lys695del,c.2084_2086delAGA,inframe_deletion,,1,10878,9.19286633572348E-05,0,0,1,2572,0,0,0,246,0,0,0,38,0,0,0,916,0,0,0,1162,0,0,0,5520,0,0,0,424,0,0,0,0,0,0
9,35091798,rs755338876,T,C,gnomAD Exomes,PASS,NA,p.Ser696Gly,p.Ser696Gly,c.2086A>G,missense_variant,,1,108576,9.21013852048335E-06,0,0,1,7098,0,0,0,17088,0,0,0,2318,0,0,0,9016,0,0,0,12856,0,0,0,42628,0,0,0,1902,0,0,0,15670,0,0
9,35091803,rs1218586312,A,G,gnomAD Genomes,NA,PASS,p.Leu694Pro,p.Leu694Pro,c.2081T>C,missense_variant,,1,10870,9.19963201471941E-05,0,0,0,2572,0,0,0,246,0,0,0,38,0,0,0,916,0,0,1,1162,0,0,0,5512,0,0,0,424,0,0,0,0,0,0
9,35091804,rs1489661507,G,T,gnomAD Exomes,PASS,NA,p.Leu694Ile,p.Leu694Ile,c.2080C>A,missense_variant,,1,108608,9.20742486741308E-06,0,0,0,7096,0,0,0,17074,0,0,0,2318,0,0,0,9018,0,0,0,12896,0,0,1,42634,0,0,0,1904,0,0,0,15668,0,0
9,35091815,rs778578535,C,T,gnomAD Exomes,PASS,NA,p.Arg690His,p.Arg690His,c.2069G>A,missense_variant,,1,108650,9.2038656235619E-06,0,0,0,7086,0,0,0,17082,0,0,0,2316,0,0,0,9010,0,0,0,12956,0,0,1,42620,0,0,0,1908,0,0,0,15672,0,0
9,35091816,rs745425967,G,A,gnomAD Exomes,PASS,NA,p.Arg690Cys,p.Arg690Cys,c.2068C>T,missense_variant,,5,108788,4.59609515755414E-05,0,0,0,7096,0,0,1,17082,0,0,0,2320,0,0,3,9022,0,0,0,13052,0,0,1,42634,0,0,0,1908,0,0,0,15674,0,0
9,35091818,rs771748735,C,T,gnomAD Exomes,PASS,NA,p.Arg689His,p.Arg689His,c.2066G>A,missense_variant,,3,108804,2.7572515716334E-05,0,0,2,7100,0,0,0,17088,0,0,0,2320,0,0,0,9022,0,0,0,13060,0,0,1,42628,0,0,0,1908,0,0,0,15678,0,0
9,35091819,rs775041042,G,A,gnomAD Exomes,PASS,NA,p.Arg689Cys,p.Arg689Cys,c.2065C>T,missense_variant,,1,108792,9.19185234208398E-06,0,0,0,7078,0,0,0,17080,0,0,0,2312,0,0,0,9024,0,0,0,13112,0,0,1,42604,0,0,0,1904,0,0,0,15678,0,0
9,35091821,rs1169642310,A,T,gnomAD Exomes,PASS,NA,p.Leu688His,p.Leu688His,c.2063T>A,missense_variant,,1,109076,9.16791961568081E-06,0,0,0,7120,0,0,0,17090,0,0,0,2320,0,0,1,9040,0,0,0,13212,0,0,0,42702,0,0,0,1912,0,0,0,15680,0,0
9,35091830,rs537260013,C,A,gnomAD Exomes,PASS,NA,p.Arg685Leu,p.Arg685Leu,c.2054G>T,missense_variant,mnv,1,109122,9.16405491101703E-06,0,0,0,7144,0,0,0,17094,0,0,0,2320,0,0,0,9040,0,0,0,13224,0,0,1,42708,0,0,0,1910,0,0,0,15682,0,0
9,35091830,rs537260013,C,T,gnomAD Exomes,PASS,NA,p.Arg685His,p.Arg685His,c.2054G>A,missense_variant,,5,109122,4.58202745550851E-05,0,0,1,7144,0,0,3,17094,0,0,0,2320,0,0,0,9040,0,0,0,13224,0,0,0,42708,0,0,0,1910,0,0,1,15682,0,0
9,35091831,rs138547909,G,A,gnomAD Exomes,PASS,NA,p.Arg685Cys,p.Arg685Cys,c.2053C>T,missense_variant,,1,109114,9.16472679949411E-06,0,0,0,7146,0,0,1,17094,0,0,0,2320,0,0,0,9040,0,0,0,13224,0,0,0,42698,0,0,0,1910,0,0,0,15682,0,0
9,35091831,rs138547909,G,T,gnomAD Genomes,NA,PASS,p.Arg685Ser,p.Arg685Ser,c.2053C>A,missense_variant,,1,10864,9.20471281296024E-05,0,0,1,2566,0,0,0,246,0,0,0,38,0,0,0,908,0,0,0,1162,0,0,0,5520,0,0,0,424,0,0,0,0,0,0
9,35091834,rs761745437,C,T,gnomAD Exomes,PASS,NA,p.Val684Met,p.Val684Met,c.2050G>A,missense_variant,,0,109154,0,0,0,0,7154,0,0,0,17096,0,0,0,2318,0,0,0,9042,0,0,0,13246,0,0,0,42710,0,0,0,1910,0,0,0,15678,0,0
9,35091836,rs1436127368,G,T,gnomAD Exomes,PASS,NA,p.Ala683Asp,p.Ala683Asp,c.2048C>A,missense_variant,,1,109194,9.15801234500064E-06,0,0,0,7150,0,0,1,17096,0,0,0,2320,0,0,0,9042,0,0,0,13268,0,0,0,42724,0,0,0,1908,0,0,0,15686,0,0
9,35091840,rs1337503752,C,A,gnomAD Exomes,PASS,NA,p.Ala682Ser,p.Ala682Ser,c.2044G>T,missense_variant,,1,109240,9.15415598681802E-06,0,0,0,7152,0,0,0,17096,0,0,0,2320,0,0,0,9042,0,0,0,13300,0,0,1,42732,0,0,0,1910,0,0,0,15688,0,0
9,35091845,rs766592273,A,C,gnomAD Exomes,PASS,NA,p.Leu680Arg,p.Leu680Arg,c.2039T>G,missense_variant,,2,109264,1.83042905256992E-05,0,0,0,7154,0,0,0,17098,0,0,0,2320,0,0,0,9040,0,0,0,13318,0,0,0,42734,0,0,0,1912,0,0,2,15688,0,0
9,35091857,rs753196105,G,A,"gnomAD Exomes,gnomAD Genomes",PASS,PASS,p.Ala676Val,p.Ala676Val,c.2027C>T,missense_variant,,2,120132,1.6648353477841E-05,0,0,1,9724,0,0,0,17350,0,0,0,2358,0,0,1,9962,0,0,0,14482,0,0,0,48234,0,0,0,2334,0,0,0,15688,0,0
9,35091860,rs567641477,G,A,"gnomAD Exomes,gnomAD Genomes",PASS,PASS,p.Ala675Val,p.Ala675Val,c.2024C>T,missense_variant,,8,120184,6.65646009452173E-05,0,0,2,9736,0,0,1,17352,0,0,0,2358,0,0,0,9960,0,0,0,14488,0,0,4,48268,0,0,0,2334,0,0,1,15688,0,0
9,35091879,rs1474138703,A,G,gnomAD Exomes,PASS,NA,p.Trp669Arg,p.Trp669Arg,c.2005T>C,missense_variant,,1,109370,9.1432751211484E-06,0,0,0,7164,0,0,1,17108,0,0,0,2320,0,0,0,9046,0,0,0,13366,0,0,0,42764,0,0,0,1912,0,0,0,15690,0,0
9,35091880,rs10814196,C,G,gnomAD Exomes,PASS,NA,p.Leu668Phe,p.Leu668Phe,c.2004G>C,missense_variant,,2,109328,1.82935752963559E-05,0,0,0,7158,0,0,0,17106,0,0,0,2320,0,0,0,9040,0,0,0,13362,0,0,2,42746,0,0,0,1910,0,0,0,15686,0,0
9,35091881,rs746676621,A,C,gnomAD Exomes,PASS,NA,p.Leu668Trp,p.Leu668Trp,c.2003T>G,missense_variant,,1,109374,9.14294073545815E-06,0,0,0,7164,0,0,0,17104,0,0,0,2320,0,0,0,9044,0,0,0,13374,0,0,0,42766,0,0,0,1912,0,0,1,15690,0,0
9,35091893,rs371923881,C,G,gnomAD Exomes,PASS,NA,p.Arg664Pro,p.Arg664Pro,c.1991G>C,missense_variant,,3,109364,2.74313302366409E-05,0,0,0,7164,0,0,1,17108,0,0,0,2320,0,0,0,9044,0,0,0,13358,0,0,2,42766,0,0,0,1914,0,0,0,15690,0,0
9,35091893,rs371923881,C,T,"gnomAD Exomes,gnomAD Genomes",PASS,PASS,p.Arg664Gln,p.Arg664Gln,c.1991G>A,missense_variant,,5,120244,4.15821163633944E-05,0,0,0,9738,0,0,4,17354,0,0,0,2358,0,0,1,9958,0,0,0,14520,0,0,0,48288,0,0,0,2338,0,0,0,15690,0,0
9,35091894,rs1393415364,G,A,gnomAD Exomes,PASS,NA,p.Arg664Ter,p.Arg664Ter,c.1990C>T,stop_gained,,1,109350,9.14494741655236E-06,0,0,0,7164,0,0,0,17106,0,0,0,2320,0,0,0,9042,0,0,1,13350,0,0,0,42764,0,0,0,1914,0,0,0,15690,0,0
9,35091902,rs769720030,A,G,gnomAD Exomes,PASS,NA,p.Val661Ala,p.Val661Ala,c.1982T>C,missense_variant,,3,109384,2.74263146346815E-05,0,0,0,7164,0,0,0,17108,0,0,0,2320,0,0,2,9044,0,0,0,13376,0,0,0,42768,0,0,0,1914,0,0,1,15690,0,0
9,35091918,rs757869655,G,A,gnomAD Exomes,PASS,NA,p.Pro656Ser,p.Pro656Ser,c.1966C>T,missense_variant,,1,109384,9.14210487822716E-06,0,0,0,7164,0,0,0,17112,0,0,0,2320,0,0,0,9044,0,0,0,13372,0,0,1,42768,0,0,0,1914,0,0,0,15690,0,0
9,35091924,rs766400679,G,T,gnomAD Exomes,PASS,NA,p.Leu654Met,p.Leu654Met,c.1960C>A,missense_variant,,1,109380,9.1424392027793E-06,0,0,0,7164,0,0,0,17110,0,0,0,2320,0,0,0,9044,0,0,0,13372,0,0,0,42766,0,0,1,1914,0,0,0,15690,0,0
9,35091932,rs1441207104,G,C,gnomAD Genomes,NA,PASS,p.Ser651Cys,p.Ser651Cys,c.1952C>G,missense_variant,,1,10878,9.19286633572348E-05,0,0,1,2574,0,0,0,246,0,0,0,38,0,0,0,916,0,0,0,1162,0,0,0,5518,0,0,0,424,0,0,0,0,0,0
9,35091933,rs774566108,A,G,gnomAD Exomes,PASS,NA,p.Ser651Pro,p.Ser651Pro,c.1951T>C,missense_variant,,2,109376,1.82855471035693E-05,0,0,0,7164,0,0,0,17110,0,0,0,2320,0,0,2,9044,0,0,0,13366,0,0,0,42768,0,0,0,1914,0,0,0,15690,0,0
9,35091939,rs759688557,G,A,gnomAD Exomes,PASS,NA,p.His649Tyr,p.His649Tyr,c.1945C>T,missense_variant,,2,109390,1.82832068744858E-05,0,0,0,7164,0,0,2,17110,0,0,0,2320,0,0,0,9046,0,0,0,13380,0,0,0,42766,0,0,0,1914,0,0,0,15690,0,0
9,35091945,rs767837109,C,T,gnomAD Exomes,PASS,NA,p.Val647Ile,p.Val647Ile,c.1939G>A,missense_variant,,1,109388,9.14177057812557E-06,0,0,0,7162,0,0,0,17112,0,0,0,2320,0,0,0,9046,0,0,0,13378,0,0,1,42768,0,0,0,1914,0,0,0,15688,0,0
9,35091950,rs756583358,G,A,gnomAD Exomes,PASS,NA,p.Thr645Ile,p.Thr645Ile,c.1934C>T,missense_variant,,2,109390,1.82832068744858E-05,0,0,0,7162,0,0,0,17112,0,0,0,2320,0,0,0,9046,0,0,0,13378,0,0,0,42768,0,0,0,1914,0,0,2,15690,0,0
9,35091954,rs1237579146,C,T,gnomAD Exomes,PASS,NA,p.Glu644Lys,p.Glu644Lys,c.1930G>A,missense_variant,,1,109400,9.14076782449726E-06,0,0,0,7164,0,0,1,17112,0,0,0,2320,0,0,0,9046,0,0,0,13386,0,0,0,42768,0,0,0,1914,0,0,0,15690,0,0
9,35091965,rs918368312,C,T,gnomAD Exomes,PASS,NA,p.Arg640His,p.Arg640His,c.1919G>A,missense_variant,,1,109392,9.14143630247184E-06,0,0,0,7164,0,0,0,17108,0,0,0,2320,0,0,0,9044,0,0,0,13386,0,0,1,42766,0,0,0,1914,0,0,0,15690,0,0
9,35091966,rs552540556,G,A,gnomAD Exomes,PASS,NA,p.Arg640Cys,p.Arg640Cys,c.1918C>T,missense_variant,,16,109394,0.000146260306781,0,0,0,7162,0,0,0,17108,0,0,0,2320,0,0,16,9046,0,0,0,13388,0,0,0,42766,0,0,0,1914,0,0,0,15690,0,0
9,35091969,rs1472792235,G,T,gnomAD Exomes,PASS,NA,p.His639Asn,p.His639Asn,c.1915C>A,missense_variant,,1,109394,9.14126917381209E-06,0,0,0,7164,0,0,0,17108,0,0,0,2320,0,0,0,9046,0,0,0,13386,0,0,1,42766,0,0,0,1914,0,0,0,15690,0,0
9,35091993,rs371800398,A,C,gnomAD Exomes,PASS,NA,p.Cys631Gly,p.Cys631Gly,c.1891T>G,missense_variant,,5,109400,4.57038391224863E-05,0,0,0,7164,0,0,4,17108,0,0,0,2320,0,0,0,9046,0,0,0,13392,0,0,1,42766,0,0,0,1914,0,0,0,15690,0,0
9,35092008,,T,C,gnomAD Exomes,PASS,NA,p.Ile626Val,p.Ile626Val,c.1876A>G,missense_variant,,1,109396,9.1411020512633E-06,0,0,0,7162,0,0,0,17108,0,0,0,2320,0,0,0,9046,0,0,0,13392,0,0,1,42768,0,0,0,1914,0,0,0,15686,0,0
9,35092020,rs149262338,G,T,"gnomAD Exomes,gnomAD Genomes",PASS,PASS,p.Leu622Met,p.Leu622Met,c.1864C>A,missense_variant,,4,120272,3.32579486497273E-05,0,0,0,9736,0,0,0,17354,0,0,0,2358,0,0,0,9960,0,0,0,14554,0,0,4,48288,0,0,0,2338,0,0,0,15684,0,0
9,35092025,rs747906491,T,C,gnomAD Exomes,PASS,NA,p.Tyr620Cys,p.Tyr620Cys,c.1859A>G,missense_variant,,1,109396,9.1411020512633E-06,0,0,0,7164,0,0,0,17108,0,0,0,2320,0,0,0,9046,0,0,0,13392,0,0,0,42766,0,0,0,1914,0,0,1,15686,0,0
9,35092040,rs142897141,C,T,"gnomAD Exomes,gnomAD Genomes",PASS,PASS,p.Arg615Gln,p.Arg615Gln,c.1844G>A,missense_variant,,9,120258,7.4839095943721E-05,0,0,1,9732,0,0,3,17350,0,0,0,2358,0,0,0,9960,0,0,0,14556,0,0,5,48278,0,0,0,2338,0,0,0,15686,0,0
9,35092041,rs375787674,G,A,gnomAD Exomes,PASS,NA,p.Arg615Trp,p.Arg615Trp,c.1843C>T,missense_variant,,1,109384,9.14210487822716E-06,0,0,1,7164,0,0,0,17104,0,0,0,2320,0,0,0,9046,0,0,0,13394,0,0,0,42756,0,0,0,1914,0,0,0,15686,0,0
9,35092042,rs765635359,T,TG,gnomAD Exomes,PASS,NA,p.Arg615ThrfsTer29,p.Arg615ThrfsTer29,c.1841dupC,frameshift_variant,,2,109386,1.82838754502404E-05,0,0,0,7164,0,0,0,17102,0,0,0,2320,0,0,0,9044,0,0,0,13394,0,0,2,42760,0,0,0,1914,0,0,0,15688,0,0
9,35092043,rs749184960,G,A,gnomAD Exomes,PASS,NA,p.Pro614Leu,p.Pro614Leu,c.1841C>T,missense_variant,,2,109380,1.82848784055586E-05,0,0,1,7162,0,0,1,17104,0,0,0,2320,0,0,0,9042,0,0,0,13394,0,0,0,42756,0,0,0,1914,0,0,0,15688,0,0
9,35092043,rs749184960,G,C,"gnomAD Exomes,gnomAD Genomes",PASS,PASS,p.Pro614Arg,p.Pro614Arg,c.1841C>G,missense_variant,,2,120250,1.66320166320166E-05,0,0,0,9730,0,0,0,17350,0,0,0,2358,0,0,0,9956,0,0,0,14556,0,0,2,48274,0,0,0,2338,0,0,0,15688,0,0
9,35092071,rs760664409,G,C,gnomAD Exomes,PASS,NA,p.Leu605Val,p.Leu605Val,c.1813C>G,missense_variant,,2,109380,1.82848784055586E-05,0,0,0,7162,0,0,0,17102,0,0,0,2320,0,0,0,9046,0,0,0,13392,0,0,2,42758,0,0,0,1914,0,0,0,15686,0,0
9,35092073,rs144507866,C,CG,gnomAD Exomes,PASS,NA,p.Arg604ProfsTer40,p.Arg604ProfsTer40,c.1810dupC,frameshift_variant,,20,109380,0.000182848784056,0,0,0,7160,0,0,0,17104,0,0,0,2320,0,0,0,9046,0,0,1,13392,0,0,18,42756,0,0,1,1914,0,0,0,15688,0,0
9,35092073,rs144507866,C,T,"gnomAD Exomes,gnomAD Genomes",PASS,PASS,p.Arg604His,p.Arg604His,c.1811G>A,missense_variant,,35,120254,0.000291050609543,0,0,1,9732,0,0,0,17350,0,0,0,2358,0,0,33,9962,0,0,0,14554,0,0,0,48272,0,0,0,2338,0,0,1,15688,0,0
9,35092074,rs368997214,G,A,gnomAD Exomes,PASS,NA,p.Arg604Cys,p.Arg604Cys,c.1810C>T,missense_variant,,2,109340,1.82915675873422E-05,0,0,1,7160,0,0,0,17102,0,0,0,2320,0,0,0,9046,0,0,0,13388,0,0,1,42724,0,0,0,1912,0,0,0,15688,0,0
9,35092078,rs765834237,C,A,gnomAD Exomes,PASS,NA,p.Met602Ile,p.Met602Ile,c.1806G>T,missense_variant,,4,109380,3.65697568111172E-05,0,0,0,7158,0,0,0,17104,0,0,0,2320,0,0,0,9044,0,0,0,13394,0,0,4,42758,0,0,0,1914,0,0,0,15688,0,0
9,35092111,rs1303680103,C,G,gnomAD Exomes,PASS,NA,p.Glu591Asp,p.Glu591Asp,c.1773G>C,missense_variant,,1,109380,9.1424392027793E-06,0,0,0,7152,0,0,0,17104,0,0,0,2320,0,0,0,9044,0,0,0,13392,0,0,1,42764,0,0,0,1914,0,0,0,15690,0,0
9,35092124,rs1480698170,TG,T,gnomAD Exomes,PASS,NA,p.Gln587SerfsTer36,p.Gln587SerfsTer36,c.1759delC,frameshift_variant,,1,109388,9.14177057812557E-06,0,0,0,7160,0,0,0,17110,0,0,0,2320,0,0,0,9046,0,0,0,13394,0,0,1,42754,0,0,0,1914,0,0,0,15690,0,0
9,35092136,rs1199312430,A,T,gnomAD Exomes,PASS,NA,p.Leu583His,p.Leu583His,c.1748T>A,missense_variant,,1,109380,9.1424392027793E-06,0,0,0,7162,0,0,1,17104,0,0,0,2320,0,0,0,9046,0,0,0,13392,0,0,0,42752,0,0,0,1914,0,0,0,15690,0,0
9,35092137,rs778946017,G,C,gnomAD Exomes,PASS,NA,p.Leu583Val,p.Leu583Val,c.1747C>G,missense_variant,,1,109386,9.14193772512022E-06,0,0,0,7162,0,0,0,17106,0,0,0,2320,0,0,0,9046,0,0,1,13392,0,0,0,42756,0,0,0,1914,0,0,0,15690,0,0
9,35092151,rs1166648520,C,T,gnomAD Exomes,PASS,NA,p.Gly578Asp,p.Gly578Asp,c.1733G>A,missense_variant,,1,109368,9.14344232316582E-06,0,0,1,7160,0,0,0,17108,0,0,0,2320,0,0,0,9046,0,0,0,13390,0,0,0,42740,0,0,0,1914,0,0,0,15690,0,0
9,35092161,rs769087057,A,C,gnomAD Exomes,PASS,NA,p.Phe575Val,p.Phe575Val,c.1723T>G,missense_variant,,4,109372,3.65724317009838E-05,0,0,0,7160,0,0,4,17110,0,0,0,2320,0,0,0,9046,0,0,0,13392,0,0,0,42740,0,0,0,1914,0,0,0,15690,0,0
9,35092163,rs558371613,G,C,gnomAD Exomes,PASS,NA,p.Pro574Arg,p.Pro574Arg,c.1721C>G,missense_variant,,5,109378,4.57130318711258E-05,0,0,1,7160,0,0,0,17110,0,0,0,2320,0,0,0,9046,0,0,0,13392,0,0,4,42746,0,0,0,1914,0,0,0,15690,0,0
9,35092166,rs185911232,G,A,gnomAD Exomes,PASS,NA,p.Thr573Ile,p.Thr573Ile,c.1718C>T,missense_variant,,6,109378,5.4855638245351E-05,0,0,0,7160,0,0,0,17110,0,0,0,2320,0,0,6,9046,0,0,0,13390,0,0,0,42748,0,0,0,1914,0,0,0,15690,0,0
9,35092172,rs759000048,C,T,gnomAD Exomes,PASS,NA,p.Arg571Lys,p.Arg571Lys,c.1712G>A,missense_variant,,1,109380,9.1424392027793E-06,0,0,0,7164,0,0,0,17112,0,0,0,2320,0,0,0,9046,0,0,0,13388,0,0,1,42748,0,0,0,1914,0,0,0,15688,0,0
9,35092176,rs767046819,C,T,gnomAD Exomes,PASS,NA,p.Ala570Thr,p.Ala570Thr,c.1708G>A,missense_variant,,3,109384,2.74263146346815E-05,0,0,0,7162,0,0,2,17112,0,0,0,2320,0,0,0,9046,0,0,0,13390,0,0,0,42750,0,0,0,1914,0,0,1,15690,0,0
9,35092181,rs755748601,G,A,gnomAD Exomes,PASS,NA,p.Ala568Val,p.Ala568Val,c.1703C>T,missense_variant,,4,109384,3.65684195129086E-05,0,0,0,7162,0,0,0,17112,0,0,0,2320,0,0,0,9046,0,0,0,13392,0,0,0,42750,0,0,0,1914,0,0,4,15688,0,0
9,35092194,rs1262765547,T,C,gnomAD Exomes,PASS,NA,p.Ser564Gly,p.Ser564Gly,c.1690A>G,missense_variant,,1,109398,9.14093493482513E-06,0,0,0,7164,0,0,0,17110,0,0,0,2320,0,0,0,9046,0,0,0,13394,0,0,0,42760,0,0,0,1914,0,0,1,15690,0,0
9,35092204,,G,C,gnomAD Genomes,NA,PASS,p.Phe560Leu,p.Phe560Leu,c.1680C>G,missense_variant,,1,10874,9.19624793084421E-05,0,0,0,2574,0,0,0,246,0,0,0,38,0,0,0,914,0,0,0,1162,0,0,1,5516,0,0,0,424,0,0,0,0,0,0
9,35092211,rs544432298,G,C,gnomAD Exomes,PASS,NA,p.Ala558Gly,p.Ala558Gly,c.1673C>G,missense_variant,,1,109398,9.14093493482513E-06,0,0,1,7164,0,0,0,17112,0,0,0,2318,0,0,0,9046,0,0,0,13392,0,0,0,42762,0,0,0,1914,0,0,0,15690,0,0
9,35092217,rs200967782,C,T,gnomAD Exomes,PASS,NA,p.Arg556His,p.Arg556His,c.1667G>A,missense_variant,,1,109390,9.14160343724289E-06,0,0,0,7164,0,0,0,17112,0,0,0,2318,0,0,0,9046,0,0,0,13392,0,0,1,42760,0,0,0,1914,0,0,0,15684,0,0
9,35092239,rs530041949,C,T,gnomAD Exomes,PASS,NA,p.Val549Ile,p.Val549Ile,c.1645G>A,missense_variant,,2,109386,1.82838754502404E-05,0,0,0,7162,0,0,0,17108,0,0,0,2320,0,0,1,9046,0,0,0,13392,0,0,0,42760,0,0,0,1914,0,0,1,15684,0,0
9,35092247,rs1362232115,G,C,gnomAD Exomes,PASS,NA,p.Pro546Arg,p.Pro546Arg,c.1637C>G,missense_variant,,0,109396,0,0,0,0,7164,0,0,0,17108,0,0,0,2320,0,0,0,9046,0,0,0,13394,0,0,0,42764,0,0,0,1914,0,0,0,15686,0,0
9,35092262,rs748438924,G,A,gnomAD Exomes,PASS,NA,p.Thr541Ile,p.Thr541Ile,c.1622C>T,missense_variant,,1,109384,9.14210487822716E-06,0,0,0,7164,0,0,1,17108,0,0,0,2320,0,0,0,9044,0,0,0,13388,0,0,0,42762,0,0,0,1914,0,0,0,15684,0,0
9,35092272,rs763462649,G,C,gnomAD Exomes,PASS,NA,p.Pro538Ala,p.Pro538Ala,c.1612C>G,missense_variant,,1,109380,9.1424392027793E-06,0,0,1,7164,0,0,0,17104,0,0,0,2320,0,0,0,9046,0,0,0,13390,0,0,0,42758,0,0,0,1912,0,0,0,15686,0,0
9,35092277,rs559748160,T,C,gnomAD Exomes,PASS,NA,p.Lys536Arg,p.Lys536Arg,c.1607A>G,missense_variant,,1,109382,9.14227203744674E-06,0,0,0,7162,0,0,1,17104,0,0,0,2320,0,0,0,9046,0,0,0,13394,0,0,0,42760,0,0,0,1912,0,0,0,15684,0,0
9,35092278,rs763628735,T,C,gnomAD Exomes,PASS,NA,p.Lys536Glu,p.Lys536Glu,c.1606A>G,missense_variant,,2,109378,1.82852127484503E-05,0,0,0,7160,0,0,2,17104,0,0,0,2320,0,0,0,9046,0,0,0,13394,0,0,0,42758,0,0,0,1912,0,0,0,15684,0,0
9,35092283,rs1329841718,C,T,gnomAD Genomes,NA,PASS,p.Gly534Glu,p.Gly534Glu,c.1601G>A,missense_variant,,1,10874,9.19624793084421E-05,0,0,1,2574,0,0,0,246,0,0,0,38,0,0,0,916,0,0,0,1162,0,0,0,5514,0,0,0,424,0,0,0,0,0,0
9,35092286,rs1261162738,C,T,gnomAD Exomes,PASS,NA,p.Trp533Ter,p.Trp533Ter,c.1598G>A,stop_gained,,1,109382,9.14227203744674E-06,0,0,0,7164,0,0,0,17104,0,0,0,2320,0,0,1,9046,0,0,0,13386,0,0,0,42766,0,0,0,1914,0,0,0,15682,0,0
9,35092302,rs777469899,TCCACAGAAAAGGGAGGAATGAGCTCACTGCAG,T,gnomAD Exomes,PASS,NA,p.Ala517GlufsTer36,p.Ala517GlufsTer36,c.1550_1581delCTGCAGTGAGCTCATTCCTCCCTTTTCTGTGG,frameshift_variant,,1,109388,9.14177057812557E-06,0,0,0,7164,0,0,0,17104,0,0,0,2320,0,0,0,9046,0,0,0,13390,0,0,0,42764,0,0,0,1914,0,0,1,15686,0,0
9,35092304,rs750273716,C,T,gnomAD Exomes,PASS,NA,p.Trp527Ter,p.Trp527Ter,c.1580G>A,stop_gained,,2,109388,1.82835411562511E-05,0,0,0,7164,0,0,0,17106,0,0,0,2320,0,0,0,9044,0,0,0,13390,0,0,2,42766,0,0,0,1914,0,0,0,15684,0,0
9,35092328,rs1383587223,A,G,gnomAD Exomes,PASS,NA,p.Val519Ala,p.Val519Ala,c.1556T>C,missense_variant,,1,109396,9.1411020512633E-06,0,0,0,7162,0,0,0,17108,0,0,1,2320,0,0,0,9046,0,0,0,13392,0,0,0,42766,0,0,0,1914,0,0,0,15688,0,0
9,35092335,rs781222643,C,T,gnomAD Exomes,PASS,NA,p.Ala517Thr,p.Ala517Thr,c.1549G>A,missense_variant,,4,109382,3.6569088149787E-05,0,0,0,7158,0,0,3,17106,0,0,0,2320,0,0,0,9046,0,0,0,13388,0,0,1,42766,0,0,0,1914,0,0,0,15684,0,0
9,35092350,rs748435788,G,A,gnomAD Exomes,PASS,NA,p.Leu512Phe,p.Leu512Phe,c.1534C>T,missense_variant,,2,109400,1.82815356489945E-05,0,0,0,7162,0,0,0,17112,0,0,0,2320,0,0,0,9046,0,0,0,13390,0,0,2,42768,0,0,0,1914,0,0,0,15688,0,0
9,35092367,rs746494095,A,AG,gnomAD Exomes,PASS,NA,p.Leu506ProfsTer58,p.Leu506ProfsTer58,c.1516dupC,frameshift_variant,,1,109402,9.14060072027934E-06,0,0,0,7162,0,0,0,17110,0,0,0,2320,0,0,0,9046,0,0,0,13394,0,0,1,42768,0,0,0,1914,0,0,0,15688,0,0
9,35092373,rs915258177,A,G,gnomAD Exomes,PASS,NA,p.Ile504Thr,p.Ile504Thr,c.1511T>C,missense_variant,,1,109398,9.14093493482513E-06,0,0,0,7162,0,0,0,17110,0,0,0,2320,0,0,1,9046,0,0,0,13390,0,0,0,42768,0,0,0,1914,0,0,0,15688,0,0
9,35092377,rs1260422960,T,C,gnomAD Exomes,PASS,NA,p.Thr503Ala,p.Thr503Ala,c.1507A>G,missense_variant,,1,109402,9.14060072027934E-06,0,0,0,7162,0,0,1,17110,0,0,0,2320,0,0,0,9046,0,0,0,13394,0,0,0,42768,0,0,0,1914,0,0,0,15688,0,0
9,35092386,rs773611697,G,C,gnomAD Exomes,PASS,NA,p.Leu500Val,p.Leu500Val,c.1498C>G,missense_variant,,5,109398,4.57046746741257E-05,0,0,0,7162,0,0,0,17108,0,0,0,2320,0,0,0,9046,0,0,0,13394,0,0,0,42766,0,0,0,1914,0,0,5,15688,0,0
9,35092391,rs139997527,G,C,gnomAD Exomes,PASS,NA,p.Ala498Gly,p.Ala498Gly,c.1493C>G,missense_variant,,1,109396,9.1411020512633E-06,0,0,1,7160,0,0,0,17110,0,0,0,2320,0,0,0,9046,0,0,0,13390,0,0,0,42768,0,0,0,1914,0,0,0,15688,0,0
9,35092397,rs763688561,G,A,"gnomAD Exomes,gnomAD Genomes",PASS,PASS,p.Ala496Val,p.Ala496Val,c.1487C>T,missense_variant,,5,120272,4.15724358121591E-05,0,0,0,9734,0,0,0,17354,0,0,0,2358,0,0,1,9962,0,0,0,14552,0,0,2,48286,0,0,0,2338,0,0,2,15688,0,0
9,35092410,rs1234981030,C,T,gnomAD Genomes,NA,PASS,p.Val492Ile,p.Val492Ile,c.1474G>A,missense_variant,,1,10878,9.19286633572348E-05,0,0,0,2574,0,0,0,246,0,0,0,38,0,0,0,916,0,0,1,1162,0,0,0,5520,0,0,0,422,0,0,0,0,0,0
9,35092419,rs1414123378,A,G,gnomAD Exomes,PASS,NA,p.Trp489Arg,p.Trp489Arg,c.1465T>C,missense_variant,,2,109400,1.82815356489945E-05,1,0,0,7162,0,0,0,17112,0,0,0,2320,0,0,0,9046,0,0,0,13394,0,0,0,42764,0,0,0,1914,0,0,2,15688,1,0
9,35092424,rs750242299,A,G,gnomAD Exomes,PASS,NA,p.Val487Ala,p.Val487Ala,c.1460T>C,missense_variant,,4,109400,3.6563071297989E-05,0,0,0,7162,0,0,4,17112,0,0,0,2320,0,0,0,9046,0,0,0,13394,0,0,0,42764,0,0,0,1914,0,0,0,15688,0,0
9,35092425,rs762885128,C,T,gnomAD Exomes,PASS,NA,p.Val487Met,p.Val487Met,c.1459G>A,missense_variant,,2,109402,1.82812014405587E-05,0,0,0,7162,0,0,2,17112,0,0,0,2320,0,0,0,9046,0,0,0,13394,0,0,0,42764,0,0,0,1914,0,0,0,15690,0,0
9,35092428,rs766397462,G,A,gnomAD Genomes,NA,PASS,p.Pro486Ser,p.Pro486Ser,c.1456C>T,missense_variant,,1,10868,9.20132499079868E-05,0,0,1,2568,0,0,0,246,0,0,0,38,0,0,0,916,0,0,0,1160,0,0,0,5518,0,0,0,422,0,0,0,0,0,0
9,35092436,rs1306481994,A,G,gnomAD Genomes,NA,PASS,p.Leu483Pro,p.Leu483Pro,c.1448T>C,missense_variant,,1,10864,9.20471281296024E-05,0,0,1,2570,0,0,0,246,0,0,0,38,0,0,0,916,0,0,0,1162,0,0,0,5508,0,0,0,424,0,0,0,0,0,0
9,35092443,rs146556990,G,A,gnomAD Exomes,PASS,NA,p.Pro481Ser,p.Pro481Ser,c.1441C>T,missense_variant,,3,109398,2.74228048044754E-05,0,0,0,7162,0,0,1,17112,0,0,0,2320,0,0,0,9046,0,0,0,13394,0,0,2,42762,0,0,0,1914,0,0,0,15688,0,0
9,35092462,rs756923468,GGATATTGCCCACTGA,G,gnomAD Exomes,PASS,NA,p.Gln470_Ser474del,p.Gln470_Ser474del,c.1407_1421delTCAGTGGGCAATATC,inframe_deletion,,2,109380,1.82848784055586E-05,0,0,0,7164,0,0,0,17112,0,0,0,2320,0,0,0,9046,0,0,0,13394,0,0,2,42742,0,0,0,1914,0,0,0,15688,0,0
9,35092469,rs771303770,G,A,gnomAD Exomes,PASS,NA,p.Ala472Val,p.Ala472Val,c.1415C>T,missense_variant,,1,109370,9.1432751211484E-06,0,0,0,7164,0,0,0,17112,0,0,0,2320,0,0,0,9046,0,0,0,13394,0,0,1,42734,0,0,0,1910,0,0,0,15690,0,0
9,35092500,rs780883151,AG,A,gnomAD Exomes,PASS,NA,p.Cys462AlafsTer23,p.Cys462AlafsTer23,c.1383delC,frameshift_variant,,1,109354,9.14461290853558E-06,0,0,0,7164,0,0,0,17110,0,0,0,2320,0,0,0,9046,0,0,0,13390,0,0,1,42720,0,0,0,1914,0,0,0,15690,0,0
9,35092502,rs776193843,G,A,gnomAD Exomes,PASS,NA,p.Ser461Phe,p.Ser461Phe,c.1382C>T,missense_variant,,1,109354,9.14461290853558E-06,0,0,0,7164,0,0,0,17112,0,0,0,2320,0,0,1,9046,0,0,0,13390,0,0,0,42720,0,0,0,1914,0,0,0,15688,0,0
9,35092515,rs769460289,G,C,gnomAD Exomes,PASS,NA,p.Leu457Val,p.Leu457Val,c.1369C>G,missense_variant,,10,109348,9.14511467973808E-05,0,0,0,7164,0,0,7,17112,0,0,0,2320,0,0,3,9046,0,0,0,13390,0,0,0,42714,0,0,0,1914,0,0,0,15688,0,0
9,35092517,rs202109643,G,A,gnomAD Exomes,PASS,NA,p.Ala456Val,p.Ala456Val,c.1367C>T,missense_variant,,1,109350,9.14494741655236E-06,0,0,1,7164,0,0,0,17110,0,0,0,2320,0,0,0,9046,0,0,0,13390,0,0,0,42716,0,0,0,1914,0,0,0,15690,0,0
9,35092520,rs762788423,G,A,gnomAD Exomes,PASS,NA,p.Thr455Ile,p.Thr455Ile,c.1364C>T,missense_variant,,1,109340,9.14578379367112E-06,0,0,0,7164,0,0,0,17110,0,0,0,2320,0,0,1,9046,0,0,0,13390,0,0,0,42706,0,0,0,1914,0,0,0,15690,0,0
9,35092521,rs766309374,T,C,gnomAD Exomes,PASS,NA,p.Thr455Ala,p.Thr455Ala,c.1363A>G,missense_variant,,1,109342,9.14561650600867E-06,0,0,0,7164,0,0,0,17110,0,0,0,2320,0,0,0,9046,0,0,0,13388,0,0,1,42710,0,0,0,1914,0,0,0,15690,0,0
9,35092523,rs751477063,C,A,gnomAD Exomes,PASS,NA,p.Gly454Val,p.Gly454Val,c.1361G>T,missense_variant,,1,109348,9.14511467973808E-06,0,0,0,7164,0,0,0,17110,0,0,0,2320,0,0,0,9046,0,0,0,13390,0,0,0,42714,0,0,0,1914,0,0,1,15690,0,0
9,35092524,rs1204201860,C,A,gnomAD Exomes,PASS,NA,p.Gly454Cys,p.Gly454Cys,c.1360G>T,missense_variant,,1,109342,9.14561650600867E-06,0,0,0,7164,0,0,0,17110,0,0,0,2320,0,0,0,9046,0,0,0,13384,0,0,1,42714,0,0,0,1914,0,0,0,15690,0,0
9,35092529,rs767418527,G,A,"gnomAD Exomes,gnomAD Genomes",PASS,PASS,p.Ala452Val,p.Ala452Val,c.1355C>T,missense_variant,,2,120228,1.66350600525668E-05,0,0,0,9734,0,0,0,17356,0,0,0,2358,0,0,0,9962,0,0,0,14548,0,0,2,48242,0,0,0,2338,0,0,0,15690,0,0
9,35092535,rs756196244,C,T,gnomAD Exomes,PASS,NA,p.Arg450His,p.Arg450His,c.1349G>A,missense_variant,,1,109362,9.14394396591138E-06,0,0,0,7164,0,0,0,17110,0,0,0,2320,0,0,0,9046,0,0,0,13388,0,0,1,42730,0,0,0,1914,0,0,0,15690,0,0
9,35092536,rs756670230,G,A,gnomAD Exomes,PASS,NA,p.Arg450Cys,p.Arg450Cys,c.1348C>T,missense_variant,,1,109362,9.14394396591138E-06,0,0,0,7162,0,0,0,17110,0,0,0,2320,0,0,0,9046,0,0,0,13386,0,0,1,42734,0,0,0,1914,0,0,0,15690,0,0
9,35092550,rs145761915,C,T,gnomAD Exomes,PASS,NA,p.Arg445His,p.Arg445His,c.1334G>A,missense_variant,,2,109378,1.82852127484503E-05,0,0,0,7164,0,0,2,17110,0,0,0,2318,0,0,0,9046,0,0,0,13392,0,0,0,42744,0,0,0,1914,0,0,0,15690,0,0
9,35092551,rs779260324,G,A,gnomAD Exomes,PASS,NA,p.Arg445Cys,p.Arg445Cys,c.1333C>T,missense_variant,,5,109380,4.57121960138965E-05,0,0,0,7164,0,0,0,17110,0,0,0,2318,0,0,0,9046,0,0,0,13390,0,0,3,42748,0,0,0,1914,0,0,2,15690,0,0
9,35092563,rs148970282,C,T,"gnomAD Exomes,gnomAD Genomes",PASS,PASS,p.Glu441Lys,p.Glu441Lys,c.1321G>A,missense_variant,,3,120250,2.49480249480249E-05,0,0,1,9734,0,0,0,17356,0,0,0,2358,0,0,0,9962,0,0,0,14544,0,0,0,48268,0,0,0,2338,0,0,2,15690,0,0
9,35092568,rs982302129,C,T,gnomAD Exomes,PASS,NA,p.Cys439Tyr,p.Cys439Tyr,c.1316G>A,missense_variant,,1,109378,9.14260637422516E-06,0,0,0,7164,0,0,0,17110,0,0,0,2320,0,0,0,9046,0,0,0,13384,0,0,1,42750,0,0,0,1914,0,0,0,15690,0,0
9,35092572,rs1294489164,T,C,gnomAD Exomes,PASS,NA,p.Met438Val,p.Met438Val,c.1312A>G,missense_variant,,1,109388,9.14177057812557E-06,0,0,0,7164,0,0,1,17110,0,0,0,2320,0,0,0,9046,0,0,0,13390,0,0,0,42754,0,0,0,1914,0,0,0,15690,0,0
9,35092574,rs747675531,G,A,gnomAD Exomes,PASS,NA,p.Ala437Val,p.Ala437Val,c.1310C>T,missense_variant,,1,109374,9.14294073545815E-06,0,0,0,7164,0,0,0,17110,0,0,0,2320,0,0,0,9046,0,0,0,13378,0,0,1,42752,0,0,0,1914,0,0,0,15690,0,0
9,35092575,rs371896003,C,T,"gnomAD Exomes,gnomAD Genomes",PASS,PASS,p.Ala437Thr,p.Ala437Thr,c.1309G>A,missense_variant,,8,120258,6.65236408388631E-05,0,0,5,9738,0,0,0,17356,0,0,0,2358,0,0,0,9962,0,0,0,14542,0,0,3,48276,0,0,0,2336,0,0,0,15690,0,0
9,35092577,rs772960218,C,T,gnomAD Exomes,PASS,NA,p.Arg436Gln,p.Arg436Gln,c.1307G>A,missense_variant,,1,109378,9.14260637422516E-06,0,0,0,7164,0,0,0,17110,0,0,0,2320,0,0,0,9046,0,0,0,13378,0,0,1,42756,0,0,0,1914,0,0,0,15690,0,0
9,35092578,rs780263308,G,A,gnomAD Exomes,PASS,NA,p.Arg436Trp,p.Arg436Trp,c.1306C>T,missense_variant,,1,109378,9.14260637422516E-06,0,0,0,7164,0,0,0,17110,0,0,0,2320,0,0,0,9046,0,0,0,13376,0,0,0,42758,0,0,0,1914,0,0,1,15690,0,0
9,35092586,rs201911029,C,T,gnomAD Exomes,PASS,NA,p.Arg433Gln,p.Arg433Gln,c.1298G>A,missense_variant,,1,109394,9.14126917381209E-06,0,0,0,7164,0,0,0,17112,0,0,0,2320,0,0,0,9046,0,0,0,13382,0,0,0,42766,0,0,0,1914,0,0,1,15690,0,0
9,35092587,rs759288021,G,A,gnomAD Exomes,PASS,NA,p.Arg433Trp,p.Arg433Trp,c.1297C>T,missense_variant,,1,109368,9.14344232316582E-06,0,0,0,7164,0,0,0,17112,0,0,0,2320,0,0,1,9042,0,0,0,13364,0,0,0,42762,0,0,0,1914,0,0,0,15690,0,0
9,35092593,rs775311429,A,G,gnomAD Exomes,PASS,NA,p.Phe431Leu,p.Phe431Leu,c.1291T>C,missense_variant,,1,109396,9.1411020512633E-06,0,0,0,7164,0,0,0,17112,0,0,0,2320,0,0,0,9046,0,0,0,13384,0,0,1,42766,0,0,0,1914,0,0,0,15690,0,0
9,35092596,rs375108991,G,C,gnomAD Exomes,PASS,NA,p.Gln430Glu,p.Gln430Glu,c.1288C>G,missense_variant,,3,109384,2.74263146346815E-05,0,0,0,7164,0,0,0,17108,0,0,0,2320,0,0,0,9046,0,0,0,13378,0,0,3,42764,0,0,0,1914,0,0,0,15690,0,0
9,35092599,rs764159748,G,A,gnomAD Exomes,PASS,NA,p.Gln429Ter,p.Gln429Ter,c.1285C>T,stop_gained,,1,109372,9.14310792524595E-06,0,0,1,7164,0,0,0,17108,0,0,0,2320,0,0,0,9046,0,0,0,13366,0,0,0,42764,0,0,0,1914,0,0,0,15690,0,0
9,35092601,rs182396158,A,T,gnomAD Exomes,PASS,NA,p.Leu428Gln,p.Leu428Gln,c.1283T>A,missense_variant,,8,109380,7.31395136222344E-05,0,0,0,7164,0,0,8,17108,0,0,0,2320,0,0,0,9046,0,0,0,13376,0,0,0,42762,0,0,0,1914,0,0,0,15690,0,0
9,35092607,rs147098410,G,T,"gnomAD Exomes,gnomAD Genomes",PASS,PASS,p.Ala426Asp,p.Ala426Asp,c.1277C>A,missense_variant,,17,120252,0.000141369790107,0,0,15,9738,0,0,2,17354,0,0,0,2358,0,0,0,9962,0,0,0,14522,0,0,0,48290,0,0,0,2338,0,0,0,15690,0,0
9,35092619,rs747502436,G,A,"gnomAD Exomes,gnomAD Genomes",PASS,PASS,p.Pro422Leu,p.Pro422Leu,c.1265C>T,missense_variant,,2,120254,1.66314634024648E-05,0,0,1,9736,0,0,0,17356,0,0,0,2358,0,0,0,9962,0,0,0,14534,0,0,0,48284,0,0,0,2336,0,0,1,15688,0,0
9,35092628,rs777439274,G,A,gnomAD Exomes,PASS,NA,p.Ala419Val,p.Ala419Val,c.1256C>T,missense_variant,,1,109326,9.1469549786876E-06,0,0,0,7160,0,0,0,17108,0,0,0,2320,0,0,0,9038,0,0,0,13342,0,0,1,42764,0,0,0,1910,0,0,0,15684,0,0
9,35092647,,T,G,gnomAD Exomes,PASS,NA,p.Ser413Arg,p.Ser413Arg,c.1237A>C,missense_variant,,0,109312,0,0,0,0,7158,0,0,0,17098,0,0,0,2320,0,0,0,9024,0,0,0,13372,0,0,0,42752,0,0,0,1912,0,0,0,15676,0,0
9,35092662,rs750636989,G,A,gnomAD Exomes,PASS,NA,p.Gln408Ter,p.Gln408Ter,c.1222C>T,stop_gained,,1,109358,9.14427842498948E-06,0,0,0,7160,0,0,1,17102,0,0,0,2320,0,0,0,9046,0,0,0,13382,0,0,0,42764,0,0,0,1910,0,0,0,15674,0,0
9,35092671,rs1377756172,C,T,gnomAD Exomes,PASS,NA,p.Ala405Thr,p.Ala405Thr,c.1213G>A,missense_variant,,1,109354,9.14461290853558E-06,0,0,0,7158,0,0,1,17104,0,0,0,2320,0,0,0,9046,0,0,0,13386,0,0,0,42766,0,0,0,1910,0,0,0,15664,0,0
9,35092694,rs752048368,T,C,gnomAD Exomes,PASS,NA,p.Gln397Arg,p.Gln397Arg,c.1190A>G,missense_variant,,1,109296,9.1494656712048E-06,0,0,0,7138,0,0,0,17086,0,0,0,2320,0,0,1,9046,0,0,0,13384,0,0,0,42764,0,0,0,1908,0,0,0,15650,0,0
9,35092694,rs752048368,T,G,gnomAD Exomes,PASS,NA,p.Gln397Pro,p.Gln397Pro,c.1190A>C,missense_variant,,1,109296,9.1494656712048E-06,0,0,0,7138,0,0,0,17086,0,0,0,2320,0,0,0,9046,0,0,0,13384,0,0,1,42764,0,0,0,1908,0,0,0,15650,0,0
9,35092697,rs146501297,A,T,gnomAD Exomes,PASS,NA,p.Leu396Gln,p.Leu396Gln,c.1187T>A,missense_variant,,6,109288,5.49008125320255E-05,0,0,0,7136,0,0,0,17078,0,0,0,2318,0,0,6,9046,0,0,0,13388,0,0,0,42766,0,0,0,1908,0,0,0,15648,0,0
9,35092702,rs749273238,A,AT,gnomAD Exomes,PASS,NA,p.His394GlnfsTer13,p.His394GlnfsTer13,c.1181dupA,frameshift_variant,,1,109268,9.15181022806311E-06,0,0,0,7134,0,0,1,17070,0,0,0,2316,0,0,0,9046,0,0,0,13382,0,0,0,42768,0,0,0,1906,0,0,0,15646,0,0
9,35092707,rs748782878,G,A,gnomAD Exomes,PASS,NA,p.Leu393Phe,p.Leu393Phe,c.1177C>T,missense_variant,,2,109194,1.83160246900013E-05,0,0,0,7132,0,0,0,17018,0,0,0,2316,0,0,0,9044,0,0,0,13384,0,0,2,42766,0,0,0,1906,0,0,0,15628,0,0
9,35092722,rs1349471634,G,A,gnomAD Exomes,PASS,NA,p.Leu388Phe,p.Leu388Phe,c.1162C>T,missense_variant,,1,108884,9.18408581609786E-06,0,0,0,7116,0,0,0,16858,0,0,0,2304,0,0,1,9038,0,0,0,13366,0,0,0,42736,0,0,0,1904,0,0,0,15562,0,0
9,35092739,rs1231348305,G,A,gnomAD Exomes,PASS,NA,p.Ser382Leu,p.Ser382Leu,c.1145C>T,missense_variant,,1,108514,9.21540077777983E-06,0,0,0,7110,0,0,1,16722,0,0,0,2280,0,0,0,9038,0,0,0,13338,0,0,0,42654,0,0,0,1896,0,0,0,15476,0,0
9,35092749,rs771838559,G,C,gnomAD Exomes,PASS,NA,p.His379Asp,p.His379Asp,c.1135C>G,missense_variant,,2,106994,1.86926369702974E-05,0,0,0,7094,0,0,0,16116,0,0,0,2192,0,0,0,9032,0,0,0,13288,0,0,2,42338,0,0,0,1846,0,0,0,15088,0,0
9,35092752,rs746870615,G,A,"gnomAD Exomes,gnomAD Genomes",PASS,PASS,p.Leu378Phe,p.Leu378Phe,c.1132C>T,missense_variant,,19,117600,0.00016156462585,0,0,2,9666,0,0,9,16280,0,0,0,2218,0,0,0,9948,0,0,0,14436,0,0,7,47794,0,0,1,2260,0,0,0,14998,0,0
9,35092755,rs1396948698,A,G,gnomAD Exomes,PASS,NA,p.Phe377Leu,p.Phe377Leu,c.1129T>C,missense_variant,,1,106150,9.42063118228921E-06,0,0,0,7082,0,0,0,15822,0,0,0,2142,0,0,0,9034,0,0,0,13266,0,0,0,42140,0,0,0,1828,0,0,1,14836,0,0
9,35092758,rs776601736,G,A,gnomAD Exomes,PASS,NA,p.Arg376Ter,p.Arg376Ter,c.1126C>T,stop_gained,,1,105978,9.43592066277907E-06,0,0,0,7080,0,0,0,15920,0,0,0,2128,0,0,0,9024,0,0,0,13180,0,0,1,41984,0,0,0,1826,0,0,0,14836,0,0
9,35093032,rs1276296360,G,A,gnomAD Exomes,PASS,NA,p.Gln372Ter,p.Gln372Ter,c.1114C>T,stop_gained,,1,108966,9.17717453150524E-06,0,0,0,7160,0,0,1,17002,0,0,0,2306,0,0,0,9044,0,0,0,13292,0,0,0,42636,0,0,0,1912,0,0,0,15614,0,0
9,35093036,rs763161700,A,T,gnomAD Exomes,PASS,NA,p.Asn370Lys,p.Asn370Lys,c.1110T>A,missense_variant,,1,109116,9.1645588181385E-06,0,0,0,7160,0,0,1,17028,0,0,0,2316,0,0,0,9044,0,0,0,13334,0,0,0,42690,0,0,0,1912,0,0,0,15632,0,0
9,35093037,rs1214104267,T,C,gnomAD Exomes,PASS,NA,p.Asn370Ser,p.Asn370Ser,c.1109A>G,missense_variant,,2,109098,1.833214174412E-05,0,0,0,7160,0,0,1,17024,0,0,0,2316,0,0,1,9044,0,0,0,13338,0,0,0,42676,0,0,0,1912,0,0,0,15628,0,0
9,35093077,rs141121202,G,A,gnomAD Exomes,PASS,NA,p.His357Tyr,p.His357Tyr,c.1069C>T,missense_variant,,17,109348,0.000155466949556,0,0,0,7164,0,0,0,17096,0,0,0,2320,0,0,15,9042,0,0,0,13364,0,0,0,42762,0,0,0,1914,0,0,2,15686,0,0
9,35093093,rs773348616,A,AC,gnomAD Exomes,PASS,NA,p.Glu352Ter,p.Glu352Ter,c.1052dupG,frameshift_variant,,1,109350,9.14494741655236E-06,0,0,0,7162,0,0,0,17098,0,0,0,2320,0,0,1,9044,0,0,0,13364,0,0,0,42758,0,0,0,1914,0,0,0,15690,0,0
9,35093094,rs150137667,C,T,gnomAD Exomes,PASS,NA,p.Gly351Asp,p.Gly351Asp,c.1052G>A,missense_variant,,1,109356,9.14444566370387E-06,0,0,1,7162,0,0,0,17098,0,0,0,2320,0,0,0,9044,0,0,0,13366,0,0,0,42764,0,0,0,1914,0,0,0,15688,0,0
9,35093097,rs368691880,C,G,gnomAD Exomes,PASS,NA,p.Gly350Ala,p.Gly350Ala,c.1049G>C,missense_variant,,2,109362,1.82878879318228E-05,0,0,0,7162,0,0,2,17094,0,0,0,2320,0,0,0,9046,0,0,0,13374,0,0,0,42762,0,0,0,1914,0,0,0,15690,0,0
9,35093100,rs371657025,G,A,"gnomAD Exomes,gnomAD Genomes",PASS,PASS,p.Ser349Leu,p.Ser349Leu,c.1046C>T,missense_variant,,4,120230,3.32695666638942E-05,0,0,0,9732,0,0,0,17346,0,0,0,2358,0,0,0,9962,0,0,0,14530,0,0,3,48274,0,0,1,2338,0,0,0,15690,0,0
9,35093115,rs779525065,A,T,gnomAD Exomes,PASS,NA,p.Met344Lys,p.Met344Lys,c.1031T>A,missense_variant,,1,109380,9.1424392027793E-06,0,0,0,7162,0,0,0,17102,0,0,0,2320,0,0,1,9044,0,0,0,13384,0,0,0,42764,0,0,0,1914,0,0,0,15690,0,0
9,35093122,rs745999972,C,A,gnomAD Exomes,PASS,NA,p.Glu342Ter,p.Glu342Ter,c.1024G>T,stop_gained,,1,109380,9.1424392027793E-06,0,0,0,7164,0,0,1,17102,0,0,0,2320,0,0,0,9046,0,0,0,13382,0,0,0,42762,0,0,0,1914,0,0,0,15690,0,0
9,35093124,rs747998691,C,A,gnomAD Exomes,PASS,NA,p.Gly341Val,p.Gly341Val,c.1022G>T,missense_variant,,3,109380,2.74273176083379E-05,0,0,0,7162,0,0,0,17100,0,0,0,2320,0,0,3,9046,0,0,0,13386,0,0,0,42762,0,0,0,1914,0,0,0,15690,0,0
9,35093125,rs769616849,C,T,gnomAD Exomes,PASS,NA,p.Gly341Arg,p.Gly341Arg,c.1021G>A,missense_variant,,2,109368,1.82868846463316E-05,0,0,0,7162,0,0,1,17102,0,0,0,2320,0,0,0,9044,0,0,0,13376,0,0,0,42760,0,0,0,1914,0,0,1,15690,0,0
9,35093133,rs749274989,C,T,"gnomAD Exomes,gnomAD Genomes",PASS,PASS,p.Gly338Glu,p.Gly338Glu,c.1013G>A,missense_variant,,4,120250,3.32640332640333E-05,0,0,0,9734,0,0,1,17346,0,0,0,2358,0,0,0,9960,0,0,0,14542,0,0,1,48284,0,0,0,2338,0,0,2,15688,0,0
9,35093169,rs1163633984,G,A,gnomAD Exomes,PASS,NA,p.Thr326Met,p.Thr326Met,c.977C>T,missense_variant,,1,109348,9.14511467973808E-06,0,0,0,7162,0,0,0,17090,0,0,0,2318,0,0,0,9046,0,0,1,13382,0,0,0,42748,0,0,0,1912,0,0,0,15690,0,0
9,35093172,rs1364028691,G,T,gnomAD Exomes,PASS,NA,p.Pro325His,p.Pro325His,c.974C>A,missense_variant,,2,109338,1.82919021749072E-05,0,0,0,7164,0,0,0,17082,0,0,0,2320,0,0,0,9046,0,0,0,13376,0,0,2,42748,0,0,0,1914,0,0,0,15688,0,0
9,35093182,rs1359775373,T,C,gnomAD Exomes,PASS,NA,p.Ser322Gly,p.Ser322Gly,c.964A>G,missense_variant,,1,109256,9.15281540601889E-06,0,0,0,7164,0,0,0,17066,0,0,0,2304,0,0,0,9046,0,0,1,13376,0,0,0,42716,0,0,0,1910,0,0,0,15674,0,0
9,35093191,rs775992273,G,T,gnomAD Exomes,PASS,NA,p.Pro319Thr,p.Pro319Thr,c.955C>A,missense_variant,,2,109158,1.83220652631965E-05,0,0,0,7156,0,0,0,17032,0,0,0,2300,0,0,0,9046,0,0,0,13368,0,0,2,42680,0,0,0,1910,0,0,0,15666,0,0
9,35093194,rs1376679469,T,A,"gnomAD Exomes,gnomAD Genomes",PASS,PASS,p.Ile318Phe,p.Ile318Phe,c.952A>T,missense_variant,,2,120012,1.666500016665E-05,0,0,2,9730,0,0,0,17274,0,0,0,2344,0,0,0,9962,0,0,0,14532,0,0,0,48192,0,0,0,2334,0,0,0,15644,0,0
9,35093420,rs747260799,C,G,gnomAD Exomes,PASS,NA,p.Glu313Gln,p.Glu313Gln,c.937G>C,missense_variant,,2,109348,1.82902293594762E-05,0,0,0,7162,0,0,0,17094,0,0,0,2320,0,0,0,9042,0,0,0,13370,0,0,2,42758,0,0,0,1914,0,0,0,15688,0,0
9,35093426,rs199800072,G,A,gnomAD Exomes,PASS,NA,p.Pro311Ser,p.Pro311Ser,c.931C>T,missense_variant,,1,109342,9.14561650600867E-06,0,0,0,7160,0,0,0,17090,0,0,0,2318,0,0,0,9040,0,0,0,13374,0,0,1,42762,0,0,0,1912,0,0,0,15686,0,0
9,35093435,rs773759486,G,A,gnomAD Exomes,PASS,NA,p.Pro308Ser,p.Pro308Ser,c.922C>T,missense_variant,,1,109372,9.14310792524595E-06,0,0,0,7160,0,0,1,17098,0,0,0,2320,0,0,0,9044,0,0,0,13380,0,0,0,42766,0,0,0,1914,0,0,0,15690,0,0
9,35093446,rs1425696450,G,C,gnomAD Exomes,PASS,NA,p.Thr304Arg,p.Thr304Arg,c.911C>G,missense_variant,,1,109372,9.14310792524595E-06,0,0,0,7158,0,0,0,17102,0,0,0,2318,0,0,0,9042,0,0,0,13384,0,0,0,42764,0,0,1,1914,0,0,0,15690,0,0
9,35093455,rs771571749,T,C,gnomAD Exomes,PASS,NA,p.Tyr301Cys,p.Tyr301Cys,c.902A>G,missense_variant,,1,109382,9.14227203744674E-06,0,0,0,7160,0,0,0,17104,0,0,0,2320,0,0,0,9042,0,0,0,13386,0,0,0,42766,0,0,0,1914,0,0,1,15690,0,0
9,35093477,rs763720647,C,T,gnomAD Exomes,PASS,NA,p.Val294Ile,p.Val294Ile,c.880G>A,missense_variant,,1,109378,9.14260637422516E-06,0,0,0,7156,0,0,0,17098,0,0,0,2318,0,0,1,9046,0,0,0,13392,0,0,0,42766,0,0,0,1912,0,0,0,15690,0,0
9,35093484,rs765215020,C,A,gnomAD Exomes,PASS,NA,p.Glu291Asp,p.Glu291Asp,c.873G>T,missense_variant,,3,109350,2.74348422496571E-05,0,0,0,7154,0,0,0,17090,0,0,0,2320,0,0,0,9046,0,0,0,13390,0,0,0,42750,0,0,0,1912,0,0,3,15688,0,0
9,35093486,rs750419706,C,T,gnomAD Exomes,PASS,NA,p.Glu291Lys,p.Glu291Lys,c.871G>A,missense_variant,,1,109354,9.14461290853558E-06,0,0,0,7154,0,0,0,17094,0,0,0,2318,0,0,0,9046,0,0,0,13388,0,0,1,42754,0,0,0,1914,0,0,0,15686,0,0
9,35093498,rs780295527,C,T,gnomAD Genomes,NA,PASS,p.Gly287Arg,p.Gly287Arg,c.859G>A,missense_variant,,1,10878,9.19286633572348E-05,0,0,0,2570,0,0,0,246,0,0,0,38,0,0,0,916,0,0,0,1162,0,0,0,5522,0,0,1,424,0,0,0,0,0,0
9,35093515,rs751648841,G,A,gnomAD Exomes,PASS,NA,p.Thr281Ile,p.Thr281Ile,c.842C>T,missense_variant,,1,109302,9.14896342244424E-06,0,0,0,7148,0,0,0,17074,0,0,0,2318,0,0,0,9044,0,0,0,13386,0,0,1,42740,0,0,0,1914,0,0,0,15678,0,0
9,35093530,rs1192909399,C,G,gnomAD Exomes,PASS,NA,p.Gly276Ala,p.Gly276Ala,c.827G>C,missense_variant,,1,109312,9.14812646370023E-06,0,0,0,7152,0,0,0,17082,0,0,0,2316,0,0,0,9046,0,0,0,13388,0,0,1,42738,0,0,0,1912,0,0,0,15678,0,0
9,35093540,rs776286607,C,T,gnomAD Exomes,PASS,NA,p.Val273Ile,p.Val273Ile,c.817G>A,missense_variant,,2,109290,1.82999359502242E-05,0,0,0,7154,0,0,0,17074,0,0,0,2318,0,0,0,9046,0,0,0,13390,0,0,1,42716,0,0,0,1914,0,0,1,15678,0,0
9,35093563,rs200924324,C,T,"gnomAD Exomes,gnomAD Genomes",PASS,PASS,p.Arg265His,p.Arg265His,c.794G>A,missense_variant,,19,119476,0.000159027754528,0,0,2,9716,0,0,0,17098,0,0,0,2330,0,0,0,9962,0,0,0,14540,0,0,14,47992,0,0,1,2324,0,0,2,15514,0,0
9,35093576,rs766298531,C,T,gnomAD Exomes,PASS,NA,p.Gly261Arg,p.Gly261Arg,c.781G>A,missense_variant,,1,104072,9.60873241601968E-06,0,0,0,7088,0,0,0,14816,0,0,0,2132,0,0,0,9038,0,0,0,13276,0,0,1,41674,0,0,0,1814,0,0,0,14234,0,0
9,35093903,rs765723177,CA,C,gnomAD Exomes,PASS,NA,p.Val258GlyfsTer16,p.Val258GlyfsTer16,c.773delT,frameshift_variant,,2,109348,1.82902293594762E-05,0,0,0,7164,0,0,0,17096,0,0,0,2314,0,0,0,9046,0,0,0,13394,0,0,2,42738,0,0,0,1912,0,0,0,15684,0,0
9,35093908,rs754177998,G,C,gnomAD Exomes,PASS,NA,p.Gln257Glu,p.Gln257Glu,c.769C>G,missense_variant,,2,109374,1.82858814709163E-05,0,0,0,7162,0,0,0,17100,0,0,0,2318,0,0,0,9046,0,0,0,13394,0,0,0,42752,0,0,0,1912,0,0,2,15690,0,0
9,35093916,rs1194364585,T,C,gnomAD Exomes,PASS,NA,p.Gln254Arg,p.Gln254Arg,c.761A>G,missense_variant,,1,109382,9.14227203744674E-06,0,0,0,7160,0,0,0,17098,0,0,0,2318,0,0,0,9046,0,0,0,13394,0,0,0,42762,0,0,0,1914,0,0,1,15690,0,0
9,35093918,rs757584977,G,C,gnomAD Exomes,PASS,NA,p.Ser253Arg,p.Ser253Arg,c.759C>G,missense_variant,,1,109388,9.14177057812557E-06,0,0,0,7164,0,0,0,17100,0,0,0,2320,0,0,0,9046,0,0,0,13394,0,0,0,42760,0,0,0,1914,0,0,1,15690,0,0
9,35093928,rs200782253,T,C,gnomAD Exomes,PASS,NA,p.Lys250Arg,p.Lys250Arg,c.749A>G,missense_variant,,1,109390,9.14160343724289E-06,0,0,0,7162,0,0,0,17100,0,0,0,2320,0,0,0,9046,0,0,0,13394,0,0,1,42764,0,0,0,1914,0,0,0,15690,0,0
9,35093940,rs746364157,G,A,gnomAD Genomes,NA,PASS,p.Pro246Leu,p.Pro246Leu,c.737C>T,missense_variant,,2,10878,0.000183857326714,0,0,0,2572,0,0,0,246,0,0,0,38,0,0,0,916,0,0,0,1162,0,0,2,5520,0,0,0,424,0,0,0,0,0,0
9,35093964,rs748327812,C,T,gnomAD Exomes,PASS,NA,p.Gly238Asp,p.Gly238Asp,c.713G>A,missense_variant,,1,109398,9.14093493482513E-06,0,0,0,7164,0,0,0,17102,0,0,0,2320,0,0,0,9046,0,0,0,13394,0,0,1,42768,0,0,0,1914,0,0,0,15690,0,0
9,35093967,rs773052205,C,A,gnomAD Exomes,PASS,NA,p.Cys237Phe,p.Cys237Phe,c.710G>T,missense_variant,,1,109394,9.14126917381209E-06,0,0,0,7164,0,0,0,17100,0,0,0,2320,0,0,0,9046,0,0,0,13394,0,0,1,42766,0,0,0,1914,0,0,0,15690,0,0
9,35093995,rs1478971715,T,C,gnomAD Exomes,PASS,NA,p.Ile228Val,p.Ile228Val,c.682A>G,missense_variant,,1,109358,9.14427842498948E-06,0,0,0,7156,0,0,0,17092,0,0,0,2320,0,0,0,9046,0,0,0,13392,0,0,1,42752,0,0,0,1912,0,0,0,15688,0,0
9,35094001,rs767554501,C,T,gnomAD Exomes,PASS,NA,p.Val226Met,p.Val226Met,c.676G>A,missense_variant,,7,109314,6.40357136322886E-05,0,0,0,7158,0,0,5,17084,0,0,0,2318,0,0,0,9044,0,0,0,13392,0,0,0,42730,0,0,0,1910,0,0,2,15678,0,0
9,35094005,rs760792660,C,A,gnomAD Exomes,PASS,NA,p.Trp224Cys,p.Trp224Cys,c.672G>T,missense_variant,,0,109262,0,0,0,0,7156,0,0,0,17076,0,0,0,2318,0,0,0,9042,0,0,0,13384,0,0,0,42698,0,0,0,1912,0,0,0,15676,0,0
9,35094005,rs760792660,C,T,gnomAD Exomes,PASS,NA,p.Trp224Ter,p.Trp224Ter,c.672G>A,stop_gained,,1,109262,9.15231278944189E-06,0,0,0,7156,0,0,0,17076,0,0,0,2318,0,0,0,9042,0,0,0,13384,0,0,1,42698,0,0,0,1912,0,0,0,15676,0,0
9,35094006,rs1392242362,C,T,gnomAD Exomes,PASS,NA,p.Trp224Ter,p.Trp224Ter,c.671G>A,stop_gained,,1,109284,9.15047033417518E-06,0,0,0,7156,0,0,1,17078,0,0,0,2314,0,0,0,9040,0,0,0,13386,0,0,0,42720,0,0,0,1908,0,0,0,15682,0,0
9,35094013,rs1384574105,C,A,gnomAD Exomes,PASS,NA,p.Gly222Cys,p.Gly222Cys,c.664G>T,missense_variant,,2,109082,1.83348306778387E-05,0,0,0,7146,0,0,2,17036,0,0,0,2312,0,0,0,9038,0,0,0,13372,0,0,0,42624,0,0,0,1910,0,0,0,15644,0,0
9,35094015,rs754088095,C,G,gnomAD Exomes,PASS,NA,p.Ser221Thr,p.Ser221Thr,c.662G>C,missense_variant,,16,109076,0.000146686713851,0,0,0,7148,0,0,16,17028,0,0,0,2312,0,0,0,9044,0,0,0,13378,0,0,0,42612,0,0,0,1910,0,0,0,15644,0,0
9,35094212,rs1244103739,C,T,gnomAD Exomes,PASS,NA,c.655+1G>A,,c.655+1G>A,splice_donor_variant,,1,101468,9.85532384594158E-06,0,0,0,7058,0,0,1,13100,0,0,0,2180,0,0,0,9022,0,0,0,13242,0,0,0,41264,0,0,0,1764,0,0,0,13838,0,0
9,35094222,rs372754217,A,G,gnomAD Exomes,PASS,NA,p.Tyr216His,p.Tyr216His,c.646T>C,missense_variant,,1,104506,9.56882858400475E-06,0,0,0,7090,0,0,0,14468,0,0,0,2232,0,0,0,9026,0,0,0,13336,0,0,1,41870,0,0,0,1808,0,0,0,14676,0,0
9,35094242,rs138028827,T,C,"gnomAD Exomes,gnomAD Genomes",PASS,PASS,p.Asn209Ser,p.Asn209Ser,c.626A>G,missense_variant,,77,116170,0.00066282172678,0,0,3,9670,0,0,6,15024,0,0,13,2316,0,0,0,9940,0,0,2,14512,0,0,52,47574,0,0,1,2246,0,0,0,14888,0,0
9,35094251,rs750723712,G,A,gnomAD Exomes,PASS,NA,p.Thr206Ile,p.Thr206Ile,c.617C>T,missense_variant,,1,106436,9.39531737382089E-06,0,0,1,7112,0,0,0,15382,0,0,0,2284,0,0,0,9022,0,0,0,13370,0,0,0,42268,0,0,0,1856,0,0,0,15142,0,0
9,35094263,rs766947368,C,T,gnomAD Exomes,PASS,NA,p.Arg202Lys,p.Arg202Lys,c.605G>A,missense_variant,,1,107132,9.33427920695964E-06,0,0,0,7126,0,0,0,15794,0,0,0,2292,0,0,0,9022,0,0,0,13376,0,0,1,42362,0,0,0,1872,0,0,0,15288,0,0
9,35094267,rs752145575,C,T,gnomAD Exomes,PASS,NA,p.Val201Ile,p.Val201Ile,c.601G>A,missense_variant,,1,107056,9.34090569421611E-06,0,0,0,7126,0,0,0,15712,0,0,0,2292,0,0,0,9038,0,0,0,13374,0,0,1,42366,0,0,0,1874,0,0,0,15274,0,0
9,35094269,rs755621448,T,C,gnomAD Exomes,PASS,NA,p.Asn200Ser,p.Asn200Ser,c.599A>G,missense_variant,,2,107082,1.86772753590706E-05,0,0,0,7132,0,0,0,15704,0,0,0,2294,0,0,0,9026,0,0,0,13376,0,0,2,42366,0,0,0,1880,0,0,0,15304,0,0
9,35094277,rs763591247,TGG,T,gnomAD Exomes,PASS,NA,p.Pro197IlefsTer26,p.Pro197IlefsTer26,c.589_590delCC,frameshift_variant,,2,107220,1.86532363365044E-05,0,0,0,7134,0,0,1,15786,0,0,0,2298,0,0,0,9026,0,0,0,13378,0,0,1,42392,0,0,0,1876,0,0,0,15330,0,0
9,35094279,rs1379200376,G,C,gnomAD Exomes,PASS,NA,p.Pro197Ala,p.Pro197Ala,c.589C>G,missense_variant,,1,107656,9.2888459537787E-06,0,0,0,7132,0,0,0,16058,0,0,0,2300,0,0,0,9016,0,0,0,13378,0,0,0,42468,0,0,0,1880,0,0,1,15424,0,0
9,35094287,rs61755365,A,C,"gnomAD Exomes,gnomAD Genomes",PASS,PASS,p.Phe194Cys,p.Phe194Cys,c.581T>G,missense_variant,,6,118318,5.07107963285383E-05,0,0,2,9704,0,0,2,16142,0,0,0,2336,0,0,0,9944,0,0,0,14544,0,0,2,47958,0,0,0,2296,0,0,0,15394,0,0
9,35094293,rs138004232,T,C,gnomAD Exomes,PASS,NA,p.Lys192Arg,p.Lys192Arg,c.575A>G,missense_variant,,1,107022,9.34387322232812E-06,0,0,0,7134,0,0,0,15654,0,0,0,2296,0,0,0,9030,0,0,0,13378,0,0,1,42370,0,0,0,1866,0,0,0,15294,0,0
9,35094296,rs779897930,G,A,gnomAD Exomes,PASS,NA,p.Ser191Phe,p.Ser191Phe,c.572C>T,missense_variant,,28,106878,0.000261980950242,0,0,0,7126,0,0,0,15582,0,0,0,2296,0,0,0,9026,0,0,0,13372,0,0,1,42338,0,0,0,1870,0,0,27,15268,0,0
9,35094303,rs746960142,C,T,gnomAD Exomes,PASS,NA,p.Ala189Thr,p.Ala189Thr,c.565G>A,missense_variant,,1,107016,9.34439709949914E-06,0,0,0,7128,0,0,0,15682,0,0,0,2298,0,0,0,9028,0,0,0,13368,0,0,1,42350,0,0,0,1870,0,0,0,15292,0,0
9,35094311,rs1238415854,A,T,gnomAD Exomes,PASS,NA,p.Phe186Tyr,p.Phe186Tyr,c.557T>A,missense_variant,,1,107260,9.3231400335633E-06,0,0,0,7116,0,0,1,15846,0,0,0,2300,0,0,0,9006,0,0,0,13372,0,0,0,42396,0,0,0,1876,0,0,0,15348,0,0
9,35094335,rs1178201945,C,T,gnomAD Genomes,NA,PASS,p.Gly178Glu,p.Gly178Glu,c.533G>A,missense_variant,,2,10878,0.000183857326714,0,0,2,2572,0,0,0,246,0,0,0,38,0,0,0,916,0,0,0,1162,0,0,0,5520,0,0,0,424,0,0,0,0,0,0
9,35094337,rs769886723,C,T,gnomAD Exomes,PASS,NA,p.Met177Ile,p.Met177Ile,c.531G>A,missense_variant,,3,106662,2.81262305225854E-05,0,0,0,7128,0,0,3,15508,0,0,0,2278,0,0,0,9020,0,0,0,13354,0,0,0,42332,0,0,0,1864,0,0,0,15178,0,0
9,35094350,rs773509452,C,T,gnomAD Exomes,PASS,NA,p.Arg173His,p.Arg173His,c.518G>A,missense_variant,,4,104734,3.81919911394581E-05,0,0,0,7088,0,0,0,14646,0,0,0,2264,0,0,0,8984,0,0,0,13306,0,0,3,41984,0,0,0,1828,0,0,1,14634,0,0
9,35095079,rs776095449,T,C,gnomAD Exomes,PASS,NA,p.Asn162Asp,p.Asn162Asp,c.484A>G,missense_variant,,1,108364,9.22815695249345E-06,0,0,0,7164,0,0,1,17020,0,0,0,2238,0,0,0,9046,0,0,0,13296,0,0,0,42232,0,0,0,1898,0,0,0,15470,0,0
9,35095094,rs542399310,C,T,gnomAD Exomes,PASS,NA,p.Ala157Thr,p.Ala157Thr,c.469G>A,missense_variant,,67,108156,0.000619475572321,0,0,0,7164,0,0,0,17034,0,0,0,2182,0,0,0,9046,0,0,1,13250,0,0,1,42090,0,0,0,1896,0,0,65,15494,0,0
9,35095102,rs142562923,G,T,"gnomAD Exomes,gnomAD Genomes",PASS,PASS,p.Ala154Asp,p.Ala154Asp,c.461C>A,missense_variant,,426,119800,0.00355592654424,5,0,7,9738,0,0,19,17320,0,0,0,2312,0,0,0,9962,0,0,156,14486,4,0,237,48058,1,0,7,2326,0,0,0,15598,0,0
9,35095103,rs201813691,C,T,gnomAD Exomes,PASS,NA,p.Ala154Thr,p.Ala154Thr,c.460G>A,missense_variant,,3,101324,2.96079902096246E-05,0,0,0,6430,0,0,0,16416,0,0,2,1966,0,0,0,8440,0,0,0,12666,0,0,0,38850,0,0,0,1758,0,0,1,14798,0,0
9,35095112,rs1229716525,T,C,gnomAD Exomes,PASS,NA,p.Ser151Gly,p.Ser151Gly,c.451A>G,missense_variant,,1,109260,9.15248032216731E-06,0,0,0,7164,0,0,1,17094,0,0,0,2294,0,0,0,9046,0,0,0,13376,0,0,0,42710,0,0,0,1914,0,0,0,15662,0,0
9,35095115,rs774734630,C,T,gnomAD Exomes,PASS,NA,p.Gly150Ser,p.Gly150Ser,c.448G>A,missense_variant,,11,109248,0.000100688342121,0,0,0,7164,0,0,11,17096,0,0,0,2298,0,0,0,9046,0,0,0,13374,0,0,0,42700,0,0,0,1912,0,0,0,15658,0,0
9,35095136,rs897374216,G,C,gnomAD Exomes,PASS,NA,p.Leu143Val,p.Leu143Val,c.427C>G,missense_variant,,1,109404,9.14043362217103E-06,0,0,0,7164,0,0,0,17112,0,0,0,2320,0,0,0,9046,0,0,0,13392,0,0,0,42766,0,0,0,1914,0,0,1,15690,0,0
9,35095163,rs561715009,G,C,gnomAD Exomes,PASS,NA,p.Arg134Gly,p.Arg134Gly,c.400C>G,missense_variant,,1,109408,9.14009944428195E-06,0,0,0,7164,0,0,0,17112,0,0,0,2320,0,0,0,9046,0,0,0,13394,0,0,1,42768,0,0,0,1914,0,0,0,15690,0,0
9,35095163,rs561715009,G,A,gnomAD Exomes,PASS,NA,p.Arg134Cys,p.Arg134Cys,c.400C>T,missense_variant,,3,109408,2.74202983328459E-05,0,0,0,7164,0,0,0,17112,0,0,0,2320,0,0,0,9046,0,0,0,13394,0,0,0,42768,0,0,0,1914,0,0,3,15690,0,0
9,35095169,rs772678647,T,C,gnomAD Exomes,PASS,NA,p.Met132Val,p.Met132Val,c.394A>G,missense_variant,,6,109404,5.48426017330262E-05,0,0,0,7164,0,0,1,17112,0,0,0,2320,0,0,0,9046,0,0,0,13392,0,0,5,42766,0,0,0,1914,0,0,0,15690,0,0
9,35095178,rs1400441431,T,C,gnomAD Exomes,PASS,NA,p.Thr129Ala,p.Thr129Ala,c.385A>G,missense_variant,,1,109404,9.14043362217103E-06,0,0,0,7164,0,0,0,17112,0,0,0,2320,0,0,0,9046,0,0,0,13394,0,0,1,42764,0,0,0,1914,0,0,0,15690,0,0
9,35095183,rs759263626,G,C,gnomAD Exomes,PASS,NA,p.Pro127Arg,p.Pro127Arg,c.380C>G,missense_variant,,2,109406,1.8280533060344E-05,0,0,0,7164,0,0,0,17112,0,0,0,2320,0,0,0,9046,0,0,0,13394,0,0,2,42766,0,0,0,1914,0,0,0,15690,0,0
9,35095196,rs1381316015,A,C,gnomAD Exomes,PASS,NA,p.Ser123Ala,p.Ser123Ala,c.367T>G,missense_variant,,1,109406,9.14026653017202E-06,0,0,0,7162,0,0,0,17112,0,0,0,2320,0,0,0,9046,0,0,0,13394,0,0,1,42768,0,0,0,1914,0,0,0,15690,0,0
9,35095198,rs756043994,C,T,"gnomAD Exomes,gnomAD Genomes",PASS,PASS,p.Arg122Gln,p.Arg122Gln,c.365G>A,missense_variant,,4,120262,3.32607141075319E-05,0,0,0,9734,0,0,3,17358,0,0,0,2358,0,0,0,9960,0,0,0,14550,0,0,1,48274,0,0,0,2338,0,0,0,15690,0,0
9,35095199,rs375682284,G,A,"gnomAD Exomes,gnomAD Genomes",PASS,PASS,p.Arg122Ter,p.Arg122Ter,c.364C>T,stop_gained,,5,120272,4.15724358121591E-05,0,0,1,9736,0,0,1,17358,0,0,0,2358,0,0,0,9960,0,0,0,14550,0,0,3,48282,0,0,0,2338,0,0,0,15690,0,0
9,35095207,rs753918558,C,T,gnomAD Exomes,PASS,NA,p.Arg119Gln,p.Arg119Gln,c.356G>A,missense_variant,,2,109406,1.8280533060344E-05,0,0,0,7162,0,0,0,17112,0,0,0,2320,0,0,2,9046,0,0,0,13394,0,0,0,42768,0,0,0,1914,0,0,0,15690,0,0
9,35095210,rs779208333,G,A,gnomAD Exomes,PASS,NA,p.Ala118Val,p.Ala118Val,c.353C>T,missense_variant,,1,109400,9.14076782449726E-06,0,0,0,7164,0,0,0,17112,0,0,0,2320,0,0,0,9046,0,0,0,13390,0,0,0,42764,0,0,1,1914,0,0,0,15690,0,0
9,35095213,rs1458224216,T,C,gnomAD Exomes,PASS,NA,p.His117Arg,p.His117Arg,c.350A>G,missense_variant,,1,109404,9.14043362217103E-06,0,0,0,7164,0,0,0,17112,0,0,0,2320,0,0,0,9046,0,0,0,13394,0,0,1,42764,0,0,0,1914,0,0,0,15690,0,0
9,35095221,rs1470054515,C,A,gnomAD Exomes,PASS,NA,p.Gln114His,p.Gln114His,c.342G>T,missense_variant,,1,109400,9.14076782449726E-06,0,0,0,7164,0,0,1,17112,0,0,0,2320,0,0,0,9046,0,0,0,13394,0,0,0,42760,0,0,0,1914,0,0,0,15690,0,0
9,35095224,rs370330559,A,C,gnomAD Exomes,PASS,NA,p.Ile113Met,p.Ile113Met,c.339T>G,missense_variant,,3,109404,2.74213008665131E-05,0,0,0,7164,0,0,0,17112,0,0,0,2320,0,0,0,9046,0,0,0,13394,0,0,3,42764,0,0,0,1914,0,0,0,15690,0,0
9,35095227,rs747374026,C,A,gnomAD Exomes,PASS,NA,p.Glu112Asp,p.Glu112Asp,c.336G>T,missense_variant,,1,109402,9.14060072027934E-06,0,0,0,7164,0,0,0,17112,0,0,0,2320,0,0,1,9046,0,0,0,13394,0,0,0,42762,0,0,0,1914,0,0,0,15690,0,0
9,35095238,rs144631345,T,A,gnomAD Exomes,PASS,NA,p.Arg109Trp,p.Arg109Trp,c.325A>T,missense_variant,,2,109404,1.82808672443421E-05,0,0,0,7164,0,0,0,17112,0,0,0,2320,0,0,0,9046,0,0,0,13394,0,0,2,42764,0,0,0,1914,0,0,0,15690,0,0
9,35095239,rs773937388,C,A,gnomAD Exomes,PASS,NA,p.Gln108His,p.Gln108His,c.324G>T,missense_variant,,2,109404,1.82808672443421E-05,0,0,0,7164,0,0,2,17112,0,0,0,2320,0,0,0,9046,0,0,0,13394,0,0,0,42764,0,0,0,1914,0,0,0,15690,0,0
9,35095241,rs759217806,G,A,gnomAD Exomes,PASS,NA,p.Gln108Ter,p.Gln108Ter,c.322C>T,stop_gained,,1,109400,9.14076782449726E-06,0,0,0,7164,0,0,0,17112,0,0,0,2320,0,0,0,9046,0,0,0,13392,0,0,1,42762,0,0,0,1914,0,0,0,15690,0,0
9,35095246,rs1346782397,G,A,gnomAD Exomes,PASS,NA,p.Ser106Phe,p.Ser106Phe,c.317C>T,missense_variant,,1,109402,9.14060072027934E-06,0,0,0,7164,0,0,1,17112,0,0,0,2320,0,0,0,9046,0,0,0,13392,0,0,0,42764,0,0,0,1914,0,0,0,15690,0,0
9,35095252,rs900412006,A,G,gnomAD Exomes,PASS,NA,p.Leu104Pro,p.Leu104Pro,c.311T>C,missense_variant,,1,109402,9.14060072027934E-06,0,0,0,7164,0,0,0,17112,0,0,0,2320,0,0,0,9046,0,0,0,13392,0,0,1,42764,0,0,0,1914,0,0,0,15690,0,0
9,35095261,rs527285898,A,G,gnomAD Exomes,PASS,NA,p.Leu101Pro,p.Leu101Pro,c.302T>C,missense_variant,,1,109404,9.14043362217103E-06,0,0,0,7164,0,0,0,17112,0,0,0,2320,0,0,1,9046,0,0,0,13392,0,0,0,42766,0,0,0,1914,0,0,0,15690,0,0
9,35095268,rs1477214866,G,A,gnomAD Exomes,PASS,NA,p.Pro99Ser,p.Pro99Ser,c.295C>T,missense_variant,,1,109406,9.14026653017202E-06,0,0,0,7164,0,0,0,17112,0,0,0,2320,0,0,0,9046,0,0,0,13394,0,0,0,42766,0,0,0,1914,0,0,1,15690,0,0
9,35095280,rs753828709,G,A,gnomAD Exomes,PASS,NA,p.Pro95Ser,p.Pro95Ser,c.283C>T,missense_variant,,3,109408,2.74202983328459E-05,0,0,0,7164,0,0,3,17112,0,0,0,2320,0,0,0,9046,0,0,0,13394,0,0,0,42768,0,0,0,1914,0,0,0,15690,0,0
9,35095289,rs1172450552,T,C,gnomAD Exomes,PASS,NA,p.Arg92Gly,p.Arg92Gly,c.274A>G,missense_variant,,1,109408,9.14009944428195E-06,0,0,0,7164,0,0,0,17112,0,0,0,2320,0,0,0,9046,0,0,0,13394,0,0,1,42768,0,0,0,1914,0,0,0,15690,0,0
9,35095295,rs142276590,C,T,gnomAD Exomes,PASS,NA,p.Val90Met,p.Val90Met,c.268G>A,missense_variant,,7,109408,6.39806961099737E-05,0,0,3,7164,0,0,0,17112,0,0,0,2320,0,0,0,9046,0,0,0,13394,0,0,3,42768,0,0,0,1914,0,0,1,15690,0,0
9,35095296,rs781454559,G,C,gnomAD Exomes,PASS,NA,p.His89Gln,p.His89Gln,c.267C>G,missense_variant,,2,109408,1.82801988885639E-05,0,0,0,7164,0,0,0,17112,0,0,0,2320,0,0,0,9046,0,0,0,13394,0,0,0,42768,0,0,0,1914,0,0,2,15690,0,0
9,35095306,rs112670103,T,C,gnomAD Exomes,PASS,NA,p.Gln86Arg,p.Gln86Arg,c.257A>G,missense_variant,,7,109406,6.39818657112041E-05,0,0,1,7164,0,0,0,17112,0,0,0,2320,0,0,0,9046,0,0,0,13394,0,0,6,42766,0,0,0,1914,0,0,0,15690,0,0
9,35095310,rs745754359,G,C,gnomAD Exomes,PASS,NA,p.Pro85Ala,p.Pro85Ala,c.253C>G,missense_variant,,1,109406,9.14026653017202E-06,0,0,0,7164,0,0,1,17112,0,0,0,2320,0,0,0,9046,0,0,0,13394,0,0,0,42766,0,0,0,1914,0,0,0,15690,0,0
9,35095310,rs745754359,G,T,"gnomAD Exomes,gnomAD Genomes",PASS,PASS,p.Pro85Thr,p.Pro85Thr,c.253C>A,missense_variant,,22,120274,0.000182915675873,0,0,2,9736,0,0,12,17358,0,0,0,2358,0,0,0,9960,0,0,0,14556,0,0,8,48280,0,0,0,2336,0,0,0,15690,0,0
9,35095319,rs770347138,A,C,gnomAD Exomes,PASS,NA,p.Phe82Val,p.Phe82Val,c.244T>G,missense_variant,,1,109406,9.14026653017202E-06,0,0,1,7164,0,0,0,17112,0,0,0,2320,0,0,0,9046,0,0,0,13394,0,0,0,42766,0,0,0,1914,0,0,0,15690,0,0
9,35095327,rs759013444,C,T,gnomAD Exomes,PASS,NA,p.Arg79Gln,p.Arg79Gln,c.236G>A,missense_variant,,1,109406,9.14026653017202E-06,0,0,0,7164,0,0,0,17112,0,0,0,2320,0,0,1,9046,0,0,0,13394,0,0,0,42766,0,0,0,1914,0,0,0,15690,0,0
9,35095334,rs771701720,C,G,gnomAD Exomes,PASS,NA,p.Ala77Pro,p.Ala77Pro,c.229G>C,missense_variant,,1,109404,9.14043362217103E-06,0,0,0,7164,0,0,0,17112,0,0,0,2320,0,0,0,9046,0,0,0,13392,0,0,1,42766,0,0,0,1914,0,0,0,15690,0,0
9,35095346,rs371057978,C,A,gnomAD Exomes,PASS,NA,p.Val73Leu,p.Val73Leu,c.217G>T,missense_variant,,0,109400,0,0,0,0,7164,0,0,0,17112,0,0,0,2318,0,0,0,9046,0,0,0,13392,0,0,0,42766,0,0,0,1912,0,0,0,15690,0,0
9,35095357,rs1479047885,C,T,gnomAD Exomes,PASS,NA,p.Arg69Gln,p.Arg69Gln,c.206G>A,missense_variant,,2,109392,1.82828726049437E-05,0,0,0,7164,0,0,2,17112,0,0,0,2320,0,0,0,9046,0,0,0,13386,0,0,0,42762,0,0,0,1912,0,0,0,15690,0,0
9,35095366,rs760449559,C,T,gnomAD Exomes,PASS,NA,p.Arg66Gln,p.Arg66Gln,c.197G>A,missense_variant,,1,109382,9.14227203744674E-06,0,0,0,7164,0,0,0,17112,0,0,0,2320,0,0,1,9046,0,0,0,13374,0,0,0,42762,0,0,0,1914,0,0,0,15690,0,0
9,35095367,rs763992668,G,C,gnomAD Exomes,PASS,NA,p.Arg66Gly,p.Arg66Gly,c.196C>G,missense_variant,,1,109378,9.14260637422516E-06,0,0,0,7164,0,0,1,17112,0,0,0,2320,0,0,0,9044,0,0,0,13376,0,0,0,42758,0,0,0,1914,0,0,0,15690,0,0
9,35095367,rs763992668,G,A,gnomAD Exomes,PASS,NA,p.Arg66Ter,p.Arg66Ter,c.196C>T,stop_gained,,1,109378,9.14260637422516E-06,0,0,0,7164,0,0,0,17112,0,0,0,2320,0,0,0,9044,0,0,0,13376,0,0,0,42758,0,0,0,1914,0,0,1,15690,0,0
9,35095385,rs1419647079,C,T,gnomAD Genomes,NA,PASS,p.Ala60Thr,p.Ala60Thr,c.178G>A,missense_variant,,1,10866,9.20301859009755E-05,0,0,1,2574,0,0,0,246,0,0,0,38,0,0,0,916,0,0,0,1162,0,0,0,5508,0,0,0,422,0,0,0,0,0,0
9,35095399,rs761836839,T,G,gnomAD Exomes,PASS,NA,p.Gln55Pro,p.Gln55Pro,c.164A>C,missense_variant,,1,109292,9.14980053434835E-06,0,0,0,7160,0,0,0,17102,0,0,0,2320,0,0,0,9036,0,0,0,13350,0,0,0,42722,0,0,0,1912,0,0,1,15690,0,0
9,35095401,rs765304857,G,T,gnomAD Exomes,PASS,NA,p.Ser54Arg,p.Ser54Arg,c.162C>A,missense_variant,,2,109252,1.83063010288141E-05,0,0,0,7154,0,0,0,17102,0,0,0,2320,0,0,0,9036,0,0,2,13332,0,0,0,42706,0,0,0,1912,0,0,0,15690,0,0
9,35095405,rs750495026,C,T,gnomAD Exomes,PASS,NA,p.Gly53Glu,p.Gly53Glu,c.158G>A,missense_variant,,4,109202,3.66293657625318E-05,0,0,0,7148,0,0,4,17100,0,0,0,2320,0,0,0,9026,0,0,0,13318,0,0,0,42694,0,0,0,1912,0,0,0,15684,0,0
9,35095420,rs1301885248,C,A,gnomAD Exomes,PASS,NA,p.Gly48Val,p.Gly48Val,c.143G>T,missense_variant,,1,109124,9.16388695429053E-06,0,0,0,7144,0,0,0,17098,0,0,0,2314,0,0,1,9020,0,0,0,13312,0,0,0,42640,0,0,0,1908,0,0,0,15688,0,0
9,35095427,rs1287376106,C,CT,gnomAD Exomes,PASS,NA,p.Gly46ArgfsTer36,p.Gly46ArgfsTer36,c.135dupA,frameshift_variant,,1,109094,9.16640695180303E-06,0,0,0,7134,0,0,0,17098,0,0,0,2318,0,0,0,9016,0,0,0,13308,0,0,1,42624,0,0,0,1912,0,0,0,15684,0,0
9,35095438,rs564221991,T,G,gnomAD Exomes,PASS,NA,p.Gln42Pro,p.Gln42Pro,c.125A>C,missense_variant,,1,108964,9.17734297566169E-06,0,0,0,7108,0,0,0,17078,0,0,0,2312,0,0,0,9006,0,0,0,13266,0,0,1,42600,0,0,0,1908,0,0,0,15686,0,0
9,35095444,rs748583274,C,T,gnomAD Exomes,PASS,NA,p.Ser40Asn,p.Ser40Asn,c.119G>A,missense_variant,,2,108862,1.83718836692326E-05,0,0,0,7086,0,0,0,17072,0,0,0,2314,0,0,2,9004,0,0,0,13244,0,0,0,42560,0,0,0,1900,0,0,0,15682,0,0
9,35095459,rs549593533,A,T,gnomAD Exomes,PASS,NA,p.Leu35His,p.Leu35His,c.104T>A,missense_variant,mnv,1,108592,9.20878149403271E-06,0,0,0,7044,0,0,0,17046,0,0,0,2298,0,0,1,9002,0,0,0,13190,0,0,0,42448,0,0,0,1896,0,0,0,15668,0,0
9,35095468,rs550039576,C,T,gnomAD Exomes,PASS,NA,p.Arg32His,p.Arg32His,c.95G>A,missense_variant,,1,108396,9.22543267279235E-06,0,0,0,7010,0,0,0,17010,0,0,0,2290,0,0,0,9000,0,0,0,13138,0,0,1,42396,0,0,0,1894,0,0,0,15658,0,0
9,35095469,rs1057180311,G,A,gnomAD Exomes,PASS,NA,p.Arg32Cys,p.Arg32Cys,c.94C>T,missense_variant,,1,108420,9.22339051835455E-06,0,0,0,7018,0,0,0,17018,0,0,0,2294,0,0,0,8986,0,0,0,13138,0,0,0,42420,0,0,0,1886,0,0,1,15660,0,0
9,35095496,rs1396810510,G,C,gnomAD Exomes,PASS,NA,p.Leu23Val,p.Leu23Val,c.67C>G,missense_variant,,1,108062,9.25394680831374E-06,0,0,0,7076,0,0,1,16926,0,0,0,2278,0,0,0,8994,0,0,0,12994,0,0,0,42318,0,0,0,1884,0,0,0,15592,0,0
9,35095499,rs368371015,C,T,gnomAD Exomes,PASS,NA,p.Ala22Thr,p.Ala22Thr,c.64G>A,missense_variant,,1,107726,9.28281009227113E-06,0,0,0,7056,0,0,0,16922,0,0,0,2258,0,0,0,8978,0,0,0,12934,0,0,1,42150,0,0,0,1884,0,0,0,15544,0,0
9,35095499,rs368371015,C,A,gnomAD Exomes,PASS,NA,p.Ala22Ser,p.Ala22Ser,c.64G>T,missense_variant,,1,107726,9.28281009227113E-06,0,0,0,7056,0,0,0,16922,0,0,0,2258,0,0,0,8978,0,0,0,12934,0,0,1,42150,0,0,0,1884,0,0,0,15544,0,0
9,35095508,rs765218861,C,A,gnomAD Exomes,PASS,NA,p.Ala19Ser,p.Ala19Ser,c.55G>T,missense_variant,,3,106624,2.81362545018007E-05,0,0,0,7028,0,0,0,16732,0,0,0,2196,0,0,0,8952,0,0,0,12766,0,0,3,41710,0,0,0,1874,0,0,0,15366,0,0
9,35095508,rs765218861,C,T,gnomAD Exomes,PASS,NA,p.Ala19Thr,p.Ala19Thr,c.55G>A,missense_variant,,1,106624,9.37875150060024E-06,0,0,0,7028,0,0,0,16732,0,0,0,2196,0,0,0,8952,0,0,0,12766,0,0,1,41710,0,0,0,1874,0,0,0,15366,0,0
9,35095517,rs763025240,G,C,gnomAD Exomes,PASS,NA,p.Leu16Val,p.Leu16Val,c.46C>G,missense_variant,,1,105680,9.46252838758516E-06,0,0,0,7028,0,0,0,16636,0,0,0,2140,0,0,0,8946,0,0,0,12592,0,0,0,41304,0,0,0,1840,0,0,1,15194,0,0
9,35095527,rs766384490,C,T,gnomAD Exomes,PASS,NA,p.Trp12Ter,p.Trp12Ter,c.36G>A,stop_gained,,2,102770,1.94609321786514E-05,0,0,0,6948,0,0,2,16302,0,0,0,1974,0,0,0,8910,0,0,0,12218,0,0,0,40112,0,0,0,1784,0,0,0,14522,0,0
9,35095528,rs1459552068,C,G,gnomAD Exomes,PASS,NA,p.Trp12Ser,p.Trp12Ser,c.35G>C,missense_variant,,1,102546,9.75172117878805E-06,0,0,0,6952,0,0,0,16248,0,0,0,1970,0,0,0,8916,0,0,0,12188,0,0,0,40032,0,0,0,1768,0,0,1,14472,0,0
9,35095529,rs779967894,A,G,gnomAD Exomes,PASS,NA,p.Trp12Arg,p.Trp12Arg,c.34T>C,missense_variant,,0,101792,0,0,0,0,6924,0,0,0,16074,0,0,0,1926,0,0,0,8914,0,0,0,12096,0,0,0,39788,0,0,0,1764,0,0,0,14306,0,0
9,35095532,rs147710717,C,A,gnomAD Exomes,PASS,NA,p.Ala11Ser,p.Ala11Ser,c.31G>T,missense_variant,,0,100220,0,0,0,0,6906,0,0,0,15972,0,0,0,1860,0,0,0,8882,0,0,0,11854,0,0,0,39084,0,0,0,1742,0,0,0,13920,0,0
9,35095540,rs755191263,A,G,gnomAD Exomes,PASS,NA,p.Leu8Pro,p.Leu8Pro,c.23T>C,missense_variant,,4,96776,4.13325617921799E-05,0,0,0,6840,0,0,0,15526,0,0,0,1710,0,0,0,8844,0,0,0,11368,0,0,0,37764,0,0,0,1686,0,0,4,13038,0,0
9,35095546,rs767770355,A,G,gnomAD Exomes,PASS,NA,p.Val6Ala,p.Val6Ala,c.17T>C,missense_variant,,1,93750,1.06666666666667E-05,0,0,0,6762,0,0,1,14700,0,0,0,1606,0,0,0,8810,0,0,0,11062,0,0,0,36938,0,0,0,1632,0,0,0,12240,0,0
9,35095561,rs1304751023,A,G,gnomAD Exomes,PASS,NA,p.Met1?,p.Met1?,c.2T>C,start_lost,,1,84068,1.18951325117762E-05,0,0,0,6438,0,0,0,13366,0,0,0,1326,0,0,1,8552,0,0,0,9494,0,0,0,33364,0,0,0,1490,0,0,0,10038,0,0
