Chromosome,Position,rsID,Reference,Alternate,Source,Filters - exomes,Filters - genomes,Consequence,Protein Consequence,Transcript Consequence,Annotation,Flags,Allele Count,Allele Number,Allele Frequency,Homozygote Count,Hemizygote Count,Allele Count African,Allele Number African,Homozygote Count African,Hemizygote Count African,Allele Count Latino,Allele Number Latino,Homozygote Count Latino,Hemizygote Count Latino,Allele Count Ashkenazi Jewish,Allele Number Ashkenazi Jewish,Homozygote Count Ashkenazi Jewish,Hemizygote Count Ashkenazi Jewish,Allele Count East Asian,Allele Number East Asian,Homozygote Count East Asian,Hemizygote Count East Asian,Allele Count European (Finnish),Allele Number European (Finnish),Homozygote Count European (Finnish),Hemizygote Count European (Finnish),Allele Count European (non-Finnish),Allele Number European (non-Finnish),Homozygote Count European (non-Finnish),Hemizygote Count European (non-Finnish),Allele Count Other,Allele Number Other,Homozygote Count Other,Hemizygote Count Other,Allele Count South Asian,Allele Number South Asian,Homozygote Count South Asian,Hemizygote Count South Asian
13,52586564,rs201560109,G,A,"gnomAD Exomes,gnomAD Genomes",PASS,PASS,p.Gly4Ser,p.Gly4Ser,c.10G>A,missense_variant,,26,120246,0.000216223408679,0,0,0,9732,0,0,0,17354,0,0,7,2358,0,0,0,9962,0,0,10,14544,0,0,9,48268,0,0,0,2338,0,0,0,15690,0,0
13,52586567,rs1254512275,G,T,gnomAD Exomes,PASS,NA,p.Glu5Ter,p.Glu5Ter,c.13G>T,stop_gained,,1,109374,9.14294073545815E-06,0,0,0,7160,0,0,0,17110,0,0,0,2320,0,0,0,9046,0,0,1,13384,0,0,0,42750,0,0,0,1914,0,0,0,15690,0,0
13,52586573,rs777574309,A,G,gnomAD Exomes,PASS,NA,p.Ser7Gly,p.Ser7Gly,c.19A>G,missense_variant,,4,109350,3.65797896662094E-05,0,0,0,7160,0,0,0,17106,0,0,0,2320,0,0,0,9046,0,0,0,13388,0,0,4,42740,0,0,0,1914,0,0,0,15676,0,0
13,52586575,rs746897177,C,G,gnomAD Exomes,PASS,NA,p.Ser7Arg,p.Ser7Arg,c.21C>G,missense_variant,,8,109336,7.31689470988512E-05,0,0,0,7156,0,0,0,17106,0,0,0,2320,0,0,0,9046,0,0,0,13384,0,0,0,42734,0,0,0,1914,0,0,8,15676,0,0
13,52586576,rs1437947007,T,C,gnomAD Exomes,PASS,NA,p.Trp8Arg,p.Trp8Arg,c.22T>C,missense_variant,,2,109342,1.82912330120173E-05,0,0,0,7160,0,0,0,17106,0,0,0,2316,0,0,0,9044,0,0,0,13390,0,0,2,42734,0,0,0,1914,0,0,0,15678,0,0
13,52586577,rs146100028,G,C,gnomAD Exomes,PASS,NA,p.Trp8Ser,p.Trp8Ser,c.23G>C,missense_variant,,4,109356,3.65777826548155E-05,0,0,0,7158,0,0,0,17104,0,0,0,2320,0,0,0,9044,0,0,0,13390,0,0,4,42736,0,0,0,1914,0,0,0,15690,0,0
13,52586579,rs745374334,T,A,"gnomAD Exomes,gnomAD Genomes",PASS,PASS,p.Cys9Ser,p.Cys9Ser,c.25T>A,missense_variant,,3,120208,2.49567416478105E-05,0,0,0,9722,0,0,0,17348,0,0,0,2356,0,0,0,9960,0,0,0,14552,0,0,3,48248,0,0,0,2338,0,0,0,15684,0,0
13,52586580,rs200041400,G,A,"gnomAD Exomes,gnomAD Genomes",PASS,PASS,p.Cys9Tyr,p.Cys9Tyr,c.26G>A,missense_variant,,15,120218,0.000124773328453,0,0,1,9722,0,0,2,17352,0,0,0,2356,0,0,6,9962,0,0,1,14550,0,0,4,48252,0,0,0,2338,0,0,1,15686,0,0
13,52586580,rs200041400,G,C,gnomAD Genomes,NA,PASS,p.Cys9Ser,p.Cys9Ser,c.26G>C,missense_variant,,1,10868,9.20132499079868E-05,0,0,0,2566,0,0,0,246,0,0,0,38,0,0,0,916,0,0,0,1162,0,0,1,5516,0,0,0,424,0,0,0,0,0,0
13,52586580,rs200041400,G,T,gnomAD Exomes,PASS,NA,p.Cys9Phe,p.Cys9Phe,c.26G>T,missense_variant,,10,109350,9.14494741655236E-05,0,0,1,7156,0,0,0,17106,0,0,0,2318,0,0,2,9046,0,0,0,13388,0,0,3,42736,0,0,0,1914,0,0,4,15686,0,0
13,52586581,rs748982784,C,A,gnomAD Exomes,PASS,NA,p.Cys9Ter,p.Cys9Ter,c.27C>A,stop_gained,,2,109344,1.82908984489318E-05,0,0,0,7152,0,0,2,17106,0,0,0,2318,0,0,0,9046,0,0,0,13386,0,0,0,42736,0,0,0,1914,0,0,0,15686,0,0
13,52586581,rs748982784,C,G,"gnomAD Exomes,gnomAD Genomes",PASS,PASS,p.Cys9Trp,p.Cys9Trp,c.27C>G,missense_variant,,6,120210,4.99126528574994E-05,0,0,0,9718,0,0,0,17352,0,0,0,2356,0,0,6,9960,0,0,0,14548,0,0,0,48252,0,0,0,2338,0,0,0,15686,0,0
13,52586582,rs761198692,C,A,"gnomAD Exomes,gnomAD Genomes",PASS,PASS,p.Leu10Met,p.Leu10Met,c.28C>A,missense_variant,,4,120202,3.3277316517196E-05,0,0,0,9714,0,0,0,17354,0,0,0,2356,0,0,0,9956,0,0,0,14550,0,0,4,48248,0,0,0,2336,0,0,0,15688,0,0
13,52586583,rs1329506561,T,G,gnomAD Exomes,PASS,NA,p.Leu10Arg,p.Leu10Arg,c.29T>G,missense_variant,,1,109342,9.14561650600867E-06,0,0,0,7150,0,0,1,17106,0,0,0,2318,0,0,0,9044,0,0,0,13392,0,0,0,42730,0,0,0,1914,0,0,0,15688,0,0
13,52586585,rs1444016944,T,C,gnomAD Exomes,PASS,NA,p.Cys11Arg,p.Cys11Arg,c.31T>C,missense_variant,,1,109336,9.1461183873564E-06,0,0,0,7152,0,0,0,17104,0,0,0,2318,0,0,0,9040,0,0,0,13394,0,0,1,42728,0,0,0,1912,0,0,0,15688,0,0
13,52586598,rs139798579,G,C,gnomAD Exomes,PASS,NA,p.Arg15Thr,p.Arg15Thr,c.44G>C,missense_variant,,5,109316,4.57389586153902E-05,0,0,0,7146,0,0,0,17104,0,0,0,2318,0,0,0,9046,0,0,0,13384,0,0,5,42716,0,0,0,1912,0,0,0,15690,0,0
13,52593047,rs376678620,A,T,gnomAD Exomes,PASS,NA,c.45-2A>T,,c.45-2A>T,splice_acceptor_variant,,1,109364,9.14377674554698E-06,0,0,0,7162,0,0,0,17100,0,0,0,2318,0,0,0,9046,0,0,0,13388,0,0,1,42750,0,0,0,1914,0,0,0,15686,0,0
13,52593056,rs367842185,T,A,gnomAD Exomes,PASS,NA,p.Tyr18Asn,p.Tyr18Asn,c.52T>A,missense_variant,,3,109390,2.74248103117287E-05,0,0,2,7162,0,0,1,17104,0,0,0,2320,0,0,0,9046,0,0,0,13392,0,0,0,42762,0,0,0,1914,0,0,0,15690,0,0
13,52593087,rs985699496,G,A,gnomAD Exomes,PASS,NA,p.Cys28Tyr,p.Cys28Tyr,c.83G>A,missense_variant,,1,109406,9.14026653017202E-06,0,0,0,7164,0,0,0,17110,0,0,0,2320,0,0,0,9046,0,0,0,13394,0,0,0,42768,0,0,1,1914,0,0,0,15690,0,0
13,52593096,rs763004116,T,C,gnomAD Exomes,PASS,NA,p.Leu31Ser,p.Leu31Ser,c.92T>C,missense_variant,,1,109406,9.14026653017202E-06,0,0,0,7164,0,0,0,17112,0,0,0,2320,0,0,0,9046,0,0,0,13392,0,0,0,42768,0,0,0,1914,0,0,1,15690,0,0
13,52593105,rs774520716,G,A,"gnomAD Exomes,gnomAD Genomes",PASS,PASS,p.Cys34Tyr,p.Cys34Tyr,c.101G>A,missense_variant,,4,120258,3.32618204194316E-05,0,0,0,9726,0,0,0,17358,0,0,0,2358,0,0,0,9962,0,0,0,14554,0,0,4,48272,0,0,0,2338,0,0,0,15690,0,0
13,52593105,rs774520716,G,C,gnomAD Exomes,PASS,NA,p.Cys34Ser,p.Cys34Ser,c.101G>C,missense_variant,,3,109406,2.74207995905161E-05,0,0,0,7162,0,0,0,17112,0,0,0,2320,0,0,1,9046,0,0,0,13394,0,0,0,42768,0,0,0,1914,0,0,2,15690,0,0
13,52593114,rs760586914,T,C,gnomAD Genomes,NA,PASS,p.Ile37Thr,p.Ile37Thr,c.110T>C,missense_variant,,1,10876,9.19455682236116E-05,0,0,0,2570,0,0,0,246,0,0,0,38,0,0,0,916,0,0,0,1162,0,0,1,5522,0,0,0,422,0,0,0,0,0,0
13,52593128,rs201067230,A,G,gnomAD Exomes,PASS,NA,p.Ile42Val,p.Ile42Val,c.124A>G,missense_variant,,12,109408,0.000109681193331,0,0,0,7164,0,0,0,17112,0,0,0,2320,0,0,12,9046,0,0,0,13394,0,0,0,42768,0,0,0,1914,0,0,0,15690,0,0
13,52593135,rs752342899,T,G,"gnomAD Exomes,gnomAD Genomes",PASS,PASS,p.Leu44Arg,p.Leu44Arg,c.131T>G,missense_variant,,2,120276,1.6628421297682E-05,0,0,0,9734,0,0,0,17358,0,0,0,2358,0,0,2,9962,0,0,0,14552,0,0,0,48284,0,0,0,2338,0,0,0,15690,0,0
13,52593158,rs746211021,T,A,gnomAD Exomes,PASS,NA,p.Leu52Ile,p.Leu52Ile,c.154T>A,missense_variant,,2,109406,1.8280533060344E-05,0,0,0,7164,0,0,0,17110,0,0,0,2320,0,0,0,9046,0,0,2,13394,0,0,0,42768,0,0,0,1914,0,0,0,15690,0,0
13,52593159,rs1008077897,T,A,gnomAD Exomes,PASS,NA,p.Leu52Ter,p.Leu52Ter,c.155T>A,stop_gained,,1,109406,9.14026653017202E-06,0,0,0,7164,0,0,1,17110,0,0,0,2320,0,0,0,9046,0,0,0,13394,0,0,0,42768,0,0,0,1914,0,0,0,15690,0,0
13,52593167,rs780511628,A,G,gnomAD Exomes,PASS,NA,p.Thr55Ala,p.Thr55Ala,c.163A>G,missense_variant,,2,109406,1.8280533060344E-05,0,0,0,7164,0,0,0,17110,0,0,0,2320,0,0,0,9046,0,0,0,13394,0,0,1,42768,0,0,0,1914,0,0,1,15690,0,0
13,52593170,rs1351214830,A,G,gnomAD Exomes,PASS,NA,p.Ser56Gly,p.Ser56Gly,c.166A>G,missense_variant,,1,109406,9.14026653017202E-06,0,0,0,7164,0,0,0,17110,0,0,0,2320,0,0,1,9046,0,0,0,13394,0,0,0,42768,0,0,0,1914,0,0,0,15690,0,0
13,52593171,rs768676807,G,A,gnomAD Exomes,PASS,NA,p.Ser56Asn,p.Ser56Asn,c.167G>A,missense_variant,,1,109406,9.14026653017202E-06,0,0,0,7164,0,0,0,17110,0,0,0,2320,0,0,0,9046,0,0,0,13394,0,0,0,42768,0,0,0,1914,0,0,1,15690,0,0
13,52593176,rs774312060,A,C,gnomAD Exomes,PASS,NA,p.Asn58His,p.Asn58His,c.172A>C,missense_variant,,1,109406,9.14026653017202E-06,0,0,0,7164,0,0,0,17110,0,0,0,2320,0,0,0,9046,0,0,0,13394,0,0,1,42768,0,0,0,1914,0,0,0,15690,0,0
13,52593177,rs150818619,A,T,"gnomAD Exomes,gnomAD Genomes",PASS,PASS,p.Asn58Ile,p.Asn58Ile,c.173A>T,missense_variant,,121,120276,0.00100601948851,0,0,107,9734,0,0,11,17356,0,0,0,2358,0,0,0,9960,0,0,0,14556,0,0,1,48286,0,0,2,2336,0,0,0,15690,0,0
13,52593188,rs1252011005,C,T,gnomAD Exomes,PASS,NA,p.Gln62Ter,p.Gln62Ter,c.184C>T,stop_gained,,1,109402,9.14060072027934E-06,0,0,0,7164,0,0,0,17110,0,0,0,2320,0,0,0,9046,0,0,0,13390,0,0,1,42768,0,0,0,1914,0,0,0,15690,0,0
13,52593197,rs773542021,A,G,gnomAD Exomes,PASS,NA,p.Ile65Val,p.Ile65Val,c.193A>G,missense_variant,,1,109406,9.14026653017202E-06,0,0,0,7164,0,0,1,17110,0,0,0,2320,0,0,0,9046,0,0,0,13394,0,0,0,42768,0,0,0,1914,0,0,0,15690,0,0
13,52593197,rs773542021,A,T,gnomAD Exomes,PASS,NA,p.Ile65Phe,p.Ile65Phe,c.193A>T,missense_variant,,2,109406,1.8280533060344E-05,0,0,0,7164,0,0,1,17110,0,0,0,2320,0,0,0,9046,0,0,0,13394,0,0,1,42768,0,0,0,1914,0,0,0,15690,0,0
13,52593198,rs369089885,T,C,gnomAD Exomes,PASS,NA,p.Ile65Thr,p.Ile65Thr,c.194T>C,missense_variant,,1,109406,9.14026653017202E-06,0,0,0,7164,0,0,0,17110,0,0,0,2320,0,0,0,9046,0,0,0,13394,0,0,1,42768,0,0,0,1914,0,0,0,15690,0,0
13,52593208,rs1464945796,T,G,gnomAD Exomes,PASS,NA,p.Phe68Leu,p.Phe68Leu,c.204T>G,missense_variant,,1,109402,9.14060072027934E-06,0,0,0,7164,0,0,0,17110,0,0,0,2320,0,0,0,9046,0,0,1,13392,0,0,0,42768,0,0,0,1914,0,0,0,15688,0,0
13,52593209,rs1300458844,C,T,gnomAD Exomes,PASS,NA,p.His69Tyr,p.His69Tyr,c.205C>T,missense_variant,,1,109404,9.14043362217103E-06,0,0,0,7164,0,0,0,17110,0,0,0,2320,0,0,0,9046,0,0,0,13392,0,0,1,42768,0,0,0,1914,0,0,0,15690,0,0
13,52593210,rs759566818,A,G,gnomAD Exomes,PASS,NA,p.His69Arg,p.His69Arg,c.206A>G,missense_variant,,1,109406,9.14026653017202E-06,0,0,0,7164,0,0,0,17110,0,0,0,2320,0,0,0,9046,0,0,0,13394,0,0,1,42768,0,0,0,1914,0,0,0,15690,0,0
13,52593222,rs752150118,A,G,"gnomAD Exomes,gnomAD Genomes",PASS,PASS,p.Asn73Ser,p.Asn73Ser,c.218A>G,missense_variant,,6,120276,4.9885263893046E-05,0,0,0,9738,0,0,0,17352,0,0,0,2358,0,0,4,9962,0,0,0,14552,0,0,2,48286,0,0,0,2338,0,0,0,15690,0,0
13,52593228,rs1235313415,G,A,gnomAD Exomes,PASS,NA,p.Gly75Asp,p.Gly75Asp,c.224G>A,missense_variant,,1,109400,9.14076782449726E-06,0,0,0,7164,0,0,0,17104,0,0,0,2320,0,0,0,9046,0,0,0,13394,0,0,0,42768,0,0,1,1914,0,0,0,15690,0,0
13,52593239,rs1207909845,G,A,gnomAD Exomes,PASS,NA,p.Glu79Lys,p.Glu79Lys,c.235G>A,missense_variant,,1,109398,9.14093493482513E-06,0,0,0,7164,0,0,0,17102,0,0,0,2320,0,0,0,9046,0,0,0,13394,0,0,1,42768,0,0,0,1914,0,0,0,15690,0,0
13,52593252,rs763636867,G,T,gnomAD Exomes,PASS,NA,p.Trp83Leu,p.Trp83Leu,c.248G>T,missense_variant,,10,109398,9.14093493482513E-05,0,0,0,7164,0,0,0,17106,0,0,0,2320,0,0,0,9046,0,0,10,13392,0,0,0,42766,0,0,0,1914,0,0,0,15690,0,0
13,52593260,rs182350911,T,G,"gnomAD Exomes,gnomAD Genomes",PASS,PASS,p.Leu86Val,p.Leu86Val,c.256T>G,missense_variant,,21,120258,0.000174624557202,0,0,2,9738,0,0,1,17350,0,0,0,2358,0,0,0,9962,0,0,0,14548,0,0,16,48278,0,0,2,2334,0,0,0,15690,0,0
13,52593273,rs1329329946,A,G,gnomAD Exomes,PASS,NA,p.Gln90Arg,p.Gln90Arg,c.269A>G,missense_variant,,1,109384,9.14210487822716E-06,0,0,0,7164,0,0,1,17096,0,0,0,2320,0,0,0,9046,0,0,0,13392,0,0,0,42764,0,0,0,1914,0,0,0,15688,0,0
13,52593279,rs749740546,A,G,gnomAD Exomes,PASS,NA,p.Lys92Arg,p.Lys92Arg,c.275A>G,missense_variant,,0,109358,0,0,0,0,7164,0,0,0,17090,0,0,0,2320,0,0,0,9046,0,0,0,13392,0,0,0,42756,0,0,0,1914,0,0,0,15676,0,0
13,52598144,rs747168045,A,G,gnomAD Exomes,PASS,NA,p.Tyr93Cys,p.Tyr93Cys,c.278A>G,missense_variant,,1,109400,9.14076782449726E-06,0,0,0,7164,0,0,0,17110,0,0,0,2320,0,0,0,9046,0,0,0,13394,0,0,1,42764,0,0,0,1914,0,0,0,15688,0,0
13,52598147,rs771281050,C,G,gnomAD Exomes,PASS,NA,p.Pro94Arg,p.Pro94Arg,c.281C>G,missense_variant,,1,109398,9.14093493482513E-06,0,0,0,7162,0,0,0,17110,0,0,0,2320,0,0,0,9046,0,0,0,13392,0,0,1,42766,0,0,0,1914,0,0,0,15688,0,0
13,52598165,rs1192112320,T,C,gnomAD Exomes,PASS,NA,p.Val100Ala,p.Val100Ala,c.299T>C,missense_variant,,1,109398,9.14093493482513E-06,0,0,0,7164,0,0,0,17106,0,0,0,2320,0,0,0,9046,0,0,0,13392,0,0,1,42768,0,0,0,1914,0,0,0,15688,0,0
13,52598168,rs769674961,A,T,"gnomAD Exomes,gnomAD Genomes",PASS,PASS,p.Tyr101Phe,p.Tyr101Phe,c.302A>T,missense_variant,,4,120272,3.32579486497273E-05,0,0,0,9734,0,0,0,17352,0,0,0,2358,0,0,0,9962,0,0,0,14556,0,0,4,48286,0,0,0,2336,0,0,0,15688,0,0
13,52598171,rs149690619,C,T,gnomAD Exomes,PASS,NA,p.Thr102Ile,p.Thr102Ile,c.305C>T,missense_variant,,1,109398,9.14093493482513E-06,0,0,1,7164,0,0,0,17106,0,0,0,2320,0,0,0,9046,0,0,0,13392,0,0,0,42768,0,0,0,1914,0,0,0,15688,0,0
13,52598174,rs773857662,G,A,gnomAD Exomes,PASS,NA,p.Gly103Asp,p.Gly103Asp,c.308G>A,missense_variant,,1,109398,9.14093493482513E-06,0,0,1,7164,0,0,0,17106,0,0,0,2320,0,0,0,9046,0,0,0,13390,0,0,0,42768,0,0,0,1914,0,0,0,15690,0,0
13,52598176,rs761383291,G,A,gnomAD Exomes,PASS,NA,p.Asp104Asn,p.Asp104Asn,c.310G>A,missense_variant,,1,109402,9.14060072027934E-06,0,0,0,7164,0,0,0,17106,0,0,0,2320,0,0,0,9046,0,0,0,13394,0,0,1,42768,0,0,0,1914,0,0,0,15690,0,0
13,52598189,rs17480245,A,G,"gnomAD Exomes,gnomAD Genomes",PASS,PASS,p.Asn108Ser,p.Asn108Ser,c.323A>G,missense_variant,,3265,120250,0.027151767151767,221,0,57,9736,0,0,2414,17348,213,0,15,2358,0,0,3,9962,0,0,37,14556,0,0,513,48266,6,0,46,2334,0,0,180,15690,2,0
13,52598191,rs765666509,G,A,"gnomAD Exomes,gnomAD Genomes",PASS,PASS,p.Gly109Ser,p.Gly109Ser,c.325G>A,missense_variant,,3,120256,2.49467802022352E-05,0,0,0,9732,0,0,1,17348,0,0,0,2358,0,0,0,9960,0,0,0,14556,0,0,2,48276,0,0,0,2336,0,0,0,15690,0,0
13,52598207,rs777646354,A,C,gnomAD Exomes,PASS,NA,p.Glu114Ala,p.Glu114Ala,c.341A>C,missense_variant,,2,109392,1.82828726049437E-05,0,0,0,7164,0,0,0,17096,0,0,0,2320,0,0,2,9046,0,0,0,13394,0,0,0,42768,0,0,0,1914,0,0,0,15690,0,0
13,52598222,rs781540309,G,A,gnomAD Exomes,PASS,NA,p.Arg119Lys,p.Arg119Lys,c.356G>A,missense_variant,,1,109386,9.14193772512022E-06,0,0,0,7164,0,0,1,17094,0,0,0,2320,0,0,0,9046,0,0,0,13392,0,0,0,42766,0,0,0,1914,0,0,0,15690,0,0
13,52598230,rs1282929514,A,T,gnomAD Exomes,PASS,NA,p.Ile122Phe,p.Ile122Phe,c.364A>T,missense_variant,,1,109380,9.1424392027793E-06,0,0,0,7164,0,0,1,17090,0,0,0,2320,0,0,0,9046,0,0,0,13394,0,0,0,42762,0,0,0,1914,0,0,0,15690,0,0
13,52598255,rs1235779869,T,G,gnomAD Exomes,PASS,NA,p.Phe130Cys,p.Phe130Cys,c.389T>G,missense_variant,,1,109382,9.14227203744674E-06,0,0,1,7164,0,0,0,17094,0,0,0,2320,0,0,0,9046,0,0,0,13394,0,0,0,42760,0,0,0,1914,0,0,0,15690,0,0
13,52598258,rs140780888,T,A,gnomAD Exomes,PASS,NA,p.Val131Asp,p.Val131Asp,c.392T>A,missense_variant,,1,109366,9.14360953129857E-06,0,0,0,7164,0,0,0,17088,0,0,0,2318,0,0,0,9046,0,0,0,13390,0,0,1,42760,0,0,0,1912,0,0,0,15688,0,0
13,52598272,rs150101415,C,T,gnomAD Exomes,PASS,NA,p.Arg136Cys,p.Arg136Cys,c.406C>T,missense_variant,,17,109382,0.000155418624637,0,0,0,7164,0,0,5,17096,0,0,2,2316,0,0,0,9046,0,0,0,13394,0,0,6,42762,0,0,1,1914,0,0,3,15690,0,0
13,52598273,rs200166628,G,A,"gnomAD Exomes,gnomAD Genomes",PASS,PASS,p.Arg136His,p.Arg136His,c.407G>A,missense_variant,,19,120220,0.000158043586758,0,0,1,9736,0,0,0,17342,0,0,0,2350,0,0,1,9956,0,0,14,14552,0,0,3,48260,0,0,0,2334,0,0,0,15690,0,0
13,52598284,rs1404111039,G,A,gnomAD Exomes,PASS,NA,p.Glu140Lys,p.Glu140Lys,c.418G>A,missense_variant,,1,109384,9.14210487822716E-06,0,0,1,7164,0,0,0,17096,0,0,0,2314,0,0,0,9046,0,0,0,13394,0,0,0,42766,0,0,0,1914,0,0,0,15690,0,0
13,52598302,rs771610581,C,A,gnomAD Exomes,PASS,NA,p.His146Asn,p.His146Asn,c.436C>A,missense_variant,,1,109388,9.14177057812557E-06,0,0,0,7164,0,0,0,17110,0,0,0,2308,0,0,0,9046,0,0,0,13392,0,0,1,42766,0,0,0,1914,0,0,0,15688,0,0
13,52598330,rs570730579,G,A,gnomAD Exomes,PASS,NA,p.Gly155Glu,p.Gly155Glu,c.464G>A,missense_variant,,1,109404,9.14043362217103E-06,0,0,1,7164,0,0,0,17112,0,0,0,2320,0,0,0,9046,0,0,0,13390,0,0,0,42768,0,0,0,1914,0,0,0,15690,0,0
13,52598335,rs977611442,AT,A,gnomAD Exomes,PASS,NA,p.Gly160AlafsTer5,p.Gly160AlafsTer5,c.474delT,frameshift_variant,,2,109406,1.8280533060344E-05,0,0,1,7164,0,0,0,17112,0,0,0,2320,0,0,0,9046,0,0,0,13392,0,0,1,42768,0,0,0,1914,0,0,0,15690,0,0
13,52598335,rs977611442,A,G,gnomAD Exomes,PASS,NA,p.Ile157Val,p.Ile157Val,c.469A>G,missense_variant,,1,109406,9.14026653017202E-06,0,0,0,7164,0,0,0,17112,0,0,0,2320,0,0,0,9046,0,0,0,13392,0,0,0,42768,0,0,0,1914,0,0,1,15690,0,0
13,52598344,rs113691366,G,A,gnomAD Exomes,PASS,NA,p.Gly160Ser,p.Gly160Ser,c.478G>A,missense_variant,,1,109408,9.14009944428195E-06,0,0,0,7164,0,0,0,17112,0,0,0,2320,0,0,1,9046,0,0,0,13394,0,0,0,42768,0,0,0,1914,0,0,0,15690,0,0
13,52598345,rs757377924,G,T,gnomAD Exomes,PASS,NA,p.Gly160Val,p.Gly160Val,c.479G>T,missense_variant,,3,109408,2.74202983328459E-05,0,0,0,7164,0,0,0,17112,0,0,0,2320,0,0,0,9046,0,0,0,13394,0,0,3,42768,0,0,0,1914,0,0,0,15690,0,0
13,52598360,rs750618338,T,G,gnomAD Exomes,PASS,NA,p.Met165Arg,p.Met165Arg,c.494T>G,missense_variant,,1,109406,9.14026653017202E-06,0,0,0,7164,0,0,1,17112,0,0,0,2320,0,0,0,9046,0,0,0,13392,0,0,0,42768,0,0,0,1914,0,0,0,15690,0,0
13,52598363,rs756365610,A,G,"gnomAD Exomes,gnomAD Genomes",PASS,PASS,p.Gln166Arg,p.Gln166Arg,c.497A>G,missense_variant,,13,120262,0.000108097320849,0,0,0,9736,0,0,13,17358,0,0,0,2358,0,0,0,9962,0,0,0,14552,0,0,0,48268,0,0,0,2338,0,0,0,15690,0,0
13,52598366,rs1478261214,G,A,gnomAD Exomes,PASS,NA,p.Cys167Tyr,p.Cys167Tyr,c.500G>A,missense_variant,,1,109402,9.14060072027934E-06,0,0,0,7164,0,0,1,17112,0,0,0,2320,0,0,0,9046,0,0,0,13388,0,0,0,42768,0,0,0,1914,0,0,0,15690,0,0
13,52598383,rs780212123,A,C,gnomAD Exomes,PASS,NA,p.Ile173Leu,p.Ile173Leu,c.517A>C,missense_variant,,2,109400,1.82815356489945E-05,0,0,0,7164,0,0,0,17112,0,0,0,2320,0,0,0,9046,0,0,0,13386,0,0,0,42768,0,0,0,1914,0,0,2,15690,0,0
13,52598383,rs780212123,A,G,gnomAD Exomes,PASS,NA,p.Ile173Val,p.Ile173Val,c.517A>G,missense_variant,,2,109400,1.82815356489945E-05,0,0,0,7164,0,0,0,17112,0,0,0,2320,0,0,0,9046,0,0,0,13386,0,0,0,42768,0,0,0,1914,0,0,2,15690,0,0
13,52598386,rs778791585,G,C,"gnomAD Exomes,gnomAD Genomes",PASS,PASS,p.Asp174His,p.Asp174His,c.520G>C,missense_variant,,2,120258,1.66309102097158E-05,0,0,0,9736,0,0,0,17358,0,0,0,2358,0,0,0,9962,0,0,0,14548,0,0,2,48268,0,0,0,2338,0,0,0,15690,0,0
13,52598388,rs748117240,T,G,gnomAD Exomes,PASS,NA,p.Asp174Glu,p.Asp174Glu,c.522T>G,missense_variant,,5,109402,4.57030036013967E-05,0,0,0,7164,0,0,5,17112,0,0,0,2320,0,0,0,9046,0,0,0,13388,0,0,0,42768,0,0,0,1914,0,0,0,15690,0,0
13,52598390,rs771522804,C,G,gnomAD Exomes,PASS,NA,p.Ser175Ter,p.Ser175Ter,c.524C>G,stop_gained,,2,109400,1.82815356489945E-05,0,0,0,7164,0,0,0,17112,0,0,0,2320,0,0,0,9046,0,0,0,13386,0,0,2,42768,0,0,0,1914,0,0,0,15690,0,0
13,52598395,rs1398963514,G,T,gnomAD Exomes,PASS,NA,p.Gly177Ter,p.Gly177Ter,c.529G>T,stop_gained,,1,109392,9.14143630247184E-06,0,0,0,7164,0,0,1,17112,0,0,0,2320,0,0,0,9046,0,0,0,13378,0,0,0,42768,0,0,0,1914,0,0,0,15690,0,0
13,52598401,rs202195109,G,A,"gnomAD Exomes,gnomAD Genomes",PASS,PASS,p.Ala179Thr,p.Ala179Thr,c.535G>A,missense_variant,,16,120260,0.000133045069017,0,0,1,9736,0,0,11,17358,0,0,1,2358,0,0,0,9962,0,0,0,14534,0,0,1,48284,0,0,0,2338,0,0,2,15690,0,0
13,52598408,rs776203115,C,T,gnomAD Exomes,PASS,NA,p.Thr181Met,p.Thr181Met,c.542C>T,missense_variant,,1,109394,9.14126917381209E-06,0,0,0,7164,0,0,0,17112,0,0,0,2320,0,0,0,9046,0,0,0,13380,0,0,0,42768,0,0,0,1914,0,0,1,15690,0,0
13,52598423,rs1257457866,A,G,gnomAD Exomes,PASS,NA,p.Lys186Arg,p.Lys186Arg,c.557A>G,missense_variant,,1,109394,9.14126917381209E-06,0,0,0,7164,0,0,0,17112,0,0,0,2320,0,0,0,9046,0,0,0,13380,0,0,0,42768,0,0,0,1914,0,0,1,15690,0,0
13,52598430,rs552851740,A,G,"gnomAD Exomes,gnomAD Genomes",PASS,PASS,p.Ile188Met,p.Ile188Met,c.564A>G,missense_variant,,3,120260,2.49459504407118E-05,0,0,0,9736,0,0,0,17358,0,0,0,2358,0,0,3,9962,0,0,0,14530,0,0,0,48288,0,0,0,2338,0,0,0,15690,0,0
13,52598459,rs774955773,A,G,gnomAD Exomes,PASS,NA,p.His198Arg,p.His198Arg,c.593A>G,missense_variant,,1,109406,9.14026653017202E-06,0,0,0,7164,0,0,0,17112,0,0,0,2320,0,0,0,9046,0,0,0,13392,0,0,1,42768,0,0,0,1914,0,0,0,15690,0,0
13,52598467,rs767641953,A,G,gnomAD Exomes,PASS,NA,p.Thr201Ala,p.Thr201Ala,c.601A>G,missense_variant,,1,109402,9.14060072027934E-06,0,0,0,7164,0,0,1,17112,0,0,0,2320,0,0,0,9046,0,0,0,13388,0,0,0,42768,0,0,0,1914,0,0,0,15690,0,0
13,52598467,rs767641953,A,T,gnomAD Exomes,PASS,NA,p.Thr201Ser,p.Thr201Ser,c.601A>T,missense_variant,,3,109402,2.7421802160838E-05,0,0,0,7164,0,0,3,17112,0,0,0,2320,0,0,0,9046,0,0,0,13388,0,0,0,42768,0,0,0,1914,0,0,0,15690,0,0
13,52598470,rs750515209,A,G,gnomAD Exomes,PASS,NA,p.Ile202Val,p.Ile202Val,c.604A>G,missense_variant,,2,109404,1.82808672443421E-05,0,0,0,7164,0,0,1,17110,0,0,0,2320,0,0,0,9046,0,0,0,13392,0,0,0,42768,0,0,0,1914,0,0,1,15690,0,0
13,52598479,rs146283420,G,A,gnomAD Exomes,PASS,NA,p.Asp205Asn,p.Asp205Asn,c.613G>A,missense_variant,,2,109406,1.8280533060344E-05,0,0,0,7164,0,0,0,17112,0,0,0,2320,0,0,0,9046,0,0,0,13392,0,0,1,42768,0,0,0,1914,0,0,1,15690,0,0
13,52598487,rs773882179,CTCTGTAGTGAAGAATCAAAA,C,gnomAD Exomes,PASS,NA,p.Ser208TyrfsTer4,p.Ser208TyrfsTer4,c.623_642delCTGTAGTGAAGAATCAAAAT,frameshift_variant,,1,109398,9.14093493482513E-06,0,0,0,7164,0,0,0,17108,0,0,0,2320,0,0,0,9046,0,0,0,13390,0,0,1,42768,0,0,0,1914,0,0,0,15688,0,0
13,52598500,rs201671828,A,G,gnomAD Exomes,PASS,NA,p.Asn212Asp,p.Asn212Asp,c.634A>G,missense_variant,,1,109358,9.14427842498948E-06,0,0,0,7164,0,0,1,17080,0,0,0,2318,0,0,0,9046,0,0,0,13394,0,0,0,42768,0,0,0,1914,0,0,0,15674,0,0
13,52598500,rs201671828,A,T,gnomAD Exomes,PASS,NA,p.Asn212Tyr,p.Asn212Tyr,c.634A>T,missense_variant,,1,109358,9.14427842498948E-06,0,0,0,7164,0,0,0,17080,0,0,0,2318,0,0,0,9046,0,0,0,13394,0,0,1,42768,0,0,0,1914,0,0,0,15674,0,0
13,52598510,rs138107648,T,A,gnomAD Exomes,PASS,NA,p.Ile215Asn,p.Ile215Asn,c.644T>A,missense_variant,,1,109366,9.14360953129857E-06,0,0,0,7164,0,0,0,17086,0,0,0,2318,0,0,0,9046,0,0,0,13392,0,0,1,42768,0,0,0,1914,0,0,0,15678,0,0
13,52598510,rs138107648,T,C,gnomAD Exomes,PASS,NA,p.Ile215Thr,p.Ile215Thr,c.644T>C,missense_variant,,1,109366,9.14360953129857E-06,0,0,0,7164,0,0,0,17086,0,0,0,2318,0,0,1,9046,0,0,0,13392,0,0,0,42768,0,0,0,1914,0,0,0,15678,0,0
13,52598512,rs770392960,G,A,"gnomAD Exomes,gnomAD Genomes",PASS,PASS,p.Gly216Arg,p.Gly216Arg,c.646G>A,missense_variant,,2,120248,1.66322932605948E-05,0,0,0,9738,0,0,1,17334,0,0,0,2356,0,0,0,9962,0,0,0,14554,0,0,1,48284,0,0,0,2338,0,0,0,15682,0,0
13,52598519,rs776312269,A,C,gnomAD Exomes,PASS,NA,p.Asn218Thr,p.Asn218Thr,c.653A>C,missense_variant,,2,109364,1.8287553491094E-05,0,0,0,7164,0,0,2,17088,0,0,0,2318,0,0,0,9046,0,0,0,13392,0,0,0,42766,0,0,0,1914,0,0,0,15676,0,0
13,52598523,rs1235142832,T,G,gnomAD Exomes,PASS,NA,p.Asn219Lys,p.Asn219Lys,c.657T>G,missense_variant,,1,109362,9.14394396591138E-06,0,0,0,7164,0,0,0,17084,0,0,0,2320,0,0,0,9046,0,0,0,13390,0,0,1,42766,0,0,0,1914,0,0,0,15678,0,0
13,52598524,rs745536593,G,A,gnomAD Exomes,PASS,NA,p.Ala220Thr,p.Ala220Thr,c.658G>A,missense_variant,,1,109358,9.14427842498948E-06,0,0,0,7164,0,0,1,17084,0,0,0,2320,0,0,0,9046,0,0,0,13392,0,0,0,42760,0,0,0,1914,0,0,0,15678,0,0
13,52598525,rs769091080,C,T,gnomAD Exomes,PASS,NA,p.Ala220Val,p.Ala220Val,c.659C>T,missense_variant,,2,109358,1.8288556849979E-05,0,0,1,7164,0,0,1,17084,0,0,0,2318,0,0,0,9046,0,0,0,13394,0,0,0,42762,0,0,0,1914,0,0,0,15676,0,0
13,52598528,rs142637770,C,A,gnomAD Exomes,PASS,NA,p.Ala221Asp,p.Ala221Asp,c.662C>A,missense_variant,,3,109338,2.74378532623607E-05,0,0,0,7162,0,0,0,17076,0,0,0,2318,0,0,2,9046,0,0,0,13394,0,0,0,42756,0,0,0,1914,0,0,1,15672,0,0
13,52598528,rs142637770,C,G,gnomAD Exomes,PASS,NA,p.Ala221Gly,p.Ala221Gly,c.662C>G,missense_variant,,4,109338,3.65838043498143E-05,0,0,0,7162,0,0,0,17076,0,0,0,2318,0,0,0,9046,0,0,1,13394,0,0,3,42756,0,0,0,1914,0,0,0,15672,0,0
13,52598532,rs200308715,C,G,"gnomAD Exomes,gnomAD Genomes",PASS,PASS,p.Phe222Leu,p.Phe222Leu,c.666C>G,missense_variant,,8,120194,6.65590628483951E-05,0,0,0,9736,0,0,2,17316,0,0,0,2352,0,0,0,9960,0,0,0,14556,0,0,6,48266,0,0,0,2338,0,0,0,15670,0,0
13,52598588,rs575212926,C,T,gnomAD Exomes,PASS,NA,p.Ala241Val,p.Ala241Val,c.722C>T,missense_variant,,1,109330,9.14662032379036E-06,0,0,0,7162,0,0,0,17068,0,0,0,2320,0,0,0,9046,0,0,0,13394,0,0,0,42756,0,0,0,1914,0,0,1,15670,0,0
13,52598597,rs758246515,A,G,gnomAD Exomes,PASS,NA,p.Tyr244Cys,p.Tyr244Cys,c.731A>G,missense_variant,,1,109332,9.14645300552446E-06,0,0,0,7162,0,0,0,17066,0,0,0,2320,0,0,0,9046,0,0,0,13394,0,0,1,42756,0,0,0,1914,0,0,0,15674,0,0
13,52598639,rs1487238344,C,G,gnomAD Exomes,PASS,NA,p.Ser258Cys,p.Ser258Cys,c.773C>G,missense_variant,,1,109396,9.1411020512633E-06,0,0,1,7162,0,0,0,17106,0,0,0,2320,0,0,0,9046,0,0,0,13392,0,0,0,42768,0,0,0,1914,0,0,0,15688,0,0
13,52598644,rs1301367744,TGG,T,gnomAD Exomes,PASS,NA,p.Trp260TyrfsTer16,p.Trp260TyrfsTer16,c.779_780delGG,frameshift_variant,,1,109398,9.14093493482513E-06,0,0,0,7162,0,0,0,17108,0,0,0,2320,0,0,0,9046,0,0,0,13394,0,0,1,42766,0,0,0,1914,0,0,0,15688,0,0
13,52598648,rs1183555980,CACTAAACCA,C,gnomAD Exomes,PASS,NA,p.Leu262_His264del,p.Leu262_His264del,c.783_791delACTAAACCA,inframe_deletion,,1,109400,9.14076782449726E-06,0,0,0,7162,0,0,0,17108,0,0,0,2320,0,0,0,9046,0,0,0,13394,0,0,1,42768,0,0,0,1914,0,0,0,15688,0,0
13,52598657,rs191121799,A,G,gnomAD Exomes,PASS,NA,p.His264Arg,p.His264Arg,c.791A>G,missense_variant,,2,109400,1.82815356489945E-05,0,0,0,7162,0,0,2,17110,0,0,0,2320,0,0,0,9046,0,0,0,13392,0,0,0,42768,0,0,0,1914,0,0,0,15688,0,0
13,52598666,rs779912951,C,T,gnomAD Exomes,PASS,NA,p.Ser267Leu,p.Ser267Leu,c.800C>T,missense_variant,,2,109404,1.82808672443421E-05,0,0,0,7162,0,0,0,17112,0,0,0,2320,0,0,2,9046,0,0,0,13394,0,0,0,42768,0,0,0,1914,0,0,0,15688,0,0
13,52598668,rs148434423,C,A,"gnomAD Exomes,gnomAD Genomes",PASS,PASS,p.Leu268Ile,p.Leu268Ile,c.802C>A,missense_variant,,23,120276,0.000191226844923,0,0,23,9738,0,0,0,17356,0,0,0,2358,0,0,0,9962,0,0,0,14552,0,0,0,48284,0,0,0,2338,0,0,0,15688,0,0
13,52598678,rs761110534,T,C,gnomAD Exomes,PASS,NA,p.Val271Ala,p.Val271Ala,c.812T>C,missense_variant,,1,109404,9.14043362217103E-06,0,0,0,7164,0,0,0,17110,0,0,0,2320,0,0,0,9046,0,0,0,13394,0,0,0,42768,0,0,0,1914,0,0,1,15688,0,0
13,52598683,rs1303985089,A,G,gnomAD Exomes,PASS,NA,p.Asn273Asp,p.Asn273Asp,c.817A>G,missense_variant,,1,109404,9.14043362217103E-06,0,0,0,7164,0,0,0,17110,0,0,0,2320,0,0,0,9046,0,0,0,13394,0,0,0,42768,0,0,0,1914,0,0,1,15688,0,0
13,52598697,rs776577304,T,G,gnomAD Exomes,PASS,NA,p.Ile277Met,p.Ile277Met,c.831T>G,missense_variant,,1,109386,9.14193772512022E-06,0,0,1,7164,0,0,0,17102,0,0,0,2320,0,0,0,9046,0,0,0,13390,0,0,0,42768,0,0,0,1914,0,0,0,15682,0,0
13,52598698,rs759676836,G,A,gnomAD Exomes,PASS,NA,p.Val278Ile,p.Val278Ile,c.832G>A,missense_variant,,1,109394,9.14126917381209E-06,0,0,0,7164,0,0,0,17102,0,0,0,2320,0,0,0,9046,0,0,0,13392,0,0,1,42768,0,0,0,1914,0,0,0,15688,0,0
13,52598723,rs1308204685,C,T,gnomAD Exomes,PASS,NA,p.Thr286Ile,p.Thr286Ile,c.857C>T,missense_variant,,1,109344,9.14544922446591E-06,0,0,0,7164,0,0,0,17082,0,0,0,2316,0,0,1,9046,0,0,0,13394,0,0,0,42752,0,0,0,1912,0,0,0,15678,0,0
13,52598728,rs762701372,C,A,gnomAD Exomes,PASS,NA,p.Leu288Met,p.Leu288Met,c.862C>A,missense_variant,,1,109346,9.14528194904249E-06,0,0,0,7164,0,0,0,17090,0,0,0,2320,0,0,0,9046,0,0,0,13392,0,0,0,42750,0,0,0,1912,0,0,1,15672,0,0
13,52598732,rs1256575549,A,G,gnomAD Exomes,PASS,NA,p.Asp289Gly,p.Asp289Gly,c.866A>G,missense_variant,,1,109340,9.14578379367112E-06,0,0,0,7164,0,0,0,17080,0,0,0,2320,0,0,1,9046,0,0,0,13392,0,0,0,42754,0,0,0,1912,0,0,0,15672,0,0
13,52598748,rs767720592,GA,G,gnomAD Exomes,PASS,NA,p.Lys296ArgfsTer2,p.Lys296ArgfsTer2,c.887delA,frameshift_variant,,2,109244,1.83076416096078E-05,0,0,0,7164,0,0,0,17054,0,0,0,2314,0,0,0,9044,0,0,0,13384,0,0,2,42730,0,0,0,1912,0,0,0,15642,0,0
13,52598754,rs749941774,G,T,gnomAD Exomes,PASS,NA,p.Lys296Asn,p.Lys296Asn,c.888G>T,missense_variant,,1,109298,9.14929824882432E-06,0,0,0,7162,0,0,1,17078,0,0,0,2318,0,0,0,9042,0,0,0,13388,0,0,0,42726,0,0,0,1908,0,0,0,15676,0,0
13,52598755,rs1378833788,A,G,gnomAD Exomes,PASS,NA,p.Met297Val,p.Met297Val,c.889A>G,missense_variant,,1,109300,9.14913083257091E-06,0,0,0,7162,0,0,0,17078,0,0,1,2320,0,0,0,9042,0,0,0,13388,0,0,0,42730,0,0,0,1908,0,0,0,15672,0,0
13,52598798,rs540927215,C,T,gnomAD Exomes,PASS,NA,p.Pro311Leu,p.Pro311Leu,c.932C>T,missense_variant,,11,109304,0.000100636756203,0,0,0,7160,0,0,0,17086,0,0,0,2318,0,0,0,9024,0,0,0,13394,0,0,1,42734,0,0,0,1912,0,0,10,15676,0,0
13,52598800,rs1311485408,GA,G,gnomAD Exomes,PASS,NA,p.Lys313ArgfsTer14,p.Lys313ArgfsTer14,c.938delA,frameshift_variant,,1,109298,9.14929824882432E-06,0,0,0,7160,0,0,1,17080,0,0,0,2318,0,0,0,9022,0,0,0,13394,0,0,0,42736,0,0,0,1910,0,0,0,15678,0,0
13,52598816,rs775647247,T,C,gnomAD Exomes,PASS,NA,p.Leu317Ser,p.Leu317Ser,c.950T>C,missense_variant,,2,109378,1.82852127484503E-05,0,0,0,7164,0,0,2,17102,0,0,0,2320,0,0,0,9044,0,0,0,13394,0,0,0,42760,0,0,0,1908,0,0,0,15686,0,0
13,52598825,rs959802397,G,A,gnomAD Exomes,PASS,NA,p.Arg320Lys,p.Arg320Lys,c.959G>A,missense_variant,,1,109392,9.14143630247184E-06,0,0,0,7164,0,0,0,17106,0,0,0,2320,0,0,0,9044,0,0,0,13394,0,0,1,42766,0,0,0,1912,0,0,0,15686,0,0
13,52598830,rs1402091241,T,G,gnomAD Genomes,NA,PASS,p.Phe322Val,p.Phe322Val,c.964T>G,missense_variant,,1,10884,9.18779860345461E-05,0,0,0,2574,0,0,0,246,0,0,0,38,0,0,1,916,0,0,0,1162,0,0,0,5524,0,0,0,424,0,0,0,0,0,0
13,52598855,rs767338407,T,C,gnomAD Exomes,PASS,NA,p.Met330Thr,p.Met330Thr,c.989T>C,missense_variant,,2,109408,1.82801988885639E-05,0,0,0,7164,0,0,2,17112,0,0,0,2320,0,0,0,9046,0,0,0,13394,0,0,0,42768,0,0,0,1914,0,0,0,15690,0,0
13,52598870,rs1465218841,C,G,gnomAD Exomes,PASS,NA,p.Pro335Arg,p.Pro335Arg,c.1004C>G,missense_variant,,1,109408,9.14009944428195E-06,0,0,0,7164,0,0,0,17112,0,0,0,2320,0,0,0,9046,0,0,0,13394,0,0,1,42768,0,0,0,1914,0,0,0,15690,0,0
13,52598881,rs1293857263,C,G,gnomAD Exomes,PASS,NA,p.Leu339Val,p.Leu339Val,c.1015C>G,missense_variant,,1,109406,9.14026653017202E-06,0,0,0,7164,0,0,1,17112,0,0,0,2320,0,0,0,9044,0,0,0,13394,0,0,0,42768,0,0,0,1914,0,0,0,15690,0,0
13,52598890,rs778692507,A,G,gnomAD Exomes,PASS,NA,p.Ile342Val,p.Ile342Val,c.1024A>G,missense_variant,,1,109400,9.14076782449726E-06,0,0,0,7164,0,0,0,17108,0,0,0,2320,0,0,1,9044,0,0,0,13392,0,0,0,42768,0,0,0,1914,0,0,0,15690,0,0
13,52598902,rs201343222,C,T,gnomAD Exomes,PASS,NA,p.Arg346Cys,p.Arg346Cys,c.1036C>T,missense_variant,,1,109402,9.14060072027934E-06,0,0,0,7164,0,0,1,17106,0,0,0,2320,0,0,0,9046,0,0,0,13394,0,0,0,42768,0,0,0,1914,0,0,0,15690,0,0
13,52598903,rs144883776,G,A,gnomAD Exomes,PASS,NA,p.Arg346His,p.Arg346His,c.1037G>A,missense_variant,,6,109400,5.48446069469835E-05,0,0,0,7164,0,0,0,17106,0,0,4,2320,0,0,0,9044,0,0,0,13394,0,0,2,42768,0,0,0,1914,0,0,0,15690,0,0
13,52598903,rs144883776,G,T,gnomAD Exomes,PASS,NA,p.Arg346Leu,p.Arg346Leu,c.1037G>T,missense_variant,,1,109400,9.14076782449726E-06,0,0,0,7164,0,0,1,17106,0,0,0,2320,0,0,0,9044,0,0,0,13394,0,0,0,42768,0,0,0,1914,0,0,0,15690,0,0
13,52598917,rs547958720,G,A,gnomAD Exomes,PASS,NA,p.Glu351Lys,p.Glu351Lys,c.1051G>A,missense_variant,,1,109402,9.14060072027934E-06,0,0,0,7164,0,0,0,17106,0,0,0,2320,0,0,1,9046,0,0,0,13394,0,0,0,42768,0,0,0,1914,0,0,0,15690,0,0
13,52598920,rs775557620,C,T,gnomAD Exomes,PASS,NA,p.Leu352Phe,p.Leu352Phe,c.1054C>T,missense_variant,,1,109400,9.14076782449726E-06,0,0,0,7164,0,0,1,17104,0,0,0,2320,0,0,0,9046,0,0,0,13394,0,0,0,42768,0,0,0,1914,0,0,0,15690,0,0
13,52598957,rs1305529762,TAGG,T,gnomAD Genomes,NA,PASS,p.Gly365del,p.Gly365del,c.1094_1096delGAG,inframe_deletion,,1,10876,9.19455682236116E-05,0,0,1,2574,0,0,0,246,0,0,0,38,0,0,0,912,0,0,0,1162,0,0,0,5520,0,0,0,424,0,0,0,0,0,0
13,52598966,rs767380985,A,C,gnomAD Exomes,PASS,NA,p.Gln367Pro,p.Gln367Pro,c.1100A>C,missense_variant,,1,109342,9.14561650600867E-06,0,0,0,7164,0,0,0,17074,0,0,0,2320,0,0,0,9046,0,0,0,13384,0,0,1,42766,0,0,0,1914,0,0,0,15674,0,0
13,52598968,rs1299815390,G,A,gnomAD Exomes,PASS,NA,p.Glu368Lys,p.Glu368Lys,c.1102G>A,missense_variant,,1,109328,9.14678764817796E-06,0,0,0,7164,0,0,1,17076,0,0,0,2316,0,0,0,9046,0,0,0,13384,0,0,0,42764,0,0,0,1914,0,0,0,15664,0,0
13,52598972,rs77859426,A,T,gnomAD Exomes,PASS,NA,p.Tyr369Phe,p.Tyr369Phe,c.1106A>T,missense_variant,,1,109344,9.14544922446591E-06,0,0,0,7164,0,0,0,17078,0,0,0,2320,0,0,0,9046,0,0,0,13384,0,0,1,42766,0,0,0,1914,0,0,0,15672,0,0
13,52598972,rs77859426,A,G,gnomAD Exomes,PASS,NA,p.Tyr369Cys,p.Tyr369Cys,c.1106A>G,missense_variant,,2,109344,1.82908984489318E-05,0,0,0,7164,0,0,1,17078,0,0,0,2320,0,0,0,9046,0,0,0,13384,0,0,1,42766,0,0,0,1914,0,0,0,15672,0,0
13,52598992,rs1228510389,A,T,gnomAD Exomes,PASS,NA,p.Ile376Phe,p.Ile376Phe,c.1126A>T,missense_variant,,1,109272,9.15147521780511E-06,0,0,0,7164,0,0,0,17078,0,0,0,2320,0,0,0,9046,0,0,0,13316,0,0,1,42762,0,0,0,1914,0,0,0,15672,0,0
13,52599012,rs754572359,G,T,gnomAD Exomes,PASS,NA,p.Lys382Asn,p.Lys382Asn,c.1146G>T,missense_variant,,1,108924,9.1807131577981E-06,0,0,0,7160,0,0,0,17076,0,0,0,2320,0,0,0,9042,0,0,0,12984,0,0,1,42756,0,0,0,1912,0,0,0,15674,0,0
13,52599026,rs115524395,A,C,"gnomAD Exomes,gnomAD Genomes",PASS,PASS,p.Glu387Ala,p.Glu387Ala,c.1160A>C,missense_variant,,15,119200,0.000125838926174,0,0,15,9730,0,0,0,17322,0,0,0,2358,0,0,0,9946,0,0,0,13572,0,0,0,48268,0,0,0,2330,0,0,0,15674,0,0
13,52599034,rs781555491,A,G,gnomAD Exomes,PASS,NA,p.Ile390Val,p.Ile390Val,c.1168A>G,missense_variant,,1,107658,9.2886733916662E-06,0,0,0,7146,0,0,0,17084,0,0,0,2320,0,0,1,9026,0,0,0,11780,0,0,0,42718,0,0,0,1902,0,0,0,15682,0,0
13,52599053,rs373654339,G,A,gnomAD Exomes,PASS,NA,p.Trp396Ter,p.Trp396Ter,c.1187G>A,stop_gained,,1,106136,9.42187382226577E-06,0,0,1,7134,0,0,0,17096,0,0,0,2320,0,0,0,9004,0,0,0,10336,0,0,0,42682,0,0,0,1894,0,0,0,15670,0,0
13,52602461,rs200978613,T,C,gnomAD Exomes,PASS,NA,p.Val405Ala,p.Val405Ala,c.1214T>C,missense_variant,,4,109406,3.65610661206881E-05,0,0,0,7164,0,0,0,17110,0,0,4,2320,0,0,0,9046,0,0,0,13394,0,0,0,42768,0,0,0,1914,0,0,0,15690,0,0
13,52602462,rs780511467,G,A,gnomAD Exomes,PASS,NA,p.Gly18Arg,p.Gly18Arg,c.52G>A,missense_variant,,1,109406,9.14026653017202E-06,0,0,0,7164,0,0,0,17110,0,0,0,2320,0,0,0,9046,0,0,0,13394,0,0,0,42768,0,0,0,1914,0,0,1,15690,0,0
13,52602467,rs149032027,G,A,gnomAD Exomes,PASS,NA,p.Cys407Tyr,p.Cys407Tyr,c.1220G>A,missense_variant,,1,109402,9.14060072027934E-06,0,0,0,7164,0,0,0,17108,0,0,0,2320,0,0,1,9046,0,0,0,13394,0,0,0,42768,0,0,0,1914,0,0,0,15688,0,0
13,52602467,rs149032027,G,T,gnomAD Exomes,PASS,NA,p.Cys407Phe,p.Cys407Phe,c.1220G>T,missense_variant,,5,109402,4.57030036013967E-05,0,0,4,7164,0,0,1,17108,0,0,0,2320,0,0,0,9046,0,0,0,13394,0,0,0,42768,0,0,0,1914,0,0,0,15688,0,0
13,52602482,rs1237877439,C,T,gnomAD Exomes,PASS,NA,p.Thr412Ile,p.Thr412Ile,c.1235C>T,missense_variant,,1,109404,9.14043362217103E-06,0,0,0,7164,0,0,0,17108,0,0,0,2320,0,0,0,9046,0,0,1,13394,0,0,0,42768,0,0,0,1914,0,0,0,15690,0,0
13,52602487,rs748252848,A,T,gnomAD Exomes,PASS,NA,p.Ile414Phe,p.Ile414Phe,c.1240A>T,missense_variant,,1,109406,9.14026653017202E-06,0,0,0,7164,0,0,0,17110,0,0,0,2320,0,0,0,9046,0,0,0,13394,0,0,1,42768,0,0,0,1914,0,0,0,15690,0,0
13,52602491,rs1248265912,T,C,gnomAD Exomes,PASS,NA,p.Leu415Pro,p.Leu415Pro,c.1244T>C,missense_variant,,1,109404,9.14043362217103E-06,0,0,1,7164,0,0,0,17108,0,0,0,2320,0,0,0,9046,0,0,0,13394,0,0,0,42768,0,0,0,1914,0,0,0,15690,0,0
13,52602491,rs1248265912,T,A,gnomAD Exomes,PASS,NA,p.Leu415His,p.Leu415His,c.1244T>A,missense_variant,,1,109404,9.14043362217103E-06,0,0,0,7164,0,0,0,17108,0,0,0,2320,0,0,0,9046,0,0,0,13394,0,0,1,42768,0,0,0,1914,0,0,0,15690,0,0
13,52602498,rs757369277,CA,C,gnomAD Exomes,PASS,NA,p.Asn418IlefsTer17,p.Asn418IlefsTer17,c.1253delA,frameshift_variant,,2,109404,1.82808672443421E-05,0,0,0,7164,0,0,2,17108,0,0,0,2320,0,0,0,9046,0,0,0,13394,0,0,0,42768,0,0,0,1914,0,0,0,15690,0,0
13,52602503,rs201526759,C,G,gnomAD Genomes,NA,PASS,p.Ser419Trp,p.Ser419Trp,c.1256C>G,missense_variant,,1,10844,9.22168941350055E-05,0,0,0,2570,0,0,0,244,0,0,0,38,0,0,0,916,0,0,0,1158,0,0,1,5494,0,0,0,424,0,0,0,0,0,0
13,52602504,rs770888492,G,A,"gnomAD Exomes,gnomAD Genomes",PASS,PASS,p.Gly32Arg,p.Gly32Arg,c.94G>A,missense_variant,,3,120264,2.49451207343844E-05,0,0,1,9736,0,0,1,17352,0,0,0,2358,0,0,1,9962,0,0,0,14556,0,0,0,48272,0,0,0,2338,0,0,0,15690,0,0
13,52602514,rs1466791575,A,G,gnomAD Exomes,PASS,NA,p.Lys423Glu,p.Lys423Glu,c.1267A>G,missense_variant,,1,109406,9.14026653017202E-06,0,0,0,7164,0,0,0,17110,0,0,0,2320,0,0,0,9046,0,0,0,13394,0,0,1,42768,0,0,0,1914,0,0,0,15690,0,0
13,52602516,rs369694921,G,A,gnomAD Exomes,PASS,NA,p.Ala36Thr,p.Ala36Thr,c.106G>A,missense_variant,,4,109406,3.65610661206881E-05,0,0,0,7164,0,0,3,17110,0,0,0,2320,0,0,0,9046,0,0,0,13394,0,0,1,42768,0,0,0,1914,0,0,0,15690,0,0
13,52602517,rs759540582,C,G,gnomAD Exomes,PASS,NA,p.Leu424Val,p.Leu424Val,c.1270C>G,missense_variant,,6,109406,5.48415991810321E-05,0,0,0,7164,0,0,5,17110,0,0,0,2320,0,0,0,9046,0,0,0,13394,0,0,1,42768,0,0,0,1914,0,0,0,15690,0,0
13,52602524,rs143100365,T,C,gnomAD Exomes,PASS,NA,p.Ile426Thr,p.Ile426Thr,c.1277T>C,missense_variant,,2,109406,1.8280533060344E-05,0,0,2,7164,0,0,0,17110,0,0,0,2320,0,0,0,9046,0,0,0,13394,0,0,0,42768,0,0,0,1914,0,0,0,15690,0,0
13,52602533,rs1342449930,C,T,gnomAD Exomes,PASS,NA,p.Pro429Leu,p.Pro429Leu,c.1286C>T,missense_variant,,1,109406,9.14026653017202E-06,0,0,0,7164,0,0,0,17110,0,0,0,2320,0,0,0,9046,0,0,0,13394,0,0,1,42768,0,0,0,1914,0,0,0,15690,0,0
13,52602535,rs751255090,C,G,gnomAD Exomes,PASS,NA,p.His430Asp,p.His430Asp,c.1288C>G,missense_variant,,1,109408,9.14009944428195E-06,0,0,0,7164,0,0,1,17112,0,0,0,2320,0,0,0,9046,0,0,0,13394,0,0,0,42768,0,0,0,1914,0,0,0,15690,0,0
13,52602538,rs377356876,G,A,"gnomAD Exomes,gnomAD Genomes",PASS,PASS,p.Glu431Lys,p.Glu431Lys,c.1291G>A,missense_variant,,2,120270,1.66292508522491E-05,0,0,2,9732,0,0,0,17356,0,0,0,2358,0,0,0,9960,0,0,0,14554,0,0,0,48282,0,0,0,2338,0,0,0,15690,0,0
13,52602566,rs1443168812,A,G,gnomAD Genomes,NA,PASS,p.Glu440Gly,p.Glu440Gly,c.1319A>G,missense_variant,,1,10872,9.19793966151582E-05,0,0,0,2572,0,0,0,246,0,0,0,36,0,0,1,914,0,0,0,1162,0,0,0,5518,0,0,0,424,0,0,0,0,0,0
13,52602592,rs1053549004,A,G,gnomAD Genomes,NA,PASS,p.Ile449Val,p.Ile449Val,c.1345A>G,missense_variant,,1,10876,9.19455682236116E-05,0,0,1,2572,0,0,0,246,0,0,0,38,0,0,0,916,0,0,0,1158,0,0,0,5522,0,0,0,424,0,0,0,0,0,0
13,52602593,rs752810827,T,C,gnomAD Exomes,PASS,NA,p.Ile449Thr,p.Ile449Thr,c.1346T>C,missense_variant,,1,109404,9.14043362217103E-06,0,0,0,7164,0,0,0,17110,0,0,0,2320,0,0,0,9046,0,0,0,13392,0,0,0,42768,0,0,0,1914,0,0,1,15690,0,0
13,52602594,rs758597975,C,G,gnomAD Exomes,PASS,NA,p.Ile449Met,p.Ile449Met,c.1347C>G,missense_variant,,1,109404,9.14043362217103E-06,0,0,0,7164,0,0,0,17110,0,0,0,2320,0,0,0,9046,0,0,0,13392,0,0,0,42768,0,0,1,1914,0,0,0,15690,0,0
13,52602595,rs199641594,G,A,gnomAD Exomes,PASS,NA,p.Ala450Thr,p.Ala450Thr,c.1348G>A,missense_variant,,4,109402,3.65624028811173E-05,0,0,0,7164,0,0,0,17112,0,0,0,2320,0,0,0,9046,0,0,0,13388,0,0,2,42768,0,0,0,1914,0,0,2,15690,0,0
13,52602596,rs757069433,C,T,gnomAD Exomes,PASS,NA,p.Ala450Val,p.Ala450Val,c.1349C>T,missense_variant,,17,109408,0.000155381690553,0,0,0,7164,0,0,0,17112,0,0,0,2320,0,0,0,9046,0,0,0,13394,0,0,0,42768,0,0,0,1914,0,0,17,15690,0,0
13,52602604,rs199616330,C,A,gnomAD Exomes,PASS,NA,p.Leu453Ile,p.Leu453Ile,c.1357C>A,missense_variant,,2,109402,1.82812014405587E-05,0,0,0,7164,0,0,0,17108,0,0,0,2320,0,0,2,9046,0,0,0,13392,0,0,0,42768,0,0,0,1914,0,0,0,15690,0,0
13,52602625,rs775344176,A,G,gnomAD Exomes,PASS,NA,p.Arg460Gly,p.Arg460Gly,c.1378A>G,missense_variant,,1,109404,9.14043362217103E-06,0,0,0,7164,0,0,0,17112,0,0,0,2320,0,0,0,9046,0,0,0,13392,0,0,0,42768,0,0,1,1914,0,0,0,15688,0,0
13,52602649,rs886039306,C,T,gnomAD Genomes,NA,PASS,p.Arg468Cys,p.Arg468Cys,c.1402C>T,missense_variant,,1,10880,9.19117647058823E-05,0,0,1,2574,0,0,0,246,0,0,0,38,0,0,0,916,0,0,0,1162,0,0,0,5520,0,0,0,424,0,0,0,0,0,0
13,52602650,rs1204420316,G,T,gnomAD Genomes,NA,PASS,p.Arg468Leu,p.Arg468Leu,c.1403G>T,missense_variant,,1,10866,9.20301859009755E-05,0,0,1,2570,0,0,0,246,0,0,0,38,0,0,0,914,0,0,0,1162,0,0,0,5512,0,0,0,424,0,0,0,0,0,0
13,52602674,rs768501691,AT,A,gnomAD Exomes,PASS,NA,p.Gln477ArgfsTer5,p.Gln477ArgfsTer5,c.1428delT,frameshift_variant,lc_lof,1,109400,9.14076782449726E-06,0,0,0,7164,0,0,0,17112,0,0,0,2320,0,0,0,9046,0,0,0,13390,0,0,1,42766,0,0,0,1914,0,0,0,15688,0,0
13,52602676,rs1270245326,C,A,gnomAD Genomes,NA,PASS,p.Gln477Lys,p.Gln477Lys,c.1429C>A,missense_variant,,1,10878,9.19286633572348E-05,0,0,0,2574,0,0,0,246,0,0,0,38,0,0,0,916,0,0,0,1160,0,0,1,5520,0,0,0,424,0,0,0,0,0,0
13,52602684,rs1489206147,TG,T,gnomAD Exomes,PASS,NA,p.Glu480LysfsTer2,p.Glu480LysfsTer2,c.1438delG,frameshift_variant,lc_lof,2,109388,1.82835411562511E-05,0,0,0,7160,0,0,0,17106,0,0,0,2320,0,0,0,9046,0,0,0,13388,0,0,0,42768,0,0,0,1914,0,0,2,15686,0,0
13,52602688,rs761472745,G,A,gnomAD Exomes,PASS,NA,p.Val481Met,p.Val481Met,c.1441G>A,missense_variant,,3,109388,2.74253117343767E-05,0,0,0,7158,0,0,0,17106,0,0,0,2320,0,0,3,9046,0,0,0,13390,0,0,0,42768,0,0,0,1914,0,0,0,15686,0,0
13,52602701,rs759876630,C,T,gnomAD Exomes,PASS,NA,p.Ser485Leu,p.Ser485Leu,c.1454C>T,missense_variant,,4,109364,3.65751069821879E-05,0,0,0,7156,0,0,0,17096,0,0,0,2320,0,0,0,9046,0,0,0,13390,0,0,0,42758,0,0,0,1914,0,0,4,15684,0,0
13,52602718,rs1162006696,T,C,gnomAD Exomes,PASS,NA,p.Phe491Leu,p.Phe491Leu,c.1471T>C,missense_variant,,1,109334,9.14628569337992E-06,0,0,0,7154,0,0,0,17090,0,0,0,2320,0,0,0,9046,0,0,0,13376,0,0,0,42756,0,0,0,1914,0,0,1,15678,0,0
13,52602719,rs776355074,TTAAG,T,"gnomAD Exomes,gnomAD Genomes",PASS,PASS,p.Lys492Asn,p.Lys492Asn,c.1476_1479delGTAA,frameshift_variant,lc_lof,4,120198,3.32784239338425E-05,0,0,0,9726,0,0,0,17334,0,0,0,2358,0,0,0,9960,0,0,0,14534,0,0,4,48276,0,0,0,2336,0,0,0,15674,0,0
