Chromosome,Position,rsID,Reference,Alternate,Source,Filters - exomes,Filters - genomes,Consequence,Protein Consequence,Transcript Consequence,Annotation,Flags,Allele Count,Allele Number,Allele Frequency,Homozygote Count,Hemizygote Count,Allele Count African,Allele Number African,Homozygote Count African,Hemizygote Count African,Allele Count Latino,Allele Number Latino,Homozygote Count Latino,Hemizygote Count Latino,Allele Count Ashkenazi Jewish,Allele Number Ashkenazi Jewish,Homozygote Count Ashkenazi Jewish,Hemizygote Count Ashkenazi Jewish,Allele Count East Asian,Allele Number East Asian,Homozygote Count East Asian,Hemizygote Count East Asian,Allele Count European (Finnish),Allele Number European (Finnish),Homozygote Count European (Finnish),Hemizygote Count European (Finnish),Allele Count European (non-Finnish),Allele Number European (non-Finnish),Homozygote Count European (non-Finnish),Hemizygote Count European (non-Finnish),Allele Count Other,Allele Number Other,Homozygote Count Other,Hemizygote Count Other,Allele Count South Asian,Allele Number South Asian,Homozygote Count South Asian,Hemizygote Count South Asian
14,37149866,rs17104991,C,A,"gnomAD Exomes,gnomAD Genomes",PASS,PASS,c.896+1G>T,,c.896+1G>T,splice_donor_variant,,1013,119588,0.008470749573536,36,0,883,9700,36,0,79,17018,0,0,17,2354,0,0,0,9938,0,0,0,14526,0,0,25,48206,0,0,8,2314,0,0,1,15532,0,0
14,37149891,rs1166348180,G,T,gnomAD Exomes,PASS,NA,p.Thr291Asn,p.Thr291Asn,c.872C>A,missense_variant,,1,108928,9.18037602820212E-06,0,0,1,7140,0,0,0,16860,0,0,0,2316,0,0,0,9036,0,0,0,13362,0,0,0,42728,0,0,0,1898,0,0,0,15588,0,0
14,37149891,rs1166348180,G,A,gnomAD Exomes,PASS,NA,p.Thr291Ile,p.Thr291Ile,c.872C>T,missense_variant,,0,108928,0,0,0,0,7140,0,0,0,16860,0,0,0,2316,0,0,0,9036,0,0,0,13362,0,0,0,42728,0,0,0,1898,0,0,0,15588,0,0
14,37149903,rs201887460,A,T,"gnomAD Exomes,gnomAD Genomes",PASS,PASS,p.Val287Asp,p.Val287Asp,c.860T>A,missense_variant,,3,119794,2.50429904669683E-05,0,0,2,9710,0,0,1,17112,0,0,0,2352,0,0,0,9950,0,0,0,14510,0,0,0,48254,0,0,0,2320,0,0,0,15586,0,0
14,37149904,rs749961110,C,T,"gnomAD Exomes,gnomAD Genomes",PASS,PASS,p.Val287Ile,p.Val287Ile,c.859G>A,missense_variant,,3,119698,2.50630754064395E-05,0,0,0,9704,0,0,0,17086,0,0,0,2354,0,0,3,9940,0,0,0,14502,0,0,0,48230,0,0,0,2310,0,0,0,15572,0,0
14,37149919,rs766029737,C,T,gnomAD Exomes,PASS,NA,p.Ala282Thr,p.Ala282Thr,c.844G>A,missense_variant,,2,108486,1.84355585052449E-05,0,0,0,7120,0,0,0,16726,0,0,0,2318,0,0,0,8952,0,0,0,13258,0,0,2,42706,0,0,0,1882,0,0,0,15524,0,0
14,37149919,rs766029737,C,A,gnomAD Exomes,PASS,NA,p.Ala282Ser,p.Ala282Ser,c.844G>T,missense_variant,,2,108486,1.84355585052449E-05,0,0,0,7120,0,0,0,16726,0,0,0,2318,0,0,0,8952,0,0,0,13258,0,0,0,42706,0,0,0,1882,0,0,2,15524,0,0
14,37149921,rs754856523,C,A,gnomAD Exomes,PASS,NA,p.Gly281Val,p.Gly281Val,c.842G>T,missense_variant,,1,108354,9.22900861989405E-06,0,0,0,7112,0,0,0,16702,0,0,0,2316,0,0,0,8928,0,0,0,13238,0,0,0,42676,0,0,0,1878,0,0,1,15504,0,0
14,37149922,rs780825226,C,T,gnomAD Exomes,PASS,NA,p.Gly281Ser,p.Gly281Ser,c.841G>A,missense_variant,,1,108176,9.24419464576246E-06,0,0,0,7106,0,0,1,16610,0,0,0,2310,0,0,0,8900,0,0,0,13248,0,0,0,42652,0,0,0,1872,0,0,0,15478,0,0
14,37149926,rs756034482,T,G,gnomAD Exomes,PASS,NA,c.839-2A>C,,c.839-2A>C,splice_acceptor_variant,,1,107826,9.27420102758147E-06,0,0,0,7096,0,0,0,16520,0,0,0,2302,0,0,1,8816,0,0,0,13150,0,0,0,42630,0,0,0,1864,0,0,0,15448,0,0
14,37153031,rs767156019,A,T,gnomAD Exomes,PASS,NA,c.838+2T>A,,c.838+2T>A,splice_donor_variant,,2,106912,1.87069739598922E-05,0,0,0,7100,0,0,0,16192,0,0,0,2252,0,0,2,8976,0,0,0,13394,0,0,0,42408,0,0,0,1856,0,0,0,14734,0,0
14,37153065,rs749232913,C,A,gnomAD Exomes,PASS,NA,p.Gly269Val,p.Gly269Val,c.806G>T,missense_variant,,1,107578,9.29558088084924E-06,0,0,0,7084,0,0,0,16508,0,0,0,2282,0,0,0,8954,0,0,0,13390,0,0,1,42522,0,0,0,1864,0,0,0,14974,0,0
14,37153070,rs758600060,G,T,gnomAD Exomes,PASS,NA,p.Tyr267Ter,p.Tyr267Ter,c.801C>A,stop_gained,,1,108040,9.25583117363939E-06,0,0,0,7106,0,0,0,16630,0,0,0,2296,0,0,0,9000,0,0,0,13390,0,0,1,42568,0,0,0,1884,0,0,0,15166,0,0
14,37153071,rs780250720,T,C,gnomAD Exomes,PASS,NA,p.Tyr267Cys,p.Tyr267Cys,c.800A>G,missense_variant,,0,108096,0,0,0,0,7112,0,0,0,16644,0,0,0,2296,0,0,0,9004,0,0,0,13388,0,0,0,42588,0,0,0,1882,0,0,0,15182,0,0
14,37153077,rs1470394196,G,A,gnomAD Exomes,PASS,NA,p.Ala265Val,p.Ala265Val,c.794C>T,missense_variant,,1,107742,9.28143156800505E-06,0,0,0,7094,0,0,0,16534,0,0,0,2278,0,0,0,9000,0,0,1,13392,0,0,0,42520,0,0,0,1880,0,0,0,15044,0,0
14,37153949,rs1235856413,C,G,gnomAD Exomes,PASS,NA,p.Gly262Ala,p.Gly262Ala,c.785G>C,missense_variant,,1,106548,9.38544130345009E-06,0,0,0,7104,0,0,1,16100,0,0,0,2210,0,0,0,9004,0,0,0,13380,0,0,0,42174,0,0,0,1868,0,0,0,14708,0,0
14,37153950,rs1273484414,C,T,gnomAD Exomes,PASS,NA,p.Gly262Arg,p.Gly262Arg,c.784G>A,missense_variant,,1,106788,9.36434805408847E-06,0,0,0,7124,0,0,0,16130,0,0,0,2210,0,0,0,9030,0,0,0,13388,0,0,0,42286,0,0,0,1882,0,0,1,14738,0,0
14,37153961,rs755022802,T,C,gnomAD Exomes,PASS,NA,p.Tyr258Cys,p.Tyr258Cys,c.773A>G,missense_variant,,1,107174,9.33062123276168E-06,0,0,0,7138,0,0,0,16240,0,0,0,2224,0,0,0,9042,0,0,0,13386,0,0,0,42468,0,0,0,1882,0,0,1,14794,0,0
14,37153972,rs770189774,C,A,gnomAD Exomes,PASS,NA,p.Met254Ile,p.Met254Ile,c.762G>T,missense_variant,,1,107124,9.33497628916022E-06,0,0,0,7132,0,0,0,16250,0,0,0,2242,0,0,0,9026,0,0,0,13386,0,0,1,42434,0,0,0,1878,0,0,0,14776,0,0
14,37153985,rs749611395,C,T,gnomAD Exomes,PASS,NA,p.Cys250Tyr,p.Cys250Tyr,c.749G>A,missense_variant,,1,108244,9.23838734710469E-06,0,0,0,7148,0,0,0,16644,0,0,0,2274,0,0,0,9040,0,0,0,13392,0,0,1,42618,0,0,0,1894,0,0,0,15234,0,0
14,37153989,rs1483292047,T,G,gnomAD Genomes,NA,PASS,p.Thr249Pro,p.Thr249Pro,c.745A>C,missense_variant,,1,10874,9.19624793084421E-05,0,0,0,2572,0,0,0,246,0,0,0,38,0,0,0,916,0,0,0,1162,0,0,1,5518,0,0,0,422,0,0,0,0,0,0
14,37154007,rs771447285,C,G,gnomAD Exomes,PASS,NA,p.Gly243Arg,p.Gly243Arg,c.727G>C,missense_variant,,7,109388,6.3992394046879E-05,0,0,0,7164,0,0,0,17104,0,0,0,2320,0,0,7,9046,0,0,0,13394,0,0,0,42764,0,0,0,1914,0,0,0,15682,0,0
14,37154019,rs1392329350,G,A,gnomAD Exomes,PASS,NA,p.Gln239Ter,p.Gln239Ter,c.715C>T,stop_gained,,2,109400,1.82815356489945E-05,0,0,0,7164,0,0,0,17108,0,0,0,2320,0,0,0,9046,0,0,0,13394,0,0,0,42768,0,0,0,1914,0,0,2,15686,0,0
14,37154024,rs1427888490,C,T,gnomAD Exomes,PASS,NA,p.Gly237Glu,p.Gly237Glu,c.710G>A,missense_variant,,1,109384,9.14210487822716E-06,0,0,0,7162,0,0,0,17100,0,0,0,2320,0,0,0,9044,0,0,0,13394,0,0,0,42762,0,0,0,1914,0,0,1,15688,0,0
14,37154036,rs758972415,C,G,gnomAD Exomes,PASS,NA,p.Ser233Thr,p.Ser233Thr,c.698G>C,missense_variant,,1,109394,9.14126917381209E-06,0,0,0,7164,0,0,0,17104,0,0,0,2320,0,0,0,9046,0,0,0,13394,0,0,0,42766,0,0,0,1914,0,0,1,15686,0,0
14,37154037,rs1011260360,T,G,gnomAD Genomes,NA,PASS,p.Ser233Arg,p.Ser233Arg,c.697A>C,missense_variant,,1,10882,9.18948722661275E-05,0,0,0,2574,0,0,0,246,0,0,0,38,0,0,0,916,0,0,0,1162,0,0,1,5522,0,0,0,424,0,0,0,0,0,0
14,37154039,rs1389068504,T,C,gnomAD Exomes,PASS,NA,p.Lys232Arg,p.Lys232Arg,c.695A>G,missense_variant,,1,109398,9.14093493482513E-06,0,0,0,7164,0,0,0,17106,0,0,0,2320,0,0,0,9046,0,0,0,13394,0,0,0,42768,0,0,0,1914,0,0,1,15686,0,0
14,37154042,rs771605649,G,T,gnomAD Exomes,PASS,NA,p.Ala231Asp,p.Ala231Asp,c.692C>A,missense_variant,,1,109390,9.14160343724289E-06,0,0,0,7164,0,0,0,17104,0,0,0,2320,0,0,0,9046,0,0,0,13394,0,0,0,42766,0,0,0,1912,0,0,1,15684,0,0
14,37154043,rs539795840,C,T,gnomAD Exomes,PASS,NA,p.Ala231Thr,p.Ala231Thr,c.691G>A,missense_variant,,1,109388,9.14177057812557E-06,0,0,0,7164,0,0,0,17098,0,0,0,2320,0,0,0,9046,0,0,0,13394,0,0,1,42766,0,0,0,1914,0,0,0,15686,0,0
14,37154070,rs146678499,A,G,"gnomAD Exomes,gnomAD Genomes",PASS,PASS,p.Ser222Pro,p.Ser222Pro,c.664T>C,missense_variant,,3,120252,2.49476100189602E-05,0,0,3,9732,0,0,0,17340,0,0,0,2356,0,0,0,9962,0,0,0,14556,0,0,0,48282,0,0,0,2338,0,0,0,15686,0,0
14,37154073,rs761644645,C,T,gnomAD Exomes,PASS,NA,p.Ala221Thr,p.Ala221Thr,c.661G>A,missense_variant,,2,109372,1.82862158504919E-05,0,0,0,7164,0,0,1,17084,0,0,0,2318,0,0,0,9046,0,0,0,13394,0,0,1,42764,0,0,0,1914,0,0,0,15688,0,0
14,37154076,rs765093427,T,C,gnomAD Genomes,NA,PASS,p.Ile220Val,p.Ile220Val,c.658A>G,missense_variant,,4,10870,0.000367985280589,0,0,0,2562,0,0,0,246,0,0,0,38,0,0,0,916,0,0,0,1162,0,0,4,5522,0,0,0,424,0,0,0,0,0,0
14,37154078,rs750373497,G,A,gnomAD Exomes,PASS,NA,p.Thr219Ile,p.Thr219Ile,c.656C>T,missense_variant,,2,109266,1.83039554847803E-05,0,0,2,7164,0,0,0,17040,0,0,0,2308,0,0,0,9044,0,0,0,13394,0,0,0,42758,0,0,0,1910,0,0,0,15648,0,0
14,37154081,rs1033903243,C,T,gnomAD Genomes,NA,PASS,p.Gly218Glu,p.Gly218Glu,c.653G>A,missense_variant,,2,10846,0.00018439977872,0,0,0,2552,0,0,0,246,0,0,0,38,0,0,0,914,0,0,0,1162,0,0,2,5510,0,0,0,424,0,0,0,0,0,0
14,37154084,rs752898382,G,A,gnomAD Genomes,NA,PASS,p.Ser217Leu,p.Ser217Leu,c.650C>T,missense_variant,,1,10880,9.19117647058823E-05,0,0,0,2574,0,0,0,246,0,0,0,38,0,0,0,916,0,0,0,1162,0,0,1,5520,0,0,0,424,0,0,0,0,0,0
14,37154111,rs201299512,C,T,"gnomAD Exomes,gnomAD Genomes",PASS,PASS,p.Trp208Ter,p.Trp208Ter,c.623G>A,stop_gained,,24,119148,0.000201430154094,0,0,0,9728,0,0,0,16812,0,0,0,2284,0,0,22,9954,0,0,0,14552,0,0,0,48064,0,0,1,2302,0,0,1,15452,0,0
14,37154112,rs779354786,A,C,gnomAD Exomes,PASS,NA,p.Trp208Gly,p.Trp208Gly,c.622T>G,missense_variant,,1,108358,9.2286679340704E-06,0,0,0,7158,0,0,0,16588,0,0,0,2248,0,0,0,9040,0,0,0,13392,0,0,0,42576,0,0,0,1880,0,0,1,15476,0,0
14,37154116,rs1298871819,C,A,gnomAD Genomes,NA,PASS,p.Glu206Asp,p.Glu206Asp,c.618G>T,missense_variant,,1,10878,9.19286633572348E-05,0,0,0,2574,0,0,0,246,0,0,0,38,0,0,0,916,0,0,0,1162,0,0,1,5518,0,0,0,424,0,0,0,0,0,0
14,37154122,rs771523078,G,C,gnomAD Exomes,PASS,NA,p.Ile204Met,p.Ile204Met,c.612C>G,missense_variant,,1,107746,9.28108700090955E-06,0,0,0,7158,0,0,0,16302,0,0,0,2192,0,0,0,9030,0,0,0,13386,0,0,1,42436,0,0,0,1876,0,0,0,15366,0,0
14,37154132,rs746470725,T,G,gnomAD Exomes,PASS,NA,c.604-2A>C,,c.604-2A>C,splice_acceptor_variant,,1,107088,9.33811444793067E-06,0,0,0,7136,0,0,0,16072,0,0,0,2138,0,0,0,9008,0,0,0,13356,0,0,1,42184,0,0,0,1860,0,0,0,15334,0,0
14,37180527,rs35705622,T,C,gnomAD Genomes,NA,PASS,p.Asn200Ser,p.Asn200Ser,c.599A>G,missense_variant,,1,10884,9.18779860345461E-05,0,0,1,2574,0,0,0,246,0,0,0,38,0,0,0,916,0,0,0,1162,0,0,0,5524,0,0,0,424,0,0,0,0,0,0
14,37180536,rs757676065,A,G,"gnomAD Exomes,gnomAD Genomes",PASS,PASS,p.Ile197Thr,p.Ile197Thr,c.590T>C,missense_variant,,2,120090,1.66541760346407E-05,0,0,2,9734,0,0,0,17266,0,0,0,2350,0,0,0,9958,0,0,0,14554,0,0,0,48258,0,0,0,2338,0,0,0,15632,0,0
14,37180551,rs1184992492,T,C,gnomAD Exomes,PASS,NA,p.Asn192Ser,p.Asn192Ser,c.575A>G,missense_variant,,1,109322,9.14728965807431E-06,0,0,0,7160,0,0,0,17078,0,0,0,2318,0,0,0,9042,0,0,0,13394,0,0,0,42754,0,0,0,1914,0,0,1,15662,0,0
14,37180587,rs780365602,C,T,gnomAD Exomes,PASS,NA,p.Gly180Glu,p.Gly180Glu,c.539G>A,missense_variant,,1,109394,9.14126917381209E-06,0,0,0,7164,0,0,0,17108,0,0,0,2320,0,0,0,9042,0,0,0,13394,0,0,1,42762,0,0,0,1914,0,0,0,15690,0,0
14,37180594,rs200963388,G,A,gnomAD Exomes,PASS,NA,p.Arg178Ter,p.Arg178Ter,c.532C>T,stop_gained,,4,109386,3.65677509004809E-05,0,0,0,7164,0,0,3,17104,0,0,0,2320,0,0,0,9040,0,0,0,13392,0,0,1,42762,0,0,0,1914,0,0,0,15690,0,0
14,37180599,rs768274315,A,T,gnomAD Exomes,PASS,NA,p.Leu176Ter,p.Leu176Ter,c.527T>A,stop_gained,,1,109392,9.14143630247184E-06,0,0,0,7164,0,0,0,17108,0,0,0,2320,0,0,0,9042,0,0,0,13392,0,0,0,42762,0,0,0,1914,0,0,1,15690,0,0
14,37180615,rs145395890,C,T,"gnomAD Exomes,gnomAD Genomes",PASS,PASS,p.Gly171Arg,p.Gly171Arg,c.511G>A,missense_variant,,76,120270,0.000631911532385,0,0,5,9736,0,0,14,17354,0,0,29,2358,0,0,0,9960,0,0,0,14552,0,0,24,48282,0,0,1,2338,0,0,3,15690,0,0
14,37180618,rs1255432081,T,C,gnomAD Exomes,PASS,NA,p.Lys170Glu,p.Lys170Glu,c.508A>G,missense_variant,,1,109396,9.1411020512633E-06,0,0,0,7164,0,0,0,17108,0,0,0,2320,0,0,0,9044,0,0,0,13392,0,0,1,42764,0,0,0,1914,0,0,0,15690,0,0
14,37180626,rs1250210782,C,A,gnomAD Exomes,PASS,NA,p.Gly167Val,p.Gly167Val,c.500G>T,missense_variant,,0,109390,0,0,0,0,7164,0,0,0,17104,0,0,0,2320,0,0,0,9044,0,0,0,13392,0,0,0,42762,0,0,0,1914,0,0,0,15690,0,0
14,37180626,rs1250210782,C,T,gnomAD Exomes,PASS,NA,p.Gly167Asp,p.Gly167Asp,c.500G>A,missense_variant,,1,109390,9.14160343724289E-06,0,0,0,7164,0,0,0,17104,0,0,0,2320,0,0,0,9044,0,0,0,13392,0,0,0,42762,0,0,1,1914,0,0,0,15690,0,0
14,37180634,rs1483043965,TC,T,gnomAD Exomes,PASS,NA,p.Gly164AspfsTer9,p.Gly164AspfsTer9,c.491delG,frameshift_variant,,1,109252,9.15315051440706E-06,0,0,0,7162,0,0,1,17062,0,0,0,2314,0,0,0,9044,0,0,0,13392,0,0,0,42730,0,0,0,1912,0,0,0,15636,0,0
14,37180641,rs762610332,C,T,"gnomAD Exomes,gnomAD Genomes",PASS,PASS,p.Gly162Asp,p.Gly162Asp,c.485G>A,missense_variant,,41,120256,0.000340939329431,0,0,0,9738,0,0,41,17344,0,0,0,2358,0,0,0,9960,0,0,0,14554,0,0,0,48278,0,0,0,2338,0,0,0,15686,0,0
14,37180648,rs574389158,T,C,gnomAD Exomes,PASS,NA,p.Lys160Glu,p.Lys160Glu,c.478A>G,missense_variant,,1,109366,9.14360953129857E-06,0,0,0,7164,0,0,0,17090,0,0,0,2320,0,0,0,9046,0,0,0,13392,0,0,0,42758,0,0,0,1914,0,0,1,15682,0,0
14,37180648,rs574389158,T,G,gnomAD Exomes,PASS,NA,p.Lys160Gln,p.Lys160Gln,c.478A>C,missense_variant,,1,109366,9.14360953129857E-06,0,0,0,7164,0,0,0,17090,0,0,0,2320,0,0,0,9046,0,0,0,13392,0,0,0,42758,0,0,0,1914,0,0,1,15682,0,0
14,37180656,rs753190777,AT,A,gnomAD Exomes,PASS,NA,p.Ile157SerfsTer16,p.Ile157SerfsTer16,c.469delA,frameshift_variant,,2,109368,1.82868846463316E-05,0,0,0,7164,0,0,0,17092,0,0,0,2320,0,0,0,9044,0,0,0,13392,0,0,0,42756,0,0,0,1914,0,0,2,15686,0,0
14,37180666,rs528542908,C,T,gnomAD Exomes,PASS,NA,p.Ala154Thr,p.Ala154Thr,c.460G>A,missense_variant,,4,109328,3.65871505927118E-05,0,0,0,7164,0,0,0,17082,0,0,0,2314,0,0,0,9042,0,0,0,13392,0,0,0,42752,0,0,0,1914,0,0,4,15668,0,0
14,37180671,rs1300845432,C,G,gnomAD Exomes,PASS,NA,p.Gly152Ala,p.Gly152Ala,c.455G>C,missense_variant,,1,109304,9.14879601844397E-06,0,0,0,7164,0,0,1,17064,0,0,0,2316,0,0,0,9042,0,0,0,13390,0,0,0,42742,0,0,0,1914,0,0,0,15672,0,0
14,37180675,rs750811529,C,G,gnomAD Exomes,PASS,NA,p.Val151Leu,p.Val151Leu,c.451G>C,missense_variant,,1,109268,9.15181022806311E-06,0,0,0,7164,0,0,0,17048,0,0,0,2314,0,0,0,9042,0,0,0,13390,0,0,0,42742,0,0,0,1914,0,0,1,15654,0,0
14,37194774,rs1183140667,C,A,gnomAD Exomes,PASS,NA,c.438+1G>T,,c.438+1G>T,splice_donor_variant,,1,92676,1.07902801156718E-05,0,0,0,5546,0,0,0,12696,0,0,0,2130,0,0,0,6596,0,0,0,13340,0,0,0,37764,0,0,0,1352,0,0,1,13252,0,0
14,37194785,rs140171268,G,A,"gnomAD Exomes,gnomAD Genomes",PASS,PASS,p.Thr143Ile,p.Thr143Ile,c.428C>T,missense_variant,,67,110336,0.000607236078886,0,0,63,8796,0,0,1,14502,0,0,0,2238,0,0,0,8642,0,0,0,14504,0,0,0,45414,0,0,2,1980,0,0,1,14260,0,0
14,37194791,rs146491863,C,T,gnomAD Exomes,PASS,NA,p.Arg141Gln,p.Arg141Gln,c.422G>A,missense_variant,,3,101732,2.94892462548657E-05,0,0,0,6448,0,0,1,14830,0,0,0,2236,0,0,0,8086,0,0,0,13360,0,0,1,40572,0,0,0,1636,0,0,1,14564,0,0
14,37194792,rs781747771,G,A,gnomAD Exomes,PASS,NA,p.Arg141Trp,p.Arg141Trp,c.421C>T,missense_variant,,2,101774,1.96513844400338E-05,0,0,0,6462,0,0,0,14854,0,0,0,2234,0,0,0,8088,0,0,1,13356,0,0,1,40572,0,0,0,1634,0,0,0,14574,0,0
14,37194797,rs202219964,G,C,gnomAD Exomes,PASS,NA,p.Ala139Gly,p.Ala139Gly,c.416C>G,missense_variant,,7,102234,6.84703718919342E-05,0,0,0,6516,0,0,1,14970,0,0,0,2238,0,0,0,8182,0,0,1,13354,0,0,5,40724,0,0,0,1642,0,0,0,14608,0,0
14,37194809,rs937323249,A,G,gnomAD Exomes,PASS,NA,p.Val135Ala,p.Val135Ala,c.404T>C,missense_variant,,1,103466,9.66501072816191E-06,0,0,0,6616,0,0,0,15302,0,0,0,2262,0,0,0,8320,0,0,0,13362,0,0,1,41124,0,0,0,1694,0,0,0,14786,0,0
14,37194811,rs1377556424,T,A,gnomAD Exomes,PASS,NA,p.Lys134Asn,p.Lys134Asn,c.402A>T,missense_variant,,1,103618,9.65083286687641E-06,0,0,0,6648,0,0,0,15346,0,0,0,2266,0,0,0,8330,0,0,0,13358,0,0,0,41168,0,0,0,1696,0,0,1,14806,0,0
14,37194818,rs911378422,AC,A,gnomAD Exomes,PASS,NA,p.Val132Ter,p.Val132Ter,c.394delG,frameshift_variant,,3,104226,2.87836048586725E-05,0,0,0,6688,0,0,0,15548,0,0,0,2270,0,0,0,8400,0,0,0,13368,0,0,0,41330,0,0,0,1724,0,0,3,14898,0,0
14,37194818,rs911378422,A,G,gnomAD Exomes,PASS,NA,p.Val132Ala,p.Val132Ala,c.395T>C,missense_variant,,1,104226,9.59453495289083E-06,0,0,1,6688,0,0,0,15548,0,0,0,2270,0,0,0,8400,0,0,0,13368,0,0,0,41330,0,0,0,1724,0,0,0,14898,0,0
14,37194829,rs1055829229,G,C,gnomAD Exomes,PASS,NA,p.Asn128Lys,p.Asn128Lys,c.384C>G,missense_variant,,1,105576,9.47184966280215E-06,0,0,0,6828,0,0,0,15902,0,0,0,2280,0,0,0,8572,0,0,0,13378,0,0,1,41754,0,0,0,1768,0,0,0,15094,0,0
14,37194854,rs1006470745,C,T,gnomAD Exomes,PASS,NA,p.Gly120Glu,p.Gly120Glu,c.359G>A,missense_variant,,1,104406,9.57799360190028E-06,0,0,0,6812,0,0,0,15482,0,0,0,2272,0,0,1,8554,0,0,0,13360,0,0,0,41566,0,0,0,1758,0,0,0,14602,0,0
14,37194857,rs748880427,G,C,gnomAD Exomes,PASS,NA,p.Ser119Cys,p.Ser119Cys,c.356C>G,missense_variant,,1,104134,9.60301150440778E-06,0,0,0,6796,0,0,0,15356,0,0,0,2280,0,0,1,8534,0,0,0,13356,0,0,0,41518,0,0,0,1754,0,0,0,14540,0,0
14,37194860,rs770762500,C,G,gnomAD Exomes,PASS,NA,p.Gly118Ala,p.Gly118Ala,c.353G>C,missense_variant,,1,104076,9.608363119259E-06,0,0,0,6770,0,0,0,15360,0,0,0,2276,0,0,0,8512,0,0,0,13362,0,0,0,41460,0,0,0,1744,0,0,1,14592,0,0
14,37194873,rs772009304,T,C,"gnomAD Exomes,gnomAD Genomes",PASS,PASS,p.Ile114Val,p.Ile114Val,c.340A>G,missense_variant,,5,114634,4.36170769579706E-05,0,0,0,9342,0,0,0,15476,0,0,0,2304,0,0,3,9416,0,0,0,14480,0,0,2,46958,0,0,0,2148,0,0,0,14510,0,0
14,37194875,rs775338629,G,A,gnomAD Exomes,PASS,NA,p.Ala113Val,p.Ala113Val,c.338C>T,missense_variant,,3,103944,2.88616947587162E-05,0,0,3,6762,0,0,0,15332,0,0,0,2268,0,0,0,8476,0,0,0,13298,0,0,0,41432,0,0,0,1738,0,0,0,14638,0,0
14,37194876,rs200377070,C,T,gnomAD Exomes,PASS,NA,p.Ala113Thr,p.Ala113Thr,c.337G>A,missense_variant,,11,103898,0.000105873067817,0,0,0,6750,0,0,0,15328,0,0,0,2268,0,0,1,8476,0,0,0,13280,0,0,10,41446,0,0,0,1726,0,0,0,14624,0,0
14,37194881,rs773529667,G,A,gnomAD Exomes,PASS,NA,p.Thr111Ile,p.Thr111Ile,c.332C>T,missense_variant,,1,104134,9.60301150440778E-06,0,0,0,6764,0,0,0,15436,0,0,0,2270,0,0,0,8490,0,0,0,13244,0,0,1,41490,0,0,0,1732,0,0,0,14708,0,0
14,37198717,rs771042808,C,T,gnomAD Exomes,PASS,NA,p.Ala109Thr,p.Ala109Thr,c.325G>A,missense_variant,,4,105470,3.79254764387978E-05,0,0,0,6898,0,0,0,15988,0,0,0,2198,0,0,1,8898,0,0,0,13372,0,0,3,41598,0,0,0,1804,0,0,0,14714,0,0
14,37198720,rs113916428,G,A,"gnomAD Exomes,gnomAD Genomes",PASS,PASS,p.Pro108Ser,p.Pro108Ser,c.322C>T,missense_variant,,1,116646,8.57294720779109E-06,0,0,1,9468,0,0,0,16304,0,0,0,2238,0,0,0,9820,0,0,0,14540,0,0,0,47252,0,0,0,2234,0,0,0,14790,0,0
14,37198734,rs753300957,T,C,gnomAD Genomes,NA,PASS,p.Tyr103Cys,p.Tyr103Cys,c.308A>G,missense_variant,,1,10880,9.19117647058823E-05,0,0,1,2572,0,0,0,246,0,0,0,38,0,0,0,916,0,0,0,1160,0,0,0,5524,0,0,0,424,0,0,0,0,0,0
14,37198738,rs756689200,C,T,gnomAD Exomes,PASS,NA,p.Gly102Arg,p.Gly102Arg,c.304G>A,missense_variant,,0,106336,0,0,0,0,6946,0,0,0,16134,0,0,0,2248,0,0,0,8916,0,0,0,13380,0,0,0,41982,0,0,0,1810,0,0,0,14920,0,0
14,37198771,rs1358451379,A,T,gnomAD Exomes,PASS,NA,p.Phe91Ile,p.Phe91Ile,c.271T>A,missense_variant,,1,105104,9.5143857512559E-06,0,0,0,6926,0,0,0,15826,0,0,0,2194,0,0,0,8962,0,0,0,13372,0,0,0,41696,0,0,0,1844,0,0,1,14284,0,0
14,37198773,rs139127590,T,C,"gnomAD Exomes,gnomAD Genomes",PASS,PASS,c.271-2A>G,,c.271-2A>G,splice_acceptor_variant,,4,115268,3.47017385571017E-05,0,0,0,9470,0,0,0,15804,0,0,0,2210,0,0,0,9840,0,0,0,14528,0,0,4,47068,0,0,0,2230,0,0,0,14118,0,0
14,37203720,rs1286248752,C,A,gnomAD Exomes,PASS,NA,p.Ala88Ser,p.Ala88Ser,c.262G>T,missense_variant,,1,103900,9.62463907603465E-06,0,0,0,6434,0,0,1,16712,0,0,0,2084,0,0,0,8828,0,0,0,13256,0,0,0,39952,0,0,0,1842,0,0,0,14792,0,0
14,37203722,rs1315310184,C,T,gnomAD Exomes,PASS,NA,p.Arg87Lys,p.Arg87Lys,c.260G>A,missense_variant,,0,103904,0,0,0,0,6448,0,0,0,16710,0,0,0,2086,0,0,0,8828,0,0,0,13258,0,0,0,39972,0,0,0,1842,0,0,0,14760,0,0
14,37203738,rs779107749,C,T,gnomAD Exomes,PASS,NA,p.Ala82Thr,p.Ala82Thr,c.244G>A,missense_variant,,1,104632,9.55730560440401E-06,0,0,0,6506,0,0,0,16762,0,0,0,2092,0,0,0,8872,0,0,0,13280,0,0,1,40386,0,0,0,1846,0,0,0,14888,0,0
14,37203738,rs779107749,C,A,gnomAD Exomes,PASS,NA,p.Ala82Ser,p.Ala82Ser,c.244G>T,missense_variant,,1,104632,9.55730560440401E-06,0,0,0,6506,0,0,0,16762,0,0,0,2092,0,0,0,8872,0,0,0,13280,0,0,0,40386,0,0,0,1846,0,0,1,14888,0,0
14,37203744,rs745903683,T,C,gnomAD Exomes,PASS,NA,p.Ile80Val,p.Ile80Val,c.238A>G,missense_variant,,1,104722,9.54909188136208E-06,0,0,0,6488,0,0,0,16792,0,0,0,2092,0,0,0,8892,0,0,0,13288,0,0,0,40416,0,0,0,1850,0,0,1,14904,0,0
14,37203749,rs1176318724,G,A,gnomAD Exomes,PASS,NA,p.Pro78Leu,p.Pro78Leu,c.233C>T,missense_variant,,1,104414,9.57725975443906E-06,0,0,0,6446,0,0,0,16768,0,0,0,2084,0,0,0,8852,0,0,0,13258,0,0,1,40278,0,0,0,1850,0,0,0,14878,0,0
14,37203758,rs780255591,C,T,gnomAD Exomes,PASS,NA,p.Gly75Glu,p.Gly75Glu,c.224G>A,missense_variant,,1,103520,9.65996908809892E-06,0,0,0,6380,0,0,0,16680,0,0,0,2068,0,0,0,8768,0,0,0,13228,0,0,0,39772,0,0,0,1838,0,0,1,14786,0,0
14,37203761,rs1172528856,T,C,gnomAD Exomes,PASS,NA,p.Lys74Arg,p.Lys74Arg,c.221A>G,missense_variant,,2,103146,1.93899908867043E-05,0,0,0,6310,0,0,0,16644,0,0,0,2080,0,0,0,8772,0,0,0,13216,0,0,1,39548,0,0,0,1832,0,0,1,14744,0,0
14,37203770,rs200682070,C,T,"gnomAD Exomes,gnomAD Genomes",PASS,PASS,p.Gly71Asp,p.Gly71Asp,c.212G>A,missense_variant,,179,112184,0.001595592954432,2,0,0,8772,0,0,0,16738,0,0,0,2062,0,0,0,9542,0,0,171,14312,2,0,8,44040,0,0,0,2210,0,0,0,14508,0,0
14,37283122,rs762441134,C,T,gnomAD Exomes,PASS,NA,c.203+1G>A,,c.203+1G>A,splice_donor_variant,,7,106322,6.58377381915314E-05,0,0,0,7104,0,0,0,15722,0,0,0,2300,0,0,0,8916,0,0,6,13374,0,0,1,42448,0,0,0,1852,0,0,0,14606,0,0
14,37283123,rs141677993,C,A,gnomAD Exomes,PASS,NA,p.Gly68Val,p.Gly68Val,c.203G>T,missense_variant,,1,106266,9.41034761824102E-06,0,0,0,7088,0,0,0,15720,0,0,0,2298,0,0,0,8928,0,0,0,13378,0,0,1,42436,0,0,0,1842,0,0,0,14576,0,0
14,37283123,rs141677993,C,T,gnomAD Exomes,PASS,NA,p.Gly68Glu,p.Gly68Glu,c.203G>A,missense_variant,,2,106266,1.8820695236482E-05,0,0,0,7088,0,0,0,15720,0,0,0,2298,0,0,0,8928,0,0,0,13378,0,0,2,42436,0,0,0,1842,0,0,0,14576,0,0
14,37283127,rs767241289,C,G,gnomAD Exomes,PASS,NA,p.Glu67Gln,p.Glu67Gln,c.199G>C,missense_variant,,1,106798,9.36347122605292E-06,0,0,0,7114,0,0,0,15902,0,0,0,2302,0,0,0,8928,0,0,0,13376,0,0,1,42524,0,0,0,1860,0,0,0,14792,0,0
14,37283138,rs532480794,A,C,gnomAD Exomes,PASS,NA,p.Ile63Ser,p.Ile63Ser,c.188T>G,missense_variant,,1,107276,9.32174950594728E-06,0,0,1,7128,0,0,0,16110,0,0,0,2302,0,0,0,8950,0,0,0,13378,0,0,0,42596,0,0,0,1864,0,0,0,14948,0,0
14,37283141,rs764192990,A,G,gnomAD Exomes,PASS,NA,p.Met62Thr,p.Met62Thr,c.185T>C,missense_variant,,2,107418,1.86188534510045E-05,0,0,0,7134,0,0,0,16150,0,0,0,2304,0,0,2,8950,0,0,0,13376,0,0,0,42628,0,0,0,1872,0,0,0,15004,0,0
14,37283144,rs147035536,C,T,"gnomAD Exomes,gnomAD Genomes",PASS,PASS,p.Arg61Gln,p.Arg61Gln,c.182G>A,missense_variant,,29,118234,0.000245276316457,0,0,21,9702,0,0,0,16348,0,0,0,2340,0,0,0,9860,0,0,0,14536,0,0,2,48130,0,0,0,2298,0,0,6,15020,0,0
14,37283145,rs148097801,G,A,gnomAD Exomes,PASS,NA,p.Arg61Ter,p.Arg61Ter,c.181C>T,stop_gained,,17,107512,0.000158121884069,0,0,0,7130,0,0,4,16180,0,0,3,2304,0,0,2,8944,0,0,0,13378,0,0,7,42620,0,0,0,1872,0,0,1,15084,0,0
14,37283158,rs191845006,C,G,gnomAD Exomes,PASS,NA,p.Leu56Phe,p.Leu56Phe,c.168G>C,missense_variant,,15,107502,0.000139532287771,0,0,0,7134,0,0,14,16208,0,0,0,2302,0,0,0,8958,0,0,0,13382,0,0,0,42596,0,0,1,1864,0,0,0,15058,0,0
14,37283168,rs748513653,T,C,gnomAD Exomes,PASS,NA,p.Tyr53Cys,p.Tyr53Cys,c.158A>G,missense_variant,,1,107912,9.2668099933279E-06,0,0,0,7140,0,0,1,16436,0,0,0,2302,0,0,0,8986,0,0,0,13382,0,0,0,42664,0,0,0,1892,0,0,0,15110,0,0
14,37283170,rs756470492,A,C,gnomAD Exomes,PASS,NA,p.Ser52Arg,p.Ser52Arg,c.156T>G,missense_variant,,3,108064,2.77613266212615E-05,0,0,0,7138,0,0,0,16500,0,0,0,2306,0,0,0,8978,0,0,0,13382,0,0,3,42672,0,0,0,1894,0,0,0,15194,0,0
14,37283170,rs756470492,A,T,gnomAD Exomes,PASS,NA,p.Ser52Arg,p.Ser52Arg,c.156T>A,missense_variant,,1,108064,9.25377554042049E-06,0,0,0,7138,0,0,0,16500,0,0,0,2306,0,0,0,8978,0,0,0,13382,0,0,1,42672,0,0,0,1894,0,0,0,15194,0,0
14,37283171,rs778313578,C,G,gnomAD Exomes,PASS,NA,p.Ser52Thr,p.Ser52Thr,c.155G>C,missense_variant,,3,107940,2.7793218454697E-05,0,0,0,7134,0,0,0,16424,0,0,0,2304,0,0,0,8970,0,0,1,13380,0,0,2,42664,0,0,0,1890,0,0,0,15174,0,0
14,37283181,rs118130312,C,A,gnomAD Exomes,PASS,NA,p.Asp49Tyr,p.Asp49Tyr,c.145G>T,missense_variant,,2,107084,1.8676926524971E-05,0,0,0,7124,0,0,0,16158,0,0,0,2292,0,0,0,8962,0,0,0,13374,0,0,0,42534,0,0,0,1876,0,0,2,14764,0,0
14,37283181,rs118130312,C,T,"gnomAD Exomes,gnomAD Genomes",PASS,PASS,p.Asp49Asn,p.Asp49Asn,c.145G>A,missense_variant,,428,117960,0.003628348592743,1,0,6,9698,0,0,28,16404,0,0,15,2330,0,0,0,9876,0,0,193,14536,1,0,158,48052,0,0,14,2300,0,0,14,14764,0,0
14,37283184,rs372749928,T,C,"gnomAD Exomes,gnomAD Genomes",PASS,PASS,p.Thr48Ala,p.Thr48Ala,c.142A>G,missense_variant,,5,117604,4.25155606952144E-05,0,0,1,9706,0,0,0,16274,0,0,0,2322,0,0,4,9886,0,0,0,14538,0,0,0,48004,0,0,0,2290,0,0,0,14584,0,0
14,37344162,rs749576440,T,C,gnomAD Exomes,PASS,NA,p.Arg40Gly,p.Arg40Gly,c.118A>G,missense_variant,,2,107750,1.85614849187935E-05,0,0,0,7110,0,0,2,16492,0,0,0,2302,0,0,0,8920,0,0,0,13384,0,0,0,42484,0,0,0,1850,0,0,0,15208,0,0
14,37344177,rs187279667,C,T,gnomAD Exomes,PASS,NA,p.Asp35Asn,p.Asp35Asn,c.103G>A,missense_variant,,1,108222,9.24026538042172E-06,0,0,0,7130,0,0,1,16620,0,0,0,2316,0,0,0,8932,0,0,0,13384,0,0,0,42540,0,0,0,1866,0,0,0,15434,0,0
14,37344183,rs115994496,G,A,"gnomAD Exomes,gnomAD Genomes",PASS,PASS,p.Pro33Ser,p.Pro33Ser,c.97C>T,missense_variant,,69,118576,0.000581905275941,0,0,60,9664,0,0,7,16692,0,0,0,2348,0,0,0,9790,0,0,0,14554,0,0,2,47946,0,0,0,2268,0,0,0,15314,0,0
14,37344200,rs771693907,T,C,gnomAD Exomes,PASS,NA,p.Glu27Gly,p.Glu27Gly,c.80A>G,missense_variant,,1,105204,9.50534200220524E-06,0,0,1,6952,0,0,0,15742,0,0,0,2278,0,0,0,8530,0,0,0,13374,0,0,0,41656,0,0,0,1752,0,0,0,14920,0,0
14,37344204,rs138873238,C,A,"gnomAD Exomes,gnomAD Genomes",PASS,PASS,p.Val26Leu,p.Val26Leu,c.76G>T,missense_variant,,44,112410,0.000391424250512,0,0,40,9160,0,0,3,15474,0,0,0,2290,0,0,0,9100,0,0,0,14282,0,0,1,45472,0,0,0,2022,0,0,0,14610,0,0
14,37344206,rs746626432,A,T,"gnomAD Exomes,gnomAD Genomes",PASS,PASS,p.Leu25His,p.Leu25His,c.74T>A,missense_variant,,5,109296,4.5747328356024E-05,0,0,0,8808,0,0,0,14960,0,0,0,2240,0,0,0,8722,0,0,0,14100,0,0,5,44200,0,0,0,1912,0,0,0,14354,0,0
14,37344209,rs768382398,C,A,"gnomAD Exomes,gnomAD Genomes",PASS,PASS,p.Gly24Val,p.Gly24Val,c.71G>T,missense_variant,,1,103162,9.69349178961246E-06,0,0,0,8276,0,0,0,13822,0,0,0,2158,0,0,0,8038,0,0,0,13694,0,0,1,41766,0,0,0,1724,0,0,0,13684,0,0
14,37344209,rs768382398,C,T,gnomAD Exomes,PASS,NA,p.Gly24Asp,p.Gly24Asp,c.71G>A,missense_variant,,0,96452,0,0,0,0,6406,0,0,0,13680,0,0,0,2122,0,0,0,7380,0,0,0,13058,0,0,0,38626,0,0,0,1496,0,0,0,13684,0,0
14,37641486,rs1435156832,C,G,gnomAD Exomes,PASS,NA,p.Gly24Arg,p.Gly24Arg,c.70G>C,missense_variant,,0,94216,0,0,0,0,5184,0,0,0,15754,0,0,0,1900,0,0,0,7856,0,0,0,12442,0,0,0,35658,0,0,0,1674,0,0,0,13748,0,0
14,37641494,rs200035848,C,G,"gnomAD Exomes,gnomAD Genomes",PASS,PASS,p.Gly21Ala,p.Gly21Ala,c.62G>C,missense_variant,,34,106300,0.000319849482596,0,0,1,7840,0,0,0,16138,0,0,0,1968,0,0,33,8900,0,0,0,13662,0,0,0,41788,0,0,0,2124,0,0,0,13880,0,0
14,37641494,rs200035848,C,T,gnomAD Exomes,PASS,NA,p.Gly21Asp,p.Gly21Asp,c.62G>A,missense_variant,,1,95426,1.04793242931696E-05,0,0,0,5266,0,0,0,15892,0,0,0,1930,0,0,0,7986,0,0,0,12500,0,0,1,36272,0,0,0,1700,0,0,0,13880,0,0
14,37641504,rs532455995,C,A,gnomAD Exomes,PASS,NA,p.Val18Leu,p.Val18Leu,c.52G>T,missense_variant,,4,97344,4.10913872452334E-05,0,0,0,5438,0,0,4,16104,0,0,0,1980,0,0,0,8190,0,0,0,12644,0,0,0,37246,0,0,0,1716,0,0,0,14026,0,0
14,37641505,rs775569926,G,C,gnomAD Exomes,PASS,NA,p.Ile17Met,p.Ile17Met,c.51C>G,missense_variant,,0,97536,0,0,0,0,5472,0,0,0,16132,0,0,0,1982,0,0,0,8182,0,0,0,12664,0,0,0,37366,0,0,0,1724,0,0,0,14014,0,0
14,37641520,rs1419292260,C,G,gnomAD Exomes,PASS,NA,p.Glu12Asp,p.Glu12Asp,c.36G>C,missense_variant,,1,99586,1.00415721085293E-05,0,0,0,5684,0,0,0,16278,0,0,0,2048,0,0,1,8334,0,0,0,12812,0,0,0,38396,0,0,0,1772,0,0,0,14262,0,0
14,37641525,rs1416644858,G,T,gnomAD Exomes,PASS,NA,p.Arg11Ser,p.Arg11Ser,c.31C>A,missense_variant,,2,99438,2.01130352581508E-05,0,0,0,5674,0,0,0,16246,0,0,0,2046,0,0,0,8320,0,0,2,12816,0,0,0,38338,0,0,0,1772,0,0,0,14226,0,0
14,37641531,rs1382125404,A,T,gnomAD Exomes,PASS,NA,p.Leu9Ile,p.Leu9Ile,c.25T>A,missense_variant,,1,99606,1.00395558500492E-05,0,0,0,5732,0,0,0,16256,0,0,0,2046,0,0,0,8312,0,0,0,12826,0,0,1,38410,0,0,0,1772,0,0,0,14252,0,0
14,37641537,rs1381228940,C,T,gnomAD Exomes,PASS,NA,p.Val7Ile,p.Val7Ile,c.19G>A,missense_variant,,1,99498,1.00504532754427E-05,0,0,0,5738,0,0,0,16212,0,0,0,2036,0,0,0,8252,0,0,0,12818,0,0,0,38438,0,0,0,1768,0,0,1,14236,0,0
14,37641546,rs1240048818,T,C,gnomAD Exomes,PASS,NA,p.Lys4Glu,p.Lys4Glu,c.10A>G,missense_variant,,0,97316,0,0,0,0,5514,0,0,0,16016,0,0,0,1980,0,0,0,8070,0,0,0,12676,0,0,0,37356,0,0,0,1746,0,0,0,13958,0,0
14,37641555,rs758995590,T,C,gnomAD Exomes,PASS,NA,p.Met1?,p.Met1?,c.1A>G,start_lost,,1,94156,1.0620672076129E-05,0,0,0,5202,0,0,0,15692,0,0,0,1880,0,0,0,7766,0,0,0,12530,0,0,0,35788,0,0,0,1702,0,0,1,13596,0,0
