Chromosome,Position,rsID,Reference,Alternate,Source,Filters - exomes,Filters - genomes,Consequence,Protein Consequence,Transcript Consequence,Annotation,Flags,Allele Count,Allele Number,Allele Frequency,Homozygote Count,Hemizygote Count,Allele Count African,Allele Number African,Homozygote Count African,Hemizygote Count African,Allele Count Latino,Allele Number Latino,Homozygote Count Latino,Hemizygote Count Latino,Allele Count Ashkenazi Jewish,Allele Number Ashkenazi Jewish,Homozygote Count Ashkenazi Jewish,Hemizygote Count Ashkenazi Jewish,Allele Count East Asian,Allele Number East Asian,Homozygote Count East Asian,Hemizygote Count East Asian,Allele Count European (Finnish),Allele Number European (Finnish),Homozygote Count European (Finnish),Hemizygote Count European (Finnish),Allele Count European (non-Finnish),Allele Number European (non-Finnish),Homozygote Count European (non-Finnish),Hemizygote Count European (non-Finnish),Allele Count Other,Allele Number Other,Homozygote Count Other,Hemizygote Count Other,Allele Count South Asian,Allele Number South Asian,Homozygote Count South Asian,Hemizygote Count South Asian
11,63606994,rs1205211678,A,AC,gnomAD Genomes,NA,PASS,p.Leu8ProfsTer18,p.Leu8ProfsTer18,c.22dupC,frameshift_variant,,1,10362,9.65064659332175E-05,0,0,1,2500,0,0,0,242,0,0,0,38,0,0,0,898,0,0,0,1098,0,0,0,5178,0,0,0,408,0,0,0,0,0,0
11,63607000,rs920878735,C,T,gnomAD Genomes,NA,PASS,p.Leu8Leu,c.22C>T(p.=),c.22C>T,synonymous_variant,,1,10746,9.30578820026056E-05,0,0,0,2558,0,0,0,244,0,0,0,38,0,0,0,914,0,0,0,1152,0,0,1,5422,0,0,0,418,0,0,0,0,0,0
11,63607014,rs529371529,C,G,gnomAD Exomes,PASS,NA,p.Asn12Lys,p.Asn12Lys,c.36C>G,missense_variant,,13,58516,0.000222161460113,0,0,0,2236,0,0,0,11336,0,0,0,1374,0,0,0,3146,0,0,0,10458,0,0,0,17962,0,0,0,1150,0,0,13,10854,0,0
11,63607019,rs1379537077,G,A,gnomAD Exomes,PASS,NA,p.Arg14Lys,p.Arg14Lys,c.41G>A,missense_variant,,0,58162,0,0,0,0,2174,0,0,0,11298,0,0,0,1382,0,0,0,3082,0,0,0,10494,0,0,0,17764,0,0,0,1140,0,0,0,10828,0,0
11,63607026,rs371242678,G,A,"gnomAD Exomes,gnomAD Genomes",PASS,PASS,p.Thr16Thr,c.48G>A(p.=),c.48G>A,synonymous_variant,,6,68106,8.80979649370099E-05,0,0,0,4694,0,0,0,11408,0,0,5,1398,0,0,0,3860,0,0,0,11616,0,0,1,22874,0,0,0,1548,0,0,0,10708,0,0
11,63607029,rs1309105541,G,T,gnomAD Exomes,PASS,NA,p.Glu17Asp,p.Glu17Asp,c.51G>T,missense_variant,,1,57330,1.74428745857317E-05,0,0,0,2124,0,0,0,11142,0,0,0,1368,0,0,0,3032,0,0,0,10430,0,0,1,17380,0,0,0,1122,0,0,0,10732,0,0
11,63607030,rs1352379758,C,G,gnomAD Exomes,PASS,NA,p.Gln18Glu,p.Gln18Glu,c.52C>G,missense_variant,,1,57266,1.74623685956763E-05,0,0,0,2112,0,0,0,11150,0,0,0,1368,0,0,0,2998,0,0,0,10452,0,0,1,17338,0,0,0,1122,0,0,0,10726,0,0
11,63636229,rs1464406586,G,A,gnomAD Exomes,PASS,NA,p.Gly2Ser,p.Gly2Ser,c.4G>A,missense_variant,,1,52702,1.89746119691852E-05,0,0,0,2368,0,0,1,12092,0,0,0,1454,0,0,0,3996,0,0,0,1508,0,0,0,18968,0,0,0,1270,0,0,0,11046,0,0
11,63636230,rs1170485582,G,C,gnomAD Exomes,PASS,NA,p.Gly2Ala,p.Gly2Ala,c.5G>C,missense_variant,,1,52718,1.8968853143139E-05,0,0,0,2368,0,0,1,12102,0,0,0,1452,0,0,0,3996,0,0,0,1508,0,0,0,18978,0,0,0,1268,0,0,0,11046,0,0
11,63636230,rs1170485582,G,A,gnomAD Exomes,PASS,NA,p.Gly2Asp,p.Gly2Asp,c.5G>A,missense_variant,,3,52718,5.69065594294169E-05,0,0,0,2368,0,0,3,12102,0,0,0,1452,0,0,0,3996,0,0,0,1508,0,0,0,18978,0,0,0,1268,0,0,0,11046,0,0
11,63636232,rs912501807,G,A,gnomAD Exomes,PASS,NA,p.Gly3Arg,p.Gly3Arg,c.7G>A,missense_variant,,2,52730,3.79290726341741E-05,0,0,0,2368,0,0,0,12106,0,0,1,1452,0,0,0,3994,0,0,0,1508,0,0,1,18976,0,0,0,1270,0,0,0,11056,0,0
11,63636234,rs965557622,G,A,gnomAD Exomes,PASS,NA,p.Gly3Gly,c.9G>A(p.=),c.9G>A,synonymous_variant,,4,52750,7.58293838862559E-05,0,0,4,2368,0,0,0,12118,0,0,0,1454,0,0,0,3996,0,0,0,1508,0,0,0,18976,0,0,0,1270,0,0,0,11060,0,0
11,63636235,rs565387321,CAGAGG,C,gnomAD Exomes,PASS,NA,p.Arg5HisfsTer2,p.Arg5HisfsTer2,c.12_16delGAGGA,frameshift_variant,lof_flag,5,52756,9.47759496550155E-05,0,0,0,2368,0,0,0,12120,0,0,0,1452,0,0,0,3996,0,0,0,1508,0,0,5,18980,0,0,0,1272,0,0,0,11060,0,0
11,63636247,rs113095684,AGTGTT,A,"gnomAD Exomes,gnomAD Genomes",PASS,PASS,p.Ser8ArgfsTer21,p.Ser8ArgfsTer21,c.24_28delTGTTG,frameshift_variant,lof_flag,11,63630,0.0001728744303,0,0,0,4940,0,0,0,12374,0,0,0,1492,0,0,11,4912,0,0,0,2668,0,0,0,24488,0,0,0,1694,0,0,0,11062,0,0
11,63636268,rs755156712,C,T,gnomAD Exomes,PASS,NA,p.Arg15Cys,p.Arg15Cys,c.43C>T,missense_variant,,4,52768,7.58035172832019E-05,0,0,0,2368,0,0,0,12128,0,0,0,1454,0,0,0,3996,0,0,0,1506,0,0,0,18984,0,0,0,1270,0,0,4,11062,0,0
11,63636269,rs779013654,G,A,gnomAD Exomes,PASS,NA,p.Arg15His,p.Arg15His,c.44G>A,missense_variant,,1,52770,1.89501610763691E-05,0,0,0,2368,0,0,0,12130,0,0,0,1454,0,0,0,3996,0,0,0,1506,0,0,0,18984,0,0,0,1270,0,0,1,11062,0,0
11,63636277,rs1336892702,G,A,gnomAD Genomes,NA,PASS,p.Asp18Asn,p.Asp18Asn,c.52G>A,missense_variant,,1,10876,9.19455682236116E-05,0,0,0,2572,0,0,0,246,0,0,0,38,0,0,0,916,0,0,0,1162,0,0,1,5518,0,0,0,424,0,0,0,0,0,0
11,63636278,rs925234206,A,T,gnomAD Exomes,PASS,NA,p.Asp18Val,p.Asp18Val,c.53A>T,missense_variant,,2,52772,3.78988857727583E-05,0,0,0,2368,0,0,0,12130,0,0,0,1454,0,0,0,3996,0,0,2,1506,0,0,0,18986,0,0,0,1270,0,0,0,11062,0,0
11,63636279,rs1488199534,T,A,gnomAD Exomes,PASS,NA,p.Asp18Glu,p.Asp18Glu,c.54T>A,missense_variant,,1,52774,1.89487247508243E-05,0,0,0,2368,0,0,0,12130,0,0,0,1454,0,0,0,3996,0,0,0,1506,0,0,0,18988,0,0,0,1270,0,0,1,11062,0,0
11,63636282,rs542363751,T,C,gnomAD Exomes,PASS,NA,p.His19His,c.57T>C(p.=),c.57T>C,synonymous_variant,,223,52776,0.004225405487343,9,0,0,2368,0,0,0,12130,0,0,0,1454,0,0,1,3996,0,0,0,1506,0,0,1,18990,0,0,1,1270,0,0,220,11062,9,0
11,63636284,rs1265413052,T,C,gnomAD Genomes,NA,PASS,p.Val20Ala,p.Val20Ala,c.59T>C,missense_variant,,1,10872,9.19793966151582E-05,0,0,1,2570,0,0,0,246,0,0,0,38,0,0,0,916,0,0,0,1162,0,0,0,5516,0,0,0,424,0,0,0,0,0,0
11,63636297,rs1415043217,G,T,gnomAD Exomes,PASS,NA,p.Lys24Asn,p.Lys24Asn,c.72G>T,missense_variant,,2,52774,3.78974495016485E-05,0,0,0,2368,0,0,2,12130,0,0,0,1454,0,0,0,3996,0,0,0,1506,0,0,0,18986,0,0,0,1272,0,0,0,11062,0,0
11,63636317,rs1407388420,G,A,gnomAD Exomes,PASS,NA,p.Gly31Glu,p.Gly31Glu,c.92G>A,missense_variant,,2,52766,3.79031952393587E-05,0,0,0,2368,0,0,2,12130,0,0,0,1454,0,0,0,3996,0,0,0,1506,0,0,0,18980,0,0,0,1270,0,0,0,11062,0,0
11,63636331,rs140759100,G,A,"gnomAD Exomes,gnomAD Genomes",PASS,PASS,p.Glu36Lys,p.Glu36Lys,c.106G>A,missense_variant,,33,63642,0.000518525502027,0,0,0,4940,0,0,13,12376,0,0,0,1492,0,0,0,4912,0,0,1,2668,0,0,18,24500,0,0,1,1694,0,0,0,11060,0,0
11,63636340,rs1487934172,AC,A,gnomAD Exomes,PASS,NA,p.Thr39ArgfsTer12,p.Thr39ArgfsTer12,c.116delC,frameshift_variant,lof_flag,1,52766,1.89515976196793E-05,0,0,0,2370,0,0,0,12130,0,0,0,1454,0,0,0,3996,0,0,0,1506,0,0,1,18978,0,0,0,1270,0,0,0,11062,0,0
11,63636341,rs746833188,C,T,gnomAD Exomes,PASS,NA,p.Thr39Met,p.Thr39Met,c.116C>T,missense_variant,,8,52764,0.000151618527784,0,0,1,2370,0,0,1,12130,0,0,0,1454,0,0,0,3996,0,0,0,1506,0,0,6,18978,0,0,0,1270,0,0,0,11060,0,0
11,63636342,rs1014324627,G,A,gnomAD Exomes,PASS,NA,p.Thr39Thr,c.117G>A(p.=),c.117G>A,synonymous_variant,,1,52764,1.89523159730119E-05,0,0,0,2370,0,0,1,12130,0,0,0,1454,0,0,0,3996,0,0,0,1506,0,0,0,18976,0,0,0,1270,0,0,0,11062,0,0
11,63636344,rs1298345537,G,A,gnomAD Genomes,NA,PASS,p.Gly40Glu,p.Gly40Glu,c.119G>A,missense_variant,,1,10876,9.19455682236116E-05,0,0,0,2570,0,0,0,246,0,0,0,38,0,0,0,914,0,0,0,1162,0,0,1,5522,0,0,0,424,0,0,0,0,0,0
11,63636347,rs1438369291,G,T,gnomAD Genomes,NA,PASS,p.Arg41Ile,p.Arg41Ile,c.122G>T,missense_variant,,1,10870,9.19963201471941E-05,0,0,1,2572,0,0,0,246,0,0,0,38,0,0,0,916,0,0,0,1162,0,0,0,5514,0,0,0,422,0,0,0,0,0,0
11,63636370,rs747583876,C,T,gnomAD Exomes,PASS,NA,p.Arg49Cys,p.Arg49Cys,c.145C>T,missense_variant,,4,52760,7.58150113722517E-05,0,0,0,2370,0,0,0,12128,0,0,3,1454,0,0,1,3996,0,0,0,1506,0,0,0,18974,0,0,0,1270,0,0,0,11062,0,0
11,63636371,rs1277125956,G,A,gnomAD Exomes,PASS,NA,p.Arg49His,p.Arg49His,c.146G>A,missense_variant,,1,52764,1.89523159730119E-05,0,0,0,2370,0,0,0,12130,0,0,0,1454,0,0,0,3996,0,0,0,1506,0,0,1,18978,0,0,0,1268,0,0,0,11062,0,0
11,63656398,rs1351646559,T,C,gnomAD Exomes,PASS,NA,p.Met1?,p.Met1?,c.2T>C,start_lost,,1,96228,1.03919857006277E-05,0,0,0,6472,0,0,0,16792,0,0,0,2256,0,0,0,8412,0,0,0,3392,0,0,1,41916,0,0,0,1812,0,0,0,15176,0,0
11,63656405,rs114737415,C,T,"gnomAD Exomes,gnomAD Genomes",PASS,PASS,p.Val3Val,c.9C>T(p.=),c.9C>T,synonymous_variant,,268,107276,0.002498228867594,2,0,243,9090,2,0,19,17048,0,0,0,2312,0,0,0,9340,0,0,0,4554,0,0,2,47482,0,0,1,2236,0,0,3,15214,0,0
11,63656406,rs565506080,G,A,gnomAD Exomes,PASS,NA,p.Ala4Thr,p.Ala4Thr,c.10G>A,missense_variant,,3,96464,3.10996848565268E-05,0,0,0,6520,0,0,0,16796,0,0,0,2280,0,0,0,8428,0,0,0,3400,0,0,3,41982,0,0,0,1816,0,0,0,15242,0,0
11,63656407,rs759758978,C,T,gnomAD Exomes,PASS,NA,p.Ala4Val,p.Ala4Val,c.11C>T,missense_variant,,1,96540,1.03584006629376E-05,0,0,0,6528,0,0,0,16808,0,0,0,2282,0,0,0,8430,0,0,0,3402,0,0,1,42022,0,0,0,1816,0,0,0,15252,0,0
11,63656415,rs753007119,C,T,"gnomAD Exomes,gnomAD Genomes",PASS,PASS,p.Pro7Ser,p.Pro7Ser,c.19C>T,missense_variant,,5,107582,4.64761763120225E-05,0,0,0,9140,0,0,0,17082,0,0,0,2332,0,0,0,9354,0,0,1,4566,0,0,4,47592,0,0,0,2242,0,0,0,15274,0,0
11,63656423,rs758469851,C,G,gnomAD Exomes,PASS,NA,p.Pro9Pro,c.27C>G(p.=),c.27C>G,synonymous_variant,,1,96788,1.03318593214035E-05,0,0,1,6588,0,0,0,16856,0,0,0,2300,0,0,0,8440,0,0,0,3410,0,0,0,42076,0,0,0,1816,0,0,0,15302,0,0
11,63656428,rs777889705,T,G,gnomAD Exomes,PASS,NA,p.Leu11Arg,p.Leu11Arg,c.32T>G,missense_variant,,1,96798,1.03307919585115E-05,0,0,0,6578,0,0,0,16858,0,0,0,2294,0,0,0,8442,0,0,0,3406,0,0,1,42092,0,0,0,1822,0,0,0,15306,0,0
11,63656430,rs1368145907,C,T,gnomAD Genomes,NA,PASS,p.Gln12Ter,p.Gln12Ter,c.34C>T,stop_gained,lof_flag,1,10874,9.19624793084421E-05,0,0,0,2574,0,0,0,246,0,0,0,38,0,0,0,916,0,0,0,1162,0,0,1,5514,0,0,0,424,0,0,0,0,0,0
11,63656434,rs752005710,C,T,gnomAD Exomes,PASS,NA,p.Ser13Leu,p.Ser13Leu,c.38C>T,missense_variant,,8,96822,8.26258494970151E-05,0,0,0,6608,0,0,0,16854,0,0,0,2296,0,0,2,8442,0,0,0,3406,0,0,6,42102,0,0,0,1820,0,0,0,15294,0,0
11,63656436,rs746196396,G,T,gnomAD Exomes,PASS,NA,p.Val14Leu,p.Val14Leu,c.40G>T,missense_variant,,1,96798,1.03307919585115E-05,0,0,1,6610,0,0,0,16846,0,0,0,2298,0,0,0,8434,0,0,0,3406,0,0,0,42084,0,0,0,1820,0,0,0,15300,0,0
11,63656437,rs756539364,G,A,gnomAD Exomes,PASS,NA,c.-46+1G>A,,c.-46+1G>A,splice_donor_variant,,1,96796,1.03310054134468E-05,0,0,0,6606,0,0,0,16856,0,0,0,2294,0,0,0,8432,0,0,0,3406,0,0,1,42072,0,0,0,1820,0,0,0,15310,0,0
11,63657700,rs201209023,G,T,gnomAD Exomes,PASS,NA,p.Cys16Phe,p.Cys16Phe,c.47G>T,missense_variant,,6620,58034,0.114071061791364,0,0,492,3502,0,0,777,13066,0,0,95,1206,0,0,734,5502,0,0,480,1430,0,0,3121,24184,0,0,82,1302,0,0,839,7842,0,0
11,63657701,rs370380204,C,T,gnomAD Exomes,PASS,NA,p.Cys16Cys,c.48C>T(p.=),c.48C>T,synonymous_variant,,4090,59498,0.068741806447276,0,0,328,3500,0,0,508,12868,0,0,38,1362,0,0,512,5602,0,0,327,1388,0,0,1929,24886,0,0,49,1338,0,0,399,8554,0,0
11,63657702,rs747731658,C,T,gnomAD Exomes,PASS,NA,p.Leu17Phe,p.Leu17Phe,c.49C>T,missense_variant,,1950,63938,0.030498295223498,0,0,166,3704,0,0,253,13112,0,0,15,1536,0,0,229,5898,0,0,181,1520,0,0,912,27040,0,0,27,1432,0,0,167,9696,0,0
11,63657708,rs746499580,A,G,gnomAD Exomes,PASS,NA,p.Thr19Ala,p.Thr19Ala,c.55A>G,missense_variant,,2,81826,2.44421088651529E-05,0,0,0,4812,0,0,0,15038,0,0,0,1808,0,0,0,7418,0,0,0,2656,0,0,0,35442,0,0,0,1672,0,0,2,12980,0,0
11,63657711,rs776431018,C,G,gnomAD Exomes,PASS,NA,p.Leu20Val,p.Leu20Val,c.58C>G,missense_variant,,2,89910,2.22444666889111E-05,0,0,0,5498,0,0,0,16174,0,0,0,1978,0,0,0,8058,0,0,0,3126,0,0,1,39196,0,0,0,1762,0,0,1,14118,0,0
11,63657725,rs528133464,T,C,gnomAD Exomes,PASS,NA,p.Pro24Pro,c.72T>C(p.=),c.72T>C,synonymous_variant,,1,91954,1.08750027187507E-05,0,0,0,5702,0,0,1,16384,0,0,0,2032,0,0,0,8280,0,0,0,3232,0,0,0,40206,0,0,0,1766,0,0,0,14352,0,0
11,63657733,rs763123215,G,A,gnomAD Exomes,PASS,NA,p.Gly27Glu,p.Gly27Glu,c.80G>A,missense_variant,,13,92560,0.000140449438202,0,0,0,5778,0,0,0,16452,0,0,0,2040,0,0,0,8298,0,0,0,3278,0,0,7,40450,0,0,0,1782,0,0,6,14482,0,0
11,63657736,rs764278184,A,C,gnomAD Exomes,PASS,NA,p.Asn28Thr,p.Asn28Thr,c.83A>C,missense_variant,,2,92674,2.15810259619742E-05,0,0,0,5806,0,0,1,16452,0,0,0,2044,0,0,0,8304,0,0,0,3296,0,0,0,40492,0,0,1,1772,0,0,0,14508,0,0
11,63657742,rs1461257752,T,A,gnomAD Exomes,PASS,NA,p.Leu30Ter,p.Leu30Ter,c.89T>A,stop_gained,lof_flag,1,92880,1.07665805340224E-05,0,0,0,5862,0,0,0,16498,0,0,0,2060,0,0,1,8320,0,0,0,3312,0,0,0,40498,0,0,0,1784,0,0,0,14546,0,0
11,63657745,rs774596270,A,G,gnomAD Exomes,PASS,NA,p.Gln31Arg,p.Gln31Arg,c.92A>G,missense_variant,,1,92848,1.07702912286748E-05,0,0,0,5846,0,0,0,16490,0,0,0,2052,0,0,0,8330,0,0,0,3308,0,0,1,40488,0,0,0,1784,0,0,0,14550,0,0
11,63657750,rs537261940,A,T,gnomAD Exomes,PASS,NA,p.Arg33Ter,p.Arg33Ter,c.97A>T,stop_gained,lof_flag,7,92984,7.52817689064785E-05,0,0,1,5886,0,0,0,16496,0,0,0,2060,0,0,0,8334,0,0,0,3318,0,0,6,40510,0,0,0,1778,0,0,0,14602,0,0
11,63657751,rs750834234,G,A,gnomAD Exomes,PASS,NA,p.Arg33Lys,p.Arg33Lys,c.98G>A,missense_variant,,0,92828,0,0,0,0,5874,0,0,0,16488,0,0,0,2058,0,0,0,8332,0,0,0,3310,0,0,0,40392,0,0,0,1782,0,0,0,14592,0,0
11,63657752,rs556631045,A,T,gnomAD Exomes,PASS,NA,p.Arg33Ser,p.Arg33Ser,c.99A>T,missense_variant,,4,92840,4.30848772081E-05,0,0,0,5882,0,0,0,16500,0,0,0,2056,0,0,0,8336,0,0,0,3312,0,0,4,40380,0,0,0,1782,0,0,0,14592,0,0
11,63657753,rs766807125,A,C,gnomAD Exomes,PASS,NA,p.Arg34Arg,c.100A>C(p.=),c.100A>C,synonymous_variant,,2,92818,2.15475446572863E-05,0,0,0,5884,0,0,2,16492,0,0,0,2062,0,0,0,8334,0,0,0,3314,0,0,0,40356,0,0,0,1782,0,0,0,14594,0,0
11,63657754,rs1276487807,G,A,gnomAD Exomes,PASS,NA,p.Arg34Lys,p.Arg34Lys,c.101G>A,missense_variant,,1,92764,1.07800439825794E-05,0,0,0,5898,0,0,1,16480,0,0,0,2066,0,0,0,8338,0,0,0,3306,0,0,0,40290,0,0,0,1782,0,0,0,14604,0,0
11,63657757,rs916615394,G,C,gnomAD Exomes,PASS,NA,p.Arg35Thr,p.Arg35Thr,c.104G>C,missense_variant,,6,92234,6.50519331266127E-05,0,0,0,5846,0,0,6,16432,0,0,0,2048,0,0,0,8324,0,0,0,3296,0,0,0,39950,0,0,0,1770,0,0,0,14568,0,0
11,63657760,rs71454584,G,A,gnomAD Exomes,PASS,NA,p.Gly36Asp,p.Gly36Asp,c.107G>A,missense_variant,,0,92360,0,0,0,0,5860,0,0,0,16444,0,0,0,2048,0,0,0,8322,0,0,0,3302,0,0,0,40008,0,0,0,1770,0,0,0,14606,0,0
11,63657760,rs71454584,G,C,"gnomAD Exomes,gnomAD Genomes",PASS,PASS,p.Gly36Ala,p.Gly36Ala,c.107G>C,missense_variant,,35,103230,0.000339048726146,0,0,3,8434,0,0,6,16690,0,0,0,2086,0,0,0,9234,0,0,0,4464,0,0,26,45522,0,0,0,2194,0,0,0,14606,0,0
11,63657762,rs543400512,G,A,gnomAD Exomes,PASS,NA,p.Ala37Thr,p.Ala37Thr,c.109G>A,missense_variant,,26,92050,0.000282455187398,0,0,0,5826,0,0,0,16436,0,0,0,2038,0,0,0,8308,0,0,0,3294,0,0,0,39814,0,0,1,1762,0,0,25,14572,0,0
11,63662636,rs751115088,C,T,gnomAD Exomes,PASS,NA,p.Thr20Thr,c.60C>T(p.=),c.60C>T,synonymous_variant,,2,109138,1.83254228591325E-05,0,0,0,7164,0,0,1,17046,0,0,0,2302,0,0,0,9046,0,0,0,13384,0,0,1,42634,0,0,0,1906,0,0,0,15656,0,0
11,63662641,rs1050929076,G,T,gnomAD Exomes,PASS,NA,p.Gly22Val,p.Gly22Val,c.65G>T,missense_variant,,2,109192,1.83163601729064E-05,0,0,0,7160,0,0,0,17048,0,0,0,2310,0,0,0,9046,0,0,0,13388,0,0,2,42680,0,0,0,1908,0,0,0,15652,0,0
11,63662653,rs1304282965,C,G,gnomAD Exomes,PASS,NA,p.Ser26Cys,p.Ser26Cys,c.77C>G,missense_variant,,1,109300,9.14913083257091E-06,0,0,0,7164,0,0,1,17078,0,0,0,2318,0,0,0,9046,0,0,0,13392,0,0,0,42714,0,0,0,1910,0,0,0,15678,0,0
11,63662666,rs1233551529,T,G,gnomAD Exomes,PASS,NA,p.Ser30Arg,p.Ser30Arg,c.90T>G,missense_variant,,1,109362,9.14394396591138E-06,0,0,0,7164,0,0,1,17088,0,0,0,2320,0,0,0,9046,0,0,0,13392,0,0,0,42752,0,0,0,1914,0,0,0,15686,0,0
11,63662670,rs749972779,T,C,gnomAD Exomes,PASS,NA,p.Ser32Pro,p.Ser32Pro,c.94T>C,missense_variant,,1,109378,9.14260637422516E-06,0,0,0,7164,0,0,0,17100,0,0,0,2320,0,0,0,9046,0,0,0,13394,0,0,1,42758,0,0,0,1912,0,0,0,15684,0,0
11,63662675,rs911955113,C,T,gnomAD Exomes,PASS,NA,p.Asn33Asn,c.99C>T(p.=),c.99C>T,synonymous_variant,,1,109376,9.14277355178467E-06,0,0,0,7164,0,0,0,17100,0,0,0,2318,0,0,0,9046,0,0,0,13394,0,0,1,42752,0,0,0,1914,0,0,0,15688,0,0
11,63662682,rs755618580,C,T,gnomAD Exomes,PASS,NA,p.Arg36Trp,p.Arg36Trp,c.106C>T,missense_variant,,2,109388,1.82835411562511E-05,0,0,0,7164,0,0,0,17104,0,0,0,2320,0,0,0,9046,0,0,0,13390,0,0,2,42764,0,0,0,1914,0,0,0,15686,0,0
11,63662689,rs749281261,G,A,gnomAD Exomes,PASS,NA,p.Arg38His,p.Arg38His,c.113G>A,missense_variant,,1,109390,9.14160343724289E-06,0,0,0,7162,0,0,0,17106,0,0,0,2318,0,0,1,9046,0,0,0,13390,0,0,0,42764,0,0,0,1914,0,0,0,15690,0,0
11,63662694,rs958632284,TCAG,T,gnomAD Exomes,PASS,NA,p.Ala41del,p.Ala41del,c.120_122delAGC,inframe_deletion,,1,109402,9.14060072027934E-06,0,0,0,7164,0,0,0,17108,0,0,0,2320,0,0,0,9046,0,0,0,13392,0,0,1,42768,0,0,0,1914,0,0,0,15690,0,0
11,63662701,rs768381834,C,T,gnomAD Exomes,PASS,NA,p.Thr42Ile,p.Thr42Ile,c.125C>T,missense_variant,,1,109404,9.14043362217103E-06,0,0,0,7164,0,0,0,17110,0,0,0,2320,0,0,0,9046,0,0,0,13392,0,0,1,42768,0,0,0,1914,0,0,0,15690,0,0
11,63662724,rs141830377,A,G,"gnomAD Exomes,gnomAD Genomes",PASS,PASS,p.Ile50Val,p.Ile50Val,c.148A>G,missense_variant,,8,120262,6.65214282150638E-05,0,0,6,9738,0,0,0,17358,0,0,0,2358,0,0,0,9960,0,0,0,14552,0,0,0,48272,0,0,0,2334,0,0,2,15690,0,0
11,63662735,rs56089339,C,T,"gnomAD Exomes,gnomAD Genomes",PASS,PASS,p.Tyr53Tyr,c.159C>T(p.=),c.159C>T,synonymous_variant,,20,120272,0.000166289743249,0,0,1,9738,0,0,0,17358,0,0,0,2358,0,0,0,9960,0,0,0,14554,0,0,18,48278,0,0,1,2336,0,0,0,15690,0,0
11,63662753,rs1302974640,T,C,gnomAD Exomes,PASS,NA,p.Ile59Ile,c.177T>C(p.=),c.177T>C,synonymous_variant,,1,109402,9.14060072027934E-06,0,0,0,7164,0,0,0,17106,0,0,0,2320,0,0,0,9046,0,0,0,13394,0,0,0,42768,0,0,0,1914,0,0,1,15690,0,0
11,63662768,rs1222522372,T,C,gnomAD Exomes,PASS,NA,p.Phe64Phe,c.192T>C(p.=),c.192T>C,synonymous_variant,,1,109394,9.14126917381209E-06,0,0,0,7162,0,0,0,17104,0,0,0,2320,0,0,0,9046,0,0,0,13394,0,0,1,42766,0,0,0,1914,0,0,0,15688,0,0
11,63662788,rs777269235,G,A,gnomAD Exomes,PASS,NA,p.Arg71Gln,p.Arg71Gln,c.212G>A,missense_variant,,1,109306,9.14862862056978E-06,0,0,1,7164,0,0,0,17096,0,0,0,2318,0,0,0,9046,0,0,0,13386,0,0,0,42710,0,0,0,1912,0,0,0,15674,0,0
11,63663076,rs1449043730,A,T,gnomAD Genomes,NA,PASS,p.Thr87Ser,p.Thr87Ser,c.259A>T,missense_variant,,1,10594,9.43930526713234E-05,0,0,0,2492,0,0,0,244,0,0,0,38,0,0,0,912,0,0,0,1144,0,0,1,5344,0,0,0,420,0,0,0,0,0,0
11,63663084,rs765831400,G,C,gnomAD Exomes,PASS,NA,p.Leu89Leu,c.267G>C(p.=),c.267G>C,synonymous_variant,,2,109242,1.83079767854854E-05,0,0,0,7164,0,0,0,16978,0,0,0,2320,0,0,0,9036,0,0,0,13388,0,0,0,42760,0,0,0,1910,0,0,2,15686,0,0
11,63663090,rs753363995,C,T,"gnomAD Exomes,gnomAD Genomes",PASS,PASS,p.Ser91Ser,c.273C>T(p.=),c.273C>T,synonymous_variant,,2,119978,1.66697227825101E-05,0,0,0,9684,0,0,0,17322,0,0,0,2358,0,0,0,9962,0,0,1,14516,0,0,1,48124,0,0,0,2322,0,0,0,15690,0,0
11,63663099,rs754529752,C,T,gnomAD Exomes,PASS,NA,p.Leu94Leu,c.282C>T(p.=),c.282C>T,synonymous_variant,,1,109358,9.14427842498948E-06,0,0,1,7162,0,0,0,17086,0,0,0,2320,0,0,0,9044,0,0,0,13378,0,0,0,42764,0,0,0,1914,0,0,0,15690,0,0
11,63665710,rs751422215,C,T,gnomAD Exomes,PASS,NA,p.Arg99Cys,p.Arg99Cys,c.295C>T,missense_variant,,1,109400,9.14076782449726E-06,0,0,0,7164,0,0,0,17108,0,0,0,2320,0,0,0,9046,0,0,0,13394,0,0,1,42766,0,0,0,1914,0,0,0,15688,0,0
11,63665712,rs757169589,C,T,gnomAD Exomes,PASS,NA,p.Arg99Arg,c.297C>T(p.=),c.297C>T,synonymous_variant,,1,109398,9.14093493482513E-06,0,0,1,7162,0,0,0,17110,0,0,0,2320,0,0,0,9046,0,0,0,13394,0,0,0,42764,0,0,0,1914,0,0,0,15688,0,0
11,63665731,rs781534420,G,T,gnomAD Exomes,PASS,NA,p.Val106Phe,p.Val106Phe,c.316G>T,missense_variant,,1,109404,9.14043362217103E-06,0,0,0,7164,0,0,0,17110,0,0,0,2320,0,0,0,9046,0,0,0,13394,0,0,1,42766,0,0,0,1914,0,0,0,15690,0,0
11,63665733,rs756159109,T,A,gnomAD Exomes,PASS,NA,p.Val106Val,c.318T>A(p.=),c.318T>A,synonymous_variant,,1,109406,9.14026653017202E-06,0,0,1,7164,0,0,0,17110,0,0,0,2320,0,0,0,9046,0,0,0,13394,0,0,0,42768,0,0,0,1914,0,0,0,15690,0,0
11,63665749,rs780001701,A,G,gnomAD Exomes,PASS,NA,p.Ile112Val,p.Ile112Val,c.334A>G,missense_variant,,4,109382,3.6569088149787E-05,0,0,0,7164,0,0,0,17102,0,0,0,2320,0,0,1,9046,0,0,0,13394,0,0,0,42762,0,0,0,1914,0,0,3,15680,0,0
11,63666099,rs367619183,T,C,gnomAD Exomes,PASS,NA,p.Ile119Ile,c.357T>C(p.=),c.357T>C,synonymous_variant,,1,109408,9.14009944428195E-06,0,0,1,7164,0,0,0,17112,0,0,0,2320,0,0,0,9046,0,0,0,13394,0,0,0,42768,0,0,0,1914,0,0,0,15690,0,0
11,63666101,rs779459837,A,C,gnomAD Exomes,PASS,NA,p.Glu120Ala,p.Glu120Ala,c.359A>C,missense_variant,,1,109408,9.14009944428195E-06,0,0,0,7164,0,0,0,17112,0,0,0,2320,0,0,0,9046,0,0,0,13394,0,0,1,42768,0,0,0,1914,0,0,0,15690,0,0
11,63666113,rs753836487,C,T,gnomAD Exomes,PASS,NA,p.Thr124Met,p.Thr124Met,c.371C>T,missense_variant,,1,109408,9.14009944428195E-06,0,0,0,7164,0,0,0,17112,0,0,0,2320,0,0,0,9046,0,0,0,13394,0,0,1,42768,0,0,0,1914,0,0,0,15690,0,0
11,63666114,rs755123048,G,A,gnomAD Exomes,PASS,NA,p.Thr124Thr,c.372G>A(p.=),c.372G>A,synonymous_variant,,7,109408,6.39806961099737E-05,0,0,0,7164,0,0,7,17112,0,0,0,2320,0,0,0,9046,0,0,0,13394,0,0,0,42768,0,0,0,1914,0,0,0,15690,0,0
11,63666251,rs761844930,C,T,gnomAD Exomes,PASS,NA,p.Tyr140Tyr,c.420C>T(p.=),c.420C>T,synonymous_variant,,1,109408,9.14009944428195E-06,0,0,0,7164,0,0,0,17112,0,0,0,2320,0,0,0,9046,0,0,0,13394,0,0,1,42768,0,0,0,1914,0,0,0,15690,0,0
11,63666254,rs767380393,A,G,gnomAD Exomes,PASS,NA,p.Leu141Leu,c.423A>G(p.=),c.423A>G,synonymous_variant,,1,109408,9.14009944428195E-06,0,0,0,7164,0,0,0,17112,0,0,0,2320,0,0,0,9046,0,0,0,13394,0,0,1,42768,0,0,0,1914,0,0,0,15690,0,0
11,63666287,rs754153606,T,G,gnomAD Exomes,PASS,NA,p.Ala152Ala,c.456T>G(p.=),c.456T>G,synonymous_variant,,1,109404,9.14043362217103E-06,0,0,0,7162,0,0,0,17110,0,0,0,2320,0,0,1,9046,0,0,0,13394,0,0,0,42768,0,0,0,1914,0,0,0,15690,0,0
11,63666288,rs1387170272,C,A,gnomAD Exomes,PASS,NA,p.Arg153Arg,c.457C>A(p.=),c.457C>A,synonymous_variant,,1,109400,9.14076782449726E-06,0,0,1,7162,0,0,0,17110,0,0,0,2320,0,0,0,9046,0,0,0,13392,0,0,0,42766,0,0,0,1914,0,0,0,15690,0,0
11,63666289,rs1225368156,G,A,gnomAD Genomes,NA,PASS,p.Arg153Gln,p.Arg153Gln,c.458G>A,missense_variant,,1,10870,9.19963201471941E-05,0,0,1,2572,0,0,0,246,0,0,0,38,0,0,0,916,0,0,0,1162,0,0,0,5512,0,0,0,424,0,0,0,0,0,0
11,63666300,rs571160900,C,T,gnomAD Exomes,PASS,NA,p.Arg157Cys,p.Arg157Cys,c.469C>T,missense_variant,,1,109386,9.14193772512022E-06,0,0,0,7160,0,0,0,17102,0,0,0,2320,0,0,1,9046,0,0,0,13392,0,0,0,42762,0,0,0,1914,0,0,0,15690,0,0
11,63666302,rs765317429,C,T,"gnomAD Exomes,gnomAD Genomes",PASS,PASS,p.Arg157Arg,c.471C>T(p.=),c.471C>T,synonymous_variant,,5,120264,4.15752012239739E-05,0,0,0,9734,0,0,0,17348,0,0,0,2358,0,0,5,9962,0,0,0,14554,0,0,0,48280,0,0,0,2338,0,0,0,15690,0,0
11,63667354,rs748851501,C,T,gnomAD Exomes,PASS,NA,p.Asn180Asn,c.540C>T(p.=),c.540C>T,synonymous_variant,,1,109396,9.1411020512633E-06,0,0,0,7164,0,0,0,17100,0,0,0,2320,0,0,1,9046,0,0,0,13394,0,0,0,42768,0,0,0,1914,0,0,0,15690,0,0
11,63667378,rs754698750,C,T,gnomAD Genomes,NA,PASS,p.Asn188Asn,c.564C>T(p.=),c.564C>T,synonymous_variant,,2,10880,0.000183823529412,0,0,2,2574,0,0,0,246,0,0,0,38,0,0,0,914,0,0,0,1162,0,0,0,5522,0,0,0,424,0,0,0,0,0,0
11,63667379,rs1334844776,A,G,gnomAD Exomes,PASS,NA,p.Ile189Val,p.Ile189Val,c.565A>G,missense_variant,,1,109406,9.14026653017202E-06,0,0,0,7164,0,0,0,17110,0,0,0,2320,0,0,0,9046,0,0,0,13394,0,0,0,42768,0,0,0,1914,0,0,1,15690,0,0
11,63667381,rs778756615,C,T,gnomAD Exomes,PASS,NA,p.Ile189Ile,c.567C>T(p.=),c.567C>T,synonymous_variant,,3,109406,2.74207995905161E-05,0,0,0,7164,0,0,3,17110,0,0,0,2320,0,0,0,9046,0,0,0,13394,0,0,0,42768,0,0,0,1914,0,0,0,15690,0,0
11,63667387,rs747625941,T,C,gnomAD Exomes,PASS,NA,p.Ile191Ile,c.573T>C(p.=),c.573T>C,synonymous_variant,,2,109408,1.82801988885639E-05,0,0,0,7164,0,0,0,17112,0,0,0,2320,0,0,0,9046,0,0,0,13394,0,0,2,42768,0,0,0,1914,0,0,0,15690,0,0
11,63667408,rs771771533,T,C,gnomAD Exomes,PASS,NA,p.Asn198Asn,c.594T>C(p.=),c.594T>C,synonymous_variant,,1,109408,9.14009944428195E-06,0,0,0,7164,0,0,0,17112,0,0,0,2320,0,0,0,9046,0,0,0,13394,0,0,1,42768,0,0,0,1914,0,0,0,15690,0,0
11,63667416,rs149589768,C,T,gnomAD Exomes,PASS,NA,p.Thr201Ile,p.Thr201Ile,c.602C>T,missense_variant,,2,109408,1.82801988885639E-05,0,0,0,7164,0,0,0,17112,0,0,0,2320,0,0,0,9046,0,0,0,13394,0,0,2,42768,0,0,0,1914,0,0,0,15690,0,0
11,63667459,rs199581739,T,C,gnomAD Exomes,PASS,NA,p.Tyr215Tyr,c.645T>C(p.=),c.645T>C,synonymous_variant,,6,109408,5.48405966656917E-05,0,0,0,7164,0,0,6,17112,0,0,0,2320,0,0,0,9046,0,0,0,13394,0,0,0,42768,0,0,0,1914,0,0,0,15690,0,0
11,63667489,rs1201791740,A,G,gnomAD Exomes,PASS,NA,p.Lys225Lys,c.675A>G(p.=),c.675A>G,synonymous_variant,,1,109408,9.14009944428195E-06,0,0,0,7164,0,0,1,17112,0,0,0,2320,0,0,0,9046,0,0,0,13394,0,0,0,42768,0,0,0,1914,0,0,0,15690,0,0
11,63667501,rs368277161,C,T,"gnomAD Exomes,gnomAD Genomes",PASS,PASS,p.Pro229Pro,c.687C>T(p.=),c.687C>T,synonymous_variant,,2,120280,1.6627868307283E-05,0,0,1,9734,0,0,0,17358,0,0,0,2358,0,0,1,9962,0,0,0,14556,0,0,0,48284,0,0,0,2338,0,0,0,15690,0,0
11,63667555,rs143288644,C,A,"gnomAD Exomes,gnomAD Genomes",PASS,PASS,p.Ser247Ser,c.741C>A(p.=),c.741C>A,synonymous_variant,,10,120272,8.31448716243182E-05,0,0,10,9738,0,0,0,17344,0,0,0,2358,0,0,0,9962,0,0,0,14556,0,0,0,48286,0,0,0,2338,0,0,0,15690,0,0
11,63667556,rs148255473,C,T,"gnomAD Exomes,gnomAD Genomes",PASS,PASS,p.Leu248Leu,c.742C>T(p.=),c.742C>T,synonymous_variant,,2,120254,1.66314634024648E-05,0,0,2,9736,0,0,0,17342,0,0,0,2356,0,0,0,9962,0,0,0,14554,0,0,0,48276,0,0,0,2338,0,0,0,15690,0,0
11,63667558,rs201881521,G,A,gnomAD Exomes,PASS,NA,p.Leu248Leu,c.744G>A(p.=),c.744G>A,synonymous_variant,,1,109382,9.14227203744674E-06,0,0,0,7164,0,0,0,17096,0,0,0,2318,0,0,0,9046,0,0,0,13394,0,0,0,42764,0,0,0,1914,0,0,1,15686,0,0
11,63667558,rs201881521,G,C,"gnomAD Exomes,gnomAD Genomes",PASS,PASS,p.Leu248Leu,c.744G>C(p.=),c.744G>C,synonymous_variant,,17,120254,0.000141367438921,0,0,0,9734,0,0,0,17342,0,0,0,2356,0,0,16,9962,0,0,0,14556,0,0,1,48280,0,0,0,2338,0,0,0,15686,0,0
11,63667564,rs1284732241,T,C,gnomAD Exomes,PASS,NA,p.Phe250Phe,c.750T>C(p.=),c.750T>C,synonymous_variant,,1,109384,9.14210487822716E-06,0,0,0,7164,0,0,0,17096,0,0,0,2318,0,0,1,9046,0,0,0,13394,0,0,0,42764,0,0,0,1914,0,0,0,15688,0,0
11,63667579,rs1295995310,C,G,gnomAD Exomes,PASS,NA,p.Leu255Leu,c.765C>G(p.=),c.765C>G,synonymous_variant,,1,109378,9.14260637422516E-06,0,0,0,7164,0,0,0,17092,0,0,0,2316,0,0,0,9046,0,0,0,13394,0,0,1,42766,0,0,0,1914,0,0,0,15686,0,0
11,63668048,rs1446948303,A,G,gnomAD Exomes,PASS,NA,p.Val262Val,c.786A>G(p.=),c.786A>G,synonymous_variant,,1,109380,9.1424392027793E-06,0,0,0,7164,0,0,0,17102,0,0,0,2320,0,0,0,9044,0,0,1,13384,0,0,0,42764,0,0,0,1914,0,0,0,15688,0,0
11,63668049,rs778973784,C,T,gnomAD Exomes,PASS,NA,p.Leu263Leu,c.787C>T(p.=),c.787C>T,synonymous_variant,,2,109374,1.82858814709163E-05,0,0,0,7164,0,0,0,17102,0,0,0,2320,0,0,0,9044,0,0,0,13382,0,0,2,42762,0,0,0,1914,0,0,0,15686,0,0
11,63668078,rs766861551,C,T,gnomAD Exomes,PASS,NA,p.Tyr272Tyr,c.816C>T(p.=),c.816C>T,synonymous_variant,,2,109388,1.82835411562511E-05,0,0,0,7162,0,0,0,17112,0,0,0,2320,0,0,0,9044,0,0,1,13384,0,0,1,42764,0,0,0,1914,0,0,0,15688,0,0
11,63668102,rs1159300019,G,C,gnomAD Exomes,PASS,NA,p.Leu280Leu,c.840G>C(p.=),c.840G>C,synonymous_variant,,1,109382,9.14227203744674E-06,0,0,0,7162,0,0,0,17110,0,0,0,2320,0,0,0,9042,0,0,0,13384,0,0,0,42764,0,0,0,1914,0,0,1,15686,0,0
11,63668129,rs777099396,C,T,gnomAD Exomes,PASS,NA,p.Pro289Pro,c.867C>T(p.=),c.867C>T,synonymous_variant,,2,109384,1.82842097564543E-05,0,0,0,7162,0,0,0,17106,0,0,0,2320,0,0,1,9044,0,0,1,13392,0,0,0,42760,0,0,0,1914,0,0,0,15686,0,0
11,63668143,rs751059089,C,A,gnomAD Exomes,PASS,NA,p.Thr294Asn,p.Thr294Asn,c.881C>A,missense_variant,,1,109382,9.14227203744674E-06,0,0,0,7162,0,0,0,17106,0,0,0,2320,0,0,0,9042,0,0,0,13390,0,0,1,42760,0,0,0,1914,0,0,0,15688,0,0
11,63668267,rs1468332923,C,G,gnomAD Exomes,PASS,NA,p.Arg302Gly,p.Arg302Gly,c.904C>G,missense_variant,,1,109408,9.14009944428195E-06,0,0,0,7164,0,0,0,17112,0,0,0,2320,0,0,0,9046,0,0,0,13394,0,0,0,42768,0,0,1,1914,0,0,0,15690,0,0
11,63668269,rs750296719,A,G,gnomAD Exomes,PASS,NA,p.Arg302Arg,c.906A>G(p.=),c.906A>G,synonymous_variant,,1,109406,9.14026653017202E-06,0,0,0,7164,0,0,0,17112,0,0,0,2320,0,0,0,9046,0,0,0,13394,0,0,0,42766,0,0,0,1914,0,0,1,15690,0,0
11,63668278,rs756065906,T,C,gnomAD Exomes,PASS,NA,p.Asn305Asn,c.915T>C(p.=),c.915T>C,synonymous_variant,,1,109408,9.14009944428195E-06,0,0,0,7164,0,0,0,17112,0,0,0,2320,0,0,0,9046,0,0,0,13394,0,0,0,42768,0,0,0,1914,0,0,1,15690,0,0
11,63668287,rs191213688,C,T,"gnomAD Exomes,gnomAD Genomes",PASS,PASS,p.His308His,c.924C>T(p.=),c.924C>T,synonymous_variant,,32,120272,0.000266063589198,0,0,1,9736,0,0,0,17358,0,0,0,2358,0,0,29,9962,0,0,0,14556,0,0,1,48274,0,0,1,2338,0,0,0,15690,0,0
11,63668290,rs749047419,A,C,gnomAD Exomes,PASS,NA,p.Glu309Asp,p.Glu309Asp,c.927A>C,missense_variant,,1,109408,9.14009944428195E-06,0,0,0,7164,0,0,0,17112,0,0,0,2320,0,0,0,9046,0,0,0,13394,0,0,0,42768,0,0,0,1914,0,0,1,15690,0,0
11,63668311,rs772122428,C,T,gnomAD Exomes,PASS,NA,p.Tyr316Tyr,c.948C>T(p.=),c.948C>T,synonymous_variant,,3,109406,2.74207995905161E-05,0,0,0,7164,0,0,0,17112,0,0,0,2320,0,0,1,9046,0,0,0,13394,0,0,2,42766,0,0,0,1914,0,0,0,15690,0,0
11,63668312,rs200346312,G,T,"gnomAD Exomes,gnomAD Genomes",PASS,PASS,p.Val317Leu,p.Val317Leu,c.949G>T,missense_variant,,21,120280,0.000174592617226,0,0,0,9736,0,0,0,17358,0,0,0,2358,0,0,0,9962,0,0,17,14554,0,0,3,48284,0,0,1,2338,0,0,0,15690,0,0
11,63668329,rs76909089,C,T,"gnomAD Exomes,gnomAD Genomes",PASS,PASS,p.Asp322Asp,c.966C>T(p.=),c.966C>T,synonymous_variant,,83,120276,0.000690079483854,0,0,0,9738,0,0,0,17358,0,0,0,2358,0,0,83,9962,0,0,0,14556,0,0,0,48276,0,0,0,2338,0,0,0,15690,0,0
11,63668341,rs533394471,C,G,"gnomAD Exomes,gnomAD Genomes",PASS,PASS,p.Pro326Pro,c.978C>G(p.=),c.978C>G,synonymous_variant,,8,120284,6.6509261414652E-05,0,0,0,9738,0,0,0,17358,0,0,0,2358,0,0,8,9960,0,0,0,14554,0,0,0,48288,0,0,0,2338,0,0,0,15690,0,0
11,63668342,rs141719382,C,T,gnomAD Genomes,NA,PASS,p.Arg327Trp,p.Arg327Trp,c.979C>T,missense_variant,,2,10876,0.000183891136447,0,0,1,2574,0,0,0,246,0,0,0,38,0,0,0,914,0,0,0,1162,0,0,1,5518,0,0,0,424,0,0,0,0,0,0
11,63668345,rs761380187,C,T,gnomAD Exomes,PASS,NA,p.Arg328Trp,p.Arg328Trp,c.982C>T,missense_variant,,1,109402,9.14060072027934E-06,0,0,0,7164,0,0,0,17112,0,0,0,2320,0,0,0,9046,0,0,0,13392,0,0,1,42764,0,0,0,1914,0,0,0,15690,0,0
11,63668346,rs146234903,G,A,gnomAD Exomes,PASS,NA,p.Arg328Gln,p.Arg328Gln,c.983G>A,missense_variant,,1,109406,9.14026653017202E-06,0,0,0,7164,0,0,0,17112,0,0,0,2320,0,0,0,9046,0,0,0,13394,0,0,0,42766,0,0,1,1914,0,0,0,15690,0,0
11,63668437,rs373352515,G,A,gnomAD Exomes,PASS,NA,p.Val333Met,p.Val333Met,c.997G>A,missense_variant,,3,109408,2.74202983328459E-05,0,0,0,7164,0,0,0,17112,0,0,0,2320,0,0,0,9046,0,0,0,13394,0,0,1,42768,0,0,0,1914,0,0,2,15690,0,0
11,63668438,rs1240336749,T,C,gnomAD Exomes,PASS,NA,p.Val333Ala,p.Val333Ala,c.998T>C,missense_variant,,1,109408,9.14009944428195E-06,0,0,0,7164,0,0,1,17112,0,0,0,2320,0,0,0,9046,0,0,0,13394,0,0,0,42768,0,0,0,1914,0,0,0,15690,0,0
11,63668443,rs1280204246,A,C,gnomAD Genomes,NA,PASS,p.Met335Leu,p.Met335Leu,c.1003A>C,missense_variant,,1,10868,9.20132499079868E-05,0,0,0,2568,0,0,0,246,0,0,0,38,0,0,0,916,0,0,0,1162,0,0,1,5514,0,0,0,424,0,0,0,0,0,0
11,63668455,rs1442512176,C,T,gnomAD Genomes,NA,PASS,p.Arg339Trp,p.Arg339Trp,c.1015C>T,missense_variant,,2,10866,0.000184060371802,0,0,0,2572,0,0,0,246,0,0,0,38,0,0,0,914,0,0,0,1162,0,0,2,5510,0,0,0,424,0,0,0,0,0,0
11,63668460,rs771678139,A,G,gnomAD Exomes,PASS,NA,p.Glu340Glu,c.1020A>G(p.=),c.1020A>G,synonymous_variant,,3,109408,2.74202983328459E-05,0,0,0,7164,0,0,3,17112,0,0,0,2320,0,0,0,9046,0,0,0,13394,0,0,0,42768,0,0,0,1914,0,0,0,15690,0,0
11,63668466,rs772912414,C,T,gnomAD Exomes,PASS,NA,p.Ile342Ile,c.1026C>T(p.=),c.1026C>T,synonymous_variant,,1,109408,9.14009944428195E-06,0,0,0,7164,0,0,0,17112,0,0,0,2320,0,0,0,9046,0,0,0,13394,0,0,1,42768,0,0,0,1914,0,0,0,15690,0,0
11,63668472,rs760161018,C,G,gnomAD Exomes,PASS,NA,p.Asp344Glu,p.Asp344Glu,c.1032C>G,missense_variant,,1,109408,9.14009944428195E-06,0,0,0,7164,0,0,0,17112,0,0,0,2320,0,0,1,9046,0,0,0,13394,0,0,0,42768,0,0,0,1914,0,0,0,15690,0,0
11,63668490,rs753741087,A,G,gnomAD Exomes,PASS,NA,p.Arg350Arg,c.1050A>G(p.=),c.1050A>G,synonymous_variant,,1,109406,9.14026653017202E-06,0,0,0,7164,0,0,0,17112,0,0,0,2320,0,0,0,9046,0,0,0,13392,0,0,0,42768,0,0,0,1914,0,0,1,15690,0,0
11,63668503,rs1316651720,A,G,gnomAD Exomes,PASS,NA,p.Met355Val,p.Met355Val,c.1063A>G,missense_variant,,1,109404,9.14043362217103E-06,0,0,0,7164,0,0,0,17112,0,0,0,2320,0,0,1,9046,0,0,0,13390,0,0,0,42768,0,0,0,1914,0,0,0,15690,0,0
11,63668508,rs1365154674,C,T,gnomAD Exomes,PASS,NA,p.Ala356Ala,c.1068C>T(p.=),c.1068C>T,synonymous_variant,,1,109404,9.14043362217103E-06,0,0,0,7164,0,0,1,17112,0,0,0,2320,0,0,0,9046,0,0,0,13390,0,0,0,42768,0,0,0,1914,0,0,0,15690,0,0
11,63668520,rs765030638,C,T,gnomAD Exomes,PASS,NA,p.Leu360Leu,c.1080C>T(p.=),c.1080C>T,synonymous_variant,,1,109390,9.14160343724289E-06,0,0,0,7162,0,0,0,17112,0,0,0,2320,0,0,0,9046,0,0,0,13380,0,0,1,42766,0,0,0,1914,0,0,0,15690,0,0
11,63668538,rs139426318,C,T,"gnomAD Exomes,gnomAD Genomes",PASS,PASS,p.Ser366Ser,c.1098C>T(p.=),c.1098C>T,synonymous_variant,,5,120174,4.16063374773245E-05,0,0,5,9724,0,0,0,17352,0,0,0,2358,0,0,0,9958,0,0,0,14502,0,0,0,48258,0,0,0,2338,0,0,0,15684,0,0
11,63668539,rs778137287,G,A,gnomAD Exomes,PASS,NA,p.Glu367Lys,p.Glu367Lys,c.1099G>A,missense_variant,,1,109288,9.15013542200424E-06,0,0,0,7152,0,0,0,17106,0,0,0,2318,0,0,0,9042,0,0,0,13334,0,0,0,42738,0,0,0,1914,0,0,1,15684,0,0
11,63669677,rs1264871686,G,A,gnomAD Exomes,PASS,NA,p.Gly370Asp,p.Gly370Asp,c.1109G>A,missense_variant,,1,109378,9.14260637422516E-06,0,0,0,7164,0,0,0,17094,0,0,0,2320,0,0,0,9046,0,0,0,13388,0,0,1,42764,0,0,0,1914,0,0,0,15688,0,0
11,63669678,rs767587665,C,T,gnomAD Exomes,PASS,NA,p.Gly370Gly,c.1110C>T(p.=),c.1110C>T,synonymous_variant,,3,109368,2.74303269694975E-05,0,0,0,7164,0,0,0,17094,0,0,0,2320,0,0,0,9046,0,0,0,13380,0,0,0,42760,0,0,0,1914,0,0,3,15690,0,0
11,63669679,rs750435333,G,A,gnomAD Exomes,PASS,NA,p.Asp371Asn,p.Asp371Asn,c.1111G>A,missense_variant,,1,109368,9.14344232316582E-06,0,0,0,7162,0,0,0,17092,0,0,0,2320,0,0,0,9046,0,0,0,13382,0,0,0,42764,0,0,0,1914,0,0,1,15688,0,0
11,63669689,rs768100969,C,T,gnomAD Genomes,NA,PASS,p.Thr374Ile,p.Thr374Ile,c.1121C>T,missense_variant,,1,10882,9.18948722661275E-05,0,0,0,2574,0,0,0,246,0,0,0,38,0,0,0,916,0,0,0,1162,0,0,1,5522,0,0,0,424,0,0,0,0,0,0
11,63669690,rs756281637,C,T,gnomAD Exomes,PASS,NA,p.Thr374Thr,c.1122C>T(p.=),c.1122C>T,synonymous_variant,,1,109378,9.14260637422516E-06,0,0,0,7164,0,0,0,17094,0,0,0,2320,0,0,0,9046,0,0,0,13386,0,0,1,42766,0,0,0,1912,0,0,0,15690,0,0
11,63669697,rs1436054649,C,A,gnomAD Genomes,NA,PASS,p.Pro377Thr,p.Pro377Thr,c.1129C>A,missense_variant,,1,10878,9.19286633572348E-05,0,0,1,2572,0,0,0,246,0,0,0,38,0,0,0,916,0,0,0,1162,0,0,0,5520,0,0,0,424,0,0,0,0,0,0
11,63669699,rs560257159,C,G,gnomAD Exomes,PASS,NA,p.Pro377Pro,c.1131C>G(p.=),c.1131C>G,synonymous_variant,,1,109392,9.14143630247184E-06,0,0,0,7164,0,0,0,17100,0,0,0,2320,0,0,0,9044,0,0,0,13392,0,0,1,42768,0,0,0,1914,0,0,0,15690,0,0
11,63669700,rs749806060,C,T,gnomAD Exomes,PASS,NA,p.Arg378Trp,p.Arg378Trp,c.1132C>T,missense_variant,,1,109390,9.14160343724289E-06,0,0,0,7164,0,0,0,17098,0,0,0,2320,0,0,0,9046,0,0,0,13390,0,0,1,42768,0,0,0,1914,0,0,0,15690,0,0
11,63669701,rs755268600,G,A,gnomAD Exomes,PASS,NA,p.Arg378Gln,p.Arg378Gln,c.1133G>A,missense_variant,,1,109392,9.14143630247184E-06,0,0,0,7164,0,0,0,17098,0,0,0,2320,0,0,0,9046,0,0,0,13392,0,0,0,42768,0,0,0,1914,0,0,1,15690,0,0
11,63669714,rs370536502,T,A,gnomAD Exomes,PASS,NA,p.Asp382Glu,p.Asp382Glu,c.1146T>A,missense_variant,,1,109394,9.14126917381209E-06,0,0,1,7164,0,0,0,17100,0,0,0,2320,0,0,0,9046,0,0,0,13392,0,0,0,42768,0,0,0,1914,0,0,0,15690,0,0
11,63669715,rs373691600,C,G,gnomAD Exomes,PASS,NA,p.Leu383Val,p.Leu383Val,c.1147C>G,missense_variant,,4,109392,3.65657452098874E-05,0,0,0,7164,0,0,2,17100,0,0,0,2320,0,0,0,9046,0,0,0,13390,0,0,2,42768,0,0,0,1914,0,0,0,15690,0,0
11,63669719,rs367599531,C,A,gnomAD Exomes,PASS,NA,p.Thr384Asn,p.Thr384Asn,c.1151C>A,missense_variant,,2,109390,1.82832068744858E-05,0,0,0,7164,0,0,0,17100,0,0,0,2320,0,0,0,9046,0,0,0,13388,0,0,2,42768,0,0,0,1914,0,0,0,15690,0,0
11,63669723,rs1396519878,T,C,gnomAD Exomes,PASS,NA,p.Asn385Asn,c.1155T>C(p.=),c.1155T>C,synonymous_variant,,1,109394,9.14126917381209E-06,0,0,0,7164,0,0,0,17100,0,0,0,2320,0,0,0,9046,0,0,0,13392,0,0,0,42768,0,0,0,1914,0,0,1,15690,0,0
11,63669729,rs755195114,C,T,"gnomAD Exomes,gnomAD Genomes",PASS,PASS,p.Ser387Ser,c.1161C>T(p.=),c.1161C>T,synonymous_variant,,4,120272,3.32579486497273E-05,0,0,0,9736,0,0,0,17348,0,0,0,2358,0,0,0,9962,0,0,0,14550,0,0,4,48290,0,0,0,2338,0,0,0,15690,0,0
11,63669733,rs769404912,C,T,gnomAD Exomes,PASS,NA,p.Pro389Ser,p.Pro389Ser,c.1165C>T,missense_variant,,1,109394,9.14126917381209E-06,0,0,0,7164,0,0,0,17104,0,0,0,2320,0,0,0,9046,0,0,0,13388,0,0,1,42768,0,0,0,1914,0,0,0,15690,0,0
11,63669734,rs1057177,C,T,gnomAD Exomes,PASS,NA,p.Pro389Leu,p.Pro389Leu,c.1166C>T,missense_variant,,5,109392,4.57071815123592E-05,0,0,0,7164,0,0,0,17104,0,0,2,2320,0,0,0,9046,0,0,0,13386,0,0,2,42768,0,0,1,1914,0,0,0,15690,0,0
11,63669738,rs762992842,C,T,gnomAD Exomes,PASS,NA,p.Ser390Ser,c.1170C>T(p.=),c.1170C>T,synonymous_variant,,1,109398,9.14093493482513E-06,0,0,0,7164,0,0,0,17104,0,0,0,2320,0,0,0,9046,0,0,0,13392,0,0,1,42768,0,0,0,1914,0,0,0,15690,0,0
11,63669744,rs774311893,C,T,gnomAD Exomes,PASS,NA,p.Ser392Ser,c.1176C>T(p.=),c.1176C>T,synonymous_variant,,1,109396,9.1411020512633E-06,0,0,0,7164,0,0,0,17102,0,0,0,2320,0,0,0,9046,0,0,0,13392,0,0,1,42768,0,0,0,1914,0,0,0,15690,0,0
11,63669752,rs761752661,T,C,gnomAD Exomes,PASS,NA,p.Val395Ala,p.Val395Ala,c.1184T>C,missense_variant,,5,109396,4.57055102563165E-05,0,0,0,7164,0,0,0,17102,0,0,0,2320,0,0,0,9046,0,0,0,13392,0,0,0,42768,0,0,0,1914,0,0,5,15690,0,0
11,63669758,rs767626610,G,A,gnomAD Exomes,PASS,NA,p.Arg397His,p.Arg397His,c.1190G>A,missense_variant,,2,109386,1.82838754502404E-05,0,0,0,7164,0,0,0,17098,0,0,0,2320,0,0,0,9046,0,0,0,13386,0,0,2,42768,0,0,0,1914,0,0,0,15690,0,0
11,63669759,rs1057179,C,T,"gnomAD Exomes,gnomAD Genomes",PASS,PASS,p.Arg397Arg,c.1191C>T(p.=),c.1191C>T,synonymous_variant,,2,120258,1.66309102097158E-05,0,0,0,9734,0,0,0,17344,0,0,0,2358,0,0,0,9962,0,0,0,14544,0,0,2,48288,0,0,0,2338,0,0,0,15690,0,0
11,63669762,rs750713163,C,T,gnomAD Exomes,PASS,NA,p.Ser398Ser,c.1194C>T(p.=),c.1194C>T,synonymous_variant,,4,109390,3.65664137489716E-05,0,0,0,7164,0,0,0,17100,0,0,0,2320,0,0,0,9046,0,0,1,13388,0,0,0,42768,0,0,0,1914,0,0,3,15690,0,0
11,63669763,rs756086174,G,T,gnomAD Exomes,PASS,NA,p.Val399Leu,p.Val399Leu,c.1195G>T,missense_variant,,1,109380,9.1424392027793E-06,0,0,0,7164,0,0,1,17100,0,0,0,2320,0,0,0,9046,0,0,0,13378,0,0,0,42768,0,0,0,1914,0,0,0,15690,0,0
11,63669763,rs756086174,G,A,gnomAD Exomes,PASS,NA,p.Val399Met,p.Val399Met,c.1195G>A,missense_variant,,1,109380,9.1424392027793E-06,0,0,0,7164,0,0,0,17100,0,0,0,2320,0,0,0,9046,0,0,0,13378,0,0,0,42768,0,0,0,1914,0,0,1,15690,0,0
11,63669766,rs139460524,T,C,"gnomAD Exomes,gnomAD Genomes",PASS,PASS,p.Ser400Pro,p.Ser400Pro,c.1198T>C,missense_variant,,134,120270,0.001114159807101,0,0,0,9736,0,0,0,17346,0,0,0,2358,0,0,0,9962,0,0,119,14552,0,0,12,48288,0,0,3,2338,0,0,0,15690,0,0
11,63669768,rs754302677,G,A,"gnomAD Exomes,gnomAD Genomes",PASS,PASS,p.Ser400Ser,c.1200G>A(p.=),c.1200G>A,synonymous_variant,,5,120256,4.15779670037254E-05,0,0,0,9736,0,0,1,17346,0,0,0,2358,0,0,0,9962,0,0,0,14542,0,0,1,48288,0,0,1,2334,0,0,2,15690,0,0
11,63669774,rs755495827,T,C,gnomAD Exomes,PASS,NA,p.Asn402Asn,c.1206T>C(p.=),c.1206T>C,synonymous_variant,,1,109378,9.14260637422516E-06,0,0,0,7164,0,0,0,17100,0,0,0,2320,0,0,0,9046,0,0,0,13378,0,0,1,42768,0,0,0,1912,0,0,0,15690,0,0
11,63669787,rs779443825,C,T,gnomAD Exomes,PASS,NA,p.Arg407Cys,p.Arg407Cys,c.1219C>T,missense_variant,,1,109346,9.14528194904249E-06,0,0,0,7164,0,0,0,17100,0,0,0,2320,0,0,0,9046,0,0,0,13346,0,0,1,42768,0,0,0,1912,0,0,0,15690,0,0
11,63669801,rs1369603109,G,T,gnomAD Exomes,PASS,NA,p.Gln411His,p.Gln411His,c.1233G>T,missense_variant,,1,109304,9.14879601844397E-06,0,0,0,7164,0,0,0,17100,0,0,0,2320,0,0,0,9044,0,0,0,13308,0,0,1,42768,0,0,0,1910,0,0,0,15690,0,0
11,63670072,rs374423968,G,A,"gnomAD Exomes,gnomAD Genomes",PASS,PASS,c.1235-1G>A,,c.1235-1G>A,splice_acceptor_variant,lof_flag,3,119498,2.51050226782038E-05,0,0,0,9528,0,0,0,17252,0,0,0,2334,0,0,0,9950,0,0,1,14504,0,0,2,48008,0,0,0,2320,0,0,0,15602,0,0
11,63670094,rs765730772,C,T,gnomAD Exomes,PASS,NA,p.Thr419Ile,p.Thr419Ile,c.1256C>T,missense_variant,,1,109268,9.15181022806311E-06,0,0,1,7128,0,0,0,17078,0,0,0,2316,0,0,0,9044,0,0,0,13388,0,0,0,42736,0,0,0,1910,0,0,0,15668,0,0
11,63670122,rs753263040,G,T,gnomAD Exomes,PASS,NA,p.Gln428His,p.Gln428His,c.1284G>T,missense_variant,,5,109364,4.57188837277349E-05,0,0,0,7158,0,0,0,17092,0,0,0,2320,0,0,0,9046,0,0,0,13392,0,0,5,42756,0,0,0,1912,0,0,0,15688,0,0
11,63670132,rs538928060,G,A,gnomAD Exomes,PASS,NA,p.Ala432Thr,p.Ala432Thr,c.1294G>A,missense_variant,,4,109362,3.65757758636455E-05,0,0,0,7156,0,0,0,17094,0,0,0,2320,0,0,0,9046,0,0,0,13392,0,0,2,42754,0,0,0,1912,0,0,2,15688,0,0
11,63670137,rs750008299,A,C,gnomAD Exomes,PASS,NA,p.Glu433Asp,p.Glu433Asp,c.1299A>C,missense_variant,,1,109376,9.14277355178467E-06,0,0,0,7162,0,0,1,17094,0,0,0,2320,0,0,0,9046,0,0,0,13392,0,0,0,42760,0,0,0,1912,0,0,0,15690,0,0
11,63670144,rs755818402,C,T,gnomAD Exomes,PASS,NA,p.Arg436Trp,p.Arg436Trp,c.1306C>T,missense_variant,,1,109362,9.14394396591138E-06,0,0,0,7156,0,0,0,17092,0,0,0,2320,0,0,0,9046,0,0,0,13390,0,0,1,42756,0,0,0,1912,0,0,0,15690,0,0
11,63670145,rs368859674,G,A,gnomAD Exomes,PASS,NA,p.Arg436Gln,p.Arg436Gln,c.1307G>A,missense_variant,,1,109384,9.14210487822716E-06,0,0,0,7164,0,0,0,17100,0,0,0,2320,0,0,0,9046,0,0,0,13392,0,0,1,42760,0,0,0,1912,0,0,0,15690,0,0
11,63670146,rs748778782,G,C,gnomAD Exomes,PASS,NA,p.Arg436Arg,c.1308G>C(p.=),c.1308G>C,synonymous_variant,,1,109382,9.14227203744674E-06,0,0,0,7160,0,0,0,17100,0,0,0,2320,0,0,0,9046,0,0,0,13392,0,0,0,42762,0,0,0,1912,0,0,1,15690,0,0
11,63670160,rs768337367,G,A,gnomAD Exomes,PASS,NA,p.Arg441Gln,p.Arg441Gln,c.1322G>A,missense_variant,,2,109360,1.82882223847842E-05,0,0,0,7156,0,0,2,17098,0,0,0,2320,0,0,0,9046,0,0,0,13392,0,0,0,42752,0,0,0,1912,0,0,0,15684,0,0
11,63670165,rs1454695173,T,G,gnomAD Exomes,PASS,NA,p.Ser443Ala,p.Ser443Ala,c.1327T>G,missense_variant,,1,109370,9.1432751211484E-06,0,0,0,7158,0,0,0,17098,0,0,0,2320,0,0,1,9046,0,0,0,13394,0,0,0,42752,0,0,0,1912,0,0,0,15690,0,0
11,63670167,rs778934151,A,C,gnomAD Exomes,PASS,NA,p.Ser443Ser,c.1329A>C(p.=),c.1329A>C,synonymous_variant,,1,109354,9.14461290853558E-06,0,0,0,7156,0,0,0,17098,0,0,0,2320,0,0,0,9046,0,0,0,13394,0,0,1,42738,0,0,0,1912,0,0,0,15690,0,0
11,63670171,rs771721301,C,T,gnomAD Genomes,NA,PASS,p.Arg445Trp,p.Arg445Trp,c.1333C>T,missense_variant,,1,10876,9.19455682236116E-05,0,0,0,2572,0,0,0,246,0,0,0,38,0,0,0,916,0,0,0,1162,0,0,1,5520,0,0,0,422,0,0,0,0,0,0
11,63670172,rs1309620304,G,A,gnomAD Exomes,PASS,NA,p.Arg445Gln,p.Arg445Gln,c.1334G>A,missense_variant,,1,109352,9.14478015948497E-06,0,0,0,7154,0,0,0,17098,0,0,0,2320,0,0,0,9046,0,0,0,13392,0,0,1,42740,0,0,0,1912,0,0,0,15690,0,0
11,63670184,rs773081608,G,A,gnomAD Exomes,PASS,NA,p.Ser449Asn,p.Ser449Asn,c.1346G>A,missense_variant,,1,109344,9.14544922446591E-06,0,0,0,7158,0,0,0,17100,0,0,0,2318,0,0,0,9046,0,0,0,13388,0,0,1,42732,0,0,0,1912,0,0,0,15690,0,0
11,63670194,rs760434442,G,A,gnomAD Genomes,NA,PASS,p.Lys452Lys,c.1356G>A(p.=),c.1356G>A,synonymous_variant,,3,10874,0.000275887437925,0,0,0,2568,0,0,0,246,0,0,0,38,0,0,0,916,0,0,0,1162,0,0,3,5520,0,0,0,424,0,0,0,0,0,0
11,63670197,rs771109734,G,A,gnomAD Exomes,PASS,NA,p.Val453Val,c.1359G>A(p.=),c.1359G>A,synonymous_variant,,1,109286,9.15030287502516E-06,0,0,0,7158,0,0,0,17098,0,0,0,2316,0,0,0,9046,0,0,0,13384,0,0,0,42684,0,0,0,1912,0,0,1,15688,0,0
11,63670215,rs56291692,C,A,"gnomAD Exomes,gnomAD Genomes",PASS,PASS,p.Pro459Pro,c.1377C>A(p.=),c.1377C>A,synonymous_variant,,369,120098,0.003072490799181,8,0,297,9720,8,0,52,17338,0,0,0,2354,0,0,0,9958,0,0,0,14524,0,0,17,48184,0,0,2,2334,0,0,1,15686,0,0
11,63670215,rs56291692,C,T,gnomAD Genomes,NA,PASS,p.Pro459Pro,c.1377C>T(p.=),c.1377C>T,synonymous_variant,,1,10866,9.20301859009755E-05,0,0,0,2568,0,0,0,246,0,0,0,38,0,0,0,916,0,0,0,1162,0,0,0,5514,0,0,1,422,0,0,0,0,0,0
11,63670216,rs140950433,G,A,gnomAD Exomes,PASS,NA,p.Gly460Ser,p.Gly460Ser,c.1378G>A,missense_variant,,9,109192,8.2423620778079E-05,0,0,2,7150,0,0,5,17076,0,0,0,2316,0,0,0,9044,0,0,0,13356,0,0,1,42650,0,0,0,1912,0,0,1,15688,0,0
11,63670218,rs931939221,T,C,gnomAD Exomes,PASS,NA,p.Gly460Gly,c.1380T>C(p.=),c.1380T>C,synonymous_variant,,1,109226,9.15532931719554E-06,0,0,0,7150,0,0,0,17096,0,0,0,2316,0,0,0,9044,0,0,0,13362,0,0,1,42660,0,0,0,1910,0,0,0,15688,0,0
11,63670227,rs764320800,G,A,gnomAD Exomes,PASS,NA,p.Arg463Arg,c.1389G>A(p.=),c.1389G>A,synonymous_variant,,1,109162,9.16069694582364E-06,0,0,0,7152,0,0,0,17086,0,0,0,2314,0,0,0,9042,0,0,0,13324,0,0,1,42654,0,0,0,1906,0,0,0,15684,0,0
11,63670235,rs371964980,C,A,gnomAD Exomes,PASS,NA,p.Thr466Asn,p.Thr466Asn,c.1397C>A,missense_variant,,1,108982,9.17582720082215E-06,0,0,0,7140,0,0,0,17076,0,0,0,2314,0,0,0,9036,0,0,0,13228,0,0,1,42602,0,0,0,1904,0,0,0,15682,0,0
11,63670241,rs1280887280,C,G,gnomAD Genomes,NA,PASS,p.Pro468Arg,p.Pro468Arg,c.1403C>G,missense_variant,,1,10872,9.19793966151582E-05,0,0,1,2572,0,0,0,246,0,0,0,38,0,0,0,916,0,0,0,1160,0,0,0,5516,0,0,0,424,0,0,0,0,0,0
11,63670247,rs779836944,C,T,gnomAD Exomes,PASS,NA,p.Pro470Leu,p.Pro470Leu,c.1409C>T,missense_variant,,1,108672,9.2020023557126E-06,0,0,0,7112,0,0,0,17058,0,0,0,2306,0,0,0,9020,0,0,0,13088,0,0,1,42530,0,0,0,1892,0,0,0,15666,0,0
11,63670538,rs373073936,C,T,gnomAD Exomes,PASS,NA,p.Ser474Ser,c.1422C>T(p.=),c.1422C>T,synonymous_variant,,4,109310,3.6593175372793E-05,0,0,1,7164,0,0,0,17100,0,0,0,2320,0,0,0,9046,0,0,0,13310,0,0,2,42768,0,0,0,1912,0,0,1,15690,0,0
11,63670550,rs564689658,C,A,gnomAD Exomes,PASS,NA,p.Thr478Thr,c.1434C>A(p.=),c.1434C>A,synonymous_variant,,1,109346,9.14528194904249E-06,0,0,0,7164,0,0,0,17100,0,0,0,2320,0,0,1,9046,0,0,0,13346,0,0,0,42768,0,0,0,1912,0,0,0,15690,0,0
11,63670574,rs527315677,C,T,gnomAD Exomes,PASS,NA,p.Ser486Ser,c.1458C>T(p.=),c.1458C>T,synonymous_variant,,8,109332,7.31716240441957E-05,0,0,0,7164,0,0,0,17100,0,0,0,2320,0,0,8,9046,0,0,0,13334,0,0,0,42766,0,0,0,1912,0,0,0,15690,0,0
11,63670577,rs769984881,A,T,"gnomAD Exomes,gnomAD Genomes",PASS,PASS,p.Pro487Pro,c.1461A>T(p.=),c.1461A>T,synonymous_variant,,2,120178,1.66419810614255E-05,0,0,2,9728,0,0,0,17346,0,0,0,2358,0,0,0,9960,0,0,0,14494,0,0,0,48268,0,0,0,2334,0,0,0,15690,0,0
11,63670591,rs749385715,C,G,gnomAD Exomes,PASS,NA,p.Ala492Gly,p.Ala492Gly,c.1475C>G,missense_variant,,3,109158,2.74830978947947E-05,0,0,0,7164,0,0,0,17100,0,0,0,2320,0,0,0,9046,0,0,0,13164,0,0,0,42764,0,0,0,1910,0,0,3,15690,0,0
11,63670592,rs200493130,C,A,gnomAD Exomes,PASS,NA,p.Ala492Ala,c.1476C>A(p.=),c.1476C>A,synonymous_variant,,4,109194,3.66320493800026E-05,0,0,0,7164,0,0,4,17100,0,0,0,2320,0,0,0,9046,0,0,0,13200,0,0,0,42766,0,0,0,1910,0,0,0,15688,0,0
11,63670595,rs184281247,C,T,gnomAD Exomes,PASS,NA,p.Ser493Ser,c.1479C>T(p.=),c.1479C>T,synonymous_variant,,1,109148,9.16187195367758E-06,0,0,1,7164,0,0,0,17100,0,0,0,2320,0,0,0,9046,0,0,0,13152,0,0,0,42766,0,0,0,1910,0,0,0,15690,0,0
11,63670598,rs55877937,C,T,"gnomAD Exomes,gnomAD Genomes",PASS,PASS,p.Leu494Leu,c.1482C>T(p.=),c.1482C>T,synonymous_variant,,93,120028,0.000774819208851,0,0,5,9732,0,0,12,17346,0,0,0,2358,0,0,0,9962,0,0,0,14322,0,0,64,48288,0,0,1,2330,0,0,11,15690,0,0
11,63670619,rs1362309319,T,C,gnomAD Exomes,PASS,NA,p.Asn501Asn,c.1503T>C(p.=),c.1503T>C,synonymous_variant,,1,108828,9.18881170287058E-06,0,0,0,7164,0,0,0,17098,0,0,0,2320,0,0,0,9044,0,0,0,12846,0,0,1,42762,0,0,0,1904,0,0,0,15690,0,0
11,63671463,rs750421602,C,G,gnomAD Exomes,PASS,NA,p.Thr507Ser,p.Thr507Ser,c.1520C>G,missense_variant,,1,105878,9.44483273201232E-06,0,0,0,7092,0,0,0,16300,0,0,0,2298,0,0,1,8554,0,0,0,12142,0,0,0,42156,0,0,0,1814,0,0,0,15522,0,0
11,63671468,rs1473746605,C,T,gnomAD Exomes,PASS,NA,p.Pro509Ser,p.Pro509Ser,c.1525C>T,missense_variant,,0,105820,0,0,0,0,7086,0,0,0,16426,0,0,0,2296,0,0,0,8568,0,0,0,11864,0,0,0,42238,0,0,0,1814,0,0,0,15528,0,0
11,63671473,rs1157361604,G,A,gnomAD Exomes,PASS,NA,p.Gly510Gly,c.1530G>A(p.=),c.1530G>A,synonymous_variant,,1,105956,9.43787987466496E-06,0,0,0,7086,0,0,0,16640,0,0,0,2306,0,0,0,8570,0,0,0,11612,0,0,1,42320,0,0,0,1840,0,0,0,15582,0,0
11,63671477,rs376530913,C,T,gnomAD Exomes,PASS,NA,p.Arg512Trp,p.Arg512Trp,c.1534C>T,missense_variant,,3,105200,2.85171102661597E-05,0,0,0,7068,0,0,0,16596,0,0,0,2310,0,0,0,8572,0,0,0,10978,0,0,3,42266,0,0,0,1822,0,0,0,15588,0,0
11,63671478,rs184840760,G,A,gnomAD Exomes,PASS,NA,p.Arg512Gln,p.Arg512Gln,c.1535G>A,missense_variant,,2,105088,1.90316686967113E-05,0,0,0,7066,0,0,0,16568,0,0,0,2306,0,0,1,8560,0,0,0,10936,0,0,1,42260,0,0,0,1822,0,0,0,15570,0,0
11,63671482,rs755130354,C,A,gnomAD Exomes,PASS,NA,p.Ala513Ala,c.1539C>A(p.=),c.1539C>A,synonymous_variant,,1,105378,9.48964679534628E-06,0,0,0,7068,0,0,0,16734,0,0,0,2310,0,0,0,8570,0,0,0,10936,0,0,1,42342,0,0,0,1832,0,0,0,15586,0,0
11,63671487,rs779235042,C,T,gnomAD Exomes,PASS,NA,p.Thr515Met,p.Thr515Met,c.1544C>T,missense_variant,,4,104794,3.81701242437544E-05,0,0,0,7048,0,0,0,16752,0,0,0,2312,0,0,0,8574,0,0,1,10412,0,0,3,42260,0,0,0,1832,0,0,0,15604,0,0
11,63671488,rs1393960674,G,A,gnomAD Exomes,PASS,NA,p.Thr515Thr,c.1545G>A(p.=),c.1545G>A,synonymous_variant,,1,104676,9.55328824181283E-06,0,0,0,7038,0,0,1,16752,0,0,0,2308,0,0,0,8574,0,0,0,10346,0,0,0,42224,0,0,0,1834,0,0,0,15600,0,0
11,63671488,rs1393960674,G,T,gnomAD Exomes,PASS,NA,p.Thr515Thr,c.1545G>T(p.=),c.1545G>T,synonymous_variant,,1,104676,9.55328824181283E-06,0,0,0,7038,0,0,0,16752,0,0,0,2308,0,0,0,8574,0,0,1,10346,0,0,0,42224,0,0,0,1834,0,0,0,15600,0,0
11,63671490,rs370703635,C,T,gnomAD Genomes,NA,PASS,p.Ala516Val,p.Ala516Val,c.1547C>T,missense_variant,,1,10860,9.20810313075506E-05,0,0,0,2570,0,0,0,246,0,0,0,36,0,0,0,916,0,0,1,1160,0,0,0,5508,0,0,0,424,0,0,0,0,0,0
11,63671503,rs747523553,C,T,gnomAD Exomes,PASS,NA,p.Ala520Ala,c.1560C>T(p.=),c.1560C>T,synonymous_variant,,2,101890,1.96290116792619E-05,0,0,0,6736,0,0,0,16798,0,0,0,2276,0,0,0,8506,0,0,0,8640,0,0,2,41554,0,0,0,1798,0,0,0,15582,0,0
11,63671504,rs771286708,G,A,gnomAD Exomes,PASS,NA,p.Ala521Thr,p.Ala521Thr,c.1561G>A,missense_variant,,3,100552,2.98353090938022E-05,0,0,0,6602,0,0,1,16704,0,0,0,2250,0,0,0,8470,0,0,0,8128,0,0,2,41096,0,0,0,1782,0,0,0,15520,0,0
11,63671504,rs771286708,G,T,gnomAD Exomes,PASS,NA,p.Ala521Ser,p.Ala521Ser,c.1561G>T,missense_variant,,1,100552,9.9451030312674E-06,0,0,0,6602,0,0,0,16704,0,0,0,2250,0,0,0,8470,0,0,0,8128,0,0,1,41096,0,0,0,1782,0,0,0,15520,0,0
11,63671505,rs1181613762,C,T,gnomAD Genomes,NA,PASS,p.Ala521Val,p.Ala521Val,c.1562C>T,missense_variant,,1,10864,9.20471281296024E-05,0,0,1,2572,0,0,0,246,0,0,0,38,0,0,0,916,0,0,0,1162,0,0,0,5506,0,0,0,424,0,0,0,0,0,0
11,63671514,rs373710920,C,T,gnomAD Exomes,PASS,NA,p.Ala524Val,p.Ala524Val,c.1571C>T,missense_variant,,2,96620,2.06996481059822E-05,0,0,0,6282,0,0,0,16420,0,0,0,2160,0,0,0,8306,0,0,1,6892,0,0,1,39622,0,0,0,1716,0,0,0,15222,0,0
11,63671515,rs376412234,G,T,gnomAD Exomes,PASS,NA,p.Ala524Ala,c.1572G>T(p.=),c.1572G>T,synonymous_variant,,0,97920,0,0,0,0,6376,0,0,0,16542,0,0,0,2186,0,0,0,8374,0,0,0,7238,0,0,0,40124,0,0,0,1748,0,0,0,15332,0,0
11,63671515,rs376412234,G,A,gnomAD Exomes,PASS,NA,p.Ala524Ala,c.1572G>A(p.=),c.1572G>A,synonymous_variant,,2,97920,2.04248366013072E-05,0,0,0,6376,0,0,1,16542,0,0,0,2186,0,0,0,8374,0,0,0,7238,0,0,0,40124,0,0,0,1748,0,0,1,15332,0,0
11,63671519,rs767030713,C,T,gnomAD Exomes,PASS,NA,p.Arg526Trp,p.Arg526Trp,c.1576C>T,missense_variant,,2,101282,1.97468454414407E-05,0,0,0,6592,0,0,0,16810,0,0,0,2190,0,0,0,8466,0,0,0,8880,0,0,1,40996,0,0,0,1782,0,0,1,15566,0,0
11,63671520,rs1251527248,G,A,gnomAD Exomes,PASS,NA,p.Arg526Gln,p.Arg526Gln,c.1577G>A,missense_variant,,1,101834,9.81990297935856E-06,0,0,0,6718,0,0,0,16822,0,0,0,2208,0,0,0,8486,0,0,0,9034,0,0,1,41180,0,0,0,1802,0,0,0,15584,0,0
11,63671524,rs552187436,C,G,gnomAD Exomes,PASS,NA,p.Pro527Pro,c.1581C>G(p.=),c.1581C>G,synonymous_variant,,4,103204,3.87581876671447E-05,0,0,0,6848,0,0,4,16890,0,0,0,2294,0,0,0,8516,0,0,0,9442,0,0,0,41776,0,0,0,1842,0,0,0,15596,0,0
11,63671526,rs559643101,G,A,gnomAD Exomes,PASS,NA,p.Arg528His,p.Arg528His,c.1583G>A,missense_variant,,10,102918,9.71647330884782E-05,0,0,1,6814,0,0,0,16852,0,0,0,2286,0,0,0,8504,0,0,0,9306,0,0,7,41754,0,0,0,1834,0,0,2,15568,0,0
11,63671548,rs370774559,G,A,gnomAD Exomes,PASS,NA,p.Ser535Ser,c.1605G>A(p.=),c.1605G>A,synonymous_variant,,3,101014,2.96988536242501E-05,0,0,0,6702,0,0,0,16796,0,0,0,2248,0,0,0,8412,0,0,1,8234,0,0,1,41304,0,0,0,1808,0,0,1,15510,0,0
11,63671554,rs753542314,C,T,gnomAD Exomes,PASS,NA,p.Ser537Ser,c.1611C>T(p.=),c.1611C>T,synonymous_variant,,4,100352,3.9859693877551E-05,0,0,0,6654,0,0,2,16734,0,0,0,2220,0,0,0,8384,0,0,0,8042,0,0,2,41082,0,0,0,1790,0,0,0,15446,0,0
11,63671555,rs754868438,G,A,"gnomAD Exomes,gnomAD Genomes",PASS,PASS,p.Val538Met,p.Val538Met,c.1612G>A,missense_variant,,2,110750,1.8058690744921E-05,0,0,1,9148,0,0,0,16924,0,0,0,2244,0,0,1,9266,0,0,0,9108,0,0,0,46450,0,0,0,2196,0,0,0,15414,0,0
11,63671560,rs779263089,C,T,gnomAD Exomes,PASS,NA,p.His539His,c.1617C>T(p.=),c.1617C>T,synonymous_variant,,5,99516,5.02431769765666E-05,0,0,0,6570,0,0,0,16626,0,0,0,2182,0,0,0,8296,0,0,0,7868,0,0,0,40798,0,0,1,1780,0,0,4,15396,0,0
11,63671565,rs752981478,A,G,gnomAD Exomes,PASS,NA,p.Asn541Ser,p.Asn541Ser,c.1622A>G,missense_variant,,3,99038,3.02914032997435E-05,0,0,0,6530,0,0,0,16550,0,0,0,2170,0,0,0,8252,0,0,0,7822,0,0,3,40580,0,0,0,1776,0,0,0,15358,0,0
11,63671570,rs199756433,G,A,"gnomAD Exomes,gnomAD Genomes",PASS,PASS,p.Ala543Thr,p.Ala543Thr,c.1627G>A,missense_variant,,10,108664,9.20267982036369E-05,0,0,0,8970,0,0,1,16696,0,0,0,2184,0,0,0,9078,0,0,0,8676,0,0,9,45628,0,0,0,2174,0,0,0,15258,0,0
11,63671583,rs778030790,C,T,gnomAD Exomes,PASS,NA,p.Pro547Leu,p.Pro547Leu,c.1640C>T,missense_variant,,0,93924,0,0,0,0,6088,0,0,0,16010,0,0,0,2072,0,0,0,7782,0,0,0,6752,0,0,0,38658,0,0,0,1694,0,0,0,14868,0,0
11,63671587,rs999498552,C,T,gnomAD Exomes,PASS,NA,p.Pro548Pro,c.1644C>T(p.=),c.1644C>T,synonymous_variant,,0,93328,0,0,0,0,6014,0,0,0,15908,0,0,0,2070,0,0,0,7728,0,0,0,6716,0,0,0,38368,0,0,0,1686,0,0,0,14838,0,0
11,63671587,rs999498552,C,A,gnomAD Exomes,PASS,NA,p.Pro548Pro,c.1644C>A(p.=),c.1644C>A,synonymous_variant,,1,93328,1.07148979941711E-05,0,0,0,6014,0,0,0,15908,0,0,0,2070,0,0,0,7728,0,0,0,6716,0,0,0,38368,0,0,0,1686,0,0,1,14838,0,0
11,63671589,rs1031387538,C,T,"gnomAD Exomes,gnomAD Genomes",PASS,PASS,p.Thr549Met,p.Thr549Met,c.1646C>T,missense_variant,,1,102958,9.71269838186445E-06,0,0,0,8506,0,0,0,16006,0,0,0,2074,0,0,1,8518,0,0,0,7652,0,0,0,43394,0,0,0,2096,0,0,0,14712,0,0
11,63671611,rs367678089,G,A,"gnomAD Exomes,gnomAD Genomes",PASS,PASS,p.Pro556Pro,c.1668G>A(p.=),c.1668G>A,synonymous_variant,,8,88600,9.02934537246049E-05,0,0,0,7358,0,0,1,14404,0,0,0,1846,0,0,2,6958,0,0,0,5788,0,0,4,36792,0,0,0,1936,0,0,1,13518,0,0
11,63672267,rs758716576,C,G,gnomAD Exomes,PASS,NA,p.Pro562Pro,c.1686C>G(p.=),c.1686C>G,synonymous_variant,,1,109390,9.14160343724289E-06,0,0,0,7164,0,0,1,17108,0,0,0,2320,0,0,0,9046,0,0,0,13392,0,0,0,42762,0,0,0,1914,0,0,0,15684,0,0
11,63672270,rs1380241955,G,T,gnomAD Exomes,PASS,NA,p.Gln563His,p.Gln563His,c.1689G>T,missense_variant,,1,109394,9.14126917381209E-06,0,0,0,7164,0,0,0,17110,0,0,0,2320,0,0,0,9046,0,0,0,13390,0,0,1,42768,0,0,0,1914,0,0,0,15682,0,0
11,63672271,rs369307518,C,T,gnomAD Exomes,PASS,NA,p.Arg564Cys,p.Arg564Cys,c.1690C>T,missense_variant,,1,109384,9.14210487822716E-06,0,0,0,7164,0,0,0,17110,0,0,0,2320,0,0,0,9046,0,0,0,13390,0,0,1,42756,0,0,0,1914,0,0,0,15684,0,0
11,63672272,rs751564327,G,A,gnomAD Exomes,PASS,NA,p.Arg564His,p.Arg564His,c.1691G>A,missense_variant,,1,109386,9.14193772512022E-06,0,0,0,7164,0,0,0,17108,0,0,0,2320,0,0,1,9046,0,0,0,13390,0,0,0,42766,0,0,0,1914,0,0,0,15678,0,0
11,63672276,rs757427864,C,T,gnomAD Exomes,PASS,NA,p.Val565Val,c.1695C>T(p.=),c.1695C>T,synonymous_variant,,2,109402,1.82812014405587E-05,0,0,0,7164,0,0,0,17110,0,0,0,2320,0,0,0,9046,0,0,0,13392,0,0,2,42768,0,0,0,1914,0,0,0,15688,0,0
11,63672294,rs201741436,C,T,gnomAD Exomes,PASS,NA,p.Ser571Ser,c.1713C>T(p.=),c.1713C>T,synonymous_variant,,2,109404,1.82808672443421E-05,0,0,0,7164,0,0,0,17110,0,0,0,2320,0,0,1,9046,0,0,1,13394,0,0,0,42766,0,0,0,1914,0,0,0,15690,0,0
11,63672295,rs746404079,G,A,gnomAD Exomes,PASS,NA,p.Ala572Thr,p.Ala572Thr,c.1714G>A,missense_variant,,1,109408,9.14009944428195E-06,0,0,0,7164,0,0,0,17112,0,0,0,2320,0,0,0,9046,0,0,0,13394,0,0,1,42768,0,0,0,1914,0,0,0,15690,0,0
11,63672295,rs746404079,G,T,gnomAD Exomes,PASS,NA,p.Ala572Ser,p.Ala572Ser,c.1714G>T,missense_variant,,1,109408,9.14009944428195E-06,0,0,0,7164,0,0,0,17112,0,0,0,2320,0,0,0,9046,0,0,0,13394,0,0,1,42768,0,0,0,1914,0,0,0,15690,0,0
11,63672298,rs200262332,C,T,gnomAD Exomes,PASS,NA,p.His573Tyr,p.His573Tyr,c.1717C>T,missense_variant,,1,109408,9.14009944428195E-06,0,0,0,7164,0,0,0,17112,0,0,0,2320,0,0,1,9046,0,0,0,13394,0,0,0,42768,0,0,0,1914,0,0,0,15690,0,0
11,63672305,rs1206350852,T,G,gnomAD Exomes,PASS,NA,p.Ile575Ser,p.Ile575Ser,c.1724T>G,missense_variant,,1,109408,9.14009944428195E-06,0,0,0,7164,0,0,0,17112,0,0,0,2320,0,0,0,9046,0,0,0,13394,0,0,1,42768,0,0,0,1914,0,0,0,15690,0,0
11,63672306,rs1240998570,C,T,gnomAD Exomes,PASS,NA,p.Ile575Ile,c.1725C>T(p.=),c.1725C>T,synonymous_variant,,1,109406,9.14026653017202E-06,0,0,0,7164,0,0,1,17112,0,0,0,2318,0,0,0,9046,0,0,0,13394,0,0,0,42768,0,0,0,1914,0,0,0,15690,0,0
11,63672307,rs749697940,A,G,gnomAD Exomes,PASS,NA,p.Ser576Gly,p.Ser576Gly,c.1726A>G,missense_variant,,1,109408,9.14009944428195E-06,0,0,0,7164,0,0,0,17112,0,0,0,2320,0,0,0,9046,0,0,0,13394,0,0,1,42768,0,0,0,1914,0,0,0,15690,0,0
11,63672309,rs771679899,C,T,gnomAD Exomes,PASS,NA,p.Ser576Ser,c.1728C>T(p.=),c.1728C>T,synonymous_variant,,1,109408,9.14009944428195E-06,0,0,0,7164,0,0,1,17112,0,0,0,2320,0,0,0,9046,0,0,0,13394,0,0,0,42768,0,0,0,1914,0,0,0,15690,0,0
11,63672316,rs772912610,G,T,gnomAD Exomes,PASS,NA,p.Gly579Cys,p.Gly579Cys,c.1735G>T,missense_variant,,1,109406,9.14026653017202E-06,0,0,0,7164,0,0,0,17112,0,0,0,2320,0,0,1,9046,0,0,0,13394,0,0,0,42766,0,0,0,1914,0,0,0,15690,0,0
11,63672317,rs770487182,G,A,"gnomAD Exomes,gnomAD Genomes",PASS,PASS,p.Gly579Asp,p.Gly579Asp,c.1736G>A,missense_variant,,2,120274,1.66286978066748E-05,0,0,0,9736,0,0,0,17358,0,0,0,2358,0,0,0,9962,0,0,1,14556,0,0,1,48276,0,0,0,2338,0,0,0,15690,0,0
11,63672317,rs770487182,G,T,gnomAD Exomes,PASS,NA,p.Gly579Val,p.Gly579Val,c.1736G>T,missense_variant,,1,109404,9.14043362217103E-06,0,0,0,7164,0,0,0,17112,0,0,0,2320,0,0,1,9046,0,0,0,13394,0,0,0,42764,0,0,0,1914,0,0,0,15690,0,0
11,63672322,rs776365456,G,A,gnomAD Exomes,PASS,NA,p.Ala581Thr,p.Ala581Thr,c.1741G>A,missense_variant,,5,109408,4.57004972214098E-05,0,0,0,7164,0,0,5,17112,0,0,0,2320,0,0,0,9046,0,0,0,13394,0,0,0,42768,0,0,0,1914,0,0,0,15690,0,0
11,63672323,rs1414179596,C,G,gnomAD Exomes,PASS,NA,p.Ala581Gly,p.Ala581Gly,c.1742C>G,missense_variant,,1,109406,9.14026653017202E-06,0,0,0,7164,0,0,0,17112,0,0,0,2320,0,0,0,9046,0,0,0,13394,0,0,1,42766,0,0,0,1914,0,0,0,15690,0,0
11,63672325,rs1455565582,C,T,gnomAD Exomes,PASS,NA,p.Pro582Ser,p.Pro582Ser,c.1744C>T,missense_variant,,1,109404,9.14043362217103E-06,0,0,0,7162,0,0,1,17110,0,0,0,2320,0,0,0,9046,0,0,0,13394,0,0,0,42768,0,0,0,1914,0,0,0,15690,0,0
11,63672336,rs1158497675,T,G,gnomAD Exomes,PASS,NA,p.Thr585Thr,c.1755T>G(p.=),c.1755T>G,synonymous_variant,,1,109402,9.14060072027934E-06,0,0,0,7164,0,0,0,17112,0,0,0,2320,0,0,0,9046,0,0,0,13392,0,0,1,42764,0,0,0,1914,0,0,0,15690,0,0
11,63672344,rs759548844,C,T,gnomAD Exomes,PASS,NA,p.Pro588Leu,p.Pro588Leu,c.1763C>T,missense_variant,,1,109400,9.14076782449726E-06,0,0,0,7164,0,0,1,17112,0,0,0,2320,0,0,0,9046,0,0,0,13392,0,0,0,42762,0,0,0,1914,0,0,0,15690,0,0
11,63672355,rs779245115,T,C,gnomAD Exomes,PASS,NA,p.Ser592Pro,p.Ser592Pro,c.1774T>C,missense_variant,,4,109396,3.65644082050532E-05,0,0,0,7164,0,0,0,17110,0,0,0,2318,0,0,0,9044,0,0,0,13392,0,0,4,42764,0,0,0,1914,0,0,0,15690,0,0
11,63672357,rs775405538,C,T,"gnomAD Exomes,gnomAD Genomes",PASS,PASS,p.Ser592Ser,c.1776C>T(p.=),c.1776C>T,synonymous_variant,,3,120282,2.49413877388138E-05,0,0,2,9738,0,0,1,17358,0,0,0,2358,0,0,0,9962,0,0,0,14554,0,0,0,48284,0,0,0,2338,0,0,0,15690,0,0
11,63672359,rs1378689760,G,T,gnomAD Exomes,PASS,NA,p.Ser593Ile,p.Ser593Ile,c.1778G>T,missense_variant,,1,109400,9.14076782449726E-06,0,0,0,7162,0,0,0,17112,0,0,0,2320,0,0,0,9046,0,0,0,13392,0,0,1,42764,0,0,0,1914,0,0,0,15690,0,0
11,63672381,rs762883289,G,A,gnomAD Exomes,PASS,NA,p.Gly600Gly,c.1800G>A(p.=),c.1800G>A,synonymous_variant,,1,109404,9.14043362217103E-06,0,0,0,7164,0,0,0,17112,0,0,0,2320,0,0,0,9046,0,0,0,13392,0,0,1,42766,0,0,0,1914,0,0,0,15690,0,0
11,63672389,rs1228256247,G,A,gnomAD Exomes,PASS,NA,p.Arg603Gln,p.Arg603Gln,c.1808G>A,missense_variant,,1,109404,9.14043362217103E-06,0,0,0,7164,0,0,0,17112,0,0,0,2320,0,0,0,9046,0,0,0,13392,0,0,1,42766,0,0,0,1914,0,0,0,15690,0,0
11,63672413,rs767644540,T,C,gnomAD Exomes,PASS,NA,p.Leu611Ser,p.Leu611Ser,c.1832T>C,missense_variant,,2,109404,1.82808672443421E-05,0,0,0,7164,0,0,0,17112,0,0,0,2320,0,0,2,9046,0,0,0,13390,0,0,0,42768,0,0,0,1914,0,0,0,15690,0,0
11,63672420,rs368147180,C,T,gnomAD Exomes,PASS,NA,p.Tyr613Tyr,c.1839C>T(p.=),c.1839C>T,synonymous_variant,,8,109402,7.31248057622347E-05,0,0,0,7164,0,0,4,17112,0,0,0,2320,0,0,0,9046,0,0,0,13390,0,0,4,42766,0,0,0,1914,0,0,0,15690,0,0
11,63672421,rs199753298,G,A,"gnomAD Exomes,gnomAD Genomes",PASS,PASS,p.Gly614Ser,p.Gly614Ser,c.1840G>A,missense_variant,,4,120266,3.32596078692232E-05,0,0,1,9734,0,0,0,17358,0,0,0,2358,0,0,0,9960,0,0,0,14552,0,0,3,48278,0,0,0,2338,0,0,0,15688,0,0
11,63672424,rs147921716,G,T,gnomAD Exomes,PASS,NA,p.Val615Leu,p.Val615Leu,c.1843G>T,missense_variant,,1,109398,9.14093493482513E-06,0,0,0,7164,0,0,0,17112,0,0,0,2320,0,0,0,9042,0,0,0,13390,0,0,1,42766,0,0,0,1914,0,0,0,15690,0,0
11,63672424,rs147921716,G,A,gnomAD Exomes,PASS,NA,p.Val615Met,p.Val615Met,c.1843G>A,missense_variant,,1,109398,9.14093493482513E-06,0,0,0,7164,0,0,0,17112,0,0,0,2320,0,0,0,9042,0,0,0,13390,0,0,1,42766,0,0,0,1914,0,0,0,15690,0,0
11,63672429,rs777231996,C,G,gnomAD Exomes,PASS,NA,p.Thr616Thr,c.1848C>G(p.=),c.1848C>G,synonymous_variant,,6,109398,5.48456096089508E-05,0,0,0,7164,0,0,0,17112,0,0,0,2320,0,0,0,9044,0,0,0,13390,0,0,6,42766,0,0,0,1914,0,0,0,15688,0,0
11,63672433,rs773647747,G,A,gnomAD Exomes,PASS,NA,p.Ala618Thr,p.Ala618Thr,c.1852G>A,missense_variant,,2,109392,1.82828726049437E-05,0,0,0,7164,0,0,0,17112,0,0,0,2320,0,0,0,9044,0,0,0,13388,0,0,0,42762,0,0,0,1914,0,0,2,15688,0,0
11,63672455,rs1416294196,A,G,gnomAD Exomes,PASS,NA,p.Gln625Arg,p.Gln625Arg,c.1874A>G,missense_variant,,1,109328,9.14678764817796E-06,0,0,0,7148,0,0,0,17100,0,0,0,2320,0,0,0,9038,0,0,0,13384,0,0,1,42738,0,0,0,1912,0,0,0,15688,0,0
11,63672460,rs185974234,C,A,gnomAD Exomes,PASS,NA,p.Arg627Arg,c.1879C>A(p.=),c.1879C>A,synonymous_variant,,2,109384,1.82842097564543E-05,0,0,1,7164,0,0,1,17110,0,0,0,2320,0,0,0,9044,0,0,0,13388,0,0,0,42756,0,0,0,1914,0,0,0,15688,0,0
11,63672463,rs201641908,C,A,gnomAD Exomes,PASS,NA,p.Arg628Arg,c.1882C>A(p.=),c.1882C>A,synonymous_variant,,4,109376,3.65710942071387E-05,0,0,0,7164,0,0,4,17108,0,0,0,2320,0,0,0,9040,0,0,0,13384,0,0,0,42758,0,0,0,1914,0,0,0,15688,0,0
11,63672464,rs780776931,G,A,gnomAD Genomes,NA,PASS,p.Arg628Gln,p.Arg628Gln,c.1883G>A,missense_variant,,1,10868,9.20132499079868E-05,0,0,0,2572,0,0,0,246,0,0,0,38,0,0,0,916,0,0,0,1162,0,0,1,5510,0,0,0,424,0,0,0,0,0,0
11,63672479,rs151049341,G,A,"gnomAD Exomes,gnomAD Genomes",PASS,PASS,p.Ser633Asn,p.Ser633Asn,c.1898G>A,missense_variant,,53,120220,0.000440858426219,0,0,0,9730,0,0,5,17356,0,0,0,2358,0,0,0,9960,0,0,2,14542,0,0,45,48256,0,0,1,2338,0,0,0,15680,0,0
11,63672492,rs762830637,G,A,gnomAD Exomes,PASS,NA,p.Lys637Lys,c.1911G>A(p.=),c.1911G>A,synonymous_variant,,1,109322,9.14728965807431E-06,0,0,0,7162,0,0,0,17108,0,0,0,2320,0,0,0,9036,0,0,0,13372,0,0,0,42726,0,0,0,1914,0,0,1,15684,0,0
11,63672495,rs768588454,C,A,gnomAD Exomes,PASS,NA,p.Phe638Leu,p.Phe638Leu,c.1914C>A,missense_variant,,5,109296,4.5747328356024E-05,0,0,0,7160,0,0,0,17106,0,0,0,2320,0,0,0,9038,0,0,0,13360,0,0,0,42716,0,0,0,1914,0,0,5,15682,0,0
11,63672500,rs1205349253,C,G,gnomAD Exomes,PASS,NA,p.Ser640Cys,p.Ser640Cys,c.1919C>G,missense_variant,,1,109282,9.15063779945462E-06,0,0,0,7160,0,0,1,17104,0,0,0,2320,0,0,0,9038,0,0,0,13356,0,0,0,42710,0,0,0,1912,0,0,0,15682,0,0
11,63672511,rs767677810,C,T,gnomAD Exomes,PASS,NA,p.Arg644Cys,p.Arg644Cys,c.1930C>T,missense_variant,,1,109122,9.16405491101703E-06,0,0,0,7156,0,0,0,17092,0,0,0,2318,0,0,0,9038,0,0,0,13280,0,0,1,42658,0,0,0,1908,0,0,0,15672,0,0
11,63672512,rs750480856,G,A,gnomAD Exomes,PASS,NA,p.Arg644His,p.Arg644His,c.1931G>A,missense_variant,,2,109142,1.83247512415019E-05,0,0,0,7160,0,0,1,17096,0,0,0,2318,0,0,0,9036,0,0,0,13278,0,0,1,42668,0,0,0,1910,0,0,0,15676,0,0
11,63675746,rs765713946,C,T,gnomAD Exomes,PASS,NA,p.Pro659Leu,p.Pro659Leu,c.1976C>T,missense_variant,,1,75122,1.33116796677405E-05,0,0,0,3916,0,0,0,13460,0,0,0,1640,0,0,0,5808,0,0,0,11730,0,0,0,24978,0,0,0,1478,0,0,1,12112,0,0
11,63675746,rs765713946,C,A,gnomAD Exomes,PASS,NA,p.Pro659His,p.Pro659His,c.1976C>A,missense_variant,,0,75122,0,0,0,0,3916,0,0,0,13460,0,0,0,1640,0,0,0,5808,0,0,0,11730,0,0,0,24978,0,0,0,1478,0,0,0,12112,0,0
11,63675760,rs1369701108,C,T,gnomAD Genomes,NA,PASS,p.Arg664Ter,p.Arg664Ter,c.1990C>T,stop_gained,,1,10874,9.19624793084421E-05,0,0,0,2574,0,0,0,246,0,0,0,38,0,0,0,916,0,0,1,1162,0,0,0,5516,0,0,0,422,0,0,0,0,0,0
11,63675762,rs753074758,A,G,gnomAD Exomes,PASS,NA,p.Arg664Arg,c.1992A>G(p.=),c.1992A>G,synonymous_variant,,0,73378,0,0,0,0,3740,0,0,0,13272,0,0,0,1632,0,0,0,5684,0,0,0,11596,0,0,0,23980,0,0,0,1450,0,0,0,12024,0,0
11,63675763,rs758758147,G,A,gnomAD Exomes,PASS,NA,p.Val665Met,p.Val665Met,c.1993G>A,missense_variant,,3,73178,4.09959277378447E-05,0,0,0,3720,0,0,0,13254,0,0,0,1630,0,0,3,5650,0,0,0,11572,0,0,0,23890,0,0,0,1446,0,0,0,12016,0,0
11,63675763,rs758758147,G,C,gnomAD Exomes,PASS,NA,p.Val665Leu,p.Val665Leu,c.1993G>C,missense_variant,,1,73178,1.36653092459482E-05,0,0,0,3720,0,0,0,13254,0,0,0,1630,0,0,1,5650,0,0,0,11572,0,0,0,23890,0,0,0,1446,0,0,0,12016,0,0
11,63675769,rs1329790845,A,G,gnomAD Exomes,PASS,NA,p.Thr667Ala,p.Thr667Ala,c.1999A>G,missense_variant,,0,71826,0,0,0,0,3562,0,0,0,13116,0,0,0,1592,0,0,0,5492,0,0,0,11510,0,0,0,23206,0,0,0,1434,0,0,0,11914,0,0
11,63675772,rs55767673,C,T,"gnomAD Exomes,gnomAD Genomes",PASS,PASS,p.Leu668Phe,p.Leu668Phe,c.2002C>T,missense_variant,,41,82320,0.000498056365403,0,0,2,6080,0,0,12,13292,0,0,0,1628,0,0,0,6392,0,0,0,12630,0,0,26,28532,0,0,1,1854,0,0,0,11912,0,0
11,63676370,rs750064207,C,T,gnomAD Exomes,PASS,NA,p.Gly676Gly,c.2028C>T(p.=),c.2028C>T,synonymous_variant,,1,78950,1.2666244458518E-05,0,0,0,6240,0,0,0,12236,0,0,0,1116,0,0,1,8216,0,0,0,11560,0,0,0,29756,0,0,0,1308,0,0,0,8518,0,0
11,63676393,rs1412282082,A,G,gnomAD Genomes,NA,PASS,p.Glu684Gly,p.Glu684Gly,c.2051A>G,missense_variant,,1,10854,9.21319329279528E-05,0,0,0,2568,0,0,0,246,0,0,0,38,0,0,1,916,0,0,0,1160,0,0,0,5506,0,0,0,420,0,0,0,0,0,0
11,63676394,rs753389992,A,C,gnomAD Exomes,PASS,NA,p.Glu684Asp,p.Glu684Asp,c.2052A>C,missense_variant,,2,81258,2.46129611853602E-05,0,0,0,6394,0,0,2,12470,0,0,0,1150,0,0,0,8292,0,0,0,11928,0,0,0,30710,0,0,0,1342,0,0,0,8972,0,0
11,63676395,rs754501625,T,G,gnomAD Exomes,PASS,NA,p.Phe685Val,p.Phe685Val,c.2053T>G,missense_variant,,1,81026,1.23417174734036E-05,0,0,0,6338,0,0,0,12436,0,0,0,1142,0,0,0,8234,0,0,0,11918,0,0,1,30658,0,0,0,1352,0,0,0,8948,0,0
11,63676398,rs929510043,C,T,gnomAD Genomes,NA,PASS,p.Arg686Trp,p.Arg686Trp,c.2056C>T,missense_variant,,1,10860,9.20810313075506E-05,0,0,1,2572,0,0,0,246,0,0,0,38,0,0,0,916,0,0,0,1160,0,0,0,5506,0,0,0,422,0,0,0,0,0,0
11,63676404,rs778849888,G,A,gnomAD Exomes,PASS,NA,p.Ala688Thr,p.Ala688Thr,c.2062G>A,missense_variant,,2,82294,2.43031083675602E-05,0,0,0,6382,0,0,0,12640,0,0,0,1224,0,0,0,8270,0,0,0,11986,0,0,2,31224,0,0,0,1372,0,0,0,9196,0,0
11,63676409,rs748038150,G,A,gnomAD Exomes,PASS,NA,p.Lys689Lys,c.2067G>A(p.=),c.2067G>A,synonymous_variant,,1,86376,1.15772899879596E-05,0,0,0,6586,0,0,0,13778,0,0,0,1302,0,0,0,8576,0,0,0,12106,0,0,1,32522,0,0,0,1472,0,0,0,10034,0,0
11,63676415,rs371393398,C,T,gnomAD Exomes,PASS,NA,p.Arg691Arg,c.2073C>T(p.=),c.2073C>T,synonymous_variant,,5,87244,5.7310531383247E-05,0,0,5,6642,0,0,0,13534,0,0,0,1334,0,0,0,8582,0,0,0,12184,0,0,0,33304,0,0,0,1500,0,0,0,10164,0,0
11,63676428,,A,G,gnomAD Exomes,PASS,NA,p.Thr696Ala,p.Thr696Ala,c.2086A>G,missense_variant,,1,92880,1.07665805340224E-05,0,0,0,6830,0,0,0,14030,0,0,0,1536,0,0,0,8748,0,0,0,12494,0,0,1,35986,0,0,0,1580,0,0,0,11676,0,0
11,63676430,rs555740859,G,A,"gnomAD Exomes,gnomAD Genomes",PASS,PASS,p.Thr696Thr,c.2088G>A(p.=),c.2088G>A,synonymous_variant,,3,104424,2.87290278096989E-05,0,0,0,9388,0,0,1,14290,0,0,0,1620,0,0,0,9646,0,0,1,13730,0,0,0,41814,0,0,0,2022,0,0,1,11914,0,0
11,63676435,rs1344544983,G,C,gnomAD Exomes,PASS,NA,p.Ser698Thr,p.Ser698Thr,c.2093G>C,missense_variant,,1,97966,1.02076230528959E-05,0,0,0,6972,0,0,0,15364,0,0,0,1726,0,0,0,8870,0,0,0,12694,0,0,1,37592,0,0,0,1688,0,0,0,13060,0,0
11,63676448,rs1251093865,G,A,gnomAD Exomes,PASS,NA,p.Thr702Thr,c.2106G>A(p.=),c.2106G>A,synonymous_variant,,1,101722,9.83071508621537E-06,0,0,0,7018,0,0,0,15948,0,0,0,1924,0,0,1,8918,0,0,0,12908,0,0,0,39186,0,0,0,1766,0,0,0,14054,0,0
11,63676476,rs1254361613,C,T,gnomAD Exomes,PASS,NA,p.Arg712Trp,p.Arg712Trp,c.2134C>T,missense_variant,,1,107146,9.33305956358613E-06,0,0,0,7110,0,0,0,16778,0,0,0,2208,0,0,0,8992,0,0,0,13238,0,0,0,41646,0,0,0,1868,0,0,1,15306,0,0
11,63676476,rs1254361613,C,A,gnomAD Exomes,PASS,NA,p.Arg712Arg,c.2134C>A(p.=),c.2134C>A,synonymous_variant,,1,107146,9.33305956358613E-06,0,0,0,7110,0,0,0,16778,0,0,0,2208,0,0,0,8992,0,0,0,13238,0,0,0,41646,0,0,0,1868,0,0,1,15306,0,0
11,63676491,rs1466790998,G,C,gnomAD Exomes,PASS,NA,p.Val717Leu,p.Val717Leu,c.2149G>C,missense_variant,,1,108840,9.18779860345461E-06,0,0,0,7148,0,0,0,17022,0,0,0,2296,0,0,1,9040,0,0,0,13312,0,0,0,42498,0,0,0,1898,0,0,0,15626,0,0
11,63676500,rs745948372,G,A,gnomAD Exomes,PASS,NA,p.Ala720Thr,p.Ala720Thr,c.2158G>A,missense_variant,,3,109028,2.75158674835822E-05,0,0,0,7142,0,0,3,17036,0,0,0,2302,0,0,0,9036,0,0,0,13352,0,0,0,42600,0,0,0,1900,0,0,0,15660,0,0
11,63676501,rs769778776,C,T,gnomAD Exomes,PASS,NA,p.Ala720Val,p.Ala720Val,c.2159C>T,missense_variant,,1,108934,9.17987038023023E-06,0,0,0,7140,0,0,0,17026,0,0,0,2302,0,0,0,9036,0,0,0,13356,0,0,0,42540,0,0,0,1900,0,0,1,15634,0,0
11,63676508,rs776001526,C,T,gnomAD Exomes,PASS,NA,p.Ser722Ser,c.2166C>T(p.=),c.2166C>T,synonymous_variant,,1,109122,9.16405491101703E-06,0,0,0,7150,0,0,0,17038,0,0,0,2308,0,0,0,9036,0,0,0,13372,0,0,1,42650,0,0,0,1904,0,0,0,15664,0,0
11,63676513,rs568393922,A,C,gnomAD Exomes,PASS,NA,p.Gln724Pro,p.Gln724Pro,c.2171A>C,missense_variant,,1,109222,9.15566460969402E-06,0,0,0,7160,0,0,0,17052,0,0,0,2314,0,0,0,9042,0,0,0,13380,0,0,1,42712,0,0,0,1904,0,0,0,15658,0,0
11,63676517,rs320106,C,A,gnomAD Exomes,PASS,NA,p.Ser725Arg,p.Ser725Arg,c.2175C>A,missense_variant,,5,109192,4.57909004322661E-05,0,0,0,7152,0,0,0,17068,0,0,0,2314,0,0,0,9044,0,0,0,13378,0,0,4,42682,0,0,1,1904,0,0,0,15650,0,0
11,63676517,rs320106,C,T,"gnomAD Exomes,gnomAD Genomes",PASS,PASS,p.Ser725Ser,c.2175C>T(p.=),c.2175C>T,synonymous_variant,,613,120052,0.005106120681038,9,0,529,9720,9,0,63,17314,0,0,8,2352,0,0,0,9960,0,0,0,14538,0,0,10,48190,0,0,1,2328,0,0,2,15650,0,0
11,63676523,rs766112402,G,A,gnomAD Exomes,PASS,NA,p.Leu727Leu,c.2181G>A(p.=),c.2181G>A,synonymous_variant,,1,109300,9.14913083257091E-06,0,0,0,7158,0,0,0,17074,0,0,0,2316,0,0,0,9046,0,0,0,13388,0,0,1,42730,0,0,0,1908,0,0,0,15680,0,0
11,63676531,rs753443830,A,G,gnomAD Exomes,PASS,NA,p.Lys730Arg,p.Lys730Arg,c.2189A>G,missense_variant,,1,109332,9.14645300552446E-06,0,0,0,7162,0,0,0,17080,0,0,0,2316,0,0,0,9046,0,0,0,13392,0,0,0,42742,0,0,0,1912,0,0,1,15682,0,0
11,63676539,rs544713724,C,T,gnomAD Exomes,PASS,NA,p.Leu733Leu,c.2197C>T(p.=),c.2197C>T,synonymous_variant,,3,109358,2.74328352749684E-05,0,0,0,7158,0,0,0,17100,0,0,0,2320,0,0,0,9044,0,0,0,13388,0,0,3,42752,0,0,0,1912,0,0,0,15684,0,0
11,63676548,rs1411770533,A,G,gnomAD Genomes,NA,PASS,p.Met736Val,p.Met736Val,c.2206A>G,missense_variant,,1,10868,9.20132499079868E-05,0,0,0,2572,0,0,0,246,0,0,0,38,0,0,0,916,0,0,0,1162,0,0,1,5510,0,0,0,424,0,0,0,0,0,0
11,63676553,rs1289046111,C,T,gnomAD Genomes,NA,PASS,p.His737His,c.2211C>T(p.=),c.2211C>T,synonymous_variant,,1,10860,9.20810313075506E-05,0,0,1,2570,0,0,0,246,0,0,0,38,0,0,0,916,0,0,0,1162,0,0,0,5504,0,0,0,424,0,0,0,0,0,0
11,63676556,rs764683770,C,T,gnomAD Exomes,PASS,NA,p.Gly738Gly,c.2214C>T(p.=),c.2214C>T,synonymous_variant,,2,109390,1.82832068744858E-05,0,0,0,7162,0,0,0,17100,0,0,0,2320,0,0,2,9044,0,0,0,13392,0,0,0,42768,0,0,0,1914,0,0,0,15690,0,0
11,63676558,rs752630847,C,T,gnomAD Exomes,PASS,NA,p.Thr739Met,p.Thr739Met,c.2216C>T,missense_variant,,1,109390,9.14160343724289E-06,0,0,0,7162,0,0,0,17102,0,0,0,2320,0,0,1,9044,0,0,0,13392,0,0,0,42766,0,0,0,1914,0,0,0,15690,0,0
11,63676559,rs946414887,G,A,gnomAD Exomes,PASS,NA,p.Thr739Thr,c.2217G>A(p.=),c.2217G>A,synonymous_variant,,1,109388,9.14177057812557E-06,0,0,0,7162,0,0,0,17100,0,0,0,2320,0,0,0,9044,0,0,0,13390,0,0,0,42768,0,0,0,1914,0,0,1,15690,0,0
11,63676561,rs1295350902,C,T,gnomAD Exomes,PASS,NA,p.Pro740Leu,p.Pro740Leu,c.2219C>T,missense_variant,,1,109392,9.14143630247184E-06,0,0,0,7162,0,0,0,17102,0,0,0,2320,0,0,0,9044,0,0,0,13394,0,0,1,42766,0,0,0,1914,0,0,0,15690,0,0
11,63676562,rs320107,G,A,"gnomAD Exomes,gnomAD Genomes",PASS,PASS,p.Pro740Pro,c.2220G>A(p.=),c.2220G>A,synonymous_variant,,483,120240,0.004016966067864,7,0,405,9730,7,0,54,17348,0,0,8,2356,0,0,0,9960,0,0,0,14552,0,0,11,48268,0,0,2,2336,0,0,3,15690,0,0
11,63676568,rs188529927,C,T,gnomAD Exomes,PASS,NA,p.His742His,c.2226C>T(p.=),c.2226C>T,synonymous_variant,,2,109394,1.82825383476242E-05,0,0,0,7164,0,0,1,17102,0,0,0,2320,0,0,1,9042,0,0,0,13394,0,0,0,42768,0,0,0,1914,0,0,0,15690,0,0
11,63676569,rs751342552,G,A,gnomAD Exomes,PASS,NA,p.Glu743Lys,p.Glu743Lys,c.2227G>A,missense_variant,,1,109400,9.14076782449726E-06,0,0,0,7164,0,0,0,17104,0,0,0,2320,0,0,0,9046,0,0,0,13394,0,0,1,42768,0,0,0,1914,0,0,0,15690,0,0
11,63676571,rs1334766095,G,A,gnomAD Exomes,PASS,NA,p.Glu743Glu,c.2229G>A(p.=),c.2229G>A,synonymous_variant,,1,109396,9.1411020512633E-06,0,0,0,7164,0,0,0,17104,0,0,0,2320,0,0,0,9044,0,0,0,13394,0,0,1,42766,0,0,0,1914,0,0,0,15690,0,0
11,63676572,rs1212591677,G,A,gnomAD Exomes,PASS,NA,p.Asp744Asn,p.Asp744Asn,c.2230G>A,missense_variant,,1,109398,9.14093493482513E-06,0,0,0,7164,0,0,0,17104,0,0,0,2320,0,0,0,9046,0,0,0,13394,0,0,0,42768,0,0,0,1914,0,0,1,15688,0,0
11,63676577,rs1248047435,C,T,gnomAD Exomes,PASS,NA,p.Phe745Phe,c.2235C>T(p.=),c.2235C>T,synonymous_variant,,1,109400,9.14076782449726E-06,0,0,0,7164,0,0,0,17104,0,0,0,2320,0,0,0,9046,0,0,0,13394,0,0,0,42768,0,0,0,1914,0,0,1,15690,0,0
11,63676583,rs757109880,G,A,gnomAD Exomes,PASS,NA,p.Gln747Gln,c.2241G>A(p.=),c.2241G>A,synonymous_variant,,0,109398,0,0,0,0,7162,0,0,0,17104,0,0,0,2320,0,0,0,9046,0,0,0,13394,0,0,0,42768,0,0,0,1914,0,0,0,15690,0,0
11,63676610,rs375932054,G,A,gnomAD Exomes,PASS,NA,p.Pro756Pro,c.2268G>A(p.=),c.2268G>A,synonymous_variant,,1,109398,9.14093493482513E-06,0,0,1,7164,0,0,0,17104,0,0,0,2320,0,0,0,9046,0,0,0,13394,0,0,0,42768,0,0,0,1914,0,0,0,15688,0,0
11,63676649,rs769860027,G,A,gnomAD Exomes,PASS,NA,p.Ser769Ser,c.2307G>A(p.=),c.2307G>A,synonymous_variant,,1,109356,9.14444566370387E-06,0,0,0,7160,0,0,0,17094,0,0,0,2320,0,0,0,9038,0,0,0,13394,0,0,0,42756,0,0,0,1910,0,0,1,15684,0,0
11,63676652,rs780026052,C,A,gnomAD Exomes,PASS,NA,p.Gly770Gly,c.2310C>A(p.=),c.2310C>A,synonymous_variant,,2,109344,1.82908984489318E-05,0,0,1,7158,0,0,0,17090,0,0,0,2320,0,0,0,9040,0,0,0,13392,0,0,1,42752,0,0,0,1912,0,0,0,15680,0,0
11,63676667,rs145462100,C,T,"gnomAD Exomes,gnomAD Genomes",PASS,PASS,p.Phe775Phe,c.2325C>T(p.=),c.2325C>T,synonymous_variant,,23,119904,0.000191820122765,0,0,0,9712,0,0,5,17228,0,0,2,2356,0,0,0,9930,0,0,0,14548,0,0,16,48170,0,0,0,2336,0,0,0,15624,0,0
11,63676676,rs1288563735,T,C,gnomAD Exomes,PASS,NA,p.Ile778Ile,c.2334T>C(p.=),c.2334T>C,synonymous_variant,,1,109188,9.15851558779353E-06,0,0,0,7152,0,0,0,17046,0,0,0,2320,0,0,0,9030,0,0,0,13386,0,0,1,42686,0,0,0,1908,0,0,0,15660,0,0
11,63676679,rs370112175,C,G,gnomAD Exomes,PASS,NA,p.Ala779Ala,c.2337C>G(p.=),c.2337C>G,synonymous_variant,,1,109142,9.16237562075095E-06,0,0,0,7156,0,0,0,17048,0,0,0,2318,0,0,0,9022,0,0,0,13382,0,0,1,42652,0,0,0,1908,0,0,0,15656,0,0
11,63676682,rs762204707,C,A,gnomAD Exomes,PASS,NA,p.Ser780Ser,c.2340C>A(p.=),c.2340C>A,synonymous_variant,,2,109020,1.83452577508714E-05,0,0,0,7146,0,0,0,17026,0,0,0,2314,0,0,0,9018,0,0,0,13370,0,0,2,42606,0,0,0,1902,0,0,0,15638,0,0
11,63676691,rs772581406,C,G,gnomAD Exomes,PASS,NA,p.Ala783Ala,c.2349C>G(p.=),c.2349C>G,synonymous_variant,,1,108776,9.19320438331985E-06,0,0,0,7128,0,0,0,16978,0,0,0,2304,0,0,1,9002,0,0,0,13348,0,0,0,42502,0,0,0,1892,0,0,0,15622,0,0
11,63676703,rs764981503,G,T,gnomAD Exomes,PASS,NA,p.Lys787Asn,p.Lys787Asn,c.2361G>T,missense_variant,,5,107704,4.64235311594741E-05,0,0,0,7088,0,0,5,16810,0,0,0,2254,0,0,0,8964,0,0,0,13278,0,0,0,41986,0,0,0,1876,0,0,0,15448,0,0
