Chromosome,Position,rsID,Reference,Alternate,Source,Filters - exomes,Filters - genomes,Consequence,Protein Consequence,Transcript Consequence,Annotation,Flags,Allele Count,Allele Number,Allele Frequency,Homozygote Count,Hemizygote Count,Allele Count African,Allele Number African,Homozygote Count African,Hemizygote Count African,Allele Count Latino,Allele Number Latino,Homozygote Count Latino,Hemizygote Count Latino,Allele Count Ashkenazi Jewish,Allele Number Ashkenazi Jewish,Homozygote Count Ashkenazi Jewish,Hemizygote Count Ashkenazi Jewish,Allele Count East Asian,Allele Number East Asian,Homozygote Count East Asian,Hemizygote Count East Asian,Allele Count European (Finnish),Allele Number European (Finnish),Homozygote Count European (Finnish),Hemizygote Count European (Finnish),Allele Count European (non-Finnish),Allele Number European (non-Finnish),Homozygote Count European (non-Finnish),Hemizygote Count European (non-Finnish),Allele Count Other,Allele Number Other,Homozygote Count Other,Hemizygote Count Other,Allele Count South Asian,Allele Number South Asian,Homozygote Count South Asian,Hemizygote Count South Asian
10,70715989,rs61757208,G,C,"gnomAD Exomes,gnomAD Genomes",PASS,PASS,p.Gly3Ala,p.Gly3Ala,c.8G>C,missense_variant,,45,120132,0.000374587953251,0,0,1,9684,0,0,2,17334,0,0,0,2356,0,0,0,9962,0,0,1,14552,0,0,39,48246,0,0,2,2334,0,0,0,15664,0,0
10,70715989,rs61757208,G,T,gnomAD Exomes,PASS,NA,p.Gly3Val,p.Gly3Val,c.8G>T,missense_variant,,1,109264,9.15214526284961E-06,0,0,0,7112,0,0,0,17088,0,0,0,2318,0,0,1,9046,0,0,0,13390,0,0,0,42734,0,0,0,1912,0,0,0,15664,0,0
10,70715995,rs774906744,T,C,gnomAD Exomes,PASS,NA,p.Leu5Pro,p.Leu5Pro,c.14T>C,missense_variant,,2,109288,1.83002708440085E-05,0,0,0,7120,0,0,2,17096,0,0,0,2318,0,0,0,9046,0,0,0,13390,0,0,0,42740,0,0,0,1912,0,0,0,15666,0,0
10,70716001,rs1166276929,G,A,gnomAD Exomes,PASS,NA,p.Ser7Asn,p.Ser7Asn,c.20G>A,missense_variant,,1,109310,9.14829384319824E-06,0,0,0,7136,0,0,0,17102,0,0,0,2318,0,0,0,9046,0,0,0,13390,0,0,0,42738,0,0,1,1912,0,0,0,15668,0,0
10,70716009,rs760679933,G,A,gnomAD Exomes,PASS,NA,p.Gly10Ser,p.Gly10Ser,c.28G>A,missense_variant,,1,109334,9.14628569337992E-06,0,0,0,7150,0,0,0,17102,0,0,0,2316,0,0,0,9046,0,0,0,13392,0,0,0,42740,0,0,0,1914,0,0,1,15674,0,0
10,70716009,rs760679933,G,C,gnomAD Exomes,PASS,NA,p.Gly10Arg,p.Gly10Arg,c.28G>C,missense_variant,,1,109334,9.14628569337992E-06,0,0,0,7150,0,0,0,17102,0,0,0,2316,0,0,0,9046,0,0,0,13392,0,0,1,42740,0,0,0,1914,0,0,0,15674,0,0
10,70716019,rs750357339,C,A,gnomAD Exomes,PASS,NA,p.Ser13Ter,p.Ser13Ter,c.38C>A,stop_gained,,1,109340,9.14578379367112E-06,0,0,0,7146,0,0,0,17100,0,0,0,2320,0,0,0,9046,0,0,0,13392,0,0,1,42744,0,0,0,1914,0,0,0,15678,0,0
10,70716023,rs774418737,C,CA,gnomAD Exomes,PASS,NA,p.Thr15AsnfsTer25,p.Thr15AsnfsTer25,c.43dupA,frameshift_variant,,1,109350,9.14494741655236E-06,0,0,0,7148,0,0,0,17106,0,0,0,2320,0,0,0,9046,0,0,0,13392,0,0,1,42748,0,0,0,1914,0,0,0,15676,0,0
10,70716040,rs1213173460,G,A,gnomAD Exomes,PASS,NA,p.Gly20Glu,p.Gly20Glu,c.59G>A,missense_variant,,1,109344,9.14544922446591E-06,0,0,0,7146,0,0,0,17108,0,0,0,2318,0,0,0,9044,0,0,0,13390,0,0,1,42748,0,0,0,1914,0,0,0,15676,0,0
10,70716061,rs17556220,C,T,"gnomAD Exomes,gnomAD Genomes",PASS,PASS,p.Thr27Ile,p.Thr27Ile,c.80C>T,missense_variant,,1501,120156,0.012492093611638,20,0,23,9714,0,0,70,17350,0,0,12,2358,0,0,0,9962,0,0,309,14550,10,0,763,48226,7,0,40,2334,0,0,284,15662,3,0
10,70716067,rs1468423605,A,T,gnomAD Exomes,PASS,NA,p.Glu29Val,p.Glu29Val,c.86A>T,missense_variant,,1,109304,9.14879601844397E-06,0,0,0,7140,0,0,0,17102,0,0,0,2320,0,0,0,9046,0,0,0,13390,0,0,0,42726,0,0,0,1908,0,0,1,15672,0,0
10,70719577,rs144879525,A,C,"gnomAD Exomes,gnomAD Genomes",PASS,PASS,p.Lys35Gln,p.Lys35Gln,c.103A>C,missense_variant,,15,101204,0.000148215485554,0,0,12,9100,0,0,1,8748,0,0,0,1944,0,0,0,9100,0,0,0,14282,0,0,2,44470,0,0,0,1832,0,0,0,11728,0,0
10,70719605,rs767261297,TAGC,T,gnomAD Exomes,PASS,NA,p.Ala45del,p.Ala45del,c.134_136delCAG,inframe_deletion,,1,98524,1.01498112135114E-05,0,0,0,7004,0,0,0,11900,0,0,0,2050,0,0,0,8920,0,0,0,13268,0,0,0,41090,0,0,0,1658,0,0,1,12634,0,0
10,70719608,rs752315891,C,G,gnomAD Exomes,PASS,NA,p.Ala45Gly,p.Ala45Gly,c.134C>G,missense_variant,,2,98756,2.02519340597027E-05,0,0,0,7004,0,0,0,12086,0,0,0,2046,0,0,0,8920,0,0,0,13276,0,0,2,41118,0,0,0,1674,0,0,0,12632,0,0
10,70719610,rs1489677874,G,A,gnomAD Genomes,NA,PASS,p.Glu46Lys,p.Glu46Lys,c.136G>A,missense_variant,,1,10836,9.22849760059062E-05,0,0,0,2570,0,0,0,246,0,0,0,38,0,0,0,916,0,0,0,1148,0,0,1,5498,0,0,0,420,0,0,0,0,0,0
10,70719643,rs988360681,C,A,gnomAD Exomes,PASS,NA,p.Gln57Lys,p.Gln57Lys,c.169C>A,missense_variant,,0,105268,0,0,0,0,7092,0,0,0,15600,0,0,0,2234,0,0,0,8986,0,0,0,13386,0,0,0,42220,0,0,0,1854,0,0,0,13896,0,0
10,70719647,rs753458616,T,C,gnomAD Exomes,PASS,NA,p.Val58Ala,p.Val58Ala,c.173T>C,missense_variant,,2,105998,1.8868280533595E-05,0,0,2,7100,0,0,0,15916,0,0,0,2256,0,0,0,8994,0,0,0,13390,0,0,0,42326,0,0,0,1860,0,0,0,14156,0,0
10,70719650,rs1228270395,A,G,gnomAD Exomes,PASS,NA,p.Lys59Arg,p.Lys59Arg,c.176A>G,missense_variant,,1,106234,9.41318222038142E-06,0,0,0,7106,0,0,0,16040,0,0,0,2262,0,0,0,8996,0,0,0,13390,0,0,0,42362,0,0,0,1862,0,0,1,14216,0,0
10,70719668,rs779581058,C,T,gnomAD Exomes,PASS,NA,p.Ser65Phe,p.Ser65Phe,c.194C>T,missense_variant,,0,107548,0,0,0,0,7122,0,0,0,16514,0,0,0,2294,0,0,0,9020,0,0,0,13390,0,0,0,42562,0,0,0,1892,0,0,0,14754,0,0
10,70719678,rs201516552,C,A,"gnomAD Exomes,gnomAD Genomes",PASS,PASS,p.Asp68Glu,p.Asp68Glu,c.204C>A,missense_variant,,10,118844,8.41439197603581E-05,0,0,2,9704,0,0,6,16910,0,0,0,2340,0,0,0,9932,0,0,0,14548,0,0,1,48128,0,0,1,2314,0,0,0,14968,0,0
10,70719686,rs1264925160,C,T,gnomAD Exomes,PASS,NA,p.Ser71Phe,p.Ser71Phe,c.212C>T,missense_variant,,1,108238,9.23889946229605E-06,0,0,0,7136,0,0,0,16740,0,0,0,2308,0,0,0,9028,0,0,0,13392,0,0,1,42636,0,0,0,1898,0,0,0,15100,0,0
10,70719688,rs374486646,C,T,gnomAD Exomes,PASS,NA,p.Pro72Ser,p.Pro72Ser,c.214C>T,missense_variant,,1,108334,9.23071242638507E-06,0,0,0,7144,0,0,0,16766,0,0,0,2308,0,0,0,9026,0,0,0,13390,0,0,1,42640,0,0,0,1902,0,0,0,15158,0,0
10,70719706,rs776712482,A,G,gnomAD Exomes,PASS,NA,p.Lys78Glu,p.Lys78Glu,c.232A>G,missense_variant,,2,108282,1.84702905376702E-05,0,0,0,7152,0,0,2,16764,0,0,0,2310,0,0,0,9022,0,0,0,13394,0,0,0,42634,0,0,0,1904,0,0,0,15102,0,0
10,70719710,rs1396009418,A,G,gnomAD Exomes,PASS,NA,p.Lys79Arg,p.Lys79Arg,c.236A>G,missense_variant,,0,108290,0,0,0,0,7152,0,0,0,16770,0,0,0,2306,0,0,0,9020,0,0,0,13394,0,0,0,42620,0,0,0,1904,0,0,0,15124,0,0
10,70719718,rs375850935,G,A,"gnomAD Exomes,gnomAD Genomes",PASS,PASS,p.Glu82Lys,p.Glu82Lys,c.244G>A,missense_variant,,5,119166,4.19582766896598E-05,0,0,5,9714,0,0,0,17024,0,0,0,2344,0,0,0,9944,0,0,0,14540,0,0,0,48144,0,0,0,2326,0,0,0,15130,0,0
10,70719721,rs141991731,C,A,gnomAD Exomes,PASS,NA,p.Pro83Thr,p.Pro83Thr,c.247C>A,missense_variant,,0,108270,0,0,0,0,7144,0,0,0,16768,0,0,0,2298,0,0,0,9028,0,0,0,13392,0,0,0,42628,0,0,0,1904,0,0,0,15108,0,0
10,70719742,rs760385541,C,T,gnomAD Exomes,PASS,NA,p.Pro90Ser,p.Pro90Ser,c.268C>T,missense_variant,,1,107634,9.29074456026906E-06,0,0,0,7144,0,0,0,16560,0,0,0,2292,0,0,1,9002,0,0,0,13392,0,0,0,42546,0,0,0,1896,0,0,0,14802,0,0
10,70719751,rs200379451,A,G,gnomAD Exomes,PASS,NA,p.Lys93Glu,p.Lys93Glu,c.277A>G,missense_variant,,2,107048,1.86832075330693E-05,0,0,0,7138,0,0,0,16338,0,0,0,2286,0,0,0,8990,0,0,0,13388,0,0,2,42440,0,0,0,1886,0,0,0,14582,0,0
10,70719754,rs753378539,A,G,gnomAD Exomes,PASS,NA,p.Ser94Gly,p.Ser94Gly,c.280A>G,missense_variant,,2,106556,1.87694733285784E-05,0,0,0,7136,0,0,0,16198,0,0,0,2274,0,0,0,8978,0,0,0,13388,0,0,0,42382,0,0,0,1880,0,0,2,14320,0,0
10,70719761,rs374126084,G,C,gnomAD Exomes,PASS,NA,p.Arg96Thr,p.Arg96Thr,c.287G>C,missense_variant,,3,106152,2.8261361067149E-05,0,0,0,7136,0,0,0,16046,0,0,0,2252,0,0,0,8958,0,0,0,13386,0,0,3,42302,0,0,0,1876,0,0,0,14196,0,0
10,70719782,rs146119299,A,G,gnomAD Exomes,PASS,NA,p.Glu103Gly,p.Glu103Gly,c.308A>G,missense_variant,,3,105630,2.84010224368077E-05,0,0,0,7128,0,0,0,15814,0,0,0,2234,0,0,0,8934,0,0,0,13384,0,0,3,42206,0,0,0,1864,0,0,0,14066,0,0
10,70719790,rs750986998,G,C,"gnomAD Exomes,gnomAD Genomes",PASS,PASS,p.Val106Leu,p.Val106Leu,c.316G>C,missense_variant,,3,116866,2.56704259579347E-05,0,0,0,9694,0,0,0,16196,0,0,0,2274,0,0,0,9832,0,0,0,14540,0,0,2,47772,0,0,1,2288,0,0,0,14270,0,0
10,70719811,rs747472832,A,G,gnomAD Exomes,PASS,NA,p.Lys113Glu,p.Lys113Glu,c.337A>G,missense_variant,,1,106094,9.42560370991762E-06,0,0,0,7124,0,0,0,15994,0,0,0,2242,0,0,0,8918,0,0,0,13390,0,0,0,42270,0,0,0,1854,0,0,1,14302,0,0
10,70719812,rs141331906,A,G,gnomAD Exomes,PASS,NA,p.Lys113Arg,p.Lys113Arg,c.338A>G,missense_variant,,2,106092,1.88515627945557E-05,0,0,0,7124,0,0,0,16000,0,0,0,2240,0,0,0,8918,0,0,0,13388,0,0,2,42272,0,0,0,1856,0,0,0,14294,0,0
10,70719832,rs748329959,C,G,gnomAD Exomes,PASS,NA,p.Pro120Ala,p.Pro120Ala,c.358C>G,missense_variant,,2,107878,1.85394612432563E-05,0,0,0,7144,0,0,2,16620,0,0,0,2296,0,0,0,8938,0,0,0,13390,0,0,0,42518,0,0,0,1890,0,0,0,15082,0,0
10,70719856,rs762991895,C,T,gnomAD Exomes,PASS,NA,p.Pro128Ser,p.Pro128Ser,c.382C>T,missense_variant,,1,109212,9.15650294839395E-06,0,0,0,7156,0,0,1,17076,0,0,0,2320,0,0,0,8970,0,0,0,13390,0,0,0,42706,0,0,0,1910,0,0,0,15684,0,0
10,70719862,rs772116635,C,T,gnomAD Exomes,PASS,NA,p.Pro130Ser,p.Pro130Ser,c.388C>T,missense_variant,,5,109246,4.57682661150065E-05,0,0,0,7160,0,0,0,17084,0,0,0,2320,0,0,0,8982,0,0,0,13392,0,0,5,42714,0,0,0,1910,0,0,0,15684,0,0
10,70719862,rs772116635,C,A,gnomAD Exomes,PASS,NA,p.Pro130Thr,p.Pro130Thr,c.388C>A,missense_variant,,1,109246,9.1536532230013E-06,0,0,1,7160,0,0,0,17084,0,0,0,2320,0,0,0,8982,0,0,0,13392,0,0,0,42714,0,0,0,1910,0,0,0,15684,0,0
10,70719872,rs763734795,T,C,gnomAD Exomes,PASS,NA,p.Met133Thr,p.Met133Thr,c.398T>C,missense_variant,,2,109304,1.82975920368879E-05,0,0,2,7162,0,0,0,17090,0,0,0,2320,0,0,0,9006,0,0,0,13392,0,0,0,42740,0,0,0,1910,0,0,0,15684,0,0
10,70719875,rs776373179,A,G,gnomAD Exomes,PASS,NA,p.Lys134Arg,p.Lys134Arg,c.401A>G,missense_variant,,7,109322,6.40310276065202E-05,0,0,0,7162,0,0,0,17092,0,0,0,2320,0,0,0,9016,0,0,1,13392,0,0,6,42744,0,0,0,1912,0,0,0,15684,0,0
10,70719890,rs1237809466,T,C,gnomAD Exomes,PASS,NA,p.Met139Thr,p.Met139Thr,c.416T>C,missense_variant,,1,109368,9.14344232316582E-06,0,0,0,7164,0,0,0,17102,0,0,0,2318,0,0,0,9036,0,0,0,13392,0,0,0,42760,0,0,0,1914,0,0,1,15682,0,0
10,70719895,rs1258589323,G,A,gnomAD Exomes,PASS,NA,p.Gly141Arg,p.Gly141Arg,c.421G>A,missense_variant,,1,109374,9.14294073545815E-06,0,0,0,7164,0,0,0,17096,0,0,0,2318,0,0,1,9042,0,0,0,13392,0,0,0,42764,0,0,0,1914,0,0,0,15684,0,0
10,70719904,rs143526452,A,G,"gnomAD Exomes,gnomAD Genomes",PASS,PASS,p.Arg144Gly,p.Arg144Gly,c.430A>G,missense_variant,,9,120260,7.48378513221354E-05,0,0,9,9734,0,0,0,17348,0,0,0,2358,0,0,0,9958,0,0,0,14548,0,0,0,48290,0,0,0,2338,0,0,0,15686,0,0
10,70719923,rs749994989,T,C,gnomAD Exomes,PASS,NA,p.Leu150Pro,p.Leu150Pro,c.449T>C,missense_variant,,2,108966,1.83543490630105E-05,0,0,0,7162,0,0,0,16926,0,0,0,2300,0,0,0,9036,0,0,0,13392,0,0,2,42706,0,0,0,1912,0,0,0,15532,0,0
10,70719925,rs1274319967,A,G,gnomAD Exomes,PASS,NA,p.Lys151Glu,p.Lys151Glu,c.451A>G,missense_variant,,1,109310,9.14829384319824E-06,0,0,0,7162,0,0,0,17062,0,0,0,2320,0,0,0,9044,0,0,0,13390,0,0,0,42760,0,0,0,1914,0,0,1,15658,0,0
10,70719928,rs201461790,A,G,gnomAD Exomes,PASS,NA,p.Asn152Asp,p.Asn152Asp,c.454A>G,missense_variant,,1,109176,9.15952223932E-06,0,0,0,7162,0,0,0,16998,0,0,0,2310,0,0,1,9040,0,0,0,13394,0,0,0,42752,0,0,0,1908,0,0,0,15612,0,0
10,70719934,rs751953810,T,C,gnomAD Exomes,PASS,NA,p.Phe154Leu,p.Phe154Leu,c.460T>C,missense_variant,,1,109178,9.15935444869846E-06,0,0,0,7162,0,0,0,16998,0,0,0,2312,0,0,0,9038,0,0,0,13392,0,0,1,42754,0,0,0,1910,0,0,0,15612,0,0
10,70719937,rs748279008,C,T,gnomAD Exomes,PASS,NA,p.Pro155Ser,p.Pro155Ser,c.463C>T,missense_variant,,19,109044,0.000174241590551,0,0,0,7162,0,0,0,16948,0,0,0,2304,0,0,0,9040,0,0,1,13392,0,0,16,42722,0,0,2,1908,0,0,0,15568,0,0
10,70719940,rs781361962,C,T,gnomAD Exomes,PASS,NA,p.His156Tyr,p.His156Tyr,c.466C>T,missense_variant,,1,108946,9.17885925137224E-06,0,0,0,7160,0,0,0,16894,0,0,0,2304,0,0,1,9038,0,0,0,13392,0,0,0,42708,0,0,0,1910,0,0,0,15540,0,0
10,70719950,rs148037952,C,T,"gnomAD Exomes,gnomAD Genomes",PASS,PASS,p.Pro159Leu,p.Pro159Leu,c.476C>T,missense_variant,,12,119244,0.000100633994163,0,0,0,9730,0,0,5,16882,0,0,0,2326,0,0,0,9954,0,0,0,14552,0,0,4,48130,0,0,2,2316,0,0,1,15354,0,0
10,70719955,rs190993673,T,C,gnomAD Exomes,PASS,NA,p.Cys161Arg,p.Cys161Arg,c.481T>C,missense_variant,,1,108076,9.25274806617565E-06,0,0,0,7156,0,0,1,16436,0,0,0,2284,0,0,0,9034,0,0,0,13392,0,0,0,42592,0,0,0,1892,0,0,0,15290,0,0
10,70719961,rs1299833289,C,T,"gnomAD Exomes,gnomAD Genomes",PASS,PASS,p.Pro163Ser,p.Pro163Ser,c.487C>T,missense_variant,,2,118186,1.6922478127697E-05,0,0,0,9720,0,0,0,16388,0,0,0,2292,0,0,2,9948,0,0,0,14550,0,0,0,47994,0,0,0,2308,0,0,0,14986,0,0
10,70719989,rs967868525,A,G,gnomAD Exomes,PASS,NA,p.Asn172Ser,p.Asn172Ser,c.515A>G,missense_variant,,3,105798,2.83559235524301E-05,0,0,0,7124,0,0,3,15472,0,0,0,2218,0,0,0,9038,0,0,0,13354,0,0,0,42190,0,0,0,1846,0,0,0,14556,0,0
10,70719997,rs141453413,A,G,gnomAD Exomes,PASS,NA,p.Ile175Val,p.Ile175Val,c.523A>G,missense_variant,,1,103798,9.63409699608856E-06,0,0,0,7106,0,0,0,14576,0,0,0,2144,0,0,0,9030,0,0,1,13294,0,0,0,41816,0,0,0,1794,0,0,0,14038,0,0
10,70719998,rs368402384,T,C,gnomAD Exomes,PASS,NA,p.Ile175Thr,p.Ile175Thr,c.524T>C,missense_variant,,1,103148,9.69480746112382E-06,0,0,1,7100,0,0,0,14320,0,0,0,2122,0,0,0,9028,0,0,0,13272,0,0,0,41656,0,0,0,1780,0,0,0,13870,0,0
10,70720002,rs776619582,G,T,gnomAD Exomes,PASS,NA,p.Glu176Asp,p.Glu176Asp,c.528G>T,missense_variant,,1,101592,9.84329474761792E-06,0,0,0,7074,0,0,1,13652,0,0,0,2060,0,0,0,9008,0,0,0,13224,0,0,0,41378,0,0,0,1742,0,0,0,13454,0,0
10,70721847,rs768518632,G,A,gnomAD Exomes,PASS,NA,p.Val181Met,p.Val181Met,c.541G>A,missense_variant,,1,109082,9.16741533891934E-06,0,0,0,7158,0,0,0,17014,0,0,0,2314,0,0,0,9042,0,0,0,13324,0,0,1,42740,0,0,0,1910,0,0,0,15580,0,0
10,70721865,rs762463734,G,A,"gnomAD Exomes,gnomAD Genomes",PASS,PASS,p.Ala187Thr,p.Ala187Thr,c.559G>A,missense_variant,,8,119904,6.67200427008273E-05,0,0,0,9726,0,0,1,17250,0,0,0,2356,0,0,0,9952,0,0,0,14480,0,0,6,48240,0,0,1,2330,0,0,0,15570,0,0
10,70721876,rs773772638,T,G,"gnomAD Exomes,gnomAD Genomes",PASS,PASS,p.Asn190Lys,p.Asn190Lys,c.570T>G,missense_variant,,2,119966,1.6671390227231E-05,0,0,2,9730,0,0,0,17266,0,0,0,2356,0,0,0,9954,0,0,0,14482,0,0,0,48254,0,0,0,2330,0,0,0,15594,0,0
10,70721880,rs1310730262,C,T,gnomAD Exomes,PASS,NA,p.Pro192Ser,p.Pro192Ser,c.574C>T,missense_variant,,1,109076,9.16791961568081E-06,0,0,0,7156,0,0,0,17012,0,0,0,2314,0,0,0,9038,0,0,0,13318,0,0,1,42738,0,0,0,1906,0,0,0,15594,0,0
10,70721883,rs768067504,A,T,gnomAD Exomes,PASS,NA,p.Ile193Leu,p.Ile193Leu,c.577A>T,missense_variant,,1,109074,9.16808772026331E-06,0,0,0,7156,0,0,0,17018,0,0,0,2316,0,0,0,9040,0,0,0,13304,0,0,1,42742,0,0,0,1908,0,0,0,15590,0,0
10,70723058,rs771500289,A,G,gnomAD Exomes,PASS,NA,p.Thr207Ala,p.Thr207Ala,c.619A>G,missense_variant,,0,108204,0,0,0,0,7156,0,0,0,16594,0,0,0,2284,0,0,0,9044,0,0,0,13344,0,0,0,42458,0,0,0,1904,0,0,0,15420,0,0
10,70723059,rs1325824570,C,A,gnomAD Exomes,PASS,NA,p.Thr207Asn,p.Thr207Asn,c.620C>A,missense_variant,mnv,1,108302,9.23343982567266E-06,0,0,0,7154,0,0,1,16662,0,0,0,2278,0,0,0,9032,0,0,0,13348,0,0,0,42462,0,0,0,1898,0,0,0,15468,0,0
10,70723073,rs759682699,A,G,gnomAD Exomes,PASS,NA,p.Ile212Val,p.Ile212Val,c.634A>G,missense_variant,,1,109024,9.17229233930144E-06,0,0,0,7162,0,0,0,16914,0,0,0,2318,0,0,0,9046,0,0,0,13382,0,0,1,42670,0,0,0,1908,0,0,0,15624,0,0
10,70723092,rs764566582,A,ATC,gnomAD Exomes,PASS,NA,p.His219LeufsTer9,p.His219LeufsTer9,c.654_655dupTC,frameshift_variant,,1,109352,9.14478015948497E-06,0,0,0,7164,0,0,0,17072,0,0,0,2320,0,0,0,9046,0,0,0,13394,0,0,1,42758,0,0,0,1912,0,0,0,15686,0,0
10,70723092,rs764566582,A,G,gnomAD Exomes,PASS,NA,p.His218Arg,p.His218Arg,c.653A>G,missense_variant,,3,109352,2.74343404784549E-05,0,0,0,7164,0,0,0,17072,0,0,0,2320,0,0,1,9046,0,0,0,13394,0,0,1,42758,0,0,1,1912,0,0,0,15686,0,0
10,70723097,rs1226642554,G,A,gnomAD Exomes,PASS,NA,p.Val220Ile,p.Val220Ile,c.658G>A,missense_variant,,1,109350,9.14494741655236E-06,0,0,0,7164,0,0,1,17074,0,0,0,2320,0,0,0,9046,0,0,0,13388,0,0,0,42764,0,0,0,1910,0,0,0,15684,0,0
10,70723101,rs368733864,A,T,gnomAD Exomes,PASS,NA,p.Tyr221Phe,p.Tyr221Phe,c.662A>T,missense_variant,,1,109380,9.1424392027793E-06,0,0,0,7162,0,0,0,17096,0,0,0,2320,0,0,0,9046,0,0,0,13392,0,0,1,42766,0,0,0,1912,0,0,0,15686,0,0
10,70723106,rs1212918050,G,A,gnomAD Exomes,PASS,NA,p.Gly223Arg,p.Gly223Arg,c.667G>A,missense_variant,,0,109382,0,0,0,0,7164,0,0,0,17102,0,0,0,2320,0,0,0,9046,0,0,0,13386,0,0,0,42766,0,0,0,1912,0,0,0,15686,0,0
10,70723110,rs116332816,A,G,"gnomAD Exomes,gnomAD Genomes",PASS,PASS,p.Lys224Arg,p.Lys224Arg,c.671A>G,missense_variant,,118,120270,0.000981125800283,0,0,102,9736,0,0,14,17348,0,0,0,2358,0,0,0,9962,0,0,0,14552,0,0,1,48288,0,0,1,2336,0,0,0,15690,0,0
10,70723120,rs758557893,T,G,gnomAD Exomes,PASS,NA,p.Ile227Met,p.Ile227Met,c.681T>G,missense_variant,,1,109390,9.14160343724289E-06,0,0,0,7164,0,0,0,17102,0,0,0,2320,0,0,0,9046,0,0,0,13394,0,0,0,42764,0,0,0,1912,0,0,1,15688,0,0
10,70723131,rs1189639281,G,A,gnomAD Exomes,PASS,NA,p.Arg231Gln,p.Arg231Gln,c.692G>A,missense_variant,,2,109374,1.82858814709163E-05,0,0,0,7162,0,0,0,17098,0,0,0,2320,0,0,1,9044,0,0,0,13394,0,0,1,42764,0,0,0,1912,0,0,0,15680,0,0
10,70723173,rs775704685,T,C,gnomAD Exomes,PASS,NA,p.Ile245Thr,p.Ile245Thr,c.734T>C,missense_variant,,2,109384,1.82842097564543E-05,0,0,0,7164,0,0,1,17098,0,0,0,2320,0,0,0,9046,0,0,0,13394,0,0,1,42760,0,0,0,1914,0,0,0,15688,0,0
10,70723181,rs371669144,C,A,gnomAD Exomes,PASS,NA,p.Leu248Ile,p.Leu248Ile,c.742C>A,missense_variant,,10,109310,9.14829384319824E-05,0,0,0,7164,0,0,0,17080,0,0,0,2312,0,0,0,9046,0,0,8,13392,0,0,1,42724,0,0,1,1910,0,0,0,15682,0,0
10,70723185,rs778432271,A,T,gnomAD Exomes,PASS,NA,p.His249Leu,p.His249Leu,c.746A>T,missense_variant,,2,109308,1.82969224576426E-05,0,0,0,7164,0,0,2,17072,0,0,0,2318,0,0,0,9044,0,0,0,13392,0,0,0,42726,0,0,0,1914,0,0,0,15678,0,0
10,70723185,rs778432271,A,G,gnomAD Exomes,PASS,NA,p.His249Arg,p.His249Arg,c.746A>G,missense_variant,,1,109308,9.14846122882131E-06,0,0,0,7164,0,0,0,17072,0,0,0,2318,0,0,0,9044,0,0,0,13392,0,0,1,42726,0,0,0,1914,0,0,0,15678,0,0
10,70723194,rs1232779372,T,C,gnomAD Exomes,PASS,NA,p.Leu252Pro,p.Leu252Pro,c.755T>C,missense_variant,,1,109222,9.15566460969402E-06,0,0,0,7164,0,0,0,17062,0,0,0,2316,0,0,0,9044,0,0,0,13386,0,0,0,42666,0,0,0,1912,0,0,1,15672,0,0
10,70723215,rs554159404,G,A,gnomAD Exomes,PASS,NA,p.Arg259His,p.Arg259His,c.776G>A,missense_variant,,3,107604,2.78800044608007E-05,0,0,0,7158,0,0,1,16620,0,0,0,2244,0,0,2,9032,0,0,0,13314,0,0,0,41930,0,0,0,1874,0,0,0,15432,0,0
10,70725167,rs1199479200,A,G,gnomAD Genomes,NA,PASS,p.Asn274Ser,p.Asn274Ser,c.821A>G,missense_variant,,1,10880,9.19117647058823E-05,0,0,0,2574,0,0,0,246,0,0,0,38,0,0,0,916,0,0,0,1162,0,0,1,5520,0,0,0,424,0,0,0,0,0,0
10,70725199,rs142253749,A,G,gnomAD Exomes,PASS,NA,p.Lys285Glu,p.Lys285Glu,c.853A>G,missense_variant,,12,109316,0.000109773500677,0,0,0,7162,0,0,0,17108,0,0,0,2320,0,0,0,9044,0,0,9,13318,0,0,3,42768,0,0,0,1910,0,0,0,15686,0,0
10,70725218,rs778129683,G,A,gnomAD Exomes,PASS,NA,p.Cys291Tyr,p.Cys291Tyr,c.872G>A,missense_variant,,5,108902,4.59128390663165E-05,0,0,0,7114,0,0,0,17076,0,0,0,2316,0,0,0,9010,0,0,0,13150,0,0,5,42650,0,0,0,1896,0,0,0,15690,0,0
10,70726779,rs144769035,C,T,gnomAD Exomes,PASS,NA,p.Arg304Cys,p.Arg304Cys,c.910C>T,missense_variant,,3,108310,2.76982734742868E-05,0,0,0,7104,0,0,1,16636,0,0,0,2294,0,0,0,8994,0,0,0,13382,0,0,2,42572,0,0,0,1888,0,0,0,15440,0,0
10,70726780,rs948731882,G,A,gnomAD Exomes,PASS,NA,p.Arg304His,p.Arg304His,c.911G>A,missense_variant,,1,108338,9.23037161476121E-06,0,0,0,7104,0,0,0,16654,0,0,0,2300,0,0,0,8992,0,0,0,13382,0,0,1,42588,0,0,0,1892,0,0,0,15426,0,0
10,70726782,rs969567084,A,G,gnomAD Exomes,PASS,NA,p.Met305Val,p.Met305Val,c.913A>G,missense_variant,,1,108652,9.20369620439568E-06,0,0,0,7132,0,0,0,16736,0,0,0,2308,0,0,0,9020,0,0,0,13390,0,0,1,42676,0,0,0,1898,0,0,0,15492,0,0
10,70726824,rs779464788,A,G,gnomAD Exomes,PASS,NA,p.Ile319Val,p.Ile319Val,c.955A>G,missense_variant,,1,109318,9.1476243619532E-06,0,0,1,7154,0,0,0,17064,0,0,0,2320,0,0,0,9032,0,0,0,13394,0,0,0,42752,0,0,0,1914,0,0,0,15688,0,0
10,70726828,rs772408813,A,C,gnomAD Exomes,PASS,NA,p.Lys320Thr,p.Lys320Thr,c.959A>C,missense_variant,,1,109328,9.14678764817796E-06,0,0,0,7158,0,0,0,17072,0,0,0,2320,0,0,0,9034,0,0,0,13392,0,0,1,42752,0,0,0,1912,0,0,0,15688,0,0
10,70726833,rs775566583,C,A,gnomAD Exomes,PASS,NA,p.His322Asn,p.His322Asn,c.964C>A,missense_variant,,1,109272,9.15147521780511E-06,0,0,0,7154,0,0,0,17068,0,0,0,2320,0,0,0,9012,0,0,0,13394,0,0,1,42732,0,0,0,1910,0,0,0,15682,0,0
10,70726834,rs760824790,A,G,gnomAD Exomes,PASS,NA,p.His322Arg,p.His322Arg,c.965A>G,missense_variant,,1,109362,9.14394396591138E-06,0,0,0,7160,0,0,0,17092,0,0,0,2320,0,0,0,9036,0,0,0,13394,0,0,1,42756,0,0,0,1914,0,0,0,15690,0,0
10,70726836,rs768555187,A,G,gnomAD Exomes,PASS,NA,p.Ile323Val,p.Ile323Val,c.967A>G,missense_variant,,1,109362,9.14394396591138E-06,0,0,0,7160,0,0,0,17092,0,0,0,2320,0,0,0,9034,0,0,0,13394,0,0,1,42760,0,0,0,1912,0,0,0,15690,0,0
10,70726837,rs375682120,T,C,gnomAD Exomes,PASS,NA,p.Ile323Thr,p.Ile323Thr,c.968T>C,missense_variant,,2,109366,1.82872190625971E-05,0,0,0,7158,0,0,0,17094,0,0,0,2320,0,0,0,9036,0,0,0,13394,0,0,2,42760,0,0,0,1914,0,0,0,15690,0,0
10,70726850,rs751397766,A,C,gnomAD Exomes,PASS,NA,p.Lys327Asn,p.Lys327Asn,c.981A>C,missense_variant,,6,109368,5.4860653938995E-05,0,0,0,7162,0,0,0,17098,0,0,0,2320,0,0,0,9038,0,0,0,13392,0,0,0,42756,0,0,0,1912,0,0,6,15690,0,0
10,70726870,rs767213230,A,T,gnomAD Exomes,PASS,NA,p.Lys334Met,p.Lys334Met,c.1001A>T,missense_variant,,1,109316,9.14779172307805E-06,0,0,0,7152,0,0,0,17090,0,0,0,2320,0,0,0,9022,0,0,0,13394,0,0,0,42750,0,0,0,1908,0,0,1,15680,0,0
10,70726871,rs752223563,G,C,gnomAD Exomes,PASS,NA,p.Lys334Asn,p.Lys334Asn,c.1002G>C,missense_variant,,2,109306,1.82972572411396E-05,0,0,0,7150,0,0,2,17088,0,0,0,2320,0,0,0,9028,0,0,0,13394,0,0,0,42736,0,0,0,1908,0,0,0,15682,0,0
10,70726891,rs763646493,T,C,gnomAD Exomes,PASS,NA,p.Val341Ala,p.Val341Ala,c.1022T>C,missense_variant,,1,109260,9.15248032216731E-06,0,0,0,7158,0,0,0,17060,0,0,0,2320,0,0,0,9016,0,0,0,13394,0,0,1,42740,0,0,0,1896,0,0,0,15676,0,0
10,70726899,rs1368994536,A,T,gnomAD Genomes,NA,PASS,p.Met344Leu,p.Met344Leu,c.1030A>T,missense_variant,,2,10854,0.000184263865856,0,0,0,2562,0,0,0,246,0,0,0,38,0,0,0,910,0,0,0,1162,0,0,2,5512,0,0,0,424,0,0,0,0,0,0
10,70726906,rs757875014,A,C,"gnomAD Exomes,gnomAD Genomes",PASS,PASS,p.Asp346Ala,p.Asp346Ala,c.1037A>C,missense_variant,,3,120108,2.49775202317914E-05,0,0,0,9708,0,0,0,17292,0,0,0,2358,0,0,3,9930,0,0,0,14556,0,0,0,48260,0,0,0,2324,0,0,0,15680,0,0
10,70728732,rs765856403,A,G,gnomAD Exomes,PASS,NA,p.Asp364Gly,p.Asp364Gly,c.1091A>G,missense_variant,,2,108740,1.83924958616884E-05,0,0,0,7156,0,0,0,16706,0,0,0,2314,0,0,0,9038,0,0,0,13392,0,0,2,42664,0,0,0,1904,0,0,0,15566,0,0
10,70728749,rs1410498757,C,A,gnomAD Exomes,PASS,NA,p.Gln370Lys,p.Gln370Lys,c.1108C>A,missense_variant,,1,108786,9.19235931094075E-06,0,0,0,7154,0,0,1,16794,0,0,0,2316,0,0,0,9038,0,0,0,13392,0,0,0,42660,0,0,0,1908,0,0,0,15524,0,0
10,70728798,rs758825340,C,T,gnomAD Exomes,PASS,NA,p.Ala386Val,p.Ala386Val,c.1157C>T,missense_variant,,1,109320,9.14745700695207E-06,0,0,0,7164,0,0,0,17064,0,0,0,2320,0,0,0,9038,0,0,0,13392,0,0,1,42746,0,0,0,1914,0,0,0,15682,0,0
10,70728800,rs780232916,A,G,gnomAD Exomes,PASS,NA,p.Lys387Glu,p.Lys387Glu,c.1159A>G,missense_variant,,2,109370,1.82865502422968E-05,0,0,0,7162,0,0,2,17084,0,0,0,2320,0,0,0,9042,0,0,0,13394,0,0,0,42766,0,0,0,1914,0,0,0,15688,0,0
10,70728810,rs1444548575,T,C,gnomAD Exomes,PASS,NA,p.Met390Thr,p.Met390Thr,c.1169T>C,missense_variant,,1,109368,9.14344232316582E-06,0,0,1,7164,0,0,0,17084,0,0,0,2320,0,0,0,9042,0,0,0,13394,0,0,0,42762,0,0,0,1914,0,0,0,15688,0,0
10,70728818,rs183544044,A,G,gnomAD Exomes,PASS,NA,p.Thr393Ala,p.Thr393Ala,c.1177A>G,missense_variant,,1,109354,9.14461290853558E-06,0,0,1,7164,0,0,0,17078,0,0,0,2320,0,0,0,9040,0,0,0,13394,0,0,0,42760,0,0,0,1914,0,0,0,15684,0,0
10,70728866,rs761414271,A,G,gnomAD Exomes,PASS,NA,p.Ile409Val,p.Ile409Val,c.1225A>G,missense_variant,,1,107620,9.29195316855603E-06,0,0,0,7102,0,0,0,16322,0,0,0,2306,0,0,0,8996,0,0,0,13332,0,0,0,42526,0,0,0,1896,0,0,1,15140,0,0
10,70729964,rs376014630,C,T,gnomAD Exomes,PASS,NA,p.Ala415Val,p.Ala415Val,c.1244C>T,missense_variant,,1,105190,9.50660709192889E-06,0,0,0,7094,0,0,0,15260,0,0,0,2204,0,0,0,9004,0,0,0,13358,0,0,1,42036,0,0,0,1836,0,0,0,14398,0,0
10,70730000,rs1275094398,T,C,gnomAD Exomes,PASS,NA,p.Ile427Thr,p.Ile427Thr,c.1280T>C,missense_variant,,1,109206,9.15700602530996E-06,0,0,0,7150,0,0,0,17032,0,0,0,2310,0,0,0,9036,0,0,0,13394,0,0,0,42734,0,0,0,1904,0,0,1,15646,0,0
10,70730015,rs761511827,G,C,"gnomAD Exomes,gnomAD Genomes",PASS,PASS,p.Arg432Pro,p.Arg432Pro,c.1295G>C,missense_variant,,3,120190,2.49604792412014E-05,0,0,0,9730,0,0,0,17314,0,0,0,2358,0,0,0,9954,0,0,3,14556,0,0,0,48270,0,0,0,2334,0,0,0,15674,0,0
10,70730020,rs150967387,T,C,"gnomAD Exomes,gnomAD Genomes",PASS,PASS,p.Tyr434His,p.Tyr434His,c.1300T>C,missense_variant,,88,120240,0.000731869594145,0,0,0,9736,0,0,2,17336,0,0,0,2358,0,0,0,9958,0,0,31,14556,0,0,52,48280,0,0,2,2332,0,0,1,15684,0,0
10,70730038,rs766854373,C,T,gnomAD Exomes,PASS,NA,p.Arg440Cys,p.Arg440Cys,c.1318C>T,missense_variant,,1,109354,9.14461290853558E-06,0,0,0,7160,0,0,1,17088,0,0,0,2320,0,0,0,9044,0,0,0,13394,0,0,0,42758,0,0,0,1910,0,0,0,15680,0,0
10,70730039,rs201590875,G,A,gnomAD Exomes,PASS,NA,p.Arg440His,p.Arg440His,c.1319G>A,missense_variant,,1,109330,9.14662032379036E-06,0,0,0,7158,0,0,0,17070,0,0,0,2318,0,0,0,9042,0,0,0,13394,0,0,1,42756,0,0,0,1912,0,0,0,15680,0,0
10,70730075,rs778048400,A,G,gnomAD Exomes,PASS,NA,p.Gln452Arg,p.Gln452Arg,c.1355A>G,missense_variant,,6,109320,5.48847420417124E-05,0,0,0,7162,0,0,0,17068,0,0,0,2320,0,0,6,9044,0,0,0,13392,0,0,0,42734,0,0,0,1910,0,0,0,15690,0,0
10,70730098,rs757301001,A,G,gnomAD Exomes,PASS,NA,p.Ile460Val,p.Ile460Val,c.1378A>G,missense_variant,,5,109108,4.58261539025553E-05,0,0,0,7148,0,0,0,17004,0,0,0,2312,0,0,0,9028,0,0,0,13388,0,0,5,42678,0,0,0,1908,0,0,0,15642,0,0
10,70730107,rs777704595,GT,G,gnomAD Exomes,PASS,NA,c.1386+3delT,,c.1386+3delT,splice_donor_variant,,2,108650,1.84077312471238E-05,0,0,0,7124,0,0,0,16908,0,0,0,2294,0,0,0,9008,0,0,0,13386,0,0,2,42510,0,0,0,1892,0,0,0,15528,0,0
10,70731651,rs775894973,C,T,gnomAD Exomes,PASS,NA,p.Ala464Val,p.Ala464Val,c.1391C>T,missense_variant,,3,109182,2.74770566576908E-05,0,0,0,7162,0,0,0,16988,0,0,0,2310,0,0,0,9046,0,0,0,13388,0,0,3,42714,0,0,0,1914,0,0,0,15660,0,0
10,70731657,rs1247638350,C,T,gnomAD Exomes,PASS,NA,p.Ser466Phe,p.Ser466Phe,c.1397C>T,missense_variant,,1,109336,9.1461183873564E-06,0,0,0,7164,0,0,0,17080,0,0,0,2320,0,0,0,9046,0,0,0,13388,0,0,1,42744,0,0,0,1914,0,0,0,15680,0,0
10,70731681,rs761085406,A,G,gnomAD Exomes,PASS,NA,p.Lys474Arg,p.Lys474Arg,c.1421A>G,missense_variant,,1,109396,9.1411020512633E-06,0,0,1,7164,0,0,0,17110,0,0,0,2318,0,0,0,9046,0,0,0,13392,0,0,0,42766,0,0,0,1914,0,0,0,15686,0,0
10,70731693,rs1483411511,T,G,gnomAD Exomes,PASS,NA,p.Ile478Ser,p.Ile478Ser,c.1433T>G,missense_variant,,1,109404,9.14043362217103E-06,0,0,0,7164,0,0,1,17110,0,0,0,2320,0,0,0,9046,0,0,0,13394,0,0,0,42766,0,0,0,1914,0,0,0,15690,0,0
10,70731729,rs765316333,T,C,gnomAD Exomes,PASS,NA,p.Val490Ala,p.Val490Ala,c.1469T>C,missense_variant,,1,109408,9.14009944428195E-06,0,0,0,7164,0,0,1,17112,0,0,0,2320,0,0,0,9046,0,0,0,13394,0,0,0,42768,0,0,0,1914,0,0,0,15690,0,0
10,70731775,rs781271055,G,T,gnomAD Exomes,PASS,NA,p.Glu505Asp,p.Glu505Asp,c.1515G>T,missense_variant,,1,109402,9.14060072027934E-06,0,0,0,7164,0,0,0,17108,0,0,0,2320,0,0,0,9046,0,0,0,13394,0,0,1,42766,0,0,0,1914,0,0,0,15690,0,0
10,70731795,rs140286237,G,T,gnomAD Exomes,PASS,NA,p.Ser512Ile,p.Ser512Ile,c.1535G>T,missense_variant,,1,109278,9.15097274840316E-06,0,0,0,7162,0,0,0,17022,0,0,0,2314,0,0,0,9046,0,0,0,13394,0,0,1,42748,0,0,0,1912,0,0,0,15680,0,0
10,70733304,rs763732983,G,A,gnomAD Exomes,PASS,NA,p.Val518Ile,p.Val518Ile,c.1552G>A,missense_variant,,1,109398,9.14093493482513E-06,0,0,0,7164,0,0,0,17104,0,0,0,2320,0,0,0,9046,0,0,0,13394,0,0,1,42766,0,0,0,1914,0,0,0,15690,0,0
10,70733353,rs749004830,C,T,gnomAD Exomes,PASS,NA,p.Thr534Met,p.Thr534Met,c.1601C>T,missense_variant,,4,109394,3.65650766952484E-05,0,0,0,7164,0,0,0,17106,0,0,0,2320,0,0,1,9046,0,0,0,13394,0,0,3,42764,0,0,0,1912,0,0,0,15688,0,0
10,70733358,rs367635166,G,A,gnomAD Exomes,PASS,NA,p.Val536Met,p.Val536Met,c.1606G>A,missense_variant,,1,109400,9.14076782449726E-06,0,0,0,7164,0,0,0,17106,0,0,0,2320,0,0,0,9046,0,0,0,13394,0,0,0,42768,0,0,0,1912,0,0,1,15690,0,0
10,70733364,rs571466245,A,G,gnomAD Exomes,PASS,NA,p.Ile538Val,p.Ile538Val,c.1612A>G,missense_variant,,1,109402,9.14060072027934E-06,0,0,0,7164,0,0,0,17108,0,0,0,2320,0,0,0,9046,0,0,0,13394,0,0,0,42768,0,0,0,1912,0,0,1,15690,0,0
10,70733379,rs370342501,C,T,"gnomAD Exomes,gnomAD Genomes",PASS,PASS,p.His543Tyr,p.His543Tyr,c.1627C>T,missense_variant,,9,120272,7.48303844618864E-05,0,0,0,9736,0,0,1,17352,0,0,0,2358,0,0,1,9960,0,0,1,14556,0,0,6,48292,0,0,0,2334,0,0,0,15684,0,0
10,70733380,rs1375433778,A,C,gnomAD Exomes,PASS,NA,p.His543Pro,p.His543Pro,c.1628A>C,missense_variant,,1,109396,9.1411020512633E-06,0,0,1,7164,0,0,0,17108,0,0,0,2320,0,0,0,9044,0,0,0,13394,0,0,0,42766,0,0,0,1914,0,0,0,15686,0,0
10,70733380,rs1375433778,A,G,gnomAD Exomes,PASS,NA,p.His543Arg,p.His543Arg,c.1628A>G,missense_variant,,1,109396,9.1411020512633E-06,0,0,1,7164,0,0,0,17108,0,0,0,2320,0,0,0,9044,0,0,0,13394,0,0,0,42766,0,0,0,1914,0,0,0,15686,0,0
10,70733403,rs769025450,C,G,gnomAD Exomes,PASS,NA,p.Gln551Glu,p.Gln551Glu,c.1651C>G,missense_variant,,1,109250,9.1533180778032E-06,0,0,0,7160,0,0,0,17038,0,0,0,2314,0,0,0,9046,0,0,0,13394,0,0,1,42740,0,0,0,1914,0,0,0,15644,0,0
10,70733419,rs777097991,C,T,gnomAD Exomes,PASS,NA,p.Ala556Val,p.Ala556Val,c.1667C>T,missense_variant,,3,108960,2.75330396475771E-05,0,0,0,7154,0,0,0,16904,0,0,0,2306,0,0,1,9042,0,0,0,13382,0,0,2,42702,0,0,0,1908,0,0,0,15562,0,0
10,70734429,rs763313493,A,G,"gnomAD Exomes,gnomAD Genomes",PASS,PASS,p.Ile558Val,p.Ile558Val,c.1672A>G,missense_variant,,10,120218,8.31822189688732E-05,0,0,0,9736,0,0,10,17318,0,0,0,2358,0,0,0,9962,0,0,0,14552,0,0,0,48276,0,0,0,2334,0,0,0,15682,0,0
10,70734441,rs1291688259,C,T,gnomAD Exomes,PASS,NA,p.Arg562Ter,p.Arg562Ter,c.1684C>T,stop_gained,,1,109360,9.1441111923921E-06,0,0,0,7162,0,0,0,17090,0,0,0,2320,0,0,0,9046,0,0,0,13384,0,0,1,42758,0,0,0,1912,0,0,0,15688,0,0
10,70734442,rs771246089,G,A,gnomAD Exomes,PASS,NA,p.Arg562Gln,p.Arg562Gln,c.1685G>A,missense_variant,,1,109360,9.1441111923921E-06,0,0,1,7160,0,0,0,17094,0,0,0,2320,0,0,0,9044,0,0,0,13388,0,0,0,42754,0,0,0,1914,0,0,0,15686,0,0
10,70734446,rs774556005,A,G,gnomAD Exomes,PASS,NA,p.Ile563Met,p.Ile563Met,c.1689A>G,missense_variant,,1,109376,9.14277355178467E-06,0,0,0,7162,0,0,0,17096,0,0,0,2320,0,0,0,9046,0,0,0,13388,0,0,0,42762,0,0,1,1914,0,0,0,15688,0,0
10,70734463,rs1182342055,C,T,gnomAD Exomes,PASS,NA,p.Thr569Ile,p.Thr569Ile,c.1706C>T,missense_variant,,1,109374,9.14294073545815E-06,0,0,0,7164,0,0,0,17102,0,0,0,2320,0,0,0,9044,0,0,0,13388,0,0,0,42758,0,0,0,1910,0,0,1,15688,0,0
10,70737325,rs534955634,A,G,gnomAD Exomes,PASS,NA,p.Lys595Glu,p.Lys595Glu,c.1783A>G,missense_variant,,2,109326,1.82939099573752E-05,0,0,0,7164,0,0,0,17054,0,0,0,2318,0,0,0,9046,0,0,0,13394,0,0,0,42756,0,0,0,1914,0,0,2,15680,0,0
10,70737328,rs774375342,C,G,"gnomAD Exomes,gnomAD Genomes",PASS,PASS,p.Gln596Glu,p.Gln596Glu,c.1786C>G,missense_variant,,3,120200,2.49584026622296E-05,0,0,0,9736,0,0,0,17296,0,0,0,2356,0,0,3,9960,0,0,0,14556,0,0,0,48278,0,0,0,2338,0,0,0,15680,0,0
10,70737388,rs557189833,G,T,gnomAD Exomes,PASS,NA,p.Ala616Ser,p.Ala616Ser,c.1846G>T,missense_variant,mnv,2,109390,1.82832068744858E-05,0,0,0,7162,0,0,0,17096,0,0,0,2320,0,0,0,9046,0,0,0,13394,0,0,0,42768,0,0,0,1914,0,0,2,15690,0,0
10,70737389,rs576999472,C,T,gnomAD Exomes,PASS,NA,p.Ala616Val,p.Ala616Val,c.1847C>T,missense_variant,mnv,2,109386,1.82838754502404E-05,0,0,0,7164,0,0,0,17090,0,0,0,2320,0,0,0,9046,0,0,0,13394,0,0,0,42768,0,0,0,1914,0,0,2,15690,0,0
10,70737391,rs1443430142,C,T,gnomAD Exomes,PASS,NA,p.His617Tyr,p.His617Tyr,c.1849C>T,missense_variant,,1,109384,9.14210487822716E-06,0,0,0,7164,0,0,0,17092,0,0,0,2320,0,0,0,9046,0,0,0,13394,0,0,1,42766,0,0,0,1914,0,0,0,15688,0,0
10,70737407,rs762727740,C,T,gnomAD Exomes,PASS,NA,p.Thr622Met,p.Thr622Met,c.1865C>T,missense_variant,,2,109354,1.82892258170712E-05,0,0,0,7164,0,0,0,17076,0,0,0,2320,0,0,0,9046,0,0,0,13394,0,0,0,42760,0,0,0,1912,0,0,2,15682,0,0
10,70737410,rs766068400,C,A,gnomAD Exomes,PASS,NA,p.Ser623Tyr,p.Ser623Tyr,c.1868C>A,missense_variant,,1,109338,9.14595108745358E-06,0,0,1,7164,0,0,0,17064,0,0,0,2320,0,0,0,9044,0,0,0,13394,0,0,0,42760,0,0,0,1910,0,0,0,15682,0,0
10,70737412,rs754549618,G,A,gnomAD Exomes,PASS,NA,p.Val624Ile,p.Val624Ile,c.1870G>A,missense_variant,,4,109308,3.65938449152852E-05,0,0,0,7164,0,0,1,17044,0,0,0,2320,0,0,0,9038,0,0,0,13392,0,0,2,42756,0,0,0,1912,0,0,1,15682,0,0
10,70737422,rs756751045,G,A,gnomAD Exomes,PASS,NA,p.Arg627His,p.Arg627His,c.1880G>A,missense_variant,,1,109154,9.16136834197556E-06,0,0,0,7164,0,0,0,16966,0,0,0,2318,0,0,1,9036,0,0,0,13390,0,0,0,42708,0,0,0,1906,0,0,0,15666,0,0
10,70737429,rs545863198,G,C,gnomAD Exomes,PASS,NA,p.Leu629Phe,p.Leu629Phe,c.1887G>C,missense_variant,,1,109092,9.16657500091666E-06,0,0,0,7164,0,0,0,16934,0,0,0,2312,0,0,1,9038,0,0,0,13390,0,0,0,42686,0,0,0,1908,0,0,0,15660,0,0
10,70737440,rs138717022,A,G,gnomAD Exomes,PASS,NA,p.Asn633Ser,p.Asn633Ser,c.1898A>G,missense_variant,,1,108848,9.18712332794355E-06,0,0,1,7162,0,0,0,16820,0,0,0,2302,0,0,0,9038,0,0,0,13388,0,0,0,42612,0,0,0,1900,0,0,0,15626,0,0
10,70738628,rs201054642,A,G,gnomAD Exomes,PASS,NA,p.Ile645Val,p.Ile645Val,c.1933A>G,missense_variant,,4,109386,3.65677509004809E-05,0,0,0,7162,0,0,0,17098,0,0,0,2320,0,0,0,9042,0,0,0,13394,0,0,4,42768,0,0,0,1912,0,0,0,15690,0,0
10,70738629,rs574973395,T,C,gnomAD Exomes,PASS,NA,p.Ile645Thr,p.Ile645Thr,c.1934T>C,missense_variant,,34,109384,0.00031083156586,0,0,0,7164,0,0,0,17096,0,0,0,2320,0,0,0,9044,0,0,0,13394,0,0,1,42768,0,0,0,1912,0,0,33,15686,0,0
10,70738652,rs1329971723,G,T,gnomAD Exomes,PASS,NA,p.Ala653Ser,p.Ala653Ser,c.1957G>T,missense_variant,,1,109402,9.14060072027934E-06,0,0,0,7164,0,0,1,17106,0,0,0,2320,0,0,0,9046,0,0,0,13394,0,0,0,42768,0,0,0,1914,0,0,0,15690,0,0
10,70738671,rs574932000,A,T,gnomAD Exomes,PASS,NA,p.Glu659Val,p.Glu659Val,c.1976A>T,missense_variant,,11,109402,0.000100546607923,0,0,0,7164,0,0,0,17112,0,0,0,2320,0,0,0,9046,0,0,0,13394,0,0,0,42764,0,0,1,1914,0,0,10,15688,0,0
10,70738682,rs144250976,G,A,"gnomAD Exomes,gnomAD Genomes",PASS,PASS,p.Glu663Lys,p.Glu663Lys,c.1987G>A,missense_variant,,4,120290,3.32529719843711E-05,0,0,1,9736,0,0,0,17358,0,0,0,2358,0,0,0,9962,0,0,0,14556,0,0,3,48292,0,0,0,2338,0,0,0,15690,0,0
10,70738685,rs780245853,G,A,gnomAD Exomes,PASS,NA,p.Glu664Lys,p.Glu664Lys,c.1990G>A,missense_variant,,1,109408,9.14009944428195E-06,0,0,0,7164,0,0,0,17112,0,0,0,2320,0,0,1,9046,0,0,0,13394,0,0,0,42768,0,0,0,1914,0,0,0,15690,0,0
10,70741296,rs931721167,G,A,"gnomAD Exomes,gnomAD Genomes",PASS,PASS,p.Val681Ile,p.Val681Ile,c.2041G>A,missense_variant,,2,119818,1.66919828406416E-05,0,0,2,9722,0,0,0,17152,0,0,0,2354,0,0,0,9954,0,0,0,14554,0,0,0,48174,0,0,0,2324,0,0,0,15584,0,0
10,70741297,rs578047165,T,C,gnomAD Exomes,PASS,NA,p.Val681Ala,p.Val681Ala,c.2042T>C,missense_variant,,1,109014,9.17313372594346E-06,0,0,0,7156,0,0,0,16912,0,0,0,2316,0,0,1,9044,0,0,0,13392,0,0,0,42706,0,0,0,1910,0,0,0,15578,0,0
10,70741314,rs778851893,A,G,gnomAD Exomes,PASS,NA,p.Thr687Ala,p.Thr687Ala,c.2059A>G,missense_variant,,7,108914,6.42708926308831E-05,0,0,0,7152,0,0,0,16872,0,0,0,2312,0,0,0,9046,0,0,0,13392,0,0,0,42688,0,0,0,1910,0,0,7,15542,0,0
10,70741317,rs771949249,G,A,"gnomAD Exomes,gnomAD Genomes",PASS,PASS,p.Ala688Thr,p.Ala688Thr,c.2062G>A,missense_variant,,2,119628,1.67184939980606E-05,0,0,0,9720,0,0,0,17060,0,0,0,2350,0,0,0,9960,0,0,0,14542,0,0,2,48178,0,0,0,2328,0,0,0,15490,0,0
10,70741318,rs775301336,C,G,gnomAD Exomes,PASS,NA,p.Ala688Gly,p.Ala688Gly,c.2063C>G,missense_variant,,1,108900,9.18273645546373E-06,0,0,0,7152,0,0,0,16864,0,0,0,2312,0,0,0,9046,0,0,0,13392,0,0,1,42692,0,0,0,1908,0,0,0,15534,0,0
10,70741323,rs147532064,G,C,"gnomAD Exomes,gnomAD Genomes",PASS,PASS,p.Val690Leu,p.Val690Leu,c.2068G>C,missense_variant,,26,119632,0.000217333155009,0,0,22,9728,0,0,4,17046,0,0,0,2348,0,0,0,9960,0,0,0,14550,0,0,0,48168,0,0,0,2330,0,0,0,15502,0,0
10,70741337,rs776073625,G,T,gnomAD Exomes,PASS,NA,p.Gln694His,p.Gln694His,c.2082G>T,missense_variant,"lc_lof,os_lof",1,108220,9.24043614858621E-06,0,0,0,7136,0,0,0,16580,0,0,0,2310,0,0,0,9044,0,0,0,13388,0,0,1,42564,0,0,0,1894,0,0,0,15304,0,0
10,70742309,rs778743031,A,G,"gnomAD Exomes,gnomAD Genomes",PASS,PASS,p.His698Arg,p.His698Arg,c.2093A>G,missense_variant,,4,120080,3.3311125916056E-05,0,0,0,9728,0,0,0,17238,0,0,0,2350,0,0,0,9962,0,0,0,14556,0,0,4,48232,0,0,0,2336,0,0,0,15678,0,0
10,70742320,rs758386472,C,T,gnomAD Exomes,PASS,NA,p.Arg702Cys,p.Arg702Cys,c.2104C>T,missense_variant,,4,109368,3.65737692926633E-05,0,0,0,7162,0,0,0,17094,0,0,0,2320,0,0,0,9044,0,0,0,13394,0,0,1,42754,0,0,0,1912,0,0,3,15688,0,0
10,70742335,rs376255918,G,A,gnomAD Exomes,PASS,NA,p.Val707Met,p.Val707Met,c.2119G>A,missense_variant,,1,109400,9.14076782449726E-06,0,0,0,7164,0,0,0,17110,0,0,0,2320,0,0,0,9046,0,0,0,13394,0,0,1,42766,0,0,0,1914,0,0,0,15686,0,0
10,70742342,rs1184433555,C,T,gnomAD Exomes,PASS,NA,p.Thr709Ile,p.Thr709Ile,c.2126C>T,missense_variant,,1,109396,9.1411020512633E-06,0,0,1,7164,0,0,0,17108,0,0,0,2320,0,0,0,9046,0,0,0,13394,0,0,0,42768,0,0,0,1914,0,0,0,15682,0,0
10,70742368,rs773619076,C,T,gnomAD Exomes,PASS,NA,p.Arg718Trp,p.Arg718Trp,c.2152C>T,missense_variant,,1,109408,9.14009944428195E-06,0,0,0,7164,0,0,0,17112,0,0,0,2320,0,0,1,9046,0,0,0,13394,0,0,0,42768,0,0,0,1914,0,0,0,15690,0,0
10,70742380,rs551032051,G,GGAGGCTTCAGGGGACAGCGGGAAGGCAGTC,gnomAD Exomes,PASS,NA,p.Glu729_Arg738dup,p.Glu729_Arg738dup,c.2187_2216dupAGGCAGTCGAGGCTTCAGGGGACAGCGGGA,inframe_insertion,,1,109404,9.14043362217103E-06,0,0,0,7162,0,0,0,17110,0,0,0,2320,0,0,0,9046,0,0,0,13394,0,0,0,42768,0,0,0,1914,0,0,1,15690,0,0
10,70742380,rs551032051,GGAGGCTTCAGGGGACAGCGGGAAGGCAGTC,G,"gnomAD Exomes,gnomAD Genomes",PASS,PASS,p.Glu729_Arg738del,p.Glu729_Arg738del,c.2187_2216delAGGCAGTCGAGGCTTCAGGGGACAGCGGGA,inframe_deletion,,42,120270,0.000349214267897,0,0,23,9730,0,0,5,17356,0,0,6,2356,0,0,0,9962,0,0,0,14554,0,0,6,48284,0,0,2,2338,0,0,0,15690,0,0
10,70742383,rs1453263174,G,A,gnomAD Genomes,NA,PASS,p.Gly723Ser,p.Gly723Ser,c.2167G>A,missense_variant,,1,10860,9.20810313075506E-05,0,0,0,2566,0,0,0,244,0,0,0,38,0,0,0,914,0,0,0,1160,0,0,1,5514,0,0,0,424,0,0,0,0,0,0
10,70742384,,G,T,gnomAD Genomes,NA,PASS,p.Gly723Val,p.Gly723Val,c.2168G>T,missense_variant,,1,10860,9.20810313075506E-05,0,0,0,2562,0,0,0,246,0,0,0,38,0,0,0,916,0,0,0,1160,0,0,1,5514,0,0,0,424,0,0,0,0,0,0
10,70742390,rs759834002,G,A,gnomAD Exomes,PASS,NA,p.Arg725Lys,p.Arg725Lys,c.2174G>A,missense_variant,,2,109398,1.82818698696503E-05,0,0,0,7162,0,0,0,17110,0,0,0,2320,0,0,0,9046,0,0,0,13394,0,0,2,42764,0,0,0,1914,0,0,0,15688,0,0
10,70742398,rs752920998,C,T,gnomAD Exomes,PASS,NA,p.Arg728Trp,p.Arg728Trp,c.2182C>T,missense_variant,,4,109398,3.65637397393005E-05,0,0,0,7162,0,0,0,17110,0,0,0,2320,0,0,0,9046,0,0,0,13394,0,0,4,42762,0,0,0,1914,0,0,0,15690,0,0
10,70742399,rs756169881,G,A,gnomAD Exomes,PASS,NA,p.Arg728Gln,p.Arg728Gln,c.2183G>A,missense_variant,,2,109400,1.82815356489945E-05,0,0,1,7162,0,0,0,17110,0,0,0,2320,0,0,0,9046,0,0,0,13394,0,0,1,42764,0,0,0,1914,0,0,0,15690,0,0
10,70742407,rs1284637977,A,G,gnomAD Exomes,PASS,NA,p.Ser731Gly,p.Ser731Gly,c.2191A>G,missense_variant,,2,109398,1.82818698696503E-05,0,0,0,7162,0,0,0,17110,0,0,0,2320,0,0,0,9046,0,0,0,13394,0,0,0,42762,0,0,0,1914,0,0,2,15690,0,0
10,70742408,rs138365328,G,C,gnomAD Exomes,PASS,NA,p.Ser731Thr,p.Ser731Thr,c.2192G>C,missense_variant,,5,109398,4.57046746741257E-05,0,0,0,7162,0,0,5,17110,0,0,0,2320,0,0,0,9046,0,0,0,13394,0,0,0,42762,0,0,0,1914,0,0,0,15690,0,0
10,70742411,rs758474376,G,A,gnomAD Exomes,PASS,NA,p.Arg732Gln,p.Arg732Gln,c.2195G>A,missense_variant,,1,109368,9.14344232316582E-06,0,0,0,7138,0,0,0,17108,0,0,0,2318,0,0,0,9046,0,0,0,13394,0,0,1,42762,0,0,0,1912,0,0,0,15690,0,0
10,70742414,rs1266892475,G,C,gnomAD Exomes,PASS,NA,p.Gly733Ala,p.Gly733Ala,c.2198G>C,missense_variant,,1,109406,9.14026653017202E-06,0,0,0,7164,0,0,1,17112,0,0,0,2320,0,0,0,9046,0,0,0,13394,0,0,0,42766,0,0,0,1914,0,0,0,15690,0,0
10,70742428,rs926485610,C,T,gnomAD Exomes,PASS,NA,p.Arg738Trp,p.Arg738Trp,c.2212C>T,missense_variant,,1,109402,9.14060072027934E-06,0,0,0,7164,0,0,0,17112,0,0,0,2320,0,0,0,9046,0,0,0,13394,0,0,1,42762,0,0,0,1914,0,0,0,15690,0,0
10,70742429,rs780127993,G,A,gnomAD Exomes,PASS,NA,p.Arg738Gln,p.Arg738Gln,c.2213G>A,missense_variant,,1,109400,9.14076782449726E-06,0,0,0,7164,0,0,0,17112,0,0,0,2320,0,0,0,9046,0,0,0,13394,0,0,1,42760,0,0,0,1914,0,0,0,15690,0,0
10,70742432,rs1266154108,A,G,gnomAD Exomes,PASS,NA,p.Asp739Gly,p.Asp739Gly,c.2216A>G,missense_variant,,1,109406,9.14026653017202E-06,0,0,0,7164,0,0,0,17112,0,0,0,2320,0,0,0,9046,0,0,0,13394,0,0,0,42766,0,0,0,1914,0,0,1,15690,0,0
10,70742458,rs61755356,C,T,gnomAD Exomes,PASS,NA,p.Arg748Trp,p.Arg748Trp,c.2242C>T,missense_variant,,13,109390,0.000118840844684,0,0,0,7164,0,0,1,17112,0,0,0,2320,0,0,0,9046,0,0,0,13394,0,0,3,42752,0,0,1,1914,0,0,8,15688,0,0
10,70742458,rs61755356,C,G,gnomAD Exomes,PASS,NA,p.Arg748Gly,p.Arg748Gly,c.2242C>G,missense_variant,,1,109390,9.14160343724289E-06,0,0,0,7164,0,0,0,17112,0,0,0,2320,0,0,0,9046,0,0,0,13394,0,0,1,42752,0,0,0,1914,0,0,0,15688,0,0
10,70742459,rs118124371,G,A,gnomAD Exomes,PASS,NA,p.Arg748Gln,p.Arg748Gln,c.2243G>A,missense_variant,,8,109400,7.31261425959781E-05,0,0,0,7164,0,0,0,17112,0,0,0,2320,0,0,8,9046,0,0,0,13394,0,0,0,42760,0,0,0,1914,0,0,0,15690,0,0
10,70742461,rs771438821,G,A,gnomAD Exomes,PASS,NA,p.Glu749Lys,p.Glu749Lys,c.2245G>A,missense_variant,,2,109400,1.82815356489945E-05,0,0,0,7164,0,0,0,17112,0,0,0,2320,0,0,0,9046,0,0,0,13394,0,0,0,42760,0,0,0,1914,0,0,2,15690,0,0
10,70742466,rs775292764,C,CAGT,gnomAD Exomes,PASS,NA,p.Ser751dup,p.Ser751dup,c.2253_2255dupTAG,inframe_insertion,,1,109398,9.14093493482513E-06,0,0,1,7164,0,0,0,17112,0,0,0,2320,0,0,0,9046,0,0,0,13394,0,0,0,42758,0,0,0,1914,0,0,0,15690,0,0
10,70742477,rs142852464,C,T,"gnomAD Exomes,gnomAD Genomes",PASS,PASS,p.Pro754Leu,p.Pro754Leu,c.2261C>T,missense_variant,,18,120238,0.000149703088874,0,0,15,9726,0,0,1,17356,0,0,0,2358,0,0,0,9956,0,0,0,14552,0,0,2,48266,0,0,0,2334,0,0,0,15690,0,0
10,70742483,rs775695426,G,A,gnomAD Exomes,PASS,NA,p.Gly756Glu,p.Gly756Glu,c.2267G>A,missense_variant,,1,109404,9.14043362217103E-06,0,0,0,7164,0,0,0,17112,0,0,0,2320,0,0,0,9046,0,0,0,13394,0,0,1,42764,0,0,0,1914,0,0,0,15690,0,0
10,70742516,rs144943676,G,T,"gnomAD Exomes,gnomAD Genomes",PASS,PASS,p.Arg767Ile,p.Arg767Ile,c.2300G>T,missense_variant,,31,120278,0.000257736244367,0,0,30,9732,0,0,0,17358,0,0,0,2358,0,0,0,9962,0,0,0,14554,0,0,0,48288,0,0,0,2336,0,0,1,15690,0,0
10,70742518,rs762444670,TC,T,gnomAD Exomes,PASS,NA,p.Gln769LysfsTer17,p.Gln769LysfsTer17,c.2305delC,frameshift_variant,lc_lof,1,109408,9.14009944428195E-06,0,0,0,7164,0,0,0,17112,0,0,0,2320,0,0,1,9046,0,0,0,13394,0,0,0,42768,0,0,0,1914,0,0,0,15690,0,0
10,70742539,rs117087416,C,T,gnomAD Exomes,PASS,NA,p.Arg775Trp,p.Arg775Trp,c.2323C>T,missense_variant,,9,109400,8.22669104204753E-05,0,0,0,7164,0,0,2,17104,0,0,0,2320,0,0,1,9046,0,0,0,13394,0,0,5,42768,0,0,0,1914,0,0,1,15690,0,0
10,70742542,rs751503485,A,T,gnomAD Exomes,PASS,NA,p.Ser776Cys,p.Ser776Cys,c.2326A>T,missense_variant,,1,109400,9.14076782449726E-06,0,0,0,7164,0,0,0,17106,0,0,0,2320,0,0,0,9046,0,0,0,13394,0,0,0,42766,0,0,0,1914,0,0,1,15690,0,0
10,70742543,rs754847476,G,A,gnomAD Exomes,PASS,NA,p.Ser776Asn,p.Ser776Asn,c.2327G>A,missense_variant,,1,109400,9.14076782449726E-06,0,0,0,7164,0,0,1,17108,0,0,0,2320,0,0,0,9046,0,0,0,13394,0,0,0,42764,0,0,0,1914,0,0,0,15690,0,0
10,70742555,rs1297462089,C,G,gnomAD Genomes,NA,PASS,p.Ala780Gly,p.Ala780Gly,c.2339C>G,missense_variant,,1,10866,9.20301859009755E-05,0,0,1,2570,0,0,0,244,0,0,0,38,0,0,0,912,0,0,0,1162,0,0,0,5516,0,0,0,424,0,0,0,0,0,0
10,70742561,rs374652641,G,C,gnomAD Exomes,PASS,NA,p.Gly782Ala,p.Gly782Ala,c.2345G>C,missense_variant,,1,109382,9.14227203744674E-06,0,0,0,7164,0,0,1,17096,0,0,0,2318,0,0,0,9046,0,0,0,13394,0,0,0,42762,0,0,0,1914,0,0,0,15688,0,0
10,70742561,rs374652641,G,T,gnomAD Exomes,PASS,NA,p.Gly782Val,p.Gly782Val,c.2345G>T,missense_variant,,2,109382,1.82845440748935E-05,0,0,0,7164,0,0,1,17096,0,0,0,2318,0,0,0,9046,0,0,0,13394,0,0,0,42762,0,0,1,1914,0,0,0,15688,0,0
