Chromosome,Position,rsID,Reference,Alternate,Source,Filters - exomes,Filters - genomes,Consequence,Protein Consequence,Transcript Consequence,Annotation,Flags,Allele Count,Allele Number,Allele Frequency,Homozygote Count,Hemizygote Count,Allele Count African,Allele Number African,Homozygote Count African,Hemizygote Count African,Allele Count Latino,Allele Number Latino,Homozygote Count Latino,Hemizygote Count Latino,Allele Count Ashkenazi Jewish,Allele Number Ashkenazi Jewish,Homozygote Count Ashkenazi Jewish,Hemizygote Count Ashkenazi Jewish,Allele Count East Asian,Allele Number East Asian,Homozygote Count East Asian,Hemizygote Count East Asian,Allele Count European (Finnish),Allele Number European (Finnish),Homozygote Count European (Finnish),Hemizygote Count European (Finnish),Allele Count European (non-Finnish),Allele Number European (non-Finnish),Homozygote Count European (non-Finnish),Hemizygote Count European (non-Finnish),Allele Count Other,Allele Number Other,Homozygote Count Other,Hemizygote Count Other,Allele Count South Asian,Allele Number South Asian,Homozygote Count South Asian,Hemizygote Count South Asian
1,76190483,rs201646499,G,T,gnomAD Exomes,PASS,NA,p.Gly4Val,p.Gly4Val,c.11G>T,missense_variant,,4,79538,5.02904272171792E-05,0,0,0,5038,0,0,4,11396,0,0,0,1566,0,0,0,5708,0,0,0,12576,0,0,0,30906,0,0,0,1124,0,0,0,11224,0,0
1,76190497,rs769935756,T,C,gnomAD Exomes,PASS,NA,p.Cys9Arg,p.Cys9Arg,c.25T>C,missense_variant,,4,78300,5.10855683269476E-05,0,0,0,5052,0,0,0,11228,0,0,0,1504,0,0,0,5710,0,0,0,12486,0,0,3,30400,0,0,1,1080,0,0,0,10840,0,0
1,76190500,rs749318140,A,G,gnomAD Exomes,PASS,NA,p.Arg10Gly,p.Arg10Gly,c.28A>G,missense_variant,,1,74954,1.3341516129893E-05,0,0,0,4994,0,0,0,10106,0,0,0,1382,0,0,0,5592,0,0,0,12388,0,0,0,29452,0,0,0,1026,0,0,1,10014,0,0
1,76190504,rs768596219,T,C,gnomAD Exomes,PASS,NA,c.30+2T>C,,c.30+2T>C,splice_donor_variant,,1,73928,1.35266746023158E-05,0,0,0,4950,0,0,0,9926,0,0,0,1338,0,0,0,5556,0,0,0,12316,0,0,0,29014,0,0,0,1004,0,0,1,9824,0,0
1,76194084,rs766727876,A,G,gnomAD Exomes,PASS,NA,c.31-2A>G,,c.31-2A>G,splice_acceptor_variant,,0,108984,0,0,0,0,7162,0,0,0,16972,0,0,0,2312,0,0,0,9044,0,0,0,13324,0,0,0,42740,0,0,0,1910,0,0,0,15520,0,0
1,76194086,rs1418161871,G,A,gnomAD Exomes,PASS,NA,p.Val15Ile,p.Val15Ile,c.43G>A,missense_variant,,1,109238,9.15432358703015E-06,0,0,0,7162,0,0,0,17048,0,0,0,2320,0,0,0,9046,0,0,0,13338,0,0,1,42756,0,0,0,1914,0,0,0,15654,0,0
1,76194104,rs1389882916,C,T,gnomAD Exomes,PASS,NA,p.Arg21Cys,p.Arg21Cys,c.61C>T,missense_variant,,1,109280,9.15080527086384E-06,0,0,0,7164,0,0,0,17056,0,0,0,2320,0,0,0,9046,0,0,1,13362,0,0,0,42764,0,0,0,1912,0,0,0,15656,0,0
1,76194105,rs17848070,G,C,gnomAD Exomes,PASS,NA,p.Arg21Pro,p.Arg21Pro,c.62G>C,missense_variant,,7,109276,6.40579816245104E-05,0,0,0,7164,0,0,0,17052,0,0,0,2320,0,0,6,9046,0,0,0,13360,0,0,1,42764,0,0,0,1914,0,0,0,15656,0,0
1,76194105,rs17848070,G,A,gnomAD Exomes,PASS,NA,p.Arg21His,p.Arg21His,c.62G>A,missense_variant,,3,109276,2.74534206962187E-05,0,0,0,7164,0,0,0,17052,0,0,0,2320,0,0,1,9046,0,0,0,13360,0,0,2,42764,0,0,0,1914,0,0,0,15656,0,0
1,76194129,rs760137614,C,CAAA,gnomAD Exomes,PASS,NA,p.Lys30dup,p.Lys30dup,c.88_90dupAAA,inframe_insertion,,1,109386,9.14193772512022E-06,0,0,0,7164,0,0,1,17108,0,0,0,2320,0,0,0,9044,0,0,0,13382,0,0,0,42766,0,0,0,1914,0,0,0,15688,0,0
1,76194138,rs778035007,A,G,gnomAD Exomes,PASS,NA,p.Asn32Ser,p.Asn32Ser,c.95A>G,missense_variant,,2,109392,1.82828726049437E-05,0,0,0,7164,0,0,0,17110,0,0,0,2320,0,0,0,9044,0,0,0,13384,0,0,2,42766,0,0,0,1914,0,0,0,15690,0,0
1,76194141,rs769906625,G,A,gnomAD Exomes,PASS,NA,p.Arg33Gln,p.Arg33Gln,c.98G>A,missense_variant,,2,109388,1.82835411562511E-05,0,0,0,7164,0,0,0,17110,0,0,0,2320,0,0,1,9046,0,0,0,13378,0,0,1,42766,0,0,0,1914,0,0,0,15690,0,0
1,76194146,rs768452911,C,G,gnomAD Genomes,NA,PASS,p.Arg35Gly,p.Arg35Gly,c.103C>G,missense_variant,,1,10878,9.19286633572348E-05,0,0,0,2570,0,0,0,246,0,0,0,38,0,0,1,916,0,0,0,1160,0,0,0,5524,0,0,0,424,0,0,0,0,0,0
1,76194146,rs768452911,C,T,"gnomAD Exomes,gnomAD Genomes",PASS,PASS,p.Arg35Cys,p.Arg35Cys,c.103C>T,missense_variant,,3,120264,2.49451207343844E-05,0,0,2,9734,0,0,0,17356,0,0,0,2356,0,0,0,9962,0,0,0,14536,0,0,1,48292,0,0,0,2338,0,0,0,15690,0,0
1,76194147,rs529894272,G,A,gnomAD Exomes,PASS,NA,p.Arg35His,p.Arg35His,c.104G>A,missense_variant,,4,109386,3.65677509004809E-05,0,0,0,7164,0,0,0,17110,0,0,0,2320,0,0,0,9046,0,0,0,13374,0,0,0,42768,0,0,0,1914,0,0,4,15690,0,0
1,76194150,rs768154448,A,G,gnomAD Exomes,PASS,NA,p.Glu36Gly,p.Glu36Gly,c.107A>G,missense_variant,,2,109386,1.82838754502404E-05,0,0,0,7164,0,0,0,17110,0,0,0,2320,0,0,0,9046,0,0,0,13374,0,0,2,42768,0,0,0,1914,0,0,0,15690,0,0
1,76198327,rs1376804614,A,G,gnomAD Exomes,PASS,NA,c.131-2A>G,,c.131-2A>G,splice_acceptor_variant,,1,109404,9.14043362217103E-06,0,0,0,7164,0,0,0,17108,0,0,0,2320,0,0,1,9046,0,0,0,13394,0,0,0,42768,0,0,0,1914,0,0,0,15690,0,0
1,76198335,rs759997176,C,T,gnomAD Exomes,PASS,NA,p.Thr46Ile,p.Thr46Ile,c.137C>T,missense_variant,,1,109404,9.14043362217103E-06,0,0,0,7164,0,0,0,17108,0,0,0,2320,0,0,0,9046,0,0,0,13394,0,0,1,42768,0,0,0,1914,0,0,0,15690,0,0
1,76198337,rs147559466,G,A,"gnomAD Exomes,gnomAD Genomes",PASS,PASS,p.Glu47Lys,p.Glu47Lys,c.139G>A,missense_variant,,243,120268,0.002020487577743,0,0,4,9734,0,0,9,17352,0,0,11,2358,0,0,0,9962,0,0,31,14554,0,0,169,48280,0,0,6,2338,0,0,13,15690,0,0
1,76198341,rs751647383,A,G,gnomAD Exomes,PASS,NA,p.Gln48Arg,p.Gln48Arg,c.143A>G,missense_variant,,2,109404,1.82808672443421E-05,0,0,2,7164,0,0,0,17108,0,0,0,2320,0,0,0,9046,0,0,0,13394,0,0,0,42768,0,0,0,1914,0,0,0,15690,0,0
1,76198344,rs757434857,A,G,gnomAD Exomes,PASS,NA,p.Gln49Arg,p.Gln49Arg,c.146A>G,missense_variant,,1,109402,9.14060072027934E-06,0,0,0,7164,0,0,0,17106,0,0,0,2320,0,0,0,9046,0,0,0,13394,0,0,1,42768,0,0,0,1914,0,0,0,15690,0,0
1,76198358,,G,T,gnomAD Exomes,PASS,NA,p.Ala54Ser,p.Ala54Ser,c.160G>T,missense_variant,,1,109402,9.14060072027934E-06,0,0,0,7164,0,0,0,17106,0,0,0,2320,0,0,0,9046,0,0,1,13394,0,0,0,42768,0,0,0,1914,0,0,0,15690,0,0
1,76198367,rs398123072,C,T,gnomAD Exomes,PASS,NA,p.Arg57Cys,p.Arg57Cys,c.169C>T,missense_variant,,5,109406,4.57013326508601E-05,0,0,0,7164,0,0,0,17110,0,0,0,2320,0,0,0,9046,0,0,0,13394,0,0,1,42768,0,0,0,1914,0,0,4,15690,0,0
1,76198368,rs754938068,G,A,gnomAD Exomes,PASS,NA,p.Arg57His,p.Arg57His,c.170G>A,missense_variant,,3,109406,2.74207995905161E-05,0,0,0,7164,0,0,1,17110,0,0,0,2320,0,0,0,9046,0,0,0,13394,0,0,0,42768,0,0,0,1914,0,0,2,15690,0,0
1,76198373,rs1431180159,T,C,gnomAD Exomes,PASS,NA,p.Phe59Leu,p.Phe59Leu,c.175T>C,missense_variant,,2,109406,1.8280533060344E-05,0,0,0,7164,0,0,2,17110,0,0,0,2320,0,0,0,9046,0,0,0,13394,0,0,0,42768,0,0,0,1914,0,0,0,15690,0,0
1,76198376,rs1424560976,G,C,gnomAD Exomes,PASS,NA,p.Ala60Pro,p.Ala60Pro,c.178G>C,missense_variant,,1,109406,9.14026653017202E-06,0,0,0,7164,0,0,0,17110,0,0,0,2320,0,0,0,9046,0,0,0,13394,0,0,0,42768,0,0,1,1914,0,0,0,15690,0,0
1,76198397,rs149308824,G,C,"gnomAD Exomes,gnomAD Genomes",PASS,PASS,p.Val67Leu,p.Val67Leu,c.199G>C,missense_variant,,9,120280,7.48254073827735E-05,0,0,7,9738,0,0,2,17352,0,0,0,2358,0,0,0,9962,0,0,0,14554,0,0,0,48288,0,0,0,2338,0,0,0,15690,0,0
1,76198409,rs121434280,T,C,"gnomAD Exomes,gnomAD Genomes",PASS,PASS,p.Tyr71His,p.Tyr71His,c.211T>C,missense_variant,,54,120276,0.000448967375037,0,0,3,9738,0,0,1,17352,0,0,0,2358,0,0,0,9962,0,0,0,14556,0,0,50,48284,0,0,0,2336,0,0,0,15690,0,0
1,76198410,rs796051897,A,G,gnomAD Exomes,PASS,NA,p.Tyr71Cys,p.Tyr71Cys,c.212A>G,missense_variant,,1,109396,9.1411020512633E-06,0,0,0,7164,0,0,0,17106,0,0,0,2320,0,0,0,9046,0,0,0,13394,0,0,1,42762,0,0,0,1914,0,0,0,15690,0,0
1,76198415,rs770408876,A,T,gnomAD Exomes,PASS,NA,p.Lys73Ter,p.Lys73Ter,c.217A>T,stop_gained,,1,109394,9.14126917381209E-06,0,0,1,7164,0,0,0,17106,0,0,0,2320,0,0,0,9046,0,0,0,13394,0,0,0,42760,0,0,0,1914,0,0,0,15690,0,0
1,76198416,rs927784210,A,T,gnomAD Exomes,PASS,NA,p.Lys73Ile,p.Lys73Ile,c.218A>T,missense_variant,,1,109394,9.14126917381209E-06,0,0,0,7164,0,0,0,17106,0,0,0,2320,0,0,0,9046,0,0,0,13394,0,0,1,42760,0,0,0,1914,0,0,0,15690,0,0
1,76198424,rs374358376,G,A,"gnomAD Exomes,gnomAD Genomes",PASS,PASS,p.Glu76Lys,p.Glu76Lys,c.226G>A,missense_variant,,9,120268,7.48328732497422E-05,0,0,8,9738,0,0,1,17350,0,0,0,2358,0,0,0,9962,0,0,0,14554,0,0,0,48278,0,0,0,2338,0,0,0,15690,0,0
1,76198553,,ATTAGAAGAGCCT,A,gnomAD Genomes,NA,PASS,p.Ile82_Trp86delinsArg,p.Ile82_Trp86delinsArg,c.245_256delTTAGAAGAGCCT,inframe_deletion,,1,10878,9.19286633572348E-05,0,0,0,2570,0,0,0,246,0,0,0,38,0,0,0,916,0,0,0,1162,0,0,1,5522,0,0,0,424,0,0,0,0,0,0
1,76198554,rs398123074,T,C,gnomAD Exomes,PASS,NA,p.Ile82Thr,p.Ile82Thr,c.245T>C,missense_variant,,3,109370,2.74298253634452E-05,0,0,0,7164,0,0,0,17090,0,0,0,2320,0,0,0,9046,0,0,0,13392,0,0,3,42760,0,0,0,1914,0,0,0,15684,0,0
1,76198559,rs758476299,A,G,gnomAD Exomes,PASS,NA,p.Arg84Gly,p.Arg84Gly,c.250A>G,missense_variant,,1,109366,9.14360953129857E-06,0,0,0,7164,0,0,0,17090,0,0,0,2320,0,0,0,9046,0,0,0,13394,0,0,1,42760,0,0,0,1914,0,0,0,15678,0,0
1,76198562,rs1448376709,G,A,gnomAD Exomes,PASS,NA,p.Ala85Thr,p.Ala85Thr,c.253G>A,missense_variant,,1,109374,9.14294073545815E-06,0,0,0,7164,0,0,0,17092,0,0,0,2320,0,0,0,9046,0,0,0,13394,0,0,0,42762,0,0,0,1914,0,0,1,15682,0,0
1,76198564,rs1304241445,C,CT,gnomAD Exomes,PASS,NA,p.Trp86LeufsTer23,p.Trp86LeufsTer23,c.256dupT,frameshift_variant,,2,109374,1.82858814709163E-05,0,0,0,7164,0,0,0,17092,0,0,0,2320,0,0,0,9046,0,0,0,13394,0,0,2,42762,0,0,0,1914,0,0,0,15682,0,0
1,76198569,,A,G,gnomAD Genomes,NA,PASS,p.Glu87Gly,p.Glu87Gly,c.260A>G,missense_variant,,1,10874,9.19624793084421E-05,0,0,0,2572,0,0,0,246,0,0,0,38,0,0,0,916,0,0,0,1160,0,0,1,5518,0,0,0,424,0,0,0,0,0,0
1,76198571,rs762114560,C,T,gnomAD Exomes,PASS,NA,p.Leu88Phe,p.Leu88Phe,c.262C>T,missense_variant,,6,109376,5.4856641310708E-05,0,0,0,7164,0,0,0,17090,0,0,0,2320,0,0,0,9046,0,0,0,13394,0,0,6,42766,0,0,0,1914,0,0,0,15682,0,0
1,76198583,rs766173642,AAC,A,gnomAD Exomes,PASS,NA,p.Ile95SerfsTer13,p.Ile95SerfsTer13,c.282_283delCA,frameshift_variant,,1,109382,9.14227203744674E-06,0,0,0,7164,0,0,1,17094,0,0,0,2318,0,0,0,9046,0,0,0,13394,0,0,0,42766,0,0,0,1914,0,0,0,15686,0,0
1,76198586,rs371194356,A,G,gnomAD Exomes,PASS,NA,p.Thr93Ala,p.Thr93Ala,c.277A>G,missense_variant,,1,109382,9.14227203744674E-06,0,0,0,7164,0,0,1,17092,0,0,0,2320,0,0,0,9046,0,0,0,13394,0,0,0,42768,0,0,0,1914,0,0,0,15684,0,0
1,76198734,rs748467366,A,C,gnomAD Exomes,PASS,NA,c.287-2A>C,,c.287-2A>C,splice_acceptor_variant,,1,109242,9.15398839274272E-06,0,0,0,7158,0,0,0,17078,0,0,0,2320,0,0,1,9040,0,0,0,13386,0,0,0,42668,0,0,0,1910,0,0,0,15682,0,0
1,76198747,rs1335988228,T,G,gnomAD Genomes,NA,PASS,p.Cys100Gly,p.Cys100Gly,c.298T>G,missense_variant,,1,10880,9.19117647058823E-05,0,0,1,2574,0,0,0,246,0,0,0,38,0,0,0,916,0,0,0,1162,0,0,0,5520,0,0,0,424,0,0,0,0,0,0
1,76198748,rs1479944996,G,T,gnomAD Exomes,PASS,NA,p.Cys100Phe,p.Cys100Phe,c.299G>T,missense_variant,,1,109264,9.15214526284961E-06,0,0,0,7162,0,0,0,17100,0,0,0,2320,0,0,0,9034,0,0,0,13386,0,0,1,42670,0,0,0,1910,0,0,0,15682,0,0
1,76198765,rs536299764,T,C,gnomAD Exomes,PASS,NA,p.Cys106Arg,p.Cys106Arg,c.316T>C,missense_variant,,2,109278,1.83019454968063E-05,0,0,2,7162,0,0,0,17106,0,0,0,2320,0,0,0,9040,0,0,0,13384,0,0,0,42670,0,0,0,1912,0,0,0,15684,0,0
1,76198768,rs555153199,A,G,gnomAD Exomes,PASS,NA,p.Thr107Ala,p.Thr107Ala,c.319A>G,missense_variant,,1,109272,9.15147521780511E-06,0,0,0,7160,0,0,0,17104,0,0,0,2320,0,0,0,9040,0,0,0,13382,0,0,1,42670,0,0,0,1912,0,0,0,15684,0,0
1,76198771,rs1328057335,C,G,gnomAD Exomes,PASS,NA,p.Leu108Val,p.Leu108Val,c.322C>G,missense_variant,,1,109262,9.15231278944189E-06,0,0,0,7158,0,0,0,17108,0,0,0,2320,0,0,0,9026,0,0,0,13384,0,0,1,42670,0,0,0,1912,0,0,0,15684,0,0
1,76198783,rs751312329,G,A,gnomAD Exomes,PASS,NA,p.Ala112Thr,p.Ala112Thr,c.334G>A,missense_variant,,1,109214,9.15633526837219E-06,0,0,0,7156,0,0,0,17102,0,0,0,2320,0,0,0,9004,0,0,0,13378,0,0,0,42666,0,0,0,1910,0,0,1,15678,0,0
1,76198784,rs367640956,C,T,"gnomAD Exomes,gnomAD Genomes",PASS,PASS,p.Ala112Val,p.Ala112Val,c.335C>T,missense_variant,,4,120080,3.3311125916056E-05,0,0,1,9728,0,0,1,17346,0,0,0,2358,0,0,0,9916,0,0,0,14538,0,0,2,48180,0,0,0,2336,0,0,0,15678,0,0
1,76198805,rs1291188400,G,A,gnomAD Exomes,PASS,NA,p.Gly119Asp,p.Gly119Asp,c.356G>A,missense_variant,,0,109082,0,0,0,0,7140,0,0,0,17086,0,0,0,2320,0,0,0,8954,0,0,0,13372,0,0,0,42646,0,0,0,1910,0,0,0,15654,0,0
1,76198811,rs1453877622,A,G,gnomAD Exomes,PASS,NA,p.Asn121Ser,p.Asn121Ser,c.362A>G,missense_variant,,1,109036,9.17128287904912E-06,0,0,0,7132,0,0,0,17088,0,0,0,2320,0,0,0,8936,0,0,0,13364,0,0,0,42636,0,0,0,1910,0,0,1,15650,0,0
1,76198813,rs1219823059,C,T,gnomAD Exomes,PASS,NA,p.Leu122Phe,p.Leu122Phe,c.364C>T,missense_variant,,1,109016,9.17296543626624E-06,0,0,0,7128,0,0,0,17088,0,0,0,2320,0,0,0,8934,0,0,0,13362,0,0,0,42630,0,0,0,1908,0,0,1,15646,0,0
1,76198831,rs535952185,C,A,gnomAD Exomes,PASS,NA,p.Leu128Ile,p.Leu128Ile,c.382C>A,missense_variant,,12,108830,0.000110263714049,0,0,1,7102,0,0,3,17058,0,0,0,2320,0,0,0,8892,0,0,0,13346,0,0,8,42602,0,0,0,1904,0,0,0,15606,0,0
1,76198835,rs778243064,G,A,"gnomAD Exomes,gnomAD Genomes",PASS,PASS,c.385+1G>A,,c.385+1G>A,splice_donor_variant,,2,119638,1.67170965746669E-05,0,0,0,9672,0,0,0,17290,0,0,0,2356,0,0,1,9792,0,0,0,14508,0,0,0,48114,0,0,0,2324,0,0,1,15582,0,0
1,76199240,rs781412561,C,T,gnomAD Exomes,PASS,NA,p.Ala109Val,p.Ala109Val,c.326C>T,missense_variant,,1,109404,9.14043362217103E-06,0,0,0,7164,0,0,0,17108,0,0,0,2320,0,0,0,9046,0,0,0,13394,0,0,1,42768,0,0,0,1914,0,0,0,15690,0,0
1,76199243,rs796051899,G,A,gnomAD Exomes,PASS,NA,p.Cys110Tyr,p.Cys110Tyr,c.329G>A,missense_variant,,1,109404,9.14043362217103E-06,0,0,0,7164,0,0,0,17108,0,0,0,2320,0,0,1,9046,0,0,0,13394,0,0,0,42768,0,0,0,1914,0,0,0,15690,0,0
1,76199244,rs1355110325,TTTAA,T,gnomAD Exomes,PASS,NA,p.Ile112ValfsTer41,p.Ile112ValfsTer41,c.334_337delATTA,frameshift_variant,,1,109404,9.14043362217103E-06,0,0,0,7164,0,0,0,17108,0,0,0,2320,0,0,0,9046,0,0,0,13394,0,0,1,42768,0,0,0,1914,0,0,0,15690,0,0
1,76199248,rs769832259,A,G,gnomAD Genomes,NA,PASS,p.Ile112Val,p.Ile112Val,c.334A>G,missense_variant,,1,10880,9.19117647058823E-05,0,0,0,2572,0,0,0,246,0,0,0,38,0,0,0,916,0,0,1,1162,0,0,0,5522,0,0,0,424,0,0,0,0,0,0
1,76199273,rs875989859,G,A,gnomAD Exomes,PASS,NA,p.Cys120Tyr,p.Cys120Tyr,c.359G>A,missense_variant,,1,109404,9.14043362217103E-06,0,0,0,7164,0,0,0,17108,0,0,0,2320,0,0,0,9046,0,0,0,13394,0,0,1,42768,0,0,0,1914,0,0,0,15690,0,0
1,76199288,rs121434283,C,T,gnomAD Exomes,PASS,NA,p.Thr125Ile,p.Thr125Ile,c.374C>T,missense_variant,,1,109406,9.14026653017202E-06,0,0,0,7164,0,0,0,17110,0,0,0,2320,0,0,0,9046,0,0,0,13394,0,0,0,42768,0,0,0,1914,0,0,1,15690,0,0
1,76199290,rs776402904,G,A,gnomAD Exomes,PASS,NA,p.Ala126Thr,p.Ala126Thr,c.376G>A,missense_variant,,1,109402,9.14060072027934E-06,0,0,0,7164,0,0,0,17108,0,0,0,2320,0,0,0,9046,0,0,0,13392,0,0,0,42768,0,0,0,1914,0,0,1,15690,0,0
1,76199297,rs759305231,A,G,gnomAD Exomes,PASS,NA,p.Glu128Gly,p.Glu128Gly,c.383A>G,missense_variant,,1,109406,9.14026653017202E-06,0,0,0,7164,0,0,0,17110,0,0,0,2320,0,0,0,9046,0,0,0,13394,0,0,1,42768,0,0,0,1914,0,0,0,15690,0,0
1,76199309,rs1412816118,TG,T,gnomAD Exomes,PASS,NA,c.399+1delG,,c.399+1delG,frameshift_variant,,4,109400,3.6563071297989E-05,0,0,0,7164,0,0,0,17110,0,0,0,2320,0,0,1,9046,0,0,0,13388,0,0,3,42768,0,0,0,1914,0,0,0,15690,0,0
1,76200483,rs875989854,C,G,gnomAD Exomes,PASS,NA,p.Pro136Arg,p.Pro136Arg,c.407C>G,missense_variant,,2,109196,1.83156892193853E-05,0,0,0,7150,0,0,0,17088,0,0,0,2308,0,0,0,9032,0,0,0,13382,0,0,1,42664,0,0,1,1910,0,0,0,15662,0,0
1,76200488,rs752041027,A,G,"gnomAD Exomes,gnomAD Genomes",PASS,PASS,p.Ile138Val,p.Ile138Val,c.412A>G,missense_variant,,2,120130,1.6648630650129E-05,0,0,0,9722,0,0,0,17346,0,0,0,2352,0,0,0,9954,0,0,1,14540,0,0,1,48204,0,0,0,2336,0,0,0,15676,0,0
1,76200489,rs1480293795,T,G,gnomAD Exomes,PASS,NA,p.Ile138Ser,p.Ile138Ser,c.413T>G,missense_variant,,1,109280,9.15080527086384E-06,0,0,0,7158,0,0,0,17100,0,0,0,2314,0,0,0,9040,0,0,0,13386,0,0,0,42692,0,0,0,1912,0,0,1,15678,0,0
1,76200492,rs767864911,T,C,gnomAD Exomes,PASS,NA,p.Ile139Thr,p.Ile139Thr,c.416T>C,missense_variant,,2,109296,1.82989313424096E-05,0,0,0,7158,0,0,0,17102,0,0,0,2318,0,0,0,9040,0,0,0,13384,0,0,2,42704,0,0,0,1914,0,0,0,15676,0,0
1,76200495,rs750792245,C,T,gnomAD Exomes,PASS,NA,p.Ala140Val,p.Ala140Val,c.419C>T,missense_variant,,4,109304,3.65951840737759E-05,0,0,0,7156,0,0,0,17104,0,0,0,2318,0,0,0,9044,0,0,0,13386,0,0,0,42704,0,0,0,1914,0,0,4,15678,0,0
1,76200504,rs756233015,A,G,gnomAD Exomes,PASS,NA,p.Asp143Gly,p.Asp143Gly,c.428A>G,missense_variant,,1,109336,9.1461183873564E-06,0,0,0,7162,0,0,0,17104,0,0,0,2320,0,0,0,9046,0,0,0,13388,0,0,0,42724,0,0,0,1914,0,0,1,15678,0,0
1,76200511,rs1373003937,AAAG,A,gnomAD Exomes,PASS,NA,p.Lys148del,p.Lys148del,c.442_444delAAG,inframe_deletion,,1,109360,9.1441111923921E-06,0,0,0,7162,0,0,0,17104,0,0,0,2320,0,0,0,9046,0,0,0,13388,0,0,1,42740,0,0,0,1914,0,0,0,15686,0,0
1,76200513,rs777998984,AG,A,gnomAD Exomes,PASS,NA,p.Lys147ArgfsTer7,p.Lys147ArgfsTer7,c.438delG,frameshift_variant,,2,109362,1.82878879318228E-05,0,0,2,7160,0,0,0,17104,0,0,0,2320,0,0,0,9046,0,0,0,13390,0,0,0,42744,0,0,0,1914,0,0,0,15684,0,0
1,76200522,rs749529577,AT,A,gnomAD Exomes,PASS,NA,p.Leu150TrpfsTer4,p.Leu150TrpfsTer4,c.449delT,frameshift_variant,,1,109372,9.14310792524595E-06,0,0,0,7160,0,0,1,17110,0,0,0,2320,0,0,0,9046,0,0,0,13392,0,0,0,42746,0,0,0,1914,0,0,0,15684,0,0
1,76200531,rs778906552,G,A,gnomAD Exomes,PASS,NA,p.Arg152Lys,p.Arg152Lys,c.455G>A,missense_variant,,16,109346,0.000146324511185,0,0,0,7156,0,0,15,17108,0,0,0,2320,0,0,0,9044,0,0,0,13392,0,0,1,42728,0,0,0,1914,0,0,0,15684,0,0
1,76200533,rs1302089128,ATGAC,A,gnomAD Exomes,PASS,NA,p.Thr154ArgfsTer4,p.Thr154ArgfsTer4,c.461_464delCTGA,frameshift_variant,,2,109356,1.82888913274077E-05,0,0,0,7156,0,0,0,17106,0,0,0,2320,0,0,2,9044,0,0,0,13394,0,0,0,42740,0,0,0,1914,0,0,0,15682,0,0
1,76200535,rs121434277,G,T,gnomAD Exomes,PASS,NA,p.Met153Ile,p.Met153Ile,c.459G>T,missense_variant,,1,109360,9.1441111923921E-06,0,0,0,7158,0,0,1,17110,0,0,0,2320,0,0,0,9044,0,0,0,13394,0,0,0,42736,0,0,0,1914,0,0,0,15684,0,0
1,76200557,rs776498263,G,A,gnomAD Exomes,PASS,NA,c.480+1G>A,,c.480+1G>A,splice_donor_variant,,1,109218,9.155999926752E-06,0,0,0,7154,0,0,0,17104,0,0,0,2314,0,0,0,9042,0,0,0,13390,0,0,1,42644,0,0,0,1912,0,0,0,15658,0,0
1,76205704,rs763613689,G,T,"gnomAD Exomes,gnomAD Genomes",PASS,PASS,p.Ala174Ser,p.Ala174Ser,c.520G>T,missense_variant,,4,120254,3.32629268049296E-05,0,0,0,9738,0,0,2,17350,0,0,0,2358,0,0,0,9960,0,0,0,14554,0,0,2,48270,0,0,0,2338,0,0,0,15686,0,0
1,76205722,rs200754053,G,T,"gnomAD Exomes,gnomAD Genomes",PASS,PASS,p.Ala180Ser,p.Ala180Ser,c.538G>T,missense_variant,,17,120266,0.000141353333444,0,0,1,9734,0,0,5,17354,0,0,0,2358,0,0,0,9960,0,0,0,14554,0,0,11,48280,0,0,0,2336,0,0,0,15690,0,0
1,76205723,rs1156426886,C,A,gnomAD Exomes,PASS,NA,p.Ala180Glu,p.Ala180Glu,c.539C>A,missense_variant,,1,109392,9.14143630247184E-06,0,0,0,7164,0,0,0,17108,0,0,0,2320,0,0,0,9046,0,0,0,13394,0,0,1,42758,0,0,0,1914,0,0,0,15688,0,0
1,76205728,rs748967113,A,C,gnomAD Exomes,PASS,NA,p.Lys182Gln,p.Lys182Gln,c.544A>C,missense_variant,,2,109406,1.8280533060344E-05,0,0,0,7164,0,0,0,17110,0,0,1,2320,0,0,0,9046,0,0,0,13394,0,0,1,42768,0,0,0,1914,0,0,0,15690,0,0
1,76205728,rs748967113,A,G,gnomAD Exomes,PASS,NA,p.Lys182Glu,p.Lys182Glu,c.544A>G,missense_variant,,1,109406,9.14026653017202E-06,0,0,0,7164,0,0,0,17110,0,0,0,2320,0,0,0,9046,0,0,0,13394,0,0,1,42768,0,0,0,1914,0,0,0,15690,0,0
1,76205732,rs776120077,AAGG,A,gnomAD Exomes,PASS,NA,p.Gly184del,p.Gly184del,c.551_553delGAG,inframe_deletion,,1,109404,9.14043362217103E-06,0,0,1,7164,0,0,0,17108,0,0,0,2320,0,0,0,9046,0,0,0,13394,0,0,0,42768,0,0,0,1914,0,0,0,15690,0,0
1,76205749,rs780733071,A,G,gnomAD Exomes,PASS,NA,p.Ile189Val,p.Ile189Val,c.565A>G,missense_variant,,3,109404,2.74213008665131E-05,0,0,0,7164,0,0,0,17108,0,0,0,2320,0,0,0,9046,0,0,0,13394,0,0,3,42768,0,0,0,1914,0,0,0,15690,0,0
1,76205754,rs754359356,T,A,gnomAD Exomes,PASS,NA,p.Asn190Lys,p.Asn190Lys,c.570T>A,missense_variant,,1,109404,9.14043362217103E-06,0,0,0,7164,0,0,0,17108,0,0,0,2320,0,0,0,9046,0,0,0,13394,0,0,1,42768,0,0,0,1914,0,0,0,15690,0,0
1,76205776,rs773677327,A,G,gnomAD Exomes,PASS,NA,p.Asn198Asp,p.Asn198Asp,c.592A>G,missense_variant,,1,109402,9.14060072027934E-06,0,0,0,7164,0,0,1,17106,0,0,0,2320,0,0,0,9046,0,0,0,13394,0,0,0,42768,0,0,0,1914,0,0,0,15690,0,0
1,76205779,rs121434278,G,A,gnomAD Exomes,PASS,NA,p.Gly199Arg,p.Gly199Arg,c.595G>A,missense_variant,,5,109402,4.57030036013967E-05,0,0,0,7164,0,0,0,17106,0,0,0,2320,0,0,0,9046,0,0,0,13394,0,0,4,42768,0,0,1,1914,0,0,0,15690,0,0
1,76205780,rs754219595,G,C,gnomAD Exomes,PASS,NA,p.Gly199Ala,p.Gly199Ala,c.596G>C,missense_variant,,1,109400,9.14076782449726E-06,0,0,1,7164,0,0,0,17106,0,0,0,2320,0,0,0,9046,0,0,0,13394,0,0,0,42768,0,0,0,1914,0,0,0,15688,0,0
1,76205796,rs866388216,G,A,gnomAD Exomes,PASS,NA,c.611+1G>A,,c.611+1G>A,splice_donor_variant,,1,109390,9.14160343724289E-06,0,0,0,7164,0,0,0,17104,0,0,0,2320,0,0,0,9046,0,0,0,13394,0,0,1,42766,0,0,0,1912,0,0,0,15684,0,0
1,76205797,rs148260275,T,C,gnomAD Exomes,PASS,NA,c.611+2T>C,,c.611+2T>C,splice_donor_variant,,1,109390,9.14160343724289E-06,0,0,1,7164,0,0,0,17106,0,0,0,2320,0,0,0,9046,0,0,0,13394,0,0,0,42766,0,0,0,1912,0,0,0,15682,0,0
1,76211491,rs772650083,GT,G,gnomAD Exomes,PASS,NA,p.Tyr205IlefsTer38,p.Tyr205IlefsTer38,c.613delT,frameshift_variant,,3,109394,2.74238075214363E-05,0,0,0,7164,0,0,0,17112,0,0,0,2318,0,0,0,9046,0,0,0,13384,0,0,0,42766,0,0,0,1914,0,0,3,15690,0,0
1,76211493,rs875989871,A,T,gnomAD Exomes,PASS,NA,p.Tyr205Phe,p.Tyr205Phe,c.614A>T,missense_variant,,1,109388,9.14177057812557E-06,0,0,0,7164,0,0,0,17112,0,0,0,2320,0,0,0,9046,0,0,1,13382,0,0,0,42766,0,0,0,1914,0,0,0,15684,0,0
1,76211494,rs992092720,T,G,gnomAD Exomes,PASS,NA,p.Tyr205Ter,p.Tyr205Ter,c.615T>G,stop_gained,,1,109388,9.14177057812557E-06,0,0,0,7164,0,0,0,17112,0,0,0,2318,0,0,0,9046,0,0,1,13380,0,0,0,42764,0,0,0,1914,0,0,0,15690,0,0
1,76211494,rs992092720,T,A,gnomAD Exomes,PASS,NA,p.Tyr205Ter,p.Tyr205Ter,c.615T>A,stop_gained,,1,109388,9.14177057812557E-06,0,0,1,7164,0,0,0,17112,0,0,0,2318,0,0,0,9046,0,0,0,13380,0,0,0,42764,0,0,0,1914,0,0,0,15690,0,0
1,76211504,rs1324329442,G,T,gnomAD Genomes,NA,PASS,p.Ala209Ser,p.Ala209Ser,c.625G>T,missense_variant,,1,10850,9.21658986175115E-05,0,0,0,2570,0,0,0,244,0,0,0,38,0,0,0,916,0,0,0,1160,0,0,1,5500,0,0,0,422,0,0,0,0,0,0
1,76211507,rs373715782,C,T,gnomAD Exomes,PASS,NA,p.Arg210Cys,p.Arg210Cys,c.628C>T,missense_variant,,3,109404,2.74213008665131E-05,0,0,0,7164,0,0,1,17112,0,0,0,2320,0,0,0,9046,0,0,0,13390,0,0,0,42768,0,0,0,1914,0,0,2,15690,0,0
1,76211508,rs200724875,G,A,gnomAD Exomes,PASS,NA,p.Arg210His,p.Arg210His,c.629G>A,missense_variant,,2,109404,1.82808672443421E-05,0,0,0,7164,0,0,0,17112,0,0,0,2320,0,0,2,9046,0,0,0,13390,0,0,0,42768,0,0,0,1914,0,0,0,15690,0,0
1,76211516,rs765741682,C,G,gnomAD Exomes,PASS,NA,p.Pro213Ala,p.Pro213Ala,c.637C>G,missense_variant,,1,109404,9.14043362217103E-06,0,0,0,7164,0,0,1,17112,0,0,0,2320,0,0,0,9046,0,0,0,13390,0,0,0,42768,0,0,0,1914,0,0,0,15690,0,0
1,76211520,rs775836983,A,G,gnomAD Exomes,PASS,NA,p.Asp214Gly,p.Asp214Gly,c.641A>G,missense_variant,,1,109400,9.14076782449726E-06,0,0,0,7164,0,0,0,17112,0,0,0,2320,0,0,0,9046,0,0,0,13386,0,0,1,42768,0,0,0,1914,0,0,0,15690,0,0
1,76211544,rs764268346,C,A,gnomAD Exomes,PASS,NA,p.Ala222Asp,p.Ala222Asp,c.665C>A,missense_variant,,1,109400,9.14076782449726E-06,0,0,0,7164,0,0,0,17112,0,0,0,2320,0,0,0,9046,0,0,0,13386,0,0,1,42768,0,0,0,1914,0,0,0,15690,0,0
1,76211544,rs764268346,C,G,gnomAD Exomes,PASS,NA,p.Ala222Gly,p.Ala222Gly,c.665C>G,missense_variant,,3,109400,2.74223034734918E-05,0,0,0,7164,0,0,3,17112,0,0,0,2320,0,0,0,9046,0,0,0,13386,0,0,0,42768,0,0,0,1914,0,0,0,15690,0,0
1,76211550,rs766249735,C,T,gnomAD Exomes,PASS,NA,p.Thr224Ile,p.Thr224Ile,c.671C>T,missense_variant,,4,109398,3.65637397393005E-05,0,0,0,7164,0,0,4,17110,0,0,0,2320,0,0,0,9046,0,0,0,13386,0,0,0,42768,0,0,0,1914,0,0,0,15690,0,0
1,76211552,rs753627680,G,A,gnomAD Exomes,PASS,NA,p.Gly225Arg,p.Gly225Arg,c.673G>A,missense_variant,,2,109394,1.82825383476242E-05,0,0,0,7164,0,0,2,17110,0,0,0,2320,0,0,0,9046,0,0,0,13382,0,0,0,42768,0,0,0,1914,0,0,0,15690,0,0
1,76211557,rs139457557,C,A,"gnomAD Exomes,gnomAD Genomes",PASS,PASS,p.Phe226Leu,p.Phe226Leu,c.678C>A,missense_variant,,13,120268,0.000108091928027,0,0,12,9736,0,0,1,17356,0,0,0,2358,0,0,0,9962,0,0,0,14546,0,0,0,48282,0,0,0,2338,0,0,0,15690,0,0
1,76211559,rs758111285,T,C,gnomAD Exomes,PASS,NA,p.Ile227Thr,p.Ile227Thr,c.680T>C,missense_variant,,2,109394,1.82825383476242E-05,0,0,0,7164,0,0,2,17110,0,0,0,2320,0,0,0,9046,0,0,0,13382,0,0,0,42768,0,0,0,1914,0,0,0,15690,0,0
1,76211568,rs1161511961,C,G,gnomAD Exomes,PASS,NA,p.Ala230Gly,p.Ala230Gly,c.689C>G,missense_variant,,1,109370,9.1432751211484E-06,0,0,0,7164,0,0,0,17108,0,0,0,2320,0,0,0,9046,0,0,0,13362,0,0,0,42766,0,0,0,1914,0,0,1,15690,0,0
1,76211574,rs149678400,C,A,gnomAD Exomes,PASS,NA,p.Thr232Asn,p.Thr232Asn,c.695C>A,missense_variant,,29,109374,0.000265145281328,0,0,0,7164,0,0,24,17106,0,0,0,2320,0,0,0,9046,0,0,0,13368,0,0,5,42766,0,0,0,1914,0,0,0,15690,0,0
1,76211574,rs149678400,C,T,gnomAD Genomes,NA,PASS,p.Thr232Ile,p.Thr232Ile,c.695C>T,missense_variant,,1,10876,9.19455682236116E-05,0,0,1,2568,0,0,0,246,0,0,0,38,0,0,0,916,0,0,0,1162,0,0,0,5522,0,0,0,424,0,0,0,0,0,0
1,76211576,rs776976649,C,T,gnomAD Exomes,PASS,NA,p.Pro233Ser,p.Pro233Ser,c.697C>T,missense_variant,,1,109376,9.14277355178467E-06,0,0,0,7162,0,0,0,17108,0,0,0,2320,0,0,0,9046,0,0,0,13370,0,0,0,42766,0,0,0,1914,0,0,1,15690,0,0
1,76211589,rs770273135,T,C,gnomAD Exomes,PASS,NA,p.Ile237Thr,p.Ile237Thr,c.710T>C,missense_variant,,1,109342,9.14561650600867E-06,0,0,0,7162,0,0,0,17106,0,0,0,2320,0,0,0,9044,0,0,0,13346,0,0,1,42762,0,0,0,1914,0,0,0,15688,0,0
1,76215146,rs897430591,G,T,gnomAD Genomes,NA,PASS,p.Val255Phe,p.Val255Phe,c.763G>T,missense_variant,,1,10862,9.20640765973117E-05,0,0,0,2570,0,0,0,246,0,0,0,38,0,0,0,916,0,0,0,1160,0,0,1,5508,0,0,0,424,0,0,0,0,0,0
1,76215147,rs1052855363,T,C,gnomAD Exomes,PASS,NA,p.Val255Ala,p.Val255Ala,c.764T>C,missense_variant,,1,109406,9.14026653017202E-06,0,0,0,7164,0,0,0,17110,0,0,0,2320,0,0,0,9046,0,0,0,13394,0,0,1,42768,0,0,0,1914,0,0,0,15690,0,0
1,76215150,rs780510026,T,G,gnomAD Exomes,PASS,NA,p.Phe256Cys,p.Phe256Cys,c.767T>G,missense_variant,,1,109406,9.14026653017202E-06,0,0,0,7164,0,0,1,17110,0,0,0,2320,0,0,0,9046,0,0,0,13394,0,0,0,42768,0,0,0,1914,0,0,0,15690,0,0
1,76215152,rs768884003,G,A,gnomAD Exomes,PASS,NA,p.Glu257Lys,p.Glu257Lys,c.769G>A,missense_variant,,1,109404,9.14043362217103E-06,0,0,0,7164,0,0,1,17110,0,0,0,2320,0,0,0,9046,0,0,0,13394,0,0,0,42766,0,0,0,1914,0,0,0,15690,0,0
1,76215164,rs774404344,G,T,gnomAD Exomes,PASS,NA,p.Val261Leu,p.Val261Leu,c.781G>T,missense_variant,,2,109406,1.8280533060344E-05,0,0,0,7164,0,0,0,17110,0,0,0,2320,0,0,0,9046,0,0,0,13394,0,0,2,42768,0,0,0,1914,0,0,0,15690,0,0
1,76215168,rs1022879056,C,T,gnomAD Exomes,PASS,NA,p.Pro262Leu,p.Pro262Leu,c.785C>T,missense_variant,,1,109408,9.14009944428195E-06,0,0,0,7164,0,0,0,17112,0,0,0,2320,0,0,0,9046,0,0,0,13394,0,0,0,42768,0,0,1,1914,0,0,0,15690,0,0
1,76215170,rs570815181,A,G,gnomAD Exomes,PASS,NA,p.Lys263Glu,p.Lys263Glu,c.787A>G,missense_variant,,1,109406,9.14026653017202E-06,0,0,0,7164,0,0,0,17112,0,0,0,2320,0,0,0,9046,0,0,0,13394,0,0,1,42766,0,0,0,1914,0,0,0,15690,0,0
1,76215185,rs1394615257,A,T,gnomAD Genomes,NA,PASS,p.Ile268Phe,p.Ile268Phe,c.802A>T,missense_variant,,1,10858,9.20979922637686E-05,0,0,0,2568,0,0,0,244,0,0,0,38,0,0,1,914,0,0,0,1162,0,0,0,5508,0,0,0,424,0,0,0,0,0,0
1,76215188,rs773407237,G,A,gnomAD Genomes,NA,PASS,p.Gly269Ser,p.Gly269Ser,c.805G>A,missense_variant,,1,10848,9.21828908554572E-05,0,0,0,2570,0,0,0,244,0,0,0,38,0,0,1,910,0,0,0,1158,0,0,0,5506,0,0,0,422,0,0,0,0,0,0
1,76215192,rs201375579,A,G,gnomAD Exomes,PASS,NA,p.Asp270Gly,p.Asp270Gly,c.809A>G,missense_variant,,31,109408,0.000283343082773,0,0,0,7164,0,0,10,17112,0,0,0,2320,0,0,0,9046,0,0,0,13394,0,0,17,42768,0,0,4,1914,0,0,0,15690,0,0
1,76215194,rs121434274,G,A,gnomAD Exomes,PASS,NA,p.Gly271Arg,p.Gly271Arg,c.811G>A,missense_variant,,15,109408,0.000137101491664,0,0,0,7164,0,0,4,17112,0,0,0,2320,0,0,0,9046,0,0,0,13394,0,0,6,42768,0,0,0,1914,0,0,5,15690,0,0
1,76215201,rs1325021328,G,A,gnomAD Exomes,PASS,NA,p.Gly273Asp,p.Gly273Asp,c.818G>A,missense_variant,,1,109408,9.14009944428195E-06,0,0,0,7164,0,0,0,17112,0,0,0,2320,0,0,0,9046,0,0,0,13394,0,0,0,42768,0,0,0,1914,0,0,1,15690,0,0
1,76215215,rs751163688,A,G,gnomAD Exomes,PASS,NA,p.Met278Val,p.Met278Val,c.832A>G,missense_variant,,1,109406,9.14026653017202E-06,0,0,0,7164,0,0,0,17110,0,0,0,2320,0,0,0,9046,0,0,0,13394,0,0,1,42768,0,0,0,1914,0,0,0,15690,0,0
1,76215230,rs757004090,A,G,gnomAD Exomes,PASS,NA,p.Lys283Glu,p.Lys283Glu,c.847A>G,missense_variant,,1,109404,9.14043362217103E-06,0,0,0,7164,0,0,0,17108,0,0,0,2320,0,0,0,9046,0,0,0,13394,0,0,0,42768,0,0,0,1914,0,0,1,15690,0,0
1,76215238,rs780504551,A,T,gnomAD Exomes,PASS,NA,p.Arg285Ser,p.Arg285Ser,c.855A>T,missense_variant,,1,109400,9.14076782449726E-06,0,0,0,7164,0,0,0,17106,0,0,0,2318,0,0,1,9046,0,0,0,13394,0,0,0,42768,0,0,0,1914,0,0,0,15690,0,0
1,76215246,rs780737237,T,C,gnomAD Exomes,PASS,NA,c.861+2T>C,,c.861+2T>C,splice_donor_variant,,1,109366,9.14360953129857E-06,0,0,0,7162,0,0,0,17086,0,0,0,2320,0,0,0,9046,0,0,0,13394,0,0,1,42764,0,0,0,1914,0,0,0,15680,0,0
1,76216140,rs1430405811,C,A,gnomAD Exomes,PASS,NA,p.Ala289Asp,p.Ala289Asp,c.866C>A,missense_variant,,1,107400,9.31098696461825E-06,0,0,1,6952,0,0,0,16890,0,0,0,2224,0,0,0,8964,0,0,0,13362,0,0,0,41852,0,0,0,1888,0,0,0,15268,0,0
1,76216143,rs767223494,C,T,gnomAD Exomes,PASS,NA,p.Ala290Val,p.Ala290Val,c.869C>T,missense_variant,,2,107930,1.85305290466043E-05,0,0,0,7004,0,0,0,16950,0,0,0,2250,0,0,0,8992,0,0,0,13362,0,0,0,42116,0,0,0,1896,0,0,2,15360,0,0
1,76216146,rs1373049784,G,A,gnomAD Exomes,PASS,NA,p.Gly291Asp,p.Gly291Asp,c.872G>A,missense_variant,,1,108242,9.2385580458602E-06,0,0,1,7020,0,0,0,17002,0,0,0,2268,0,0,0,9012,0,0,0,13376,0,0,0,42272,0,0,0,1896,0,0,0,15396,0,0
1,76216149,rs749914987,C,T,gnomAD Exomes,PASS,NA,p.Ala292Val,p.Ala292Val,c.875C>T,missense_variant,,1,108382,9.22662434721633E-06,0,0,0,7040,0,0,0,17006,0,0,0,2272,0,0,0,9020,0,0,0,13378,0,0,1,42334,0,0,0,1900,0,0,0,15432,0,0
1,76216155,rs755655934,G,T,gnomAD Exomes,PASS,NA,p.Gly294Val,p.Gly294Val,c.881G>T,missense_variant,,1,108660,9.20301859009755E-06,0,0,0,7062,0,0,0,17042,0,0,0,2294,0,0,0,9030,0,0,0,13376,0,0,1,42462,0,0,0,1902,0,0,0,15492,0,0
1,76216176,rs1293309607,A,G,gnomAD Exomes,PASS,NA,p.Asp301Gly,p.Asp301Gly,c.902A>G,missense_variant,,2,109112,1.83297895740157E-05,0,0,0,7124,0,0,0,17076,0,0,0,2298,0,0,0,9032,0,0,0,13386,0,0,0,42666,0,0,0,1910,0,0,2,15620,0,0
1,76216212,rs747593459,T,G,gnomAD Exomes,PASS,NA,p.Phe313Cys,p.Phe313Cys,c.938T>G,missense_variant,,1,108888,9.18374843876276E-06,0,0,0,7114,0,0,0,17054,0,0,0,2282,0,0,1,9020,0,0,0,13392,0,0,0,42572,0,0,0,1910,0,0,0,15544,0,0
1,76216214,rs747268471,G,A,"gnomAD Exomes,gnomAD Genomes",PASS,PASS,p.Gly314Arg,p.Gly314Arg,c.940G>A,missense_variant,,4,119656,3.34291636023267E-05,0,0,1,9664,0,0,1,17292,0,0,0,2314,0,0,0,9940,0,0,0,14544,0,0,2,48038,0,0,0,2330,0,0,0,15534,0,0
1,76226805,rs758753966,A,C,gnomAD Exomes,PASS,NA,c.958-2A>C,,c.958-2A>C,splice_acceptor_variant,,2,109210,1.83133412691145E-05,0,0,0,7154,0,0,0,17096,0,0,0,2320,0,0,0,9018,0,0,0,13320,0,0,2,42712,0,0,0,1910,0,0,0,15680,0,0
1,76226816,rs1156515466,A,G,gnomAD Exomes,PASS,NA,p.Ile323Val,p.Ile323Val,c.967A>G,missense_variant,,2,109352,1.82895603189699E-05,0,0,0,7164,0,0,0,17108,0,0,0,2320,0,0,0,9036,0,0,0,13358,0,0,0,42764,0,0,0,1914,0,0,2,15688,0,0
1,76226820,rs1057516485,C,T,gnomAD Exomes,PASS,NA,p.Ser324Leu,p.Ser324Leu,c.971C>T,missense_variant,,1,109376,9.14277355178467E-06,0,0,1,7164,0,0,0,17108,0,0,0,2320,0,0,0,9036,0,0,0,13380,0,0,0,42766,0,0,0,1914,0,0,0,15688,0,0
1,76226828,rs1338591744,C,G,gnomAD Exomes,PASS,NA,p.Leu327Val,p.Leu327Val,c.979C>G,missense_variant,,2,109382,1.82845440748935E-05,0,0,0,7164,0,0,0,17112,0,0,0,2320,0,0,0,9038,0,0,0,13380,0,0,2,42766,0,0,0,1914,0,0,0,15688,0,0
1,76226840,rs1446999276,G,C,gnomAD Exomes,PASS,NA,p.Ala331Pro,p.Ala331Pro,c.991G>C,missense_variant,,1,109390,9.14160343724289E-06,0,0,1,7164,0,0,0,17112,0,0,0,2320,0,0,0,9038,0,0,0,13388,0,0,0,42766,0,0,0,1914,0,0,0,15688,0,0
1,76226843,rs780279673,AT,A,gnomAD Exomes,PASS,NA,p.Met332ArgfsTer5,p.Met332ArgfsTer5,c.995delT,frameshift_variant,,1,109396,9.1411020512633E-06,0,0,0,7164,0,0,0,17112,0,0,0,2320,0,0,0,9038,0,0,0,13394,0,0,1,42766,0,0,0,1914,0,0,0,15688,0,0
1,76226844,rs200902176,T,C,gnomAD Exomes,PASS,NA,p.Met332Thr,p.Met332Thr,c.995T>C,missense_variant,,1,109394,9.14126917381209E-06,0,0,1,7164,0,0,0,17112,0,0,0,2320,0,0,0,9038,0,0,0,13394,0,0,0,42764,0,0,0,1914,0,0,0,15688,0,0
1,76226844,rs200902176,TG,T,gnomAD Exomes,PASS,NA,p.Met332IlefsTer5,p.Met332IlefsTer5,c.996delG,frameshift_variant,,2,109394,1.82825383476242E-05,0,0,0,7164,0,0,0,17112,0,0,0,2320,0,0,0,9038,0,0,0,13394,0,0,0,42764,0,0,0,1914,0,0,2,15688,0,0
1,76226846,rs77931234,A,G,"gnomAD Exomes,gnomAD Genomes",PASS,PASS,p.Lys333Glu,p.Lys333Glu,c.997A>G,missense_variant,,360,120276,0.002993115833583,1,0,15,9738,0,0,21,17358,0,0,5,2358,0,0,0,9956,0,0,15,14556,0,0,284,48288,0,0,14,2338,1,0,6,15684,0,0
1,76226858,rs1225471006,G,GCTAGAATGAGTTA,gnomAD Exomes,PASS,NA,p.Gln342Ter,p.Gln342Ter,c.1011_1023dupTAGAATGAGTTAC,frameshift_variant,,5,109404,4.57021681108552E-05,0,0,0,7164,0,0,1,17112,0,0,0,2320,0,0,0,9044,0,0,0,13394,0,0,4,42768,0,0,0,1914,0,0,0,15688,0,0
1,76226862,rs1261786700,G,A,gnomAD Exomes,PASS,NA,p.Arg338Lys,p.Arg338Lys,c.1013G>A,missense_variant,,1,109404,9.14043362217103E-06,0,0,0,7164,0,0,0,17112,0,0,0,2320,0,0,0,9044,0,0,0,13394,0,0,1,42768,0,0,0,1914,0,0,0,15688,0,0
1,76226871,rs1323513432,A,C,gnomAD Exomes,PASS,NA,p.Tyr341Ser,p.Tyr341Ser,c.1022A>C,missense_variant,,1,109406,9.14026653017202E-06,0,0,0,7164,0,0,0,17112,0,0,0,2320,0,0,0,9044,0,0,0,13394,0,0,0,42768,0,0,1,1914,0,0,0,15690,0,0
1,76226883,rs768440594,C,G,gnomAD Exomes,PASS,NA,p.Ala345Gly,p.Ala345Gly,c.1034C>G,missense_variant,,9,109406,8.22623987715482E-05,0,0,0,7164,0,0,9,17112,0,0,0,2320,0,0,0,9044,0,0,0,13394,0,0,0,42768,0,0,0,1914,0,0,0,15690,0,0
1,76226885,rs772749943,TG,T,gnomAD Exomes,PASS,NA,p.Glu347ArgfsTer26,p.Glu347ArgfsTer26,c.1039delG,frameshift_variant,,1,109406,9.14026653017202E-06,0,0,0,7164,0,0,0,17112,0,0,0,2320,0,0,1,9046,0,0,0,13392,0,0,0,42768,0,0,0,1914,0,0,0,15690,0,0
1,76226904,rs1178040502,G,A,gnomAD Exomes,PASS,NA,p.Arg352His,p.Arg352His,c.1055G>A,missense_variant,,2,109406,1.8280533060344E-05,0,0,0,7164,0,0,0,17112,0,0,0,2320,0,0,0,9046,0,0,0,13392,0,0,2,42768,0,0,0,1914,0,0,0,15690,0,0
1,76226906,rs148207467,C,T,gnomAD Exomes,PASS,NA,p.Arg353Ter,p.Arg353Ter,c.1057C>T,stop_gained,,1,109408,9.14009944428195E-06,0,0,0,7164,0,0,0,17112,0,0,0,2320,0,0,0,9046,0,0,0,13394,0,0,0,42768,0,0,0,1914,0,0,1,15690,0,0
1,76226913,rs766140986,C,T,gnomAD Exomes,PASS,NA,p.Thr355Ile,p.Thr355Ile,c.1064C>T,missense_variant,,1,109406,9.14026653017202E-06,0,0,0,7164,0,0,0,17112,0,0,0,2320,0,0,0,9046,0,0,0,13392,0,0,1,42768,0,0,0,1914,0,0,0,15690,0,0
1,76226930,rs1439792042,G,A,gnomAD Exomes,PASS,NA,p.Ala361Thr,p.Ala361Thr,c.1081G>A,missense_variant,,1,109406,9.14026653017202E-06,0,0,0,7164,0,0,1,17112,0,0,0,2320,0,0,0,9046,0,0,0,13392,0,0,0,42768,0,0,0,1914,0,0,0,15690,0,0
1,76226946,rs150310121,G,A,gnomAD Exomes,PASS,NA,p.Gly366Glu,p.Gly366Glu,c.1097G>A,missense_variant,,2,109408,1.82801988885639E-05,0,0,0,7164,0,0,0,17112,0,0,0,2320,0,0,2,9046,0,0,0,13394,0,0,0,42768,0,0,0,1914,0,0,0,15690,0,0
1,76226951,rs758973773,A,G,gnomAD Exomes,PASS,NA,p.Ile368Val,p.Ile368Val,c.1102A>G,missense_variant,,1,109408,9.14009944428195E-06,0,0,0,7164,0,0,0,17112,0,0,0,2320,0,0,0,9046,0,0,0,13394,0,0,1,42768,0,0,0,1914,0,0,0,15690,0,0
1,76226952,rs150710061,T,C,"gnomAD Exomes,gnomAD Genomes",PASS,PASS,p.Ile368Thr,p.Ile368Thr,c.1103T>C,missense_variant,,55,120282,0.000457258775212,2,0,1,9738,0,0,6,17358,0,0,2,2358,0,0,0,9960,0,0,0,14554,0,0,22,48286,0,0,2,2338,0,0,22,15690,2,0
1,76226957,rs751938305,A,G,gnomAD Exomes,PASS,NA,p.Asn370Asp,p.Asn370Asp,c.1108A>G,missense_variant,,4,109408,3.65603977771278E-05,0,0,0,7164,0,0,0,17112,0,0,0,2320,0,0,0,9046,0,0,0,13394,0,0,4,42768,0,0,0,1914,0,0,0,15690,0,0
1,76226960,rs1275762443,CAGTT,C,gnomAD Exomes,PASS,NA,p.Ala373LeufsTer18,p.Ala373LeufsTer18,c.1114_1117delTTAG,frameshift_variant,,2,109408,1.82801988885639E-05,0,0,0,7164,0,0,0,17112,0,0,0,2320,0,0,0,9046,0,0,0,13394,0,0,2,42768,0,0,0,1914,0,0,0,15690,0,0
1,76226979,rs373057729,T,C,gnomAD Exomes,PASS,NA,p.Val377Ala,p.Val377Ala,c.1130T>C,missense_variant,,1,109404,9.14043362217103E-06,0,0,1,7164,0,0,0,17112,0,0,0,2320,0,0,0,9046,0,0,0,13392,0,0,0,42768,0,0,0,1914,0,0,0,15688,0,0
1,76226985,rs121434275,T,C,gnomAD Genomes,NA,PASS,p.Ile379Thr,p.Ile379Thr,c.1136T>C,missense_variant,,1,10882,9.18948722661275E-05,0,0,0,2574,0,0,1,246,0,0,0,38,0,0,0,916,0,0,0,1162,0,0,0,5522,0,0,0,424,0,0,0,0,0,0
1,76226986,rs201809827,A,G,gnomAD Exomes,PASS,NA,p.Ile379Met,p.Ile379Met,c.1137A>G,missense_variant,,1,109404,9.14043362217103E-06,0,0,0,7164,0,0,0,17112,0,0,0,2320,0,0,0,9046,0,0,0,13392,0,0,1,42768,0,0,0,1914,0,0,0,15688,0,0
1,76227009,rs780056894,C,G,gnomAD Exomes,PASS,NA,p.Thr387Arg,p.Thr387Arg,c.1160C>G,missense_variant,,1,109396,9.1411020512633E-06,0,0,0,7162,0,0,0,17110,0,0,0,2320,0,0,0,9046,0,0,0,13392,0,0,1,42768,0,0,0,1914,0,0,0,15684,0,0
1,76227011,rs748110745,G,T,gnomAD Exomes,PASS,NA,p.Glu388Ter,p.Glu388Ter,c.1162G>T,stop_gained,,1,109390,9.14160343724289E-06,0,0,0,7162,0,0,0,17110,0,0,0,2320,0,0,0,9046,0,0,0,13390,0,0,1,42766,0,0,0,1914,0,0,0,15682,0,0
1,76227017,rs772137588,C,A,gnomAD Exomes,PASS,NA,p.Pro390Thr,p.Pro390Thr,c.1168C>A,missense_variant,,1,109388,9.14177057812557E-06,0,0,0,7162,0,0,0,17110,0,0,0,2320,0,0,0,9046,0,0,0,13384,0,0,0,42768,0,0,0,1914,0,0,1,15684,0,0
1,76227029,rs770663738,CTA,C,gnomAD Genomes,NA,PASS,p.Leu394HisfsTer11,p.Leu394HisfsTer11,c.1181_1182delTA,frameshift_variant,,1,10872,9.19793966151582E-05,0,0,1,2574,0,0,0,246,0,0,0,38,0,0,0,916,0,0,0,1160,0,0,0,5516,0,0,0,422,0,0,0,0,0,0
1,76227045,rs776312173,A,G,gnomAD Exomes,PASS,NA,p.Lys399Arg,p.Lys399Arg,c.1196A>G,missense_variant,,1,109334,9.14628569337992E-06,0,0,0,7152,0,0,0,17104,0,0,0,2320,0,0,0,9044,0,0,0,13366,0,0,1,42764,0,0,0,1914,0,0,0,15670,0,0
1,76227050,rs759158371,T,A,gnomAD Exomes,PASS,NA,p.Tyr401Asn,p.Tyr401Asn,c.1201T>A,missense_variant,,2,109326,1.82939099573752E-05,0,0,0,7152,0,0,0,17104,0,0,0,2320,0,0,2,9042,0,0,0,13366,0,0,0,42764,0,0,0,1914,0,0,0,15664,0,0
1,76228413,rs762485538,G,T,gnomAD Exomes,PASS,NA,p.Val415Leu,p.Val415Leu,c.1243G>T,missense_variant,,1,109184,9.1588511137163E-06,0,0,0,7132,0,0,0,17056,0,0,0,2316,0,0,1,9032,0,0,0,13386,0,0,0,42682,0,0,0,1914,0,0,0,15666,0,0
1,76228419,rs139686925,C,A,gnomAD Exomes,PASS,NA,p.Arg417Ser,p.Arg417Ser,c.1249C>A,missense_variant,,1,109112,9.16489478700784E-06,0,0,0,7126,0,0,0,17048,0,0,0,2318,0,0,0,9026,0,0,0,13386,0,0,1,42656,0,0,0,1910,0,0,0,15642,0,0
1,76228419,rs139686925,C,T,"gnomAD Exomes,gnomAD Genomes",PASS,PASS,p.Arg417Cys,p.Arg417Cys,c.1249C>T,missense_variant,,2,119984,1.66688891852247E-05,0,0,1,9700,0,0,0,17294,0,0,0,2356,0,0,0,9942,0,0,0,14544,0,0,1,48174,0,0,0,2332,0,0,0,15642,0,0
1,76228420,rs1337929727,G,A,gnomAD Exomes,PASS,NA,p.Arg417His,p.Arg417His,c.1250G>A,missense_variant,,2,109118,1.83287816858813E-05,0,0,0,7136,0,0,0,17046,0,0,0,2318,0,0,0,9028,0,0,0,13388,0,0,1,42642,0,0,0,1910,0,0,1,15650,0,0
1,76228428,rs1333993229,A,G,gnomAD Exomes,PASS,NA,p.Ile420Val,p.Ile420Val,c.1258A>G,missense_variant,,1,108946,9.17885925137224E-06,0,0,0,7128,0,0,0,16998,0,0,0,2306,0,0,0,9022,0,0,0,13386,0,0,1,42606,0,0,0,1906,0,0,0,15594,0,0
1,76228429,rs760892123,T,C,gnomAD Exomes,PASS,NA,p.Ile420Thr,p.Ile420Thr,c.1259T>C,missense_variant,,1,108956,9.1780168141268E-06,0,0,0,7128,0,0,0,17006,0,0,0,2308,0,0,0,9020,0,0,0,13386,0,0,0,42604,0,0,0,1908,0,0,1,15596,0,0
1,76228435,rs766532148,A,G,gnomAD Exomes,PASS,NA,p.Lys422Arg,p.Lys422Arg,c.1265A>G,missense_variant,,2,108732,1.8393849096862E-05,0,0,0,7118,0,0,1,16952,0,0,0,2300,0,0,0,9020,0,0,0,13380,0,0,0,42550,0,0,1,1900,0,0,0,15512,0,0
1,76228439,rs753928772,C,A,gnomAD Exomes,PASS,NA,p.Tyr423Ter,p.Tyr423Ter,c.1269C>A,stop_gained,lc_lof,2,108350,1.84586986617443E-05,0,0,0,7088,0,0,0,16928,0,0,2,2284,0,0,0,9008,0,0,0,13380,0,0,0,42372,0,0,0,1890,0,0,0,15400,0,0
1,76228446,rs753782909,T,TA,"gnomAD Exomes,gnomAD Genomes",PASS,PASS,c.*5dupA,,c.*5dupA,frameshift_variant,lc_lof,34,118540,0.000286823013329,0,0,3,9590,0,0,0,17046,0,0,0,2300,0,0,28,9872,0,0,0,14508,0,0,3,47560,0,0,0,2308,0,0,0,15356,0,0
1,76228447,rs200376609,A,T,"gnomAD Exomes,gnomAD Genomes",PASS,PASS,p.Ter426LeuextTer9,p.Ter426LeuextTer9,c.1277A>T,stop_lost,,5,118808,4.20847081004646E-05,0,0,0,9622,0,0,1,17110,0,0,0,2304,0,0,1,9858,0,0,0,14522,0,0,2,47668,0,0,0,2306,0,0,1,15418,0,0
1,76234862,rs146998656,G,A,"gnomAD Exomes,gnomAD Genomes",PASS,PASS,p.Val54Ile,p.Val54Ile,c.160G>A,missense_variant,,60,59520,0.001008064516129,0,0,0,4584,0,0,30,11428,0,0,8,1426,0,0,0,4466,0,0,0,2656,0,0,17,23226,0,0,1,1512,0,0,4,10222,0,0
1,76234862,rs146998656,G,T,gnomAD Exomes,PASS,NA,p.Val54Phe,p.Val54Phe,c.160G>T,missense_variant,,17,48642,0.00034949220838,0,0,0,2010,0,0,0,11182,0,0,0,1388,0,0,0,3552,0,0,0,1494,0,0,0,17706,0,0,0,1088,0,0,17,10222,0,0
1,76234886,rs1146593,A,G,"gnomAD Exomes,gnomAD Genomes",PASS,PASS,p.Thr62Ala,p.Thr62Ala,c.184A>G,missense_variant,,52805,60142,0.878005387250175,23396,0,4337,4640,2027,0,8738,11484,3352,0,1363,1440,645,0,3385,4508,1285,0,2390,2654,1078,0,21622,23512,9952,0,1392,1554,621,0,9578,10350,4436,0
