Chromosome,Position,rsID,Reference,Alternate,Source,Filters - exomes,Filters - genomes,Consequence,Protein Consequence,Transcript Consequence,Annotation,Flags,Allele Count,Allele Number,Allele Frequency,Homozygote Count,Hemizygote Count,Allele Count African,Allele Number African,Homozygote Count African,Hemizygote Count African,Allele Count Latino,Allele Number Latino,Homozygote Count Latino,Hemizygote Count Latino,Allele Count Ashkenazi Jewish,Allele Number Ashkenazi Jewish,Homozygote Count Ashkenazi Jewish,Hemizygote Count Ashkenazi Jewish,Allele Count East Asian,Allele Number East Asian,Homozygote Count East Asian,Hemizygote Count East Asian,Allele Count European (Finnish),Allele Number European (Finnish),Homozygote Count European (Finnish),Hemizygote Count European (Finnish),Allele Count European (non-Finnish),Allele Number European (non-Finnish),Homozygote Count European (non-Finnish),Hemizygote Count European (non-Finnish),Allele Count Other,Allele Number Other,Homozygote Count Other,Hemizygote Count Other,Allele Count South Asian,Allele Number South Asian,Homozygote Count South Asian,Hemizygote Count South Asian
12,57848725,,A,T,gnomAD Genomes,NA,PASS,p.Glu2Asp,p.Glu2Asp,c.6A>T,missense_variant,,1,10852,9.21489126428308E-05,0,0,0,2568,0,0,0,246,0,0,0,38,0,0,0,916,0,0,0,1162,0,0,1,5498,0,0,0,424,0,0,0,0,0,0
12,57848726,rs775056300,A,G,gnomAD Exomes,PASS,NA,p.Thr3Ala,p.Thr3Ala,c.7A>G,missense_variant,,1,52762,1.89530343808044E-05,0,0,0,2370,0,0,0,12124,0,0,0,1454,0,0,0,3996,0,0,0,1506,0,0,0,18980,0,0,0,1270,0,0,1,11062,0,0
12,57848738,rs142782886,G,A,"gnomAD Exomes,gnomAD Genomes",PASS,PASS,p.Val7Met,p.Val7Met,c.19G>A,missense_variant,,4,63636,6.28575020428688E-05,0,0,4,4940,0,0,0,12372,0,0,0,1492,0,0,0,4912,0,0,0,2668,0,0,0,24496,0,0,0,1694,0,0,0,11062,0,0
12,57848762,rs1386949357,G,C,gnomAD Exomes,PASS,NA,c.42+1G>C,,c.42+1G>C,splice_donor_variant,,2,52762,3.79060687616087E-05,0,0,0,2368,0,0,2,12124,0,0,0,1454,0,0,0,3996,0,0,0,1506,0,0,0,18982,0,0,0,1270,0,0,0,11062,0,0
12,57849324,rs147979089,G,A,gnomAD Exomes,PASS,NA,p.Arg2Gln,p.Arg2Gln,c.5G>A,missense_variant,,4,107544,3.71940787026705E-05,0,0,0,7164,0,0,0,17018,0,0,0,2216,0,0,0,9044,0,0,0,12654,0,0,3,42076,0,0,0,1876,0,0,1,15496,0,0
12,57849332,rs771512431,G,C,gnomAD Exomes,PASS,NA,p.Asp5His,p.Asp5His,c.13G>C,missense_variant,,1,108446,9.22117920439666E-06,0,0,0,7162,0,0,0,17058,0,0,0,2276,0,0,0,9044,0,0,0,12920,0,0,1,42450,0,0,0,1896,0,0,0,15640,0,0
12,57849346,rs760203466,G,A,gnomAD Exomes,PASS,NA,p.Trp9Ter,p.Trp9Ter,c.27G>A,stop_gained,,1,108902,9.1825678132633E-06,0,0,0,7164,0,0,0,17080,0,0,0,2310,0,0,0,9046,0,0,0,13082,0,0,1,42654,0,0,0,1904,0,0,0,15662,0,0
12,57849357,rs1167345466,T,C,gnomAD Exomes,PASS,NA,p.Leu13Pro,p.Leu13Pro,c.38T>C,missense_variant,,1,109086,9.16707918523E-06,0,0,0,7164,0,0,0,17086,0,0,0,2318,0,0,0,9046,0,0,1,13184,0,0,0,42702,0,0,0,1906,0,0,0,15680,0,0
12,57849371,rs750332159,C,T,gnomAD Exomes,PASS,NA,p.Arg18Ter,p.Arg18Ter,c.52C>T,stop_gained,,1,109090,9.16674305619213E-06,0,0,0,7160,0,0,0,17084,0,0,0,2314,0,0,0,9044,0,0,0,13192,0,0,1,42702,0,0,0,1912,0,0,0,15682,0,0
12,57849372,rs147161070,G,A,"gnomAD Exomes,gnomAD Genomes",PASS,PASS,p.Arg18Gln,p.Arg18Gln,c.53G>A,missense_variant,,162,119984,0.001350180024003,0,0,3,9720,0,0,49,17328,0,0,8,2358,0,0,2,9960,0,0,0,14356,0,0,84,48246,0,0,3,2332,0,0,13,15684,0,0
12,57849380,rs1229969072,G,C,gnomAD Exomes,PASS,NA,p.Gly21Arg,p.Gly21Arg,c.61G>C,missense_variant,,1,109170,9.16002564807182E-06,0,0,0,7156,0,0,0,17090,0,0,0,2320,0,0,0,9046,0,0,0,13224,0,0,1,42734,0,0,0,1910,0,0,0,15690,0,0
12,57849392,rs756430572,G,C,gnomAD Exomes,PASS,NA,p.Val25Leu,p.Val25Leu,c.73G>C,missense_variant,,1,109238,9.15432358703015E-06,0,0,0,7156,0,0,0,17096,0,0,0,2320,0,0,0,9044,0,0,0,13300,0,0,1,42730,0,0,0,1906,0,0,0,15686,0,0
12,57849399,rs140437272,C,T,"gnomAD Exomes,gnomAD Genomes",PASS,PASS,p.Pro27Leu,p.Pro27Leu,c.80C>T,missense_variant,,705,120122,0.005869033149631,4,0,5,9728,0,0,56,17336,0,0,46,2358,0,0,0,9960,0,0,309,14486,4,0,236,48242,0,0,18,2330,0,0,35,15682,0,0
12,57849402,rs191305491,C,T,gnomAD Exomes,PASS,NA,p.Ser28Phe,p.Ser28Phe,c.83C>T,missense_variant,,4,109258,3.66105914441048E-05,0,0,0,7154,0,0,1,17092,0,0,0,2320,0,0,0,9046,0,0,0,13322,0,0,3,42730,0,0,0,1908,0,0,0,15686,0,0
12,57849407,rs1184124423,G,T,gnomAD Exomes,PASS,NA,p.Gly30Trp,p.Gly30Trp,c.88G>T,missense_variant,,1,109244,9.15382080480392E-06,0,0,0,7150,0,0,0,17086,0,0,0,2320,0,0,0,9046,0,0,0,13308,0,0,1,42740,0,0,0,1908,0,0,0,15686,0,0
12,57849425,rs768191306,C,T,gnomAD Exomes,PASS,NA,p.Pro36Ser,p.Pro36Ser,c.106C>T,missense_variant,,1,109302,9.14896342244424E-06,0,0,1,7158,0,0,0,17094,0,0,0,2320,0,0,0,9046,0,0,0,13340,0,0,0,42744,0,0,0,1910,0,0,0,15690,0,0
12,57849437,rs898659812,C,T,gnomAD Genomes,NA,PASS,p.Arg40Ter,p.Arg40Ter,c.118C>T,stop_gained,,2,10854,0.000184263865856,0,0,0,2566,0,0,0,246,0,0,0,38,0,0,0,914,0,0,0,1162,0,0,2,5504,0,0,0,424,0,0,0,0,0,0
12,57849438,rs549600677,G,A,gnomAD Exomes,PASS,NA,p.Arg40Gln,p.Arg40Gln,c.119G>A,missense_variant,,4,109324,3.65884892612784E-05,0,0,0,7158,0,0,1,17094,0,0,0,2320,0,0,1,9044,0,0,0,13362,0,0,1,42748,0,0,0,1908,0,0,1,15690,0,0
12,57849459,rs1002404220,C,G,gnomAD Exomes,PASS,NA,p.Ala47Gly,p.Ala47Gly,c.140C>G,missense_variant,,1,109318,9.1476243619532E-06,0,0,0,7162,0,0,1,17082,0,0,0,2318,0,0,0,9044,0,0,0,13370,0,0,0,42744,0,0,0,1910,0,0,0,15688,0,0
12,57849477,rs1217037366,A,T,gnomAD Exomes,PASS,NA,p.Asp53Val,p.Asp53Val,c.158A>T,missense_variant,,1,109324,9.1471223153196E-06,0,0,0,7156,0,0,1,17094,0,0,0,2320,0,0,0,9046,0,0,0,13368,0,0,0,42746,0,0,0,1912,0,0,0,15682,0,0
12,57849498,rs759724249,G,T,gnomAD Exomes,PASS,NA,p.Arg60Leu,p.Arg60Leu,c.179G>T,missense_variant,,2,109228,1.83103233603105E-05,0,0,0,7150,0,0,2,17080,0,0,0,2314,0,0,0,9038,0,0,0,13364,0,0,0,42692,0,0,0,1908,0,0,0,15682,0,0
12,57849498,rs759724249,G,A,gnomAD Exomes,PASS,NA,p.Arg60His,p.Arg60His,c.179G>A,missense_variant,,3,109228,2.74654850404658E-05,0,0,0,7150,0,0,2,17080,0,0,0,2314,0,0,0,9038,0,0,0,13364,0,0,1,42692,0,0,0,1908,0,0,0,15682,0,0
12,57849515,rs767495776,C,G,gnomAD Exomes,PASS,NA,p.Pro66Ala,p.Pro66Ala,c.196C>G,missense_variant,,1,109242,9.15398839274272E-06,0,0,0,7156,0,0,0,17080,0,0,0,2318,0,0,0,9038,0,0,0,13368,0,0,1,42690,0,0,0,1910,0,0,0,15682,0,0
12,57849518,rs756312532,C,T,gnomAD Exomes,PASS,NA,p.Pro67Ser,p.Pro67Ser,c.199C>T,missense_variant,,1,109226,9.15532931719554E-06,0,0,0,7152,0,0,0,17082,0,0,0,2320,0,0,0,9034,0,0,0,13364,0,0,0,42688,0,0,0,1912,0,0,1,15674,0,0
12,57849528,rs754239140,C,T,gnomAD Exomes,PASS,NA,p.Ala70Val,p.Ala70Val,c.209C>T,missense_variant,,1,109218,9.155999926752E-06,0,0,0,7142,0,0,1,17086,0,0,0,2320,0,0,0,9032,0,0,0,13368,0,0,0,42698,0,0,0,1908,0,0,0,15664,0,0
12,57849531,rs142788295,C,T,"gnomAD Exomes,gnomAD Genomes",PASS,PASS,p.Ala71Val,p.Ala71Val,c.212C>T,missense_variant,,4,120072,3.33133453261376E-05,0,0,0,9706,0,0,0,17338,0,0,0,2358,0,0,0,9954,0,0,0,14518,0,0,4,48200,0,0,0,2334,0,0,0,15664,0,0
12,57849545,rs567902594,C,G,gnomAD Exomes,PASS,NA,p.Leu76Val,p.Leu76Val,c.226C>G,missense_variant,,14,109250,0.000128146453089,0,0,0,7144,0,0,0,17094,0,0,0,2320,0,0,0,9038,0,0,0,13370,0,0,0,42702,0,0,2,1914,0,0,12,15668,0,0
12,57849548,rs183609767,C,T,gnomAD Exomes,PASS,NA,p.Arg77Trp,p.Arg77Trp,c.229C>T,missense_variant,,7,109214,6.40943468786053E-05,0,0,1,7148,0,0,1,17086,0,0,0,2318,0,0,2,9032,0,0,0,13372,0,0,3,42680,0,0,0,1910,0,0,0,15668,0,0
12,57849549,rs780594253,G,A,gnomAD Exomes,PASS,NA,p.Arg77Gln,p.Arg77Gln,c.230G>A,missense_variant,,6,109222,5.49339876581641E-05,0,0,0,7150,0,0,0,17082,0,0,4,2320,0,0,0,9040,0,0,0,13370,0,0,0,42680,0,0,1,1912,0,0,1,15668,0,0
12,57849569,rs970809320,G,A,gnomAD Exomes,PASS,NA,p.Val84Met,p.Val84Met,c.250G>A,missense_variant,,2,109270,1.83032854397364E-05,0,0,0,7154,0,0,0,17080,0,0,0,2320,0,0,0,9042,0,0,0,13356,0,0,1,42720,0,0,0,1912,0,0,1,15686,0,0
12,57849573,rs772001268,C,A,"gnomAD Exomes,gnomAD Genomes",PASS,PASS,p.Ala85Asp,p.Ala85Asp,c.254C>A,missense_variant,,7,120128,5.82711774107618E-05,0,0,0,9720,0,0,0,17326,0,0,0,2358,0,0,0,9958,0,0,1,14512,0,0,5,48238,0,0,1,2334,0,0,0,15682,0,0
12,57849590,rs762897364,G,A,gnomAD Exomes,PASS,NA,p.Glu91Lys,p.Glu91Lys,c.271G>A,missense_variant,,1,109230,9.15499404925387E-06,0,0,0,7144,0,0,0,17072,0,0,0,2318,0,0,0,9046,0,0,0,13330,0,0,1,42730,0,0,0,1910,0,0,0,15680,0,0
12,57849601,rs1478839597,C,G,gnomAD Exomes,PASS,NA,p.Ser94Arg,p.Ser94Arg,c.282C>G,missense_variant,,1,109172,9.15985783900634E-06,0,0,1,7138,0,0,0,17074,0,0,0,2320,0,0,0,9044,0,0,0,13294,0,0,0,42714,0,0,0,1912,0,0,0,15676,0,0
12,57849615,rs1188948552,C,T,gnomAD Exomes,PASS,NA,p.Thr99Ile,p.Thr99Ile,c.296C>T,missense_variant,,2,108958,1.83556966904679E-05,0,0,0,7134,0,0,0,17058,0,0,0,2316,0,0,0,9036,0,0,0,13184,0,0,2,42660,0,0,0,1914,0,0,0,15656,0,0
12,57849618,rs375342858,G,T,gnomAD Exomes,PASS,NA,c.298+1G>T,,c.298+1G>T,splice_donor_variant,,6,108860,5.51166636046298E-05,0,0,0,7132,0,0,0,17048,0,0,0,2310,0,0,0,9036,0,0,1,13136,0,0,5,42632,0,0,0,1910,0,0,0,15656,0,0
12,57849876,rs150777893,G,C,"gnomAD Exomes,gnomAD Genomes",PASS,PASS,c.299-1G>C,,c.299-1G>C,splice_acceptor_variant,,23,117958,0.000194984655555,0,0,0,9732,0,0,2,16996,0,0,0,2182,0,0,0,9956,0,0,1,14352,0,0,20,47188,0,0,0,2306,0,0,0,15246,0,0
12,57849903,rs755811693,C,T,gnomAD Exomes,PASS,NA,p.Leu109Phe,p.Leu109Phe,c.325C>T,missense_variant,,3,109066,2.75062806007372E-05,0,0,0,7164,0,0,0,17066,0,0,0,2288,0,0,3,9046,0,0,0,13362,0,0,0,42598,0,0,0,1910,0,0,0,15632,0,0
12,57849913,rs777632949,A,G,gnomAD Exomes,PASS,NA,p.His112Arg,p.His112Arg,c.335A>G,missense_variant,,3,109244,2.74614624144118E-05,0,0,0,7164,0,0,0,17088,0,0,0,2308,0,0,0,9046,0,0,0,13370,0,0,0,42694,0,0,0,1914,0,0,3,15660,0,0
12,57849921,rs139176331,A,G,"gnomAD Exomes,gnomAD Genomes",PASS,PASS,p.Thr115Ala,p.Thr115Ala,c.343A>G,missense_variant,,56,120010,0.000466627781018,0,0,0,9720,0,0,0,17338,0,0,0,2352,0,0,56,9940,0,0,0,14538,0,0,0,48116,0,0,0,2332,0,0,0,15674,0,0
12,57849921,rs139176331,A,T,"gnomAD Exomes,gnomAD Genomes",PASS,PASS,p.Thr115Ser,p.Thr115Ser,c.343A>T,missense_variant,,26,120010,0.000216648612616,0,0,1,9720,0,0,5,17338,0,0,0,2352,0,0,0,9940,0,0,0,14538,0,0,16,48116,0,0,0,2332,0,0,4,15674,0,0
12,57849922,rs774037311,C,G,gnomAD Exomes,PASS,NA,p.Thr115Ser,p.Thr115Ser,c.344C>G,missense_variant,,1,109316,9.14779172307805E-06,0,0,1,7164,0,0,0,17094,0,0,0,2310,0,0,0,9046,0,0,0,13382,0,0,0,42726,0,0,0,1912,0,0,0,15682,0,0
12,57849925,rs199840172,C,A,gnomAD Exomes,PASS,NA,p.Pro116His,p.Pro116His,c.347C>A,missense_variant,,5,109324,4.5735611576598E-05,0,0,0,7164,0,0,3,17094,0,0,0,2316,0,0,0,9046,0,0,0,13386,0,0,2,42730,0,0,0,1912,0,0,0,15676,0,0
12,57849927,rs377175116,C,T,"gnomAD Exomes,gnomAD Genomes",PASS,PASS,p.Arg117Trp,p.Arg117Trp,c.349C>T,missense_variant,,4,120190,3.32806389882686E-05,0,0,1,9736,0,0,2,17340,0,0,0,2352,0,0,0,9962,0,0,0,14542,0,0,1,48238,0,0,0,2338,0,0,0,15682,0,0
12,57849928,rs149960496,G,A,gnomAD Exomes,PASS,NA,p.Arg117Gln,p.Arg117Gln,c.350G>A,missense_variant,,1,109358,9.14427842498948E-06,0,0,1,7164,0,0,0,17096,0,0,0,2318,0,0,0,9046,0,0,0,13386,0,0,0,42752,0,0,0,1914,0,0,0,15682,0,0
12,57849928,rs149960496,G,T,gnomAD Genomes,NA,PASS,p.Arg117Leu,p.Arg117Leu,c.350G>T,missense_variant,,1,10834,9.23020121838656E-05,0,0,1,2568,0,0,0,246,0,0,0,38,0,0,0,912,0,0,0,1160,0,0,0,5486,0,0,0,424,0,0,0,0,0,0
12,57849930,rs775615346,T,C,gnomAD Exomes,PASS,NA,p.Ser118Pro,p.Ser118Pro,c.352T>C,missense_variant,,2,109370,1.82865502422968E-05,0,0,0,7164,0,0,2,17098,0,0,0,2316,0,0,0,9046,0,0,0,13388,0,0,0,42758,0,0,0,1914,0,0,0,15686,0,0
12,57849931,rs145132595,C,T,"gnomAD Exomes,gnomAD Genomes",PASS,PASS,p.Ser118Phe,p.Ser118Phe,c.353C>T,missense_variant,,32,120234,0.000266147678693,0,0,29,9734,0,0,2,17348,0,0,0,2354,0,0,0,9962,0,0,0,14548,0,0,1,48260,0,0,0,2338,0,0,0,15690,0,0
12,57849945,rs1188175307,C,T,gnomAD Exomes,PASS,NA,p.His123Tyr,p.His123Tyr,c.367C>T,missense_variant,,1,109394,9.14126917381209E-06,0,0,0,7164,0,0,0,17106,0,0,0,2320,0,0,0,9046,0,0,0,13392,0,0,0,42762,0,0,0,1914,0,0,1,15690,0,0
12,57849951,rs367736143,C,T,gnomAD Exomes,PASS,NA,p.Arg125Cys,p.Arg125Cys,c.373C>T,missense_variant,,1,109394,9.14126917381209E-06,0,0,1,7164,0,0,0,17104,0,0,0,2320,0,0,0,9046,0,0,0,13390,0,0,0,42766,0,0,0,1914,0,0,0,15690,0,0
12,57849966,rs750797421,G,A,gnomAD Exomes,PASS,NA,p.Val130Met,p.Val130Met,c.388G>A,missense_variant,,2,109400,1.82815356489945E-05,0,0,0,7164,0,0,0,17108,0,0,0,2320,0,0,0,9046,0,0,0,13392,0,0,1,42766,0,0,0,1914,0,0,1,15690,0,0
12,57849970,rs752247760,T,C,"gnomAD Exomes,gnomAD Genomes",PASS,PASS,p.Leu131Pro,p.Leu131Pro,c.392T>C,missense_variant,,29,120258,0.000241148198041,0,0,0,9726,0,0,0,17354,0,0,0,2358,0,0,0,9962,0,0,28,14552,0,0,1,48278,0,0,0,2338,0,0,0,15690,0,0
12,57850000,rs1255533501,G,A,gnomAD Exomes,PASS,NA,p.Arg141Lys,p.Arg141Lys,c.422G>A,missense_variant,,1,109402,9.14060072027934E-06,0,0,0,7164,0,0,0,17108,0,0,0,2320,0,0,0,9046,0,0,0,13392,0,0,0,42768,0,0,1,1914,0,0,0,15690,0,0
12,57850006,rs371521869,T,C,gnomAD Exomes,PASS,NA,p.Phe143Ser,p.Phe143Ser,c.428T>C,missense_variant,,2,109402,1.82812014405587E-05,0,0,2,7164,0,0,0,17108,0,0,0,2320,0,0,0,9046,0,0,0,13392,0,0,0,42768,0,0,0,1914,0,0,0,15690,0,0
12,57850006,rs371521869,T,A,gnomAD Exomes,PASS,NA,p.Phe143Tyr,p.Phe143Tyr,c.428T>A,missense_variant,,3,109402,2.7421802160838E-05,0,0,0,7164,0,0,3,17108,0,0,0,2320,0,0,0,9046,0,0,0,13392,0,0,0,42768,0,0,0,1914,0,0,0,15690,0,0
12,57850008,rs1200579113,C,T,gnomAD Exomes,PASS,NA,p.Arg144Ter,p.Arg144Ter,c.430C>T,stop_gained,,1,109400,9.14076782449726E-06,0,0,1,7164,0,0,0,17108,0,0,0,2320,0,0,0,9046,0,0,0,13390,0,0,0,42768,0,0,0,1914,0,0,0,15690,0,0
12,57850018,rs776724087,C,G,gnomAD Exomes,PASS,NA,p.Pro147Arg,p.Pro147Arg,c.440C>G,missense_variant,,1,109404,9.14043362217103E-06,0,0,0,7164,0,0,0,17110,0,0,0,2320,0,0,0,9046,0,0,0,13392,0,0,0,42768,0,0,0,1914,0,0,1,15690,0,0
12,57850029,rs145766269,C,G,gnomAD Exomes,PASS,NA,p.Arg151Gly,p.Arg151Gly,c.451C>G,missense_variant,,1,109404,9.14043362217103E-06,0,0,0,7164,0,0,0,17108,0,0,0,2320,0,0,0,9046,0,0,0,13394,0,0,1,42768,0,0,0,1914,0,0,0,15690,0,0
12,57850029,rs145766269,C,T,"gnomAD Exomes,gnomAD Genomes",PASS,PASS,p.Arg151Cys,p.Arg151Cys,c.451C>T,missense_variant,,70,120256,0.000582091538052,0,0,1,9732,0,0,3,17354,0,0,2,2358,0,0,0,9960,0,0,7,14556,0,0,38,48272,0,0,1,2334,0,0,18,15690,0,0
12,57850030,rs773615637,G,A,gnomAD Exomes,PASS,NA,p.Arg151His,p.Arg151His,c.452G>A,missense_variant,,3,109404,2.74213008665131E-05,0,0,1,7164,0,0,0,17108,0,0,0,2320,0,0,0,9046,0,0,0,13394,0,0,2,42768,0,0,0,1914,0,0,0,15690,0,0
12,57850041,rs369380744,C,T,gnomAD Exomes,PASS,NA,p.Arg155Cys,p.Arg155Cys,c.463C>T,missense_variant,,3,109408,2.74202983328459E-05,0,0,0,7164,0,0,0,17112,0,0,0,2320,0,0,0,9046,0,0,0,13394,0,0,2,42768,0,0,1,1914,0,0,0,15690,0,0
12,57850044,rs1173281467,A,G,gnomAD Exomes,PASS,NA,p.Thr156Ala,p.Thr156Ala,c.466A>G,missense_variant,,1,109408,9.14009944428195E-06,0,0,0,7164,0,0,0,17112,0,0,0,2320,0,0,0,9046,0,0,0,13394,0,0,0,42768,0,0,0,1914,0,0,1,15690,0,0
12,57850045,rs760139496,C,G,gnomAD Exomes,PASS,NA,p.Thr156Ser,p.Thr156Ser,c.467C>G,missense_variant,,4,109408,3.65603977771278E-05,0,0,0,7164,0,0,0,17112,0,0,0,2320,0,0,0,9046,0,0,0,13394,0,0,0,42768,0,0,0,1914,0,0,4,15690,0,0
12,57850065,rs763656862,A,G,gnomAD Exomes,PASS,NA,p.Ile163Val,p.Ile163Val,c.487A>G,missense_variant,,1,109406,9.14026653017202E-06,0,0,0,7164,0,0,0,17110,0,0,0,2320,0,0,0,9046,0,0,0,13394,0,0,1,42768,0,0,0,1914,0,0,0,15690,0,0
12,57850068,rs753438914,A,G,gnomAD Exomes,PASS,NA,p.Thr164Ala,p.Thr164Ala,c.490A>G,missense_variant,,1,109406,9.14026653017202E-06,0,0,0,7164,0,0,0,17110,0,0,0,2320,0,0,0,9046,0,0,0,13394,0,0,0,42768,0,0,0,1914,0,0,1,15690,0,0
12,57850093,rs750097210,C,T,gnomAD Exomes,PASS,NA,p.Thr172Ile,p.Thr172Ile,c.515C>T,missense_variant,,4,109404,3.65617344886841E-05,0,0,0,7164,0,0,0,17108,0,0,0,2320,0,0,0,9046,0,0,0,13394,0,0,0,42768,0,0,0,1914,0,0,4,15690,0,0
12,57850099,rs758073573,C,T,gnomAD Exomes,PASS,NA,p.Pro174Leu,p.Pro174Leu,c.521C>T,missense_variant,,2,109404,1.82808672443421E-05,0,0,1,7164,0,0,0,17108,0,0,0,2320,0,0,0,9046,0,0,0,13394,0,0,1,42768,0,0,0,1914,0,0,0,15690,0,0
12,57850119,rs770054053,G,A,gnomAD Exomes,PASS,NA,p.Glu181Lys,p.Glu181Lys,c.541G>A,missense_variant,,1,109404,9.14043362217103E-06,0,0,0,7164,0,0,1,17110,0,0,0,2320,0,0,0,9046,0,0,0,13394,0,0,0,42766,0,0,0,1914,0,0,0,15690,0,0
12,57850147,rs1361785486,T,G,gnomAD Exomes,PASS,NA,p.Leu190Arg,p.Leu190Arg,c.569T>G,missense_variant,,1,109398,9.14093493482513E-06,0,0,0,7164,0,0,0,17106,0,0,0,2320,0,0,0,9046,0,0,0,13394,0,0,0,42764,0,0,0,1914,0,0,1,15690,0,0
12,57850152,rs768186550,T,G,gnomAD Exomes,PASS,NA,p.Cys192Gly,p.Cys192Gly,c.574T>G,missense_variant,,1,109398,9.14093493482513E-06,0,0,0,7164,0,0,0,17106,0,0,0,2320,0,0,0,9046,0,0,0,13390,0,0,0,42768,0,0,0,1914,0,0,1,15690,0,0
12,57850156,rs753383590,G,A,gnomAD Exomes,PASS,NA,p.Arg193Lys,p.Arg193Lys,c.578G>A,missense_variant,,1,109396,9.1411020512633E-06,0,0,0,7164,0,0,1,17106,0,0,0,2320,0,0,0,9046,0,0,0,13388,0,0,0,42768,0,0,0,1914,0,0,0,15690,0,0
12,57850156,rs753383590,G,C,gnomAD Exomes,PASS,NA,p.Arg193Thr,p.Arg193Thr,c.578G>C,missense_variant,,1,109396,9.1411020512633E-06,0,0,0,7164,0,0,0,17106,0,0,0,2320,0,0,0,9046,0,0,0,13388,0,0,0,42768,0,0,0,1914,0,0,1,15690,0,0
12,57850162,rs761294651,T,C,gnomAD Exomes,PASS,NA,p.Leu195Pro,p.Leu195Pro,c.584T>C,missense_variant,,1,109390,9.14160343724289E-06,0,0,0,7164,0,0,0,17104,0,0,0,2320,0,0,0,9046,0,0,0,13384,0,0,1,42768,0,0,0,1914,0,0,0,15690,0,0
12,57850164,rs764817559,G,T,gnomAD Exomes,PASS,NA,p.Glu196Ter,p.Glu196Ter,c.586G>T,stop_gained,,5,109392,4.57071815123592E-05,0,0,0,7164,0,0,0,17106,0,0,0,2320,0,0,0,9046,0,0,0,13384,0,0,0,42768,0,0,0,1914,0,0,5,15690,0,0
12,57850167,rs749996389,G,A,gnomAD Exomes,PASS,NA,p.Gly197Ser,p.Gly197Ser,c.589G>A,missense_variant,,1,109392,9.14143630247184E-06,0,0,0,7164,0,0,0,17106,0,0,0,2320,0,0,0,9046,0,0,0,13384,0,0,0,42768,0,0,0,1914,0,0,1,15690,0,0
12,57850174,rs533234507,G,A,gnomAD Exomes,PASS,NA,p.Ser199Asn,p.Ser199Asn,c.596G>A,missense_variant,,1,109390,9.14160343724289E-06,0,0,0,7164,0,0,0,17108,0,0,0,2320,0,0,0,9046,0,0,0,13380,0,0,1,42768,0,0,0,1914,0,0,0,15690,0,0
12,57850192,rs748124825,C,T,gnomAD Exomes,PASS,NA,p.Pro205Leu,p.Pro205Leu,c.614C>T,missense_variant,,2,109388,1.82835411562511E-05,0,0,0,7164,0,0,0,17108,0,0,0,2320,0,0,0,9046,0,0,1,13382,0,0,1,42764,0,0,0,1914,0,0,0,15690,0,0
12,57850197,rs769702343,C,T,gnomAD Exomes,PASS,NA,p.Arg207Trp,p.Arg207Trp,c.619C>T,missense_variant,,2,109386,1.82838754502404E-05,0,0,1,7164,0,0,1,17106,0,0,0,2318,0,0,0,9046,0,0,0,13384,0,0,0,42764,0,0,0,1914,0,0,0,15690,0,0
12,57850198,rs150270349,G,A,"gnomAD Exomes,gnomAD Genomes",PASS,PASS,p.Arg207Gln,p.Arg207Gln,c.620G>A,missense_variant,,18,120260,0.000149675702644,0,0,10,9732,0,0,3,17354,0,0,0,2358,0,0,0,9962,0,0,0,14548,0,0,3,48278,0,0,0,2338,0,0,2,15690,0,0
12,57850220,rs776084211,C,G,gnomAD Exomes,PASS,NA,p.His214Gln,p.His214Gln,c.642C>G,missense_variant,,1,109396,9.1411020512633E-06,0,0,0,7164,0,0,0,17110,0,0,0,2320,0,0,0,9046,0,0,0,13388,0,0,1,42764,0,0,0,1914,0,0,0,15690,0,0
12,57850242,rs772819150,A,C,"gnomAD Exomes,gnomAD Genomes",PASS,PASS,p.Lys222Gln,p.Lys222Gln,c.664A>C,missense_variant,,5,120268,4.1573818472079E-05,0,0,0,9738,0,0,0,17354,0,0,0,2358,0,0,0,9960,0,0,0,14552,0,0,3,48278,0,0,1,2338,0,0,1,15690,0,0
12,57850248,rs762494353,C,T,gnomAD Exomes,PASS,NA,p.Arg224Ter,p.Arg224Ter,c.670C>T,stop_gained,,1,109260,9.15248032216731E-06,0,0,0,7146,0,0,0,17096,0,0,0,2318,0,0,0,9016,0,0,0,13376,0,0,1,42714,0,0,0,1906,0,0,0,15688,0,0
12,57850249,rs201477879,G,A,gnomAD Exomes,PASS,NA,p.Arg224Gln,p.Arg224Gln,c.671G>A,missense_variant,,16,109402,0.000146249611524,0,0,0,7162,0,0,10,17110,0,0,0,2320,0,0,0,9046,0,0,0,13392,0,0,5,42768,0,0,1,1914,0,0,0,15690,0,0
12,57850252,rs1213141936,C,G,gnomAD Exomes,PASS,NA,p.Ala225Gly,p.Ala225Gly,c.674C>G,missense_variant,,1,109402,9.14060072027934E-06,0,0,0,7164,0,0,0,17110,0,0,1,2320,0,0,0,9044,0,0,0,13392,0,0,0,42768,0,0,0,1914,0,0,0,15690,0,0
12,57850266,rs754703774,G,A,gnomAD Genomes,NA,PASS,p.Ala230Thr,p.Ala230Thr,c.688G>A,missense_variant,,1,10868,9.20132499079868E-05,0,0,0,2572,0,0,0,246,0,0,0,38,0,0,0,914,0,0,0,1162,0,0,1,5512,0,0,0,424,0,0,0,0,0,0
12,57850267,rs201023614,C,T,"gnomAD Exomes,gnomAD Genomes",PASS,PASS,p.Ala230Val,p.Ala230Val,c.689C>T,missense_variant,,2,120266,1.66298039346116E-05,0,0,2,9736,0,0,0,17356,0,0,0,2358,0,0,0,9960,0,0,0,14550,0,0,0,48278,0,0,0,2338,0,0,0,15690,0,0
12,57850272,rs549735432,C,G,gnomAD Exomes,PASS,NA,p.Arg232Gly,p.Arg232Gly,c.694C>G,missense_variant,,1,109404,9.14043362217103E-06,0,0,0,7164,0,0,1,17110,0,0,0,2320,0,0,0,9046,0,0,0,13392,0,0,0,42768,0,0,0,1914,0,0,0,15690,0,0
12,57850272,rs549735432,C,T,gnomAD Exomes,PASS,NA,p.Arg232Trp,p.Arg232Trp,c.694C>T,missense_variant,,1,109404,9.14043362217103E-06,0,0,0,7164,0,0,0,17110,0,0,0,2320,0,0,0,9046,0,0,0,13392,0,0,0,42768,0,0,0,1914,0,0,1,15690,0,0
12,57850273,rs183394512,G,A,gnomAD Exomes,PASS,NA,p.Arg232Gln,p.Arg232Gln,c.695G>A,missense_variant,,1,109404,9.14043362217103E-06,0,0,0,7164,0,0,0,17110,0,0,0,2320,0,0,0,9046,0,0,0,13392,0,0,1,42768,0,0,0,1914,0,0,0,15690,0,0
12,57850278,rs777681034,A,G,gnomAD Exomes,PASS,NA,p.Arg234Gly,p.Arg234Gly,c.700A>G,missense_variant,,1,109404,9.14043362217103E-06,0,0,0,7164,0,0,0,17110,0,0,0,2320,0,0,0,9046,0,0,0,13394,0,0,0,42768,0,0,0,1914,0,0,1,15688,0,0
12,57850299,rs143404510,G,A,"gnomAD Exomes,gnomAD Genomes",PASS,PASS,p.Glu241Lys,p.Glu241Lys,c.721G>A,missense_variant,,24,120268,0.000199554328666,0,0,6,9736,0,0,0,17356,0,0,0,2358,0,0,0,9962,0,0,0,14556,0,0,18,48274,0,0,0,2338,0,0,0,15688,0,0
12,57850305,rs746091653,G,A,gnomAD Exomes,PASS,NA,p.Ala243Thr,p.Ala243Thr,c.727G>A,missense_variant,,1,109406,9.14026653017202E-06,0,0,0,7164,0,0,0,17110,0,0,0,2320,0,0,0,9046,0,0,0,13394,0,0,0,42768,0,0,0,1914,0,0,1,15690,0,0
12,57850306,rs536111730,C,T,gnomAD Exomes,PASS,NA,p.Ala243Val,p.Ala243Val,c.728C>T,missense_variant,,3,109406,2.74207995905161E-05,0,0,0,7164,0,0,0,17110,0,0,0,2320,0,0,0,9046,0,0,0,13394,0,0,3,42768,0,0,0,1914,0,0,0,15690,0,0
12,57850325,rs1309368626,G,C,gnomAD Exomes,PASS,NA,p.Arg249Ser,p.Arg249Ser,c.747G>C,missense_variant,,1,109404,9.14043362217103E-06,0,0,0,7164,0,0,1,17108,0,0,0,2320,0,0,0,9046,0,0,0,13394,0,0,0,42768,0,0,0,1914,0,0,0,15690,0,0
12,57850326,rs747443276,C,T,gnomAD Exomes,PASS,NA,p.Arg250Ter,p.Arg250Ter,c.748C>T,stop_gained,,1,109400,9.14076782449726E-06,0,0,0,7164,0,0,0,17108,0,0,0,2320,0,0,0,9046,0,0,0,13390,0,0,1,42768,0,0,0,1914,0,0,0,15690,0,0
12,57850326,rs747443276,C,G,gnomAD Exomes,PASS,NA,p.Arg250Gly,p.Arg250Gly,c.748C>G,missense_variant,,1,109400,9.14076782449726E-06,0,0,0,7164,0,0,0,17108,0,0,0,2320,0,0,0,9046,0,0,0,13390,0,0,1,42768,0,0,0,1914,0,0,0,15690,0,0
12,57850327,rs772587242,G,A,gnomAD Exomes,PASS,NA,p.Arg250Gln,p.Arg250Gln,c.749G>A,missense_variant,,2,109400,1.82815356489945E-05,0,0,0,7164,0,0,0,17108,0,0,0,2320,0,0,1,9046,0,0,0,13390,0,0,0,42768,0,0,0,1914,0,0,1,15690,0,0
12,57850338,rs759206435,G,A,"gnomAD Exomes,gnomAD Genomes",PASS,PASS,p.Val254Ile,p.Val254Ile,c.760G>A,missense_variant,,2,120276,1.6628421297682E-05,0,0,1,9738,0,0,0,17356,0,0,1,2358,0,0,0,9962,0,0,0,14552,0,0,0,48284,0,0,0,2336,0,0,0,15690,0,0
12,57850338,rs759206435,G,T,gnomAD Exomes,PASS,NA,p.Val254Leu,p.Val254Leu,c.760G>T,missense_variant,,1,109402,9.14060072027934E-06,0,0,0,7164,0,0,0,17110,0,0,0,2320,0,0,0,9046,0,0,0,13390,0,0,0,42768,0,0,0,1914,0,0,1,15690,0,0
12,57850341,rs937029805,G,A,gnomAD Exomes,PASS,NA,p.Asp255Asn,p.Asp255Asn,c.763G>A,missense_variant,,1,109404,9.14043362217103E-06,0,0,0,7164,0,0,0,17110,0,0,0,2320,0,0,0,9046,0,0,0,13392,0,0,1,42768,0,0,0,1914,0,0,0,15690,0,0
12,57850362,rs755981328,C,T,gnomAD Exomes,PASS,NA,p.Arg262Trp,p.Arg262Trp,c.784C>T,missense_variant,,1,109398,9.14093493482513E-06,0,0,0,7164,0,0,0,17108,0,0,0,2320,0,0,0,9046,0,0,1,13390,0,0,0,42768,0,0,0,1914,0,0,0,15688,0,0
12,57850363,rs372615182,G,A,gnomAD Exomes,PASS,NA,p.Arg262Gln,p.Arg262Gln,c.785G>A,missense_variant,,4,109402,3.65624028811173E-05,0,0,1,7164,0,0,3,17110,0,0,0,2320,0,0,0,9046,0,0,0,13390,0,0,0,42768,0,0,0,1914,0,0,0,15690,0,0
12,57850366,rs1407679236,A,C,gnomAD Exomes,PASS,NA,p.Asp263Ala,p.Asp263Ala,c.788A>C,missense_variant,,1,109394,9.14126917381209E-06,0,0,0,7164,0,0,1,17108,0,0,0,2320,0,0,0,9044,0,0,0,13386,0,0,0,42768,0,0,0,1914,0,0,0,15690,0,0
12,57850367,rs1169209506,C,A,gnomAD Exomes,PASS,NA,p.Asp263Glu,p.Asp263Glu,c.789C>A,missense_variant,,1,109394,9.14126917381209E-06,0,0,0,7164,0,0,1,17108,0,0,0,2320,0,0,0,9044,0,0,0,13386,0,0,0,42768,0,0,0,1914,0,0,0,15690,0,0
12,57850378,rs762481508,AG,A,"gnomAD Exomes,gnomAD Genomes",PASS,PASS,p.Gln267HisfsTer7,p.Gln267HisfsTer7,c.801delG,frameshift_variant,,3,120278,2.49422171968273E-05,0,0,3,9738,0,0,0,17356,0,0,0,2358,0,0,0,9962,0,0,0,14554,0,0,0,48282,0,0,0,2338,0,0,0,15690,0,0
12,57850385,rs779157178,G,C,gnomAD Exomes,PASS,NA,p.Glu269Asp,p.Glu269Asp,c.807G>C,missense_variant,,1,109394,9.14126917381209E-06,0,0,0,7164,0,0,0,17110,0,0,0,2320,0,0,0,9046,0,0,0,13388,0,0,1,42766,0,0,0,1914,0,0,0,15686,0,0
12,57850386,rs1364412797,G,T,gnomAD Exomes,PASS,NA,p.Gly270Trp,p.Gly270Trp,c.808G>T,missense_variant,,1,109400,9.14076782449726E-06,0,0,0,7164,0,0,0,17108,0,0,0,2320,0,0,0,9046,0,0,0,13392,0,0,1,42766,0,0,0,1914,0,0,0,15690,0,0
12,57850399,rs758734692,A,G,gnomAD Exomes,PASS,NA,p.Asn274Ser,p.Asn274Ser,c.821A>G,missense_variant,,1,109398,9.14093493482513E-06,0,0,0,7164,0,0,0,17110,0,0,0,2320,0,0,0,9046,0,0,0,13386,0,0,1,42768,0,0,0,1914,0,0,0,15690,0,0
12,57850416,rs1278567250,T,C,gnomAD Exomes,PASS,NA,p.Cys280Arg,p.Cys280Arg,c.838T>C,missense_variant,,1,109394,9.14126917381209E-06,0,0,0,7164,0,0,1,17110,0,0,0,2320,0,0,0,9046,0,0,0,13382,0,0,0,42768,0,0,0,1914,0,0,0,15690,0,0
12,57850426,rs766194668,ACCTGGCTGGCAG,A,gnomAD Exomes,PASS,NA,p.Leu284_Ser287del,p.Leu284_Ser287del,c.851_862delTGGCTGGCAGCC,inframe_deletion,,1,109396,9.1411020512633E-06,0,0,0,7164,0,0,0,17110,0,0,0,2320,0,0,0,9046,0,0,0,13386,0,0,1,42766,0,0,0,1914,0,0,0,15690,0,0
12,57850446,rs1171721559,A,G,gnomAD Exomes,PASS,NA,p.Ile290Val,p.Ile290Val,c.868A>G,missense_variant,,1,109378,9.14260637422516E-06,0,0,0,7162,0,0,0,17110,0,0,0,2320,0,0,0,9046,0,0,0,13374,0,0,1,42766,0,0,0,1914,0,0,0,15686,0,0
12,57850449,rs902691880,G,C,"gnomAD Exomes,gnomAD Genomes",PASS,PASS,p.Ala291Pro,p.Ala291Pro,c.871G>C,missense_variant,,3,120254,2.49471951036972E-05,0,0,0,9736,0,0,0,17356,0,0,0,2358,0,0,0,9958,0,0,0,14534,0,0,3,48286,0,0,0,2338,0,0,0,15688,0,0
12,57850470,rs370912843,G,A,"gnomAD Exomes,gnomAD Genomes",PASS,PASS,p.Val298Ile,p.Val298Ile,c.892G>A,missense_variant,,12,120248,9.97937595635686E-05,0,0,8,9732,0,0,1,17354,0,0,0,2356,0,0,0,9958,0,0,0,14540,0,0,3,48286,0,0,0,2336,0,0,0,15686,0,0
12,57850473,rs775132929,T,C,gnomAD Exomes,PASS,NA,p.Phe299Leu,p.Phe299Leu,c.895T>C,missense_variant,,2,109394,1.82825383476242E-05,0,0,0,7162,0,0,0,17106,0,0,0,2320,0,0,0,9046,0,0,0,13390,0,0,2,42768,0,0,0,1914,0,0,0,15688,0,0
12,57850497,rs753750949,C,A,gnomAD Exomes,PASS,NA,p.Pro307Thr,p.Pro307Thr,c.919C>A,missense_variant,,1,109404,9.14043362217103E-06,0,0,0,7162,0,0,0,17110,0,0,0,2320,0,0,0,9046,0,0,0,13394,0,0,0,42768,0,0,0,1914,0,0,1,15690,0,0
12,57850502,rs751561858,G,GA,gnomAD Genomes,NA,PASS,p.Pro309ThrfsTer23,p.Pro309ThrfsTer23,c.924_925insA,frameshift_variant,,1,10864,9.20471281296024E-05,0,0,1,2572,0,0,0,246,0,0,0,38,0,0,0,914,0,0,0,1162,0,0,0,5512,0,0,0,420,0,0,0,0,0,0
12,57850503,rs142754901,C,A,gnomAD Exomes,PASS,NA,p.Pro309Thr,p.Pro309Thr,c.925C>A,missense_variant,,1,109384,9.14210487822716E-06,0,0,1,7160,0,0,0,17108,0,0,0,2320,0,0,0,9044,0,0,0,13392,0,0,0,42758,0,0,0,1912,0,0,0,15690,0,0
12,57850506,,G,A,gnomAD Genomes,NA,PASS,p.Ala310Thr,p.Ala310Thr,c.928G>A,missense_variant,,1,10876,9.19455682236116E-05,0,0,0,2572,0,0,0,246,0,0,0,38,0,0,0,916,0,0,0,1162,0,0,1,5518,0,0,0,424,0,0,0,0,0,0
12,57850513,rs1214664886,C,T,gnomAD Exomes,PASS,NA,p.Thr312Ile,p.Thr312Ile,c.935C>T,missense_variant,,1,109404,9.14043362217103E-06,0,0,0,7162,0,0,0,17110,0,0,0,2320,0,0,0,9046,0,0,0,13394,0,0,0,42768,0,0,0,1914,0,0,1,15690,0,0
12,57850536,rs1440312005,C,T,gnomAD Exomes,PASS,NA,p.Arg320Ter,p.Arg320Ter,c.958C>T,stop_gained,,1,109400,9.14076782449726E-06,0,0,0,7162,0,0,0,17106,0,0,0,2320,0,0,0,9046,0,0,0,13394,0,0,1,42768,0,0,0,1914,0,0,0,15690,0,0
12,57850537,rs144527638,G,A,gnomAD Exomes,PASS,NA,p.Arg320Gln,p.Arg320Gln,c.959G>A,missense_variant,,3,109400,2.74223034734918E-05,0,0,0,7162,0,0,1,17106,0,0,0,2320,0,0,0,9046,0,0,0,13394,0,0,1,42768,0,0,0,1914,0,0,1,15690,0,0
12,57850541,rs148453718,G,T,gnomAD Exomes,PASS,NA,p.Arg321Ser,p.Arg321Ser,c.963G>T,missense_variant,,5,109402,4.57030036013967E-05,0,0,2,7162,0,0,0,17108,0,0,0,2320,0,0,0,9046,0,0,0,13394,0,0,2,42768,0,0,0,1914,0,0,1,15690,0,0
12,57850545,rs770320971,C,T,gnomAD Exomes,PASS,NA,p.Leu323Phe,p.Leu323Phe,c.967C>T,missense_variant,,1,109400,9.14076782449726E-06,0,0,0,7162,0,0,0,17108,0,0,0,2320,0,0,0,9046,0,0,0,13392,0,0,1,42768,0,0,0,1914,0,0,0,15690,0,0
12,57850549,rs1350720481,C,A,gnomAD Exomes,PASS,NA,p.Ser324Tyr,p.Ser324Tyr,c.971C>A,missense_variant,,1,109400,9.14076782449726E-06,0,0,0,7162,0,0,0,17108,0,0,0,2320,0,0,0,9046,0,0,0,13392,0,0,0,42768,0,0,0,1914,0,0,1,15690,0,0
12,57850551,rs748327531,C,T,gnomAD Exomes,PASS,NA,p.Leu325Phe,p.Leu325Phe,c.973C>T,missense_variant,,2,109398,1.82818698696503E-05,0,0,0,7162,0,0,2,17106,0,0,0,2320,0,0,0,9046,0,0,0,13394,0,0,0,42768,0,0,0,1914,0,0,0,15688,0,0
12,57850578,rs771617277,G,T,gnomAD Exomes,PASS,NA,p.Val334Leu,p.Val334Leu,c.1000G>T,missense_variant,,1,109388,9.14177057812557E-06,0,0,0,7162,0,0,0,17102,0,0,0,2320,0,0,0,9046,0,0,0,13388,0,0,1,42768,0,0,0,1914,0,0,0,15688,0,0
12,57850581,rs775142337,G,A,gnomAD Exomes,PASS,NA,p.Val335Ile,p.Val335Ile,c.1003G>A,missense_variant,,1,109386,9.14193772512022E-06,0,0,0,7162,0,0,0,17098,0,0,0,2320,0,0,0,9046,0,0,0,13390,0,0,1,42768,0,0,0,1914,0,0,0,15688,0,0
12,57850587,rs1349029903,A,T,gnomAD Exomes,PASS,NA,p.Thr337Ser,p.Thr337Ser,c.1009A>T,missense_variant,,1,109386,9.14193772512022E-06,0,0,0,7162,0,0,0,17096,0,0,0,2320,0,0,1,9046,0,0,0,13392,0,0,0,42768,0,0,0,1914,0,0,0,15688,0,0
12,57850588,rs760258476,C,T,gnomAD Exomes,PASS,NA,p.Thr337Met,p.Thr337Met,c.1010C>T,missense_variant,,3,109368,2.74303269694975E-05,0,0,0,7160,0,0,1,17096,0,0,0,2318,0,0,0,9046,0,0,1,13388,0,0,1,42758,0,0,0,1914,0,0,0,15688,0,0
12,57850593,rs1336572010,G,A,gnomAD Exomes,PASS,NA,p.Val339Met,p.Val339Met,c.1015G>A,missense_variant,,1,109364,9.14377674554698E-06,0,0,0,7162,0,0,0,17090,0,0,0,2320,0,0,0,9046,0,0,0,13378,0,0,1,42766,0,0,0,1914,0,0,0,15688,0,0
12,57850604,rs1251837427,G,C,gnomAD Exomes,PASS,NA,p.Met342Ile,p.Met342Ile,c.1026G>C,missense_variant,,1,109338,9.14595108745358E-06,0,0,0,7160,0,0,0,17088,0,0,0,2320,0,0,0,9046,0,0,1,13370,0,0,0,42758,0,0,0,1914,0,0,0,15682,0,0
