Chromosome,Position,rsID,Reference,Alternate,Source,Filters - exomes,Filters - genomes,Consequence,Protein Consequence,Transcript Consequence,Annotation,Flags,Allele Count,Allele Number,Allele Frequency,Homozygote Count,Hemizygote Count,Allele Count African,Allele Number African,Homozygote Count African,Hemizygote Count African,Allele Count Latino,Allele Number Latino,Homozygote Count Latino,Hemizygote Count Latino,Allele Count Ashkenazi Jewish,Allele Number Ashkenazi Jewish,Homozygote Count Ashkenazi Jewish,Hemizygote Count Ashkenazi Jewish,Allele Count East Asian,Allele Number East Asian,Homozygote Count East Asian,Hemizygote Count East Asian,Allele Count European (Finnish),Allele Number European (Finnish),Homozygote Count European (Finnish),Hemizygote Count European (Finnish),Allele Count European (non-Finnish),Allele Number European (non-Finnish),Homozygote Count European (non-Finnish),Hemizygote Count European (non-Finnish),Allele Count Other,Allele Number Other,Homozygote Count Other,Hemizygote Count Other,Allele Count South Asian,Allele Number South Asian,Homozygote Count South Asian,Hemizygote Count South Asian
3,49394822,rs762772744,T,A,gnomAD Exomes,PASS,NA,p.Ter204LeuextTer?,p.Ter204LeuextTer?,c.611A>T,stop_lost,segdup,4,107952,3.70535052615977E-05,0,0,0,7058,0,0,4,16902,0,0,0,2278,0,0,0,8634,0,0,0,13246,0,0,0,42358,0,0,0,1878,0,0,0,15598,0,0
3,49394834,rs1050450,G,A,"gnomAD Exomes,gnomAD Genomes",PASS,PASS,p.Pro200Leu,p.Pro200Leu,c.599C>T,missense_variant,segdup,33053,118862,0.278078780434453,5362,0,2783,9622,435,0,2671,17248,230,0,1033,2340,228,0,525,9512,17,0,6725,14414,1570,0,14852,47808,2320,0,721,2302,119,0,3743,15616,443,0
3,49394841,rs752321532,G,A,gnomAD Exomes,PASS,NA,p.Gln198Ter,p.Gln198Ter,c.592C>T,stop_gained,"segdup,lc_lof",2,108286,1.84696082596088E-05,0,0,2,7074,0,0,0,17022,0,0,0,2314,0,0,0,8636,0,0,0,13272,0,0,0,42460,0,0,0,1884,0,0,0,15624,0,0
3,49394844,rs748410718,ACAG,A,gnomAD Genomes,NA,PASS,p.Leu196del,p.Leu196del,c.586_588delCTG,inframe_deletion,segdup,1,10852,9.21489126428308E-05,0,0,0,2568,0,0,0,246,0,0,0,38,0,0,0,912,0,0,0,1160,0,0,1,5504,0,0,0,424,0,0,0,0,0,0
3,49394849,rs758815179,A,G,gnomAD Exomes,PASS,NA,p.Leu195Pro,p.Leu195Pro,c.584T>C,missense_variant,segdup,1,108358,9.2286679340704E-06,0,0,0,7088,0,0,0,17028,0,0,0,2318,0,0,0,8636,0,0,0,13280,0,0,0,42468,0,0,0,1890,0,0,1,15650,0,0
3,49394853,rs6446261,C,G,gnomAD Exomes,PASS,NA,p.Ala194Pro,p.Ala194Pro,c.580G>C,missense_variant,segdup,1,108350,9.22934933087217E-06,0,0,0,7088,0,0,0,17030,0,0,0,2320,0,0,0,8632,0,0,0,13284,0,0,0,42466,0,0,0,1890,0,0,1,15640,0,0
3,49394853,rs6446261,C,T,"gnomAD Exomes,gnomAD Genomes",PASS,PASS,p.Ala194Thr,p.Ala194Thr,c.580G>A,missense_variant,segdup,502,119202,0.004211338735927,9,0,311,9656,7,0,41,17276,0,0,10,2358,0,0,0,9546,0,0,0,14444,0,0,17,47968,0,0,3,2314,0,0,120,15640,2,0
3,49394854,rs781239947,TTCGATGTCAGGC,T,gnomAD Exomes,PASS,NA,p.Pro190_Glu193del,p.Pro190_Glu193del,c.567_578delGCCTGACATCGA,inframe_deletion,segdup,1,108384,9.22645408916445E-06,0,0,0,7096,0,0,1,17030,0,0,0,2320,0,0,0,8634,0,0,0,13286,0,0,0,42478,0,0,0,1890,0,0,0,15650,0,0
3,49394859,rs748280662,T,C,gnomAD Exomes,PASS,NA,p.Ile192Val,p.Ile192Val,c.574A>G,missense_variant,segdup,2,108424,1.84461004943555E-05,0,0,0,7108,0,0,0,17030,0,0,0,2320,0,0,2,8632,0,0,0,13290,0,0,0,42486,0,0,0,1892,0,0,0,15666,0,0
3,49394865,rs777715410,G,A,gnomAD Exomes,PASS,NA,p.Pro190Ser,p.Pro190Ser,c.568C>T,missense_variant,segdup,15,108468,0.000138289633809,0,0,0,7112,0,0,5,17038,0,0,0,2320,0,0,0,8632,0,0,3,13298,0,0,5,42514,0,0,1,1892,0,0,1,15662,0,0
3,49394865,rs777715410,G,C,"gnomAD Exomes,gnomAD Genomes",PASS,PASS,p.Pro190Ala,p.Pro190Ala,c.568C>G,missense_variant,segdup,3,119324,2.51416311890315E-05,0,0,0,9682,0,0,0,17284,0,0,0,2358,0,0,0,9548,0,0,0,14458,0,0,3,48020,0,0,0,2312,0,0,0,15662,0,0
3,49394869,rs770771558,G,C,gnomAD Exomes,PASS,NA,p.Ile188Met,p.Ile188Met,c.564C>G,missense_variant,segdup,5,108456,4.61016449066903E-05,0,0,0,7110,0,0,0,17032,0,0,0,2318,0,0,0,8632,0,0,0,13302,0,0,5,42508,0,0,0,1892,0,0,0,15662,0,0
3,49394870,rs1320498901,A,AT,gnomAD Exomes,PASS,NA,p.Ile188AsnfsTer?,p.Ile188AsnfsTer?,c.562dupA,frameshift_variant,"segdup,lc_lof",2,108494,1.8434199126219E-05,0,0,0,7120,0,0,1,17040,0,0,0,2320,0,0,0,8632,0,0,0,13302,0,0,0,42518,0,0,1,1894,0,0,0,15668,0,0
3,49394871,rs759221900,T,C,gnomAD Exomes,PASS,NA,p.Ile188Val,p.Ile188Val,c.562A>G,missense_variant,segdup,2,108486,1.84355585052449E-05,0,0,0,7118,0,0,0,17036,0,0,0,2320,0,0,0,8632,0,0,0,13302,0,0,2,42520,0,0,0,1890,0,0,0,15668,0,0
3,49394879,rs1482953023,G,C,gnomAD Exomes,PASS,NA,p.Thr185Ser,p.Thr185Ser,c.554C>G,missense_variant,segdup,1,108522,9.2147214389709E-06,0,0,0,7118,0,0,0,17046,0,0,0,2318,0,0,0,8632,0,0,0,13304,0,0,0,42538,0,0,0,1896,0,0,1,15670,0,0
3,49394888,rs373404046,C,T,gnomAD Exomes,PASS,NA,p.Arg182His,p.Arg182His,c.545G>A,missense_variant,segdup,2,108260,1.84740439682246E-05,0,0,0,7048,0,0,0,17016,0,0,0,2316,0,0,0,8636,0,0,0,13294,0,0,2,42396,0,0,0,1884,0,0,0,15670,0,0
3,49394889,rs760292994,G,C,gnomAD Genomes,NA,PASS,p.Arg182Gly,p.Arg182Gly,c.544C>G,missense_variant,segdup,3,10860,0.000276243093923,0,0,3,2570,0,0,0,246,0,0,0,38,0,0,0,914,0,0,0,1160,0,0,0,5508,0,0,0,424,0,0,0,0,0,0
3,49394892,rs773870264,G,A,gnomAD Exomes,PASS,NA,p.Arg181Cys,p.Arg181Cys,c.541C>T,missense_variant,segdup,1,108396,9.22543267279235E-06,0,0,0,7088,0,0,0,17028,0,0,0,2318,0,0,1,8636,0,0,0,13302,0,0,0,42466,0,0,0,1888,0,0,0,15670,0,0
3,49394897,rs1411098660,T,C,gnomAD Exomes,PASS,NA,p.Tyr179Cys,p.Tyr179Cys,c.536A>G,missense_variant,segdup,1,108446,9.22117920439666E-06,0,0,1,7096,0,0,0,17030,0,0,0,2320,0,0,0,8636,0,0,0,13300,0,0,0,42504,0,0,0,1888,0,0,0,15672,0,0
3,49394909,rs755209006,G,A,gnomAD Exomes,PASS,NA,p.Pro175Leu,p.Pro175Leu,c.524C>T,missense_variant,segdup,1,108594,9.20861189384312E-06,0,0,1,7130,0,0,0,17052,0,0,0,2320,0,0,0,8636,0,0,0,13306,0,0,0,42584,0,0,0,1894,0,0,0,15672,0,0
3,49394912,rs1314453617,A,ACACCGTCAGGGCC,gnomAD Exomes,PASS,NA,p.Val174GlyfsTer?,p.Val174GlyfsTer?,c.508_520dupGGCCCTGACGGTG,stop_gained,"segdup,lc_lof",1,108608,9.20742486741308E-06,0,0,0,7132,0,0,0,17054,0,0,0,2320,0,0,1,8638,0,0,0,13306,0,0,0,42592,0,0,0,1894,0,0,0,15672,0,0
3,49394925,rs777627367,C,T,gnomAD Exomes,PASS,NA,p.Gly170Ser,p.Gly170Ser,c.508G>A,missense_variant,segdup,2,108626,1.8411798280338E-05,0,0,0,7134,0,0,2,17054,0,0,0,2320,0,0,0,8638,0,0,0,13306,0,0,0,42604,0,0,0,1896,0,0,0,15674,0,0
3,49394930,rs373838463,A,T,gnomAD Exomes,PASS,NA,p.Leu168Gln,p.Leu168Gln,c.503T>A,missense_variant,segdup,13,108628,0.0001196744854,0,0,0,7136,0,0,0,17052,0,0,0,2320,0,0,0,8638,0,0,0,13306,0,0,10,42606,0,0,0,1896,0,0,3,15674,0,0
3,49394931,rs1203506927,G,T,gnomAD Exomes,PASS,NA,p.Leu168Met,p.Leu168Met,c.502C>A,missense_variant,segdup,1,108626,9.20589914016902E-06,0,0,0,7136,0,0,0,17052,0,0,0,2320,0,0,0,8638,0,0,0,13306,0,0,0,42606,0,0,0,1896,0,0,1,15672,0,0
3,49394941,rs1235321217,A,AC,gnomAD Exomes,PASS,NA,p.Phe164LeufsTer?,p.Phe164LeufsTer?,c.491_492insG,frameshift_variant,segdup,1,108634,9.20522120146547E-06,0,0,0,7136,0,0,1,17054,0,0,0,2320,0,0,0,8638,0,0,0,13306,0,0,0,42608,0,0,0,1896,0,0,0,15676,0,0
3,49394948,rs746461413,C,T,gnomAD Exomes,PASS,NA,p.Trp162Ter,p.Trp162Ter,c.485G>A,stop_gained,segdup,1,108632,9.20539067678032E-06,0,0,0,7136,0,0,1,17054,0,0,0,2320,0,0,0,8638,0,0,0,13306,0,0,0,42608,0,0,0,1896,0,0,0,15674,0,0
3,49394952,rs1175340780,C,A,gnomAD Exomes,PASS,NA,p.Ala161Ser,p.Ala161Ser,c.481G>T,missense_variant,segdup,1,108636,9.20505173239074E-06,0,0,0,7136,0,0,0,17054,0,0,0,2320,0,0,0,8638,0,0,0,13308,0,0,0,42608,0,0,0,1896,0,0,1,15676,0,0
3,49394957,rs763506541,T,C,gnomAD Exomes,PASS,NA,p.Asp159Gly,p.Asp159Gly,c.476A>G,missense_variant,segdup,15,108636,0.000138075775986,0,0,0,7136,0,0,15,17054,0,0,0,2320,0,0,0,8638,0,0,0,13308,0,0,0,42608,0,0,0,1896,0,0,0,15676,0,0
3,49394963,,C,G,gnomAD Genomes,NA,PASS,p.Arg157Pro,p.Arg157Pro,c.470G>C,missense_variant,segdup,1,10862,9.20640765973117E-05,0,0,0,2570,0,0,0,246,0,0,0,38,0,0,0,916,0,0,0,1162,0,0,1,5506,0,0,0,424,0,0,0,0,0,0
3,49394972,rs377594183,G,A,gnomAD Exomes,PASS,NA,p.Pro154Leu,p.Pro154Leu,c.461C>T,missense_variant,segdup,3,108634,2.76156636043964E-05,0,0,0,7136,0,0,0,17054,0,0,0,2320,0,0,0,8638,0,0,0,13306,0,0,3,42608,0,0,0,1896,0,0,0,15676,0,0
3,49394975,rs1226820103,G,A,gnomAD Exomes,PASS,NA,p.Ser153Phe,p.Ser153Phe,c.458C>T,missense_variant,segdup,1,108636,9.20505173239074E-06,0,0,0,7136,0,0,1,17054,0,0,0,2320,0,0,0,8638,0,0,0,13308,0,0,0,42608,0,0,0,1896,0,0,0,15676,0,0
3,49394976,rs773436742,AC,A,gnomAD Exomes,PASS,NA,p.Trp152CysfsTer?,p.Trp152CysfsTer?,c.456delG,frameshift_variant,segdup,1,108636,9.20505173239074E-06,0,0,0,7136,0,0,0,17054,0,0,0,2320,0,0,0,8638,0,0,0,13308,0,0,1,42608,0,0,0,1896,0,0,0,15676,0,0
3,49394978,rs767674250,C,T,gnomAD Exomes,PASS,NA,p.Trp152Ter,p.Trp152Ter,c.455G>A,stop_gained,segdup,2,108630,1.84111203166713E-05,0,0,0,7136,0,0,0,17054,0,0,0,2320,0,0,0,8638,0,0,1,13306,0,0,1,42606,0,0,0,1896,0,0,0,15674,0,0
3,49394987,rs764153560,A,G,gnomAD Exomes,PASS,NA,p.Leu149Pro,p.Leu149Pro,c.446T>C,missense_variant,segdup,1,108634,9.20522120146547E-06,0,0,0,7136,0,0,0,17054,0,0,0,2320,0,0,0,8638,0,0,0,13306,0,0,0,42608,0,0,0,1896,0,0,1,15676,0,0
3,49394993,rs201709949,G,C,"gnomAD Exomes,gnomAD Genomes",PASS,PASS,p.Pro147Arg,p.Pro147Arg,c.440C>G,missense_variant,segdup,9,119488,7.53213711837172E-05,0,0,9,9700,0,0,0,17300,0,0,0,2358,0,0,0,9554,0,0,0,14468,0,0,0,48112,0,0,0,2320,0,0,0,15676,0,0
3,49395012,rs745629022,T,C,gnomAD Exomes,PASS,NA,p.Thr141Ala,p.Thr141Ala,c.421A>G,missense_variant,segdup,1,108630,9.20556015833563E-06,0,0,0,7134,0,0,0,17054,0,0,0,2320,0,0,0,8638,0,0,0,13306,0,0,1,42606,0,0,0,1896,0,0,0,15676,0,0
3,49395015,rs375013032,C,A,gnomAD Exomes,PASS,NA,p.Ala140Ser,p.Ala140Ser,c.418G>T,missense_variant,segdup,1,108628,9.20572964613175E-06,0,0,0,7134,0,0,0,17054,0,0,0,2320,0,0,0,8638,0,0,0,13306,0,0,1,42606,0,0,0,1896,0,0,0,15674,0,0
3,49395015,rs375013032,C,T,gnomAD Exomes,PASS,NA,p.Ala140Thr,p.Ala140Thr,c.418G>A,missense_variant,segdup,1,108628,9.20572964613175E-06,0,0,0,7134,0,0,1,17054,0,0,0,2320,0,0,0,8638,0,0,0,13306,0,0,0,42606,0,0,0,1896,0,0,0,15674,0,0
3,49395024,rs762997871,T,A,gnomAD Exomes,PASS,NA,p.Ser137Cys,p.Ser137Cys,c.409A>T,missense_variant,segdup,1,108628,9.20572964613175E-06,0,0,0,7136,0,0,0,17054,0,0,0,2320,0,0,0,8638,0,0,0,13304,0,0,0,42604,0,0,0,1896,0,0,1,15676,0,0
3,49395027,rs1328559144,G,A,gnomAD Exomes,PASS,NA,p.Pro136Ser,p.Pro136Ser,c.406C>T,missense_variant,segdup,1,108626,9.20589914016902E-06,0,0,0,7136,0,0,0,17054,0,0,0,2320,0,0,0,8638,0,0,0,13302,0,0,0,42604,0,0,0,1896,0,0,1,15676,0,0
3,49395029,rs747656004,G,A,gnomAD Exomes,PASS,NA,p.Ala135Val,p.Ala135Val,c.404C>T,missense_variant,segdup,4,108626,3.68235965606761E-05,0,0,0,7136,0,0,0,17054,0,0,0,2320,0,0,0,8638,0,0,0,13302,0,0,4,42604,0,0,0,1896,0,0,0,15676,0,0
3,49395032,rs771425412,GGCAGGGCCTCCC,G,gnomAD Genomes,NA,PASS,p.Arg130_Leu133del,p.Arg130_Leu133del,c.389_400delGGGAGGCCCTGC,inframe_deletion,segdup,1,10854,9.21319329279528E-05,0,0,0,2568,0,0,0,246,0,0,0,38,0,0,0,914,0,0,0,1162,0,0,1,5502,0,0,0,424,0,0,0,0,0,0
3,49395033,rs774738596,G,A,gnomAD Exomes,PASS,NA,p.Pro134Ser,p.Pro134Ser,c.400C>T,missense_variant,segdup,1,108624,9.20606864044778E-06,0,0,0,7136,0,0,0,17054,0,0,0,2318,0,0,1,8638,0,0,0,13302,0,0,0,42604,0,0,0,1896,0,0,0,15676,0,0
3,49395038,rs201091540,G,A,"gnomAD Exomes,gnomAD Genomes",PASS,PASS,p.Ala132Val,p.Ala132Val,c.395C>T,missense_variant,segdup,9,119484,7.53238927387767E-05,0,0,0,9698,0,0,1,17300,0,0,0,2358,0,0,0,9552,0,0,2,14462,0,0,6,48118,0,0,0,2320,0,0,0,15676,0,0
3,49395039,rs772427820,C,T,gnomAD Exomes,PASS,NA,p.Ala132Thr,p.Ala132Thr,c.394G>A,missense_variant,segdup,7,108624,6.44424804831345E-05,0,0,0,7134,0,0,5,17054,0,0,0,2320,0,0,0,8638,0,0,0,13302,0,0,2,42604,0,0,0,1896,0,0,0,15676,0,0
3,49395056,rs1261604097,A,G,gnomAD Exomes,PASS,NA,p.Phe126Ser,p.Phe126Ser,c.377T>C,missense_variant,segdup,1,108630,9.20556015833563E-06,0,0,0,7136,0,0,0,17054,0,0,0,2320,0,0,0,8638,0,0,0,13306,0,0,0,42606,0,0,1,1896,0,0,0,15674,0,0
3,49395056,rs1261604097,AAG,A,gnomAD Exomes,PASS,NA,p.Phe126ArgfsTer?,p.Phe126ArgfsTer?,c.375_376delCT,frameshift_variant,segdup,1,108630,9.20556015833563E-06,0,0,0,7136,0,0,0,17054,0,0,0,2320,0,0,1,8638,0,0,0,13306,0,0,0,42606,0,0,0,1896,0,0,0,15674,0,0
3,49395060,rs764347814,G,A,gnomAD Exomes,PASS,NA,p.Leu125Phe,p.Leu125Phe,c.373C>T,missense_variant,segdup,2,108630,1.84111203166713E-05,0,0,0,7136,0,0,0,17054,0,0,0,2320,0,0,0,8638,0,0,0,13306,0,0,1,42606,0,0,0,1896,0,0,1,15674,0,0
3,49395061,rs1253601448,A,AG,"gnomAD Exomes,gnomAD Genomes",PASS,PASS,p.Leu125SerfsTer?,p.Leu125SerfsTer?,c.371dupC,frameshift_variant,segdup,3,119492,2.51062832658253E-05,0,0,0,9702,0,0,0,17300,0,0,0,2358,0,0,0,9552,0,0,0,14468,0,0,3,48120,0,0,0,2318,0,0,0,15674,0,0
3,49395071,rs761821693,C,G,gnomAD Exomes,PASS,NA,p.Gly121Ala,p.Gly121Ala,c.362G>C,missense_variant,segdup,1,108626,9.20589914016902E-06,0,0,1,7134,0,0,0,17054,0,0,0,2320,0,0,0,8638,0,0,0,13306,0,0,0,42604,0,0,0,1896,0,0,0,15674,0,0
3,49395081,rs1167151978,T,A,gnomAD Exomes,PASS,NA,p.Asn118Tyr,p.Asn118Tyr,c.352A>T,missense_variant,segdup,1,108626,9.20589914016902E-06,0,0,0,7134,0,0,0,17052,0,0,0,2320,0,0,0,8638,0,0,0,13306,0,0,1,42608,0,0,0,1896,0,0,0,15672,0,0
3,49395087,rs750333185,C,T,gnomAD Exomes,PASS,NA,p.Glu116Lys,p.Glu116Lys,c.346G>A,missense_variant,segdup,1,108626,9.20589914016902E-06,0,0,0,7134,0,0,0,17054,0,0,0,2320,0,0,0,8638,0,0,0,13306,0,0,1,42606,0,0,0,1896,0,0,0,15672,0,0
3,49395106,rs779984342,G,T,gnomAD Exomes,PASS,NA,p.Phe109Leu,p.Phe109Leu,c.327C>A,missense_variant,segdup,1,108628,9.20572964613175E-06,0,0,1,7136,0,0,0,17052,0,0,0,2320,0,0,0,8638,0,0,0,13308,0,0,0,42608,0,0,0,1896,0,0,0,15670,0,0
3,49395110,rs751452492,T,G,gnomAD Exomes,PASS,NA,p.Asn108Thr,p.Asn108Thr,c.323A>C,missense_variant,segdup,6,108624,5.52364118426867E-05,0,0,0,7136,0,0,6,17052,0,0,0,2320,0,0,0,8638,0,0,0,13306,0,0,0,42606,0,0,0,1896,0,0,0,15670,0,0
3,49395118,rs536461141,G,C,gnomAD Exomes,PASS,NA,p.Phe105Leu,p.Phe105Leu,c.315C>G,missense_variant,segdup,1,108610,9.20725531718994E-06,0,0,0,7132,0,0,0,17052,0,0,0,2320,0,0,0,8638,0,0,0,13302,0,0,0,42604,0,0,0,1896,0,0,1,15666,0,0
3,49395129,rs779406994,C,G,gnomAD Exomes,PASS,NA,p.Gly102Arg,p.Gly102Arg,c.304G>C,missense_variant,segdup,1,108610,9.20725531718994E-06,0,0,0,7132,0,0,0,17048,0,0,0,2320,0,0,1,8638,0,0,0,13306,0,0,0,42606,0,0,0,1896,0,0,0,15664,0,0
3,49395131,rs746367588,G,C,gnomAD Exomes,PASS,NA,p.Pro101Arg,p.Pro101Arg,c.302C>G,missense_variant,segdup,1,108614,9.20691623547609E-06,0,0,0,7132,0,0,0,17048,0,0,0,2320,0,0,0,8638,0,0,0,13306,0,0,1,42606,0,0,0,1896,0,0,0,15668,0,0
3,49395135,rs772623403,G,A,gnomAD Exomes,PASS,NA,p.Arg100Trp,p.Arg100Trp,c.298C>T,missense_variant,segdup,2,108600,1.84162062615101E-05,0,0,0,7132,0,0,0,17044,0,0,0,2320,0,0,0,8638,0,0,0,13302,0,0,2,42604,0,0,0,1896,0,0,0,15664,0,0
3,49395149,rs200582410,G,A,gnomAD Exomes,PASS,NA,p.Ser95Phe,p.Ser95Phe,c.284C>T,missense_variant,segdup,2,108534,1.84274052370686E-05,0,0,0,7132,0,0,1,17034,0,0,0,2318,0,0,0,8638,0,0,0,13286,0,0,1,42594,0,0,0,1892,0,0,0,15640,0,0
3,49395156,rs1369137114,G,C,gnomAD Exomes,PASS,NA,p.Leu93Val,p.Leu93Val,c.277C>G,missense_variant,segdup,1,108482,9.2181191349717E-06,0,0,0,7128,0,0,0,17024,0,0,0,2314,0,0,0,8638,0,0,0,13278,0,0,1,42584,0,0,0,1892,0,0,0,15624,0,0
3,49395165,rs1162010337,C,T,gnomAD Exomes,PASS,NA,p.Glu90Lys,p.Glu90Lys,c.268G>A,missense_variant,segdup,2,108214,1.84818969819062E-05,0,0,0,7114,0,0,0,16978,0,0,0,2300,0,0,0,8638,0,0,0,13246,0,0,2,42476,0,0,0,1890,0,0,0,15572,0,0
3,49395171,rs371832457,T,C,gnomAD Exomes,PASS,NA,p.Lys88Glu,p.Lys88Glu,c.262A>G,missense_variant,segdup,1,108228,9.2397531137968E-06,0,0,0,7118,0,0,0,16974,0,0,0,2292,0,0,0,8638,0,0,0,13246,0,0,1,42488,0,0,0,1886,0,0,0,15586,0,0
3,49395174,rs768873875,C,G,"gnomAD Exomes,gnomAD Genomes",PASS,PASS,p.Ala87Pro,p.Ala87Pro,c.259G>C,missense_variant,segdup,3,118762,2.52606052441016E-05,0,0,1,9678,0,0,0,17182,0,0,0,2314,0,0,0,9552,0,0,0,14394,0,0,2,47832,0,0,0,2310,0,0,0,15500,0,0
3,49395174,rs768873875,C,T,gnomAD Exomes,PASS,NA,p.Ala87Thr,p.Ala87Thr,c.259G>A,missense_variant,segdup,1,107894,9.26835597901644E-06,0,0,0,7108,0,0,0,16936,0,0,0,2276,0,0,0,8638,0,0,0,13232,0,0,1,42316,0,0,0,1888,0,0,0,15500,0,0
3,49395420,rs1290205440,G,GCACGTC,gnomAD Genomes,NA,PASS,p.Asp96_Val97dup,p.Asp96_Val97dup,c.286_291dupGACGTG,inframe_insertion,segdup,1,10538,9.48946669197191E-05,0,0,0,2458,0,0,0,238,0,0,0,36,0,0,1,908,0,0,0,1156,0,0,0,5330,0,0,0,412,0,0,0,0,0,0
3,49395423,rs767209683,C,A,gnomAD Exomes,PASS,NA,p.Val97Leu,p.Val97Leu,c.289G>T,missense_variant,segdup,1,84596,1.18208898765899E-05,0,0,0,4758,0,0,0,14668,0,0,0,1584,0,0,0,6798,0,0,1,11420,0,0,0,30530,0,0,0,1550,0,0,0,13288,0,0
3,49395424,rs755698525,G,C,gnomAD Exomes,PASS,NA,p.Asp96Glu,p.Asp96Glu,c.288C>G,missense_variant,segdup,3,86218,3.47955183372382E-05,0,0,0,4832,0,0,2,14780,0,0,0,1636,0,0,1,6908,0,0,0,11540,0,0,0,31404,0,0,0,1574,0,0,0,13544,0,0
3,49395429,rs756772830,C,CCCCCG,"gnomAD Exomes,gnomAD Genomes",PASS,PASS,p.Ala95ArgfsTer?,p.Ala95ArgfsTer?,c.278_282dupCGGGG,frameshift_variant,"segdup,lc_lof,lof_flag",11,102628,0.000107183224851,0,0,3,7704,0,0,0,15630,0,0,0,1846,0,0,2,8224,0,0,0,13114,0,0,3,39734,0,0,0,2080,0,0,3,14296,0,0
3,49395429,rs756772830,C,T,gnomAD Exomes,PASS,NA,p.Ala95Thr,p.Ala95Thr,c.283G>A,missense_variant,segdup,1,91816,1.08913479132177E-05,0,0,0,5158,0,0,0,15384,0,0,0,1808,0,0,1,7312,0,0,0,11954,0,0,0,34246,0,0,0,1658,0,0,0,14296,0,0
3,49395434,rs1263058304,G,A,gnomAD Exomes,PASS,NA,p.Ala93Val,p.Ala93Val,c.278C>T,missense_variant,segdup,7,95832,7.30444945320978E-05,0,0,0,5416,0,0,0,15810,0,0,0,1942,0,0,0,7622,0,0,4,12292,0,0,3,36330,0,0,0,1704,0,0,0,14716,0,0
3,49395434,rs1263058304,GC,G,gnomAD Exomes,PASS,NA,p.Ala93ArgfsTer?,p.Ala93ArgfsTer?,c.277delG,frameshift_variant,"segdup,lc_lof,lof_flag",3,95832,3.13047833708991E-05,0,0,0,5416,0,0,3,15810,0,0,0,1942,0,0,0,7622,0,0,0,12292,0,0,0,36330,0,0,0,1704,0,0,0,14716,0,0
3,49395441,rs748320464,CCCGCT,C,gnomAD Exomes,PASS,NA,p.Glu89GlyfsTer?,p.Glu89GlyfsTer?,c.266_270delAGCGG,frameshift_variant,"segdup,lc_lof,lof_flag",2,99440,2.01126307320998E-05,0,0,0,5736,0,0,1,16180,0,0,0,2038,0,0,0,7912,0,0,0,12646,0,0,1,38150,0,0,0,1746,0,0,0,15032,0,0
3,49395441,rs748320464,C,CCCGCT,gnomAD Exomes,PASS,NA,p.Gly91SerfsTer?,p.Gly91SerfsTer?,c.266_270dupAGCGG,frameshift_variant,"segdup,lc_lof,lof_flag",2,99440,2.01126307320998E-05,0,0,2,5736,0,0,0,16180,0,0,0,2038,0,0,0,7912,0,0,0,12646,0,0,0,38150,0,0,0,1746,0,0,0,15032,0,0
3,49395446,rs368623389,T,C,gnomAD Exomes,PASS,NA,p.Glu89Gly,p.Glu89Gly,c.266A>G,missense_variant,segdup,15,101552,0.000147707578383,0,0,1,5930,0,0,7,16420,0,0,0,2116,0,0,4,8124,0,0,0,12824,0,0,0,39166,0,0,1,1764,0,0,2,15208,0,0
3,49395446,rs368623389,T,TCCGCC,gnomAD Exomes,PASS,NA,p.Glu89GlyfsTer?,p.Glu89GlyfsTer?,c.261_265dupGGCGG,frameshift_variant,"segdup,lc_lof,lof_flag",5,101552,4.92358594611627E-05,0,0,0,5930,0,0,3,16420,0,0,0,2116,0,0,0,8124,0,0,0,12824,0,0,2,39166,0,0,0,1764,0,0,0,15208,0,0
3,49395453,rs781390722,G,A,"gnomAD Exomes,gnomAD Genomes",PASS,PASS,p.Arg87Trp,p.Arg87Trp,c.259C>T,missense_variant,segdup,2,114212,1.75112947851364E-05,0,0,0,8728,0,0,0,16840,0,0,0,2210,0,0,0,9214,0,0,0,14112,0,0,1,45518,0,0,0,2220,0,0,1,15370,0,0
3,49395458,rs769147194,A,G,gnomAD Exomes,PASS,NA,c.252+2T>C,,c.252+2T>C,splice_donor_variant,segdup,2,104588,1.91226526943818E-05,0,0,0,6304,0,0,0,16674,0,0,0,2212,0,0,0,8384,0,0,0,13034,0,0,2,40692,0,0,0,1814,0,0,0,15474,0,0
3,49395461,rs200311870,T,C,"gnomAD Exomes,gnomAD Genomes",PASS,PASS,p.Gln84Arg,p.Gln84Arg,c.251A>G,missense_variant,segdup,63,115736,0.00054434229626,0,0,0,8948,0,0,0,16922,0,0,0,2254,0,0,0,9334,0,0,58,14236,0,0,5,46298,0,0,0,2240,0,0,0,15504,0,0
3,49395476,rs771135780,T,C,"gnomAD Exomes,gnomAD Genomes",PASS,PASS,p.Asn79Ser,p.Asn79Ser,c.236A>G,missense_variant,segdup,3,116676,2.57122287359868E-05,0,0,0,9114,0,0,2,17046,0,0,0,2272,0,0,1,9438,0,0,0,14300,0,0,0,46690,0,0,0,2248,0,0,0,15568,0,0
3,49395480,rs774636688,A,G,gnomAD Exomes,PASS,NA,p.Cys78Arg,p.Cys78Arg,c.232T>C,missense_variant,segdup,1,106004,9.43360627900834E-06,0,0,0,6566,0,0,0,16806,0,0,0,2244,0,0,0,8528,0,0,0,13146,0,0,1,41306,0,0,0,1830,0,0,0,15578,0,0
3,49395482,rs201944086,G,C,gnomAD Exomes,PASS,NA,p.Pro77Arg,p.Pro77Arg,c.230C>G,missense_variant,segdup,27,103064,0.000261973142901,0,0,1,6434,0,0,1,16660,0,0,0,2176,0,0,1,8460,0,0,4,11970,0,0,16,40166,0,0,0,1786,0,0,4,15412,0,0
3,49395482,rs201944086,G,A,gnomAD Exomes,PASS,NA,p.Pro77Leu,p.Pro77Leu,c.230C>T,missense_variant,segdup,1,103064,9.70270899635178E-06,0,0,0,6434,0,0,0,16660,0,0,0,2176,0,0,1,8460,0,0,0,11970,0,0,0,40166,0,0,0,1786,0,0,0,15412,0,0
3,49395489,rs763687242,C,A,gnomAD Exomes,PASS,NA,p.Gly75Cys,p.Gly75Cys,c.223G>T,missense_variant,segdup,0,106260,0,0,0,0,6610,0,0,0,16834,0,0,0,2248,0,0,0,8532,0,0,0,13172,0,0,0,41436,0,0,0,1830,0,0,0,15598,0,0
3,49395489,rs763687242,C,G,gnomAD Exomes,PASS,NA,p.Gly75Arg,p.Gly75Arg,c.223G>C,missense_variant,segdup,2,106260,1.88217579521927E-05,0,0,0,6610,0,0,0,16834,0,0,0,2248,0,0,2,8532,0,0,0,13172,0,0,0,41436,0,0,0,1830,0,0,0,15598,0,0
3,49395509,rs748408282,G,A,gnomAD Exomes,PASS,NA,p.Pro68Leu,p.Pro68Leu,c.203C>T,missense_variant,segdup,2,106862,1.87157268252513E-05,0,0,1,6694,0,0,1,16860,0,0,0,2266,0,0,0,8564,0,0,0,13210,0,0,0,41824,0,0,0,1838,0,0,0,15606,0,0
3,49395510,rs1323514958,G,A,gnomAD Exomes,PASS,NA,p.Pro68Ser,p.Pro68Ser,c.202C>T,missense_variant,segdup,1,106880,9.3562874251497E-06,0,0,0,6698,0,0,1,16864,0,0,0,2268,0,0,0,8566,0,0,0,13206,0,0,0,41836,0,0,0,1840,0,0,0,15602,0,0
3,49395516,rs778077975,G,A,gnomAD Exomes,PASS,NA,p.Leu66Phe,p.Leu66Phe,c.196C>T,missense_variant,segdup,1,106974,9.34806588516836E-06,0,0,0,6710,0,0,0,16868,0,0,0,2268,0,0,0,8568,0,0,0,13202,0,0,1,41914,0,0,0,1848,0,0,0,15596,0,0
3,49395537,rs779116162,T,A,gnomAD Exomes,PASS,NA,p.Met59Leu,p.Met59Leu,c.175A>T,missense_variant,segdup,1,106884,9.35593727779649E-06,0,0,0,6676,0,0,0,16858,0,0,0,2264,0,0,0,8556,0,0,0,13208,0,0,0,41926,0,0,0,1846,0,0,1,15550,0,0
3,49395540,rs746001021,G,A,gnomAD Exomes,PASS,NA,p.Gln58Ter,p.Gln58Ter,c.172C>T,stop_gained,segdup,1,106846,9.35926473616233E-06,0,0,1,6672,0,0,0,16848,0,0,0,2266,0,0,0,8550,0,0,0,13196,0,0,0,41910,0,0,0,1850,0,0,0,15554,0,0
3,49395551,rs975898838,C,T,gnomAD Exomes,PASS,NA,p.Arg54Gln,p.Arg54Gln,c.161G>A,missense_variant,segdup,1,106546,9.38561747977399E-06,0,0,0,6612,0,0,0,16822,0,0,0,2254,0,0,0,8512,0,0,0,13176,0,0,1,41816,0,0,0,1850,0,0,0,15504,0,0
3,49395552,rs1002388962,G,A,gnomAD Exomes,PASS,NA,p.Arg54Trp,p.Arg54Trp,c.160C>T,missense_variant,segdup,2,106462,1.87860457252353E-05,0,0,0,6586,0,0,0,16816,0,0,0,2254,0,0,0,8522,0,0,1,13186,0,0,1,41762,0,0,0,1850,0,0,0,15486,0,0
3,49395560,rs1207819543,G,C,gnomAD Genomes,NA,PASS,p.Thr51Ser,p.Thr51Ser,c.152C>G,missense_variant,segdup,1,10856,9.21149594694178E-05,0,0,1,2570,0,0,0,246,0,0,0,38,0,0,0,916,0,0,0,1160,0,0,0,5504,0,0,0,422,0,0,0,0,0,0
3,49395563,rs1275778971,C,T,gnomAD Exomes,PASS,NA,p.Gly50Asp,p.Gly50Asp,c.149G>A,missense_variant,segdup,1,105900,9.44287063267233E-06,0,0,0,6498,0,0,0,16762,0,0,0,2236,0,0,0,8488,0,0,0,13150,0,0,0,41510,0,0,0,1832,0,0,1,15424,0,0
3,49395569,rs764907685,A,C,gnomAD Exomes,PASS,NA,p.Leu48Arg,p.Leu48Arg,c.143T>G,missense_variant,segdup,2,104914,1.90632327430086E-05,0,0,0,6330,0,0,0,16642,0,0,0,2200,0,0,0,8426,0,0,0,13098,0,0,0,41054,0,0,0,1808,0,0,2,15356,0,0
3,49395570,rs964320724,G,A,gnomAD Exomes,PASS,NA,p.Leu48Phe,p.Leu48Phe,c.142C>T,missense_variant,segdup,6,104740,5.72847049837693E-05,0,0,0,6314,0,0,0,16634,0,0,0,2192,0,0,0,8408,0,0,6,13102,0,0,0,40958,0,0,0,1804,0,0,0,15328,0,0
3,49395572,rs1472854697,G,A,gnomAD Exomes,PASS,NA,p.Ser47Phe,p.Ser47Phe,c.140C>T,missense_variant,segdup,1,104378,9.58056295387917E-06,0,0,0,6266,0,0,1,16602,0,0,0,2176,0,0,0,8366,0,0,0,13076,0,0,0,40764,0,0,0,1806,0,0,0,15322,0,0
3,49395582,rs1451251025,T,A,gnomAD Exomes,PASS,NA,p.Asn44Tyr,p.Asn44Tyr,c.130A>T,missense_variant,segdup,1,100578,9.94253216409155E-06,0,0,0,5858,0,0,0,16184,0,0,0,2062,0,0,0,8022,0,0,1,12880,0,0,0,38842,0,0,0,1752,0,0,0,14978,0,0
3,49395587,rs778272154,A,G,gnomAD Exomes,PASS,NA,p.Ile42Thr,p.Ile42Thr,c.125T>C,missense_variant,segdup,2,98588,2.02864445977198E-05,0,0,0,5684,0,0,0,15932,0,0,0,2010,0,0,2,7864,0,0,0,12796,0,0,0,37768,0,0,0,1728,0,0,0,14806,0,0
3,49395594,rs1361086246,G,C,gnomAD Exomes,PASS,NA,p.Leu40Val,p.Leu40Val,c.118C>G,missense_variant,segdup,1,93736,1.06682597934625E-05,0,0,1,5268,0,0,0,15374,0,0,0,1906,0,0,0,7352,0,0,0,12550,0,0,0,35158,0,0,0,1684,0,0,0,14444,0,0
3,49395597,rs1283668000,C,T,gnomAD Exomes,PASS,NA,p.Val39Ile,p.Val39Ile,c.115G>A,missense_variant,segdup,1,90746,1.10197694664228E-05,0,0,0,5056,0,0,1,14972,0,0,0,1860,0,0,0,7064,0,0,0,12422,0,0,0,33538,0,0,0,1650,0,0,0,14184,0,0
3,49395605,rs1341936194,C,T,gnomAD Exomes,PASS,NA,p.Arg36Gln,p.Arg36Gln,c.107G>A,missense_variant,segdup,0,84974,0,0,0,0,4606,0,0,0,14268,0,0,0,1766,0,0,0,6390,0,0,0,12158,0,0,0,30476,0,0,0,1598,0,0,0,13712,0,0
3,49395608,rs566381859,A,G,gnomAD Exomes,PASS,NA,p.Leu35Pro,p.Leu35Pro,c.104T>C,missense_variant,segdup,1,81828,1.22207557315344E-05,0,0,0,4402,0,0,0,13874,0,0,0,1704,0,0,0,6150,0,0,0,12004,0,0,0,28686,0,0,0,1576,0,0,1,13432,0,0
3,49395611,rs745888237,G,A,gnomAD Exomes,PASS,NA,p.Ser34Phe,p.Ser34Phe,c.101C>T,missense_variant,segdup,1,81366,1.22901457611287E-05,0,0,0,4382,0,0,0,13842,0,0,0,1692,0,0,1,6088,0,0,0,11984,0,0,0,28408,0,0,0,1562,0,0,0,13408,0,0
3,49395614,rs1235232603,C,T,gnomAD Exomes,PASS,NA,p.Gly33Asp,p.Gly33Asp,c.98G>A,missense_variant,segdup,1,79426,1.25903356583487E-05,0,0,0,4212,0,0,0,13622,0,0,0,1656,0,0,0,5900,0,0,0,11886,0,0,1,27376,0,0,0,1534,0,0,0,13240,0,0
3,49395615,rs772206563,C,T,gnomAD Exomes,PASS,NA,p.Gly33Ser,p.Gly33Ser,c.97G>A,missense_variant,segdup,3,79400,3.77833753148615E-05,0,0,0,4210,0,0,0,13616,0,0,0,1650,0,0,3,5896,0,0,0,11882,0,0,0,27386,0,0,0,1540,0,0,0,13220,0,0
3,49395624,rs1389422561,C,G,gnomAD Exomes,PASS,NA,p.Val30Leu,p.Val30Leu,c.88G>C,missense_variant,segdup,1,72930,1.37117784176608E-05,0,0,0,3710,0,0,1,12906,0,0,0,1556,0,0,0,5164,0,0,0,11656,0,0,0,23872,0,0,0,1452,0,0,0,12614,0,0
3,49395626,rs1447481570,G,A,gnomAD Exomes,PASS,NA,p.Pro29Leu,p.Pro29Leu,c.86C>T,missense_variant,segdup,1,71832,1.39213720904332E-05,0,0,0,3610,0,0,1,12800,0,0,0,1538,0,0,0,5044,0,0,0,11610,0,0,0,23274,0,0,0,1438,0,0,0,12518,0,0
3,49395627,rs536399294,G,T,"gnomAD Exomes,gnomAD Genomes",PASS,PASS,p.Pro29Thr,p.Pro29Thr,c.85C>A,missense_variant,segdup,3,81204,3.69439929067534E-05,0,0,3,6026,0,0,0,12922,0,0,0,1560,0,0,0,5792,0,0,0,12712,0,0,0,27998,0,0,0,1842,0,0,0,12352,0,0
3,49395630,rs1427609286,C,A,gnomAD Exomes,PASS,NA,p.Glu28Ter,p.Glu28Ter,c.82G>T,stop_gained,segdup,0,69956,0,0,0,0,3428,0,0,0,12650,0,0,0,1520,0,0,0,4798,0,0,0,11526,0,0,0,22338,0,0,0,1420,0,0,0,12276,0,0
3,49395633,rs1333686162,C,G,gnomAD Exomes,PASS,NA,p.Gly27Arg,p.Gly27Arg,c.79G>C,missense_variant,segdup,1,68222,1.46580282020463E-05,0,0,0,3242,0,0,0,12502,0,0,0,1498,0,0,0,4606,0,0,1,11466,0,0,0,21494,0,0,0,1382,0,0,0,12032,0,0
3,49395635,rs1437320089,C,G,gnomAD Exomes,PASS,NA,p.Gly26Ala,p.Gly26Ala,c.77G>C,missense_variant,segdup,1,68302,1.46408597112822E-05,0,0,1,3256,0,0,0,12518,0,0,0,1502,0,0,0,4620,0,0,0,11482,0,0,0,21500,0,0,0,1386,0,0,0,12038,0,0
3,49395635,rs1437320089,C,T,gnomAD Exomes,PASS,NA,p.Gly26Asp,p.Gly26Asp,c.77G>A,missense_variant,segdup,1,68302,1.46408597112822E-05,0,0,0,3256,0,0,0,12518,0,0,0,1502,0,0,0,4620,0,0,0,11482,0,0,0,21500,0,0,0,1386,0,0,1,12038,0,0
3,49395644,rs548384931,G,A,gnomAD Exomes,PASS,NA,p.Pro23Leu,p.Pro23Leu,c.68C>T,missense_variant,segdup,2,65438,3.05632812738776E-05,0,0,0,2918,0,0,0,12330,0,0,0,1472,0,0,1,4318,0,0,0,11320,0,0,1,20106,0,0,0,1356,0,0,0,11618,0,0
3,49395644,rs548384931,G,T,"gnomAD Exomes,gnomAD Genomes",PASS,PASS,p.Pro23Gln,p.Pro23Gln,c.68C>A,missense_variant,segdup,12,76000,0.000157894736842,0,0,9,5434,0,0,3,12576,0,0,0,1510,0,0,0,5200,0,0,0,12476,0,0,0,25418,0,0,0,1768,0,0,0,11618,0,0
3,49395654,rs1345354331,A,T,gnomAD Exomes,PASS,NA,p.Ser20Thr,p.Ser20Thr,c.58T>A,missense_variant,segdup,1,63654,1.57099318188959E-05,0,0,0,2704,0,0,0,12228,0,0,0,1452,0,0,0,4108,0,0,0,11106,0,0,1,19370,0,0,0,1338,0,0,0,11348,0,0
3,49395659,rs772928172,G,A,gnomAD Exomes,PASS,NA,p.Ala18Val,p.Ala18Val,c.53C>T,missense_variant,segdup,2,56516,3.53882086488782E-05,0,0,0,2444,0,0,1,8776,0,0,0,1366,0,0,0,3246,0,0,0,10798,0,0,0,18568,0,0,0,1204,0,0,1,10114,0,0
3,49395660,rs762298249,C,T,gnomAD Exomes,PASS,NA,p.Ala18Thr,p.Ala18Thr,c.52G>A,missense_variant,segdup,0,55026,0,0,0,0,2396,0,0,0,8302,0,0,0,1346,0,0,0,3052,0,0,0,10628,0,0,0,18268,0,0,0,1184,0,0,0,9850,0,0
3,49395660,rs762298249,C,A,gnomAD Exomes,PASS,NA,p.Ala18Ser,p.Ala18Ser,c.52G>T,missense_variant,segdup,1,55026,1.81732272016865E-05,0,0,0,2396,0,0,0,8302,0,0,0,1346,0,0,0,3052,0,0,0,10628,0,0,1,18268,0,0,0,1184,0,0,0,9850,0,0
3,49395662,rs535489605,T,G,gnomAD Exomes,PASS,NA,p.Tyr17Ser,p.Tyr17Ser,c.50A>C,missense_variant,segdup,1,53768,1.8598422853742E-05,0,0,0,2350,0,0,0,7930,0,0,0,1322,0,0,0,2930,0,0,0,10462,0,0,0,18052,0,0,0,1160,0,0,1,9562,0,0
3,49395665,rs1247080954,A,T,gnomAD Exomes,PASS,NA,p.Val16Glu,p.Val16Glu,c.47T>A,missense_variant,segdup,1,48118,2.07822436510246E-05,0,0,0,2168,0,0,1,6696,0,0,0,1178,0,0,0,2544,0,0,0,9574,0,0,0,16776,0,0,0,1058,0,0,0,8124,0,0
3,49395671,rs1427403625,TGGGC,T,gnomAD Genomes,NA,PASS,p.Ala13SerfsTer17,p.Ala13SerfsTer17,c.37_40delGCCC,frameshift_variant,segdup,1,4540,0.000220264317181,0,0,0,1208,0,0,0,92,0,0,0,18,0,0,0,38,0,0,0,462,0,0,1,2560,0,0,0,162,0,0,0,0,0,0
3,49395673,rs774884827,G,GGCC,"gnomAD Exomes,gnomAD Genomes",PASS,PASS,p.Ala13dup,p.Ala13dup,c.36_38dupGGC,inframe_insertion,segdup,5,52836,9.4632447573624E-05,0,0,2,4606,0,0,0,7090,0,0,0,1018,0,0,0,4394,0,0,1,8982,0,0,1,19144,0,0,0,1390,0,0,1,6212,0,0
3,49395673,rs774884827,G,GGCCGCC,"gnomAD Exomes,gnomAD Genomes",PASS,PASS,p.Ala12_Ala13dup,p.Ala12_Ala13dup,c.33_38dupGGCGGC,inframe_insertion,segdup,1,52836,1.89264895147248E-05,0,0,0,4606,0,0,0,7090,0,0,0,1018,0,0,0,4394,0,0,0,8982,0,0,0,19144,0,0,1,1390,0,0,0,6212,0,0
3,49395673,rs774884827,GGCC,G,"gnomAD Exomes,gnomAD Genomes",PASS,PASS,p.Ala13del,p.Ala13del,c.36_38delGGC,inframe_deletion,segdup,21196,52836,0.401165871754107,6547,0,1424,4606,244,0,2035,7090,584,0,578,1018,210,0,214,4394,16,0,5728,8982,2027,0,7315,19144,1962,0,531,1390,141,0,3371,6212,1363,0
3,49395673,rs774884827,GGCCGCC,G,"gnomAD Exomes,gnomAD Genomes",PASS,PASS,p.Ala12_Ala13del,p.Ala12_Ala13del,c.33_38delGGCGGC,inframe_deletion,segdup,17864,52836,0.338102808691044,5598,0,1882,4606,404,0,3495,7090,1249,0,100,1018,20,0,4150,4394,1971,0,1264,8982,179,0,4844,19144,1086,0,471,1390,118,0,1658,6212,571,0
3,49395673,rs774884827,GGCCGCCGCC,G,gnomAD Exomes,PASS,NA,p.Ala11_Ala13del,p.Ala11_Ala13del,c.30_38delGGCGGCGGC,inframe_deletion,segdup,4,42296,9.45715906941555E-05,0,0,0,2072,0,0,1,6844,0,0,0,990,0,0,1,3490,0,0,1,7828,0,0,0,13864,0,0,0,996,0,0,1,6212,0,0
3,49395677,rs925964922,G,A,gnomAD Exomes,PASS,NA,p.Ala12Val,p.Ala12Val,c.35C>T,missense_variant,segdup,0,23542,0,0,0,0,1476,0,0,0,5108,0,0,0,312,0,0,0,3660,0,0,0,2396,0,0,0,6940,0,0,0,598,0,0,0,3052,0,0
3,49395683,rs1043210477,G,A,gnomAD Genomes,NA,PASS,p.Ala10Val,p.Ala10Val,c.29C>T,missense_variant,segdup,1,10778,9.2781592132121E-05,0,0,0,2566,0,0,1,244,0,0,0,36,0,0,0,912,0,0,0,1162,0,0,0,5448,0,0,0,410,0,0,0,0,0,0
3,49395691,rs1372045894,CGCT,C,gnomAD Genomes,NA,PASS,p.Ala13del,p.Ala13del,c.18_20delAGC,inframe_deletion,segdup,1,10608,9.42684766214178E-05,0,0,0,2494,0,0,0,246,0,0,0,38,0,0,0,906,0,0,0,1152,0,0,0,5368,0,0,1,404,0,0,0,0,0,0
3,49395693,rs1332069981,C,A,gnomAD Exomes,PASS,NA,p.Ala7Ser,p.Ala7Ser,c.19G>T,missense_variant,segdup,2,53764,3.71996131240235E-05,0,0,0,2412,0,0,2,10296,0,0,0,1174,0,0,0,3774,0,0,0,10070,0,0,0,16132,0,0,0,1184,0,0,0,8722,0,0
3,49395695,rs1436141275,A,G,gnomAD Exomes,PASS,NA,p.Leu6Pro,p.Leu6Pro,c.17T>C,missense_variant,segdup,2,56250,3.55555555555555E-05,0,0,0,2494,0,0,0,10680,0,0,1,1268,0,0,0,3842,0,0,0,10674,0,0,0,16846,0,0,0,1216,0,0,1,9230,0,0
3,49395698,rs8179169,C,G,"gnomAD Exomes,gnomAD Genomes",PASS,PASS,p.Arg5Pro,p.Arg5Pro,c.14G>C,missense_variant,segdup,239,67674,0.003531636965452,2,0,157,5102,2,0,26,10988,0,0,4,1300,0,0,0,4796,0,0,0,11942,0,0,7,22506,0,0,1,1648,0,0,44,9392,0,0
3,49395702,rs765320088,C,T,gnomAD Genomes,NA,PASS,p.Ala4Thr,p.Ala4Thr,c.10G>A,missense_variant,segdup,1,10870,9.19963201471941E-05,0,0,0,2572,0,0,0,246,0,0,0,38,0,0,0,916,0,0,0,1160,0,0,1,5514,0,0,0,424,0,0,0,0,0,0
3,49395704,rs892235577,G,A,"gnomAD Exomes,gnomAD Genomes",PASS,PASS,p.Ala3Val,p.Ala3Val,c.8C>T,missense_variant,segdup,2,68534,2.91825955000438E-05,0,0,2,5126,0,0,0,11258,0,0,0,1320,0,0,0,4842,0,0,0,12032,0,0,0,22626,0,0,0,1662,0,0,0,9668,0,0
3,49395711,rs1450843244,T,C,gnomAD Exomes,PASS,NA,p.Met1?,p.Met1?,c.1A>G,start_lost,segdup,1,57960,1.72532781228433E-05,0,0,0,2564,0,0,0,10974,0,0,0,1260,0,0,1,3964,0,0,0,10992,0,0,0,17124,0,0,0,1244,0,0,0,9838,0,0
3,49395711,rs1450843244,T,A,gnomAD Exomes,PASS,NA,p.Met1?,p.Met1?,c.1A>T,start_lost,segdup,1,57960,1.72532781228433E-05,0,0,0,2564,0,0,0,10974,0,0,0,1260,0,0,0,3964,0,0,0,10992,0,0,1,17124,0,0,0,1244,0,0,0,9838,0,0
