Chromosome,Position,rsID,Reference,Alternate,Source,Filters - exomes,Filters - genomes,Consequence,Protein Consequence,Transcript Consequence,Annotation,Flags,Allele Count,Allele Number,Allele Frequency,Homozygote Count,Hemizygote Count,Allele Count African,Allele Number African,Homozygote Count African,Hemizygote Count African,Allele Count Latino,Allele Number Latino,Homozygote Count Latino,Hemizygote Count Latino,Allele Count Ashkenazi Jewish,Allele Number Ashkenazi Jewish,Homozygote Count Ashkenazi Jewish,Hemizygote Count Ashkenazi Jewish,Allele Count East Asian,Allele Number East Asian,Homozygote Count East Asian,Hemizygote Count East Asian,Allele Count European (Finnish),Allele Number European (Finnish),Homozygote Count European (Finnish),Hemizygote Count European (Finnish),Allele Count European (non-Finnish),Allele Number European (non-Finnish),Homozygote Count European (non-Finnish),Hemizygote Count European (non-Finnish),Allele Count Other,Allele Number Other,Homozygote Count Other,Hemizygote Count Other,Allele Count South Asian,Allele Number South Asian,Homozygote Count South Asian,Hemizygote Count South Asian
5,77298730,rs749861794,C,G,gnomAD Exomes,PASS,NA,p.Gly1094Ala,p.Gly1094Ala,c.3281G>C,missense_variant,,1,109408,9.14009944428195E-06,0,0,0,7164,0,0,0,17112,0,0,0,2320,0,0,0,9046,0,0,0,13394,0,0,1,42768,0,0,0,1914,0,0,0,15690,0,0
5,77298746,rs137901104,G,C,gnomAD Exomes,PASS,NA,p.Pro1089Ala,p.Pro1089Ala,c.3265C>G,missense_variant,,1,109408,9.14009944428195E-06,0,0,0,7164,0,0,0,17112,0,0,0,2320,0,0,1,9046,0,0,0,13394,0,0,0,42768,0,0,0,1914,0,0,0,15690,0,0
5,77298757,rs151028592,C,T,"gnomAD Exomes,gnomAD Genomes",PASS,PASS,p.Arg1085Gln,p.Arg1085Gln,c.3254G>A,missense_variant,,4,120278,3.32562895957698E-05,0,0,1,9736,0,0,1,17358,0,0,0,2358,0,0,0,9960,0,0,0,14556,0,0,1,48282,0,0,0,2338,0,0,1,15690,0,0
5,77298773,,C,T,gnomAD Exomes,PASS,NA,p.Gly1080Ser,p.Gly1080Ser,c.3238G>A,missense_variant,,1,109408,9.14009944428195E-06,0,0,0,7164,0,0,0,17112,0,0,0,2320,0,0,0,9046,0,0,0,13394,0,0,1,42768,0,0,0,1914,0,0,0,15690,0,0
5,77298788,rs1196310058,C,T,gnomAD Exomes,PASS,NA,p.Glu1075Lys,p.Glu1075Lys,c.3223G>A,missense_variant,,1,109406,9.14026653017202E-06,0,0,0,7164,0,0,1,17112,0,0,0,2320,0,0,0,9046,0,0,0,13394,0,0,0,42766,0,0,0,1914,0,0,0,15690,0,0
5,77298797,rs760735640,T,C,gnomAD Exomes,PASS,NA,p.Ile1072Val,p.Ile1072Val,c.3214A>G,missense_variant,,1,109408,9.14009944428195E-06,0,0,0,7164,0,0,0,17112,0,0,0,2320,0,0,0,9046,0,0,0,13394,0,0,1,42768,0,0,0,1914,0,0,0,15690,0,0
5,77298809,rs1418082372,C,T,gnomAD Exomes,PASS,NA,p.Ala1068Thr,p.Ala1068Thr,c.3202G>A,missense_variant,,1,109402,9.14060072027934E-06,0,0,0,7162,0,0,1,17112,0,0,0,2320,0,0,0,9046,0,0,0,13390,0,0,0,42768,0,0,0,1914,0,0,0,15690,0,0
5,77298812,rs1297756141,T,C,gnomAD Exomes,PASS,NA,p.Thr1067Ala,p.Thr1067Ala,c.3199A>G,missense_variant,,1,109406,9.14026653017202E-06,0,0,1,7164,0,0,0,17112,0,0,0,2320,0,0,0,9046,0,0,0,13394,0,0,0,42766,0,0,0,1914,0,0,0,15690,0,0
5,77298814,rs764100439,G,A,"gnomAD Exomes,gnomAD Genomes",PASS,PASS,p.Ser1066Phe,p.Ser1066Phe,c.3197C>T,missense_variant,,9,120286,7.48216750078978E-05,0,0,0,9736,0,0,0,17358,0,0,0,2358,0,0,9,9962,0,0,0,14556,0,0,0,48288,0,0,0,2338,0,0,0,15690,0,0
5,77298817,rs761729448,C,T,gnomAD Exomes,PASS,NA,p.Gly1065Asp,p.Gly1065Asp,c.3194G>A,missense_variant,,4,109406,3.65610661206881E-05,0,0,0,7164,0,0,4,17112,0,0,0,2320,0,0,0,9046,0,0,0,13392,0,0,0,42768,0,0,0,1914,0,0,0,15690,0,0
5,77298826,rs1350945794,A,T,gnomAD Exomes,PASS,NA,p.Leu1062Gln,p.Leu1062Gln,c.3185T>A,missense_variant,,1,109408,9.14009944428195E-06,0,0,0,7164,0,0,0,17112,0,0,0,2320,0,0,0,9046,0,0,0,13394,0,0,1,42768,0,0,0,1914,0,0,0,15690,0,0
5,77298829,rs755664373,T,C,gnomAD Exomes,PASS,NA,p.Glu1061Gly,p.Glu1061Gly,c.3182A>G,missense_variant,,2,109408,1.82801988885639E-05,0,0,0,7164,0,0,0,17112,0,0,0,2320,0,0,0,9046,0,0,0,13394,0,0,0,42768,0,0,0,1914,0,0,2,15690,0,0
5,77298830,rs779663529,C,T,gnomAD Exomes,PASS,NA,p.Glu1061Lys,p.Glu1061Lys,c.3181G>A,missense_variant,,1,109406,9.14026653017202E-06,0,0,0,7164,0,0,0,17112,0,0,0,2320,0,0,1,9046,0,0,0,13392,0,0,0,42768,0,0,0,1914,0,0,0,15690,0,0
5,77298843,rs535976982,C,A,gnomAD Exomes,PASS,NA,p.Met1056Ile,p.Met1056Ile,c.3168G>T,missense_variant,,1,109396,9.1411020512633E-06,0,0,0,7164,0,0,0,17112,0,0,0,2320,0,0,1,9046,0,0,0,13384,0,0,0,42768,0,0,0,1914,0,0,0,15688,0,0
5,77298846,rs1437832728,CA,C,gnomAD Exomes,PASS,NA,p.Leu1055Ter,p.Leu1055Ter,c.3164delT,frameshift_variant,,1,109402,9.14060072027934E-06,0,0,0,7164,0,0,0,17112,0,0,0,2320,0,0,0,9046,0,0,0,13388,0,0,0,42768,0,0,0,1914,0,0,1,15690,0,0
5,77298853,rs777824071,C,T,gnomAD Exomes,PASS,NA,p.Gly1053Glu,p.Gly1053Glu,c.3158G>A,missense_variant,,1,109394,9.14126917381209E-06,0,0,0,7162,0,0,0,17112,0,0,0,2320,0,0,0,9046,0,0,0,13386,0,0,0,42766,0,0,0,1914,0,0,1,15688,0,0
5,77298854,rs546653512,C,A,gnomAD Exomes,PASS,NA,p.Gly1053Trp,p.Gly1053Trp,c.3157G>T,missense_variant,,1,109396,9.1411020512633E-06,0,0,1,7162,0,0,0,17112,0,0,0,2320,0,0,0,9046,0,0,0,13386,0,0,0,42766,0,0,0,1914,0,0,0,15690,0,0
5,77298875,rs776628092,C,T,gnomAD Exomes,PASS,NA,p.Ala1046Thr,p.Ala1046Thr,c.3136G>A,missense_variant,,2,109354,1.82892258170712E-05,0,0,1,7160,0,0,1,17104,0,0,0,2320,0,0,0,9046,0,0,0,13362,0,0,0,42760,0,0,0,1914,0,0,0,15688,0,0
5,77298883,rs746740092,G,C,gnomAD Exomes,PASS,NA,p.Phe150Leu,p.Phe150Leu,c.449C>G,missense_variant,,1,109260,9.15248032216731E-06,0,0,0,7156,0,0,0,17088,0,0,0,2320,0,0,0,9046,0,0,0,13308,0,0,1,42748,0,0,0,1910,0,0,0,15684,0,0
5,77298897,rs768467649,G,C,gnomAD Exomes,PASS,NA,p.Leu146Val,p.Leu146Val,c.435C>G,missense_variant,,1,109046,9.17044183188746E-06,0,0,0,7148,0,0,0,17090,0,0,0,2320,0,0,0,9042,0,0,0,13114,0,0,0,42740,0,0,0,1910,0,0,1,15682,0,0
5,77298902,rs767395436,C,G,gnomAD Exomes,PASS,NA,c.431-1G>C,,c.431-1G>C,splice_acceptor_variant,,1,108840,9.18779860345461E-06,0,0,0,7144,0,0,0,17088,0,0,0,2320,0,0,1,9042,0,0,0,12946,0,0,0,42716,0,0,0,1906,0,0,0,15678,0,0
5,77298902,rs767395436,C,T,gnomAD Exomes,PASS,NA,c.431-1G>A,,c.431-1G>A,splice_acceptor_variant,,1,108840,9.18779860345461E-06,0,0,1,7144,0,0,0,17088,0,0,0,2320,0,0,0,9042,0,0,0,12946,0,0,0,42716,0,0,0,1906,0,0,0,15678,0,0
5,77311233,rs766116144,C,T,gnomAD Exomes,PASS,NA,c.3131+1G>A,,c.3131+1G>A,splice_donor_variant,,4,109394,3.65650766952484E-05,0,0,0,7162,0,0,2,17112,0,0,0,2320,0,0,0,9046,0,0,0,13388,0,0,0,42762,0,0,0,1914,0,0,2,15690,0,0
5,77311246,rs758933782,T,A,gnomAD Exomes,PASS,NA,p.Asp1040Val,p.Asp1040Val,c.3119A>T,missense_variant,,1,109392,9.14143630247184E-06,0,0,0,7162,0,0,0,17112,0,0,0,2320,0,0,1,9046,0,0,0,13386,0,0,0,42762,0,0,0,1914,0,0,0,15690,0,0
5,77311247,rs764848036,C,G,gnomAD Exomes,PASS,NA,p.Asp1040His,p.Asp1040His,c.3118G>C,missense_variant,,4,109392,3.65657452098874E-05,1,0,0,7162,0,0,0,17112,0,0,0,2320,0,0,0,9046,0,0,0,13386,0,0,4,42762,1,0,0,1914,0,0,0,15690,0,0
5,77311250,rs914405574,G,T,gnomAD Exomes,PASS,NA,p.Gln1039Lys,p.Gln1039Lys,c.3115C>A,missense_variant,,2,109392,1.82828726049437E-05,0,0,0,7162,0,0,0,17112,0,0,0,2320,0,0,0,9046,0,0,0,13386,0,0,2,42762,0,0,0,1914,0,0,0,15690,0,0
5,77311268,rs758895536,C,T,gnomAD Exomes,PASS,NA,p.Gly1033Ser,p.Gly1033Ser,c.3097G>A,missense_variant,,1,109398,9.14093493482513E-06,0,0,0,7162,0,0,0,17112,0,0,0,2320,0,0,0,9046,0,0,0,13390,0,0,1,42764,0,0,0,1914,0,0,0,15690,0,0
5,77311273,rs764601104,T,C,gnomAD Exomes,PASS,NA,p.Asn1031Ser,p.Asn1031Ser,c.3092A>G,missense_variant,,1,109400,9.14076782449726E-06,0,0,0,7162,0,0,0,17112,0,0,0,2320,0,0,1,9046,0,0,0,13390,0,0,0,42766,0,0,0,1914,0,0,0,15690,0,0
5,77311312,rs756314568,G,A,gnomAD Exomes,PASS,NA,p.Thr1018Ile,p.Thr1018Ile,c.3053C>T,missense_variant,,1,109400,9.14076782449726E-06,0,0,0,7162,0,0,0,17112,0,0,0,2320,0,0,0,9046,0,0,0,13392,0,0,1,42764,0,0,0,1914,0,0,0,15690,0,0
5,77311316,rs1208091149,A,T,gnomAD Exomes,PASS,NA,p.Phe1017Ile,p.Phe1017Ile,c.3049T>A,missense_variant,,2,109398,1.82818698696503E-05,0,0,0,7162,0,0,0,17112,0,0,0,2320,0,0,0,9046,0,0,0,13392,0,0,0,42764,0,0,0,1912,0,0,2,15690,0,0
5,77311321,rs780143358,T,C,gnomAD Exomes,PASS,NA,p.Gln1015Arg,p.Gln1015Arg,c.3044A>G,missense_variant,,2,109396,1.82822041025266E-05,0,0,0,7160,0,0,2,17112,0,0,0,2320,0,0,0,9046,0,0,0,13392,0,0,0,42764,0,0,0,1912,0,0,0,15690,0,0
5,77311325,rs772075926,G,A,gnomAD Exomes,PASS,NA,p.Pro1014Ser,p.Pro1014Ser,c.3040C>T,missense_variant,,1,109384,9.14210487822716E-06,0,0,0,7156,0,0,1,17110,0,0,0,2320,0,0,0,9046,0,0,0,13386,0,0,0,42764,0,0,0,1912,0,0,0,15690,0,0
5,77311331,rs773340562,C,A,gnomAD Exomes,PASS,NA,p.Ala1012Ser,p.Ala1012Ser,c.3034G>T,missense_variant,,3,109340,2.74373513810133E-05,0,0,0,7108,0,0,0,17108,0,0,0,2320,0,0,0,9046,0,0,0,13392,0,0,3,42762,0,0,0,1914,0,0,0,15690,0,0
5,77311331,rs773340562,C,T,gnomAD Exomes,PASS,NA,p.Ala1012Thr,p.Ala1012Thr,c.3034G>A,missense_variant,,1,109340,9.14578379367112E-06,0,0,0,7108,0,0,0,17108,0,0,0,2320,0,0,0,9046,0,0,0,13392,0,0,0,42762,0,0,0,1914,0,0,1,15690,0,0
5,77311337,rs1477333254,T,C,gnomAD Exomes,PASS,NA,p.Ile1010Val,p.Ile1010Val,c.3028A>G,missense_variant,,1,109276,9.15114023207292E-06,0,0,0,7046,0,0,1,17110,0,0,0,2320,0,0,0,9046,0,0,0,13388,0,0,0,42762,0,0,0,1914,0,0,0,15690,0,0
5,77311339,rs111935323,ACAG,A,"gnomAD Exomes,gnomAD Genomes",PASS,PASS,p.Ala1008del,p.Ala1008del,c.3023_3025delCTG,inframe_deletion,,1341,120270,0.011149912696433,76,0,1224,9732,75,0,88,17358,1,0,2,2358,0,0,0,9960,0,0,0,14550,0,0,20,48284,0,0,7,2338,0,0,0,15690,0,0
5,77311340,rs1374675146,C,T,gnomAD Exomes,PASS,NA,p.Val1009Ile,p.Val1009Ile,c.3025G>A,missense_variant,,1,109392,9.14143630247184E-06,0,0,0,7160,0,0,0,17112,0,0,0,2320,0,0,0,9046,0,0,0,13388,0,0,1,42762,0,0,0,1914,0,0,0,15690,0,0
5,77311370,rs146503597,C,T,"gnomAD Exomes,gnomAD Genomes",PASS,PASS,p.Val999Met,p.Val999Met,c.2995G>A,missense_variant,,462,120192,0.003843849840256,3,0,15,9724,0,0,78,17352,2,0,0,2358,0,0,0,9958,0,0,49,14522,0,0,301,48260,1,0,14,2334,0,0,5,15684,0,0
5,77316521,rs746992047,T,C,gnomAD Exomes,PASS,NA,p.Glu996Gly,p.Glu996Gly,c.2987A>G,missense_variant,,2,109054,1.83395382104279E-05,0,0,0,7156,0,0,0,17056,0,0,0,2320,0,0,0,9042,0,0,0,13180,0,0,0,42718,0,0,0,1910,0,0,2,15672,0,0
5,77316548,rs150453581,G,A,gnomAD Exomes,PASS,NA,p.Ala987Val,p.Ala987Val,c.2960C>T,missense_variant,,3,109102,2.74972044508808E-05,0,0,0,7158,0,0,0,17072,0,0,0,2320,0,0,0,9040,0,0,0,13178,0,0,3,42742,0,0,0,1908,0,0,0,15684,0,0
5,77316561,rs745653147,G,T,gnomAD Exomes,PASS,NA,p.Leu983Ile,p.Leu983Ile,c.2947C>A,missense_variant,,4,109076,3.66716784627232E-05,0,0,0,7160,0,0,4,17070,0,0,0,2320,0,0,0,9038,0,0,0,13156,0,0,0,42740,0,0,0,1908,0,0,0,15684,0,0
5,77316561,rs745653147,G,A,gnomAD Exomes,PASS,NA,p.Leu983Phe,p.Leu983Phe,c.2947C>T,missense_variant,,1,109076,9.16791961568081E-06,0,0,0,7160,0,0,0,17070,0,0,0,2320,0,0,0,9038,0,0,0,13156,0,0,0,42740,0,0,0,1908,0,0,1,15684,0,0
5,77316566,rs775073514,T,A,gnomAD Exomes,PASS,NA,p.Glu981Val,p.Glu981Val,c.2942A>T,missense_variant,,1,109106,9.1653987865012E-06,0,0,0,7160,0,0,0,17076,0,0,0,2320,0,0,1,9036,0,0,0,13172,0,0,0,42748,0,0,0,1908,0,0,0,15686,0,0
5,77316587,rs768204199,T,C,gnomAD Exomes,PASS,NA,p.Asn974Ser,p.Asn974Ser,c.2921A>G,missense_variant,,1,108944,9.17902775737994E-06,0,0,0,7162,0,0,0,17076,0,0,0,2320,0,0,0,9038,0,0,0,13020,0,0,1,42740,0,0,0,1906,0,0,0,15682,0,0
5,77316590,rs773877723,A,G,gnomAD Exomes,PASS,NA,p.Val973Ala,p.Val973Ala,c.2918T>C,missense_variant,,1,108892,9.18341108621386E-06,0,0,0,7160,0,0,0,17080,0,0,0,2320,0,0,0,9038,0,0,0,12970,0,0,0,42732,0,0,0,1906,0,0,1,15686,0,0
5,77316593,rs139968311,T,C,"gnomAD Exomes,gnomAD Genomes",PASS,PASS,p.Asn972Ser,p.Asn972Ser,c.2915A>G,missense_variant,,90,119758,0.000751515556372,0,0,49,9734,0,0,34,17324,0,0,0,2358,0,0,0,9956,0,0,1,14112,0,0,2,48258,0,0,4,2330,0,0,0,15686,0,0
5,77316605,rs761000168,T,C,gnomAD Exomes,PASS,NA,p.Asp968Gly,p.Asp968Gly,c.2903A>G,missense_variant,,1,108612,9.20708577321106E-06,0,0,0,7156,0,0,1,17066,0,0,0,2316,0,0,0,9034,0,0,0,12734,0,0,0,42722,0,0,0,1902,0,0,0,15682,0,0
5,77316608,rs766616397,T,C,"gnomAD Exomes,gnomAD Genomes",PASS,PASS,p.Lys967Arg,p.Lys967Arg,c.2900A>G,missense_variant,,2,119422,1.67473329872218E-05,0,0,2,9728,0,0,0,17308,0,0,0,2356,0,0,0,9952,0,0,0,13840,0,0,0,48232,0,0,0,2326,0,0,0,15680,0,0
5,77316611,rs369459422,G,T,gnomAD Exomes,PASS,NA,p.Thr966Asn,p.Thr966Asn,c.2897C>A,missense_variant,,1,108348,9.22951969579503E-06,0,0,0,7152,0,0,1,17052,0,0,0,2320,0,0,0,9030,0,0,0,12512,0,0,0,42708,0,0,0,1902,0,0,0,15672,0,0
5,77330185,rs767460571,C,T,gnomAD Exomes,PASS,NA,p.Cys965Tyr,p.Cys965Tyr,c.2894G>A,missense_variant,,1,109330,9.14662032379036E-06,0,0,0,7152,0,0,0,17096,0,0,0,2320,0,0,0,9046,0,0,0,13392,0,0,1,42730,0,0,0,1914,0,0,0,15680,0,0
5,77330210,rs749089425,T,C,gnomAD Exomes,PASS,NA,p.Thr957Ala,p.Thr957Ala,c.2869A>G,missense_variant,,1,109348,9.14511467973808E-06,0,0,0,7158,0,0,0,17102,0,0,0,2318,0,0,0,9042,0,0,0,13392,0,0,1,42740,0,0,0,1914,0,0,0,15682,0,0
5,77330234,rs754568955,T,C,gnomAD Exomes,PASS,NA,p.Met949Val,p.Met949Val,c.2845A>G,missense_variant,,4,109332,3.65858120220978E-05,0,0,1,7152,0,0,3,17102,0,0,0,2318,0,0,0,9042,0,0,0,13392,0,0,0,42734,0,0,0,1912,0,0,0,15680,0,0
5,77330240,rs1270601347,C,G,gnomAD Exomes,PASS,NA,p.Val947Leu,p.Val947Leu,c.2839G>C,missense_variant,,1,109338,9.14595108745358E-06,0,0,0,7156,0,0,1,17100,0,0,0,2318,0,0,0,9044,0,0,0,13392,0,0,0,42734,0,0,0,1912,0,0,0,15682,0,0
5,77330254,rs1011352235,T,G,gnomAD Exomes,PASS,NA,p.Glu942Ala,p.Glu942Ala,c.2825A>C,missense_variant,,1,109318,9.1476243619532E-06,0,0,0,7152,0,0,0,17090,0,0,0,2320,0,0,0,9046,0,0,0,13390,0,0,1,42728,0,0,0,1914,0,0,0,15678,0,0
5,77334870,rs777107402,T,C,gnomAD Exomes,PASS,NA,p.Ile936Val,p.Ile936Val,c.2806A>G,missense_variant,,2,108282,1.84702905376702E-05,0,0,0,7142,0,0,0,16810,0,0,0,2286,0,0,0,9024,0,0,0,13352,0,0,0,42536,0,0,0,1898,0,0,2,15234,0,0
5,77334893,rs771283896,A,G,gnomAD Exomes,PASS,NA,p.Met928Thr,p.Met928Thr,c.2783T>C,missense_variant,,2,108764,1.83884373505939E-05,0,0,0,7156,0,0,0,16906,0,0,0,2306,0,0,0,9044,0,0,0,13374,0,0,0,42690,0,0,0,1904,0,0,2,15384,0,0
5,77334894,rs777332984,T,C,gnomAD Exomes,PASS,NA,p.Met928Val,p.Met928Val,c.2782A>G,missense_variant,,1,108826,9.18898057449506E-06,0,0,0,7154,0,0,1,16930,0,0,0,2306,0,0,0,9044,0,0,0,13382,0,0,0,42702,0,0,0,1904,0,0,0,15404,0,0
5,77334897,rs746205404,C,T,gnomAD Exomes,PASS,NA,p.Gly927Ser,p.Gly927Ser,c.2779G>A,missense_variant,,8,109042,7.33662258579263E-05,0,0,0,7160,0,0,0,16988,0,0,0,2308,0,0,8,9040,0,0,0,13384,0,0,0,42704,0,0,0,1910,0,0,0,15548,0,0
5,77334899,rs770332717,A,G,gnomAD Exomes,PASS,NA,p.Ile926Thr,p.Ile926Thr,c.2777T>C,missense_variant,,2,109080,1.83351668500183E-05,0,0,0,7160,0,0,0,16994,0,0,0,2316,0,0,0,9042,0,0,0,13386,0,0,1,42718,0,0,0,1910,0,0,1,15554,0,0
5,77334900,rs558325834,T,C,gnomAD Exomes,PASS,NA,p.Ile926Val,p.Ile926Val,c.2776A>G,missense_variant,,3,109060,2.75077938749312E-05,0,0,0,7156,0,0,0,16988,0,0,0,2316,0,0,0,9042,0,0,0,13382,0,0,1,42726,0,0,0,1910,0,0,2,15540,0,0
5,77334907,rs201179527,T,G,gnomAD Exomes,PASS,NA,p.Lys923Asn,p.Lys923Asn,c.2769A>C,missense_variant,,82,108452,0.000756094862243,0,0,0,7148,0,0,0,16838,0,0,0,2288,0,0,0,9018,0,0,0,13342,0,0,0,42564,0,0,2,1898,0,0,80,15356,0,0
5,77334909,rs200985176,T,C,gnomAD Exomes,PASS,NA,p.Lys923Glu,p.Lys923Glu,c.2767A>G,missense_variant,,1,109042,9.17077823224079E-06,0,0,0,7160,0,0,0,16986,0,0,0,2314,0,0,0,9044,0,0,0,13390,0,0,1,42742,0,0,0,1912,0,0,0,15494,0,0
5,77334912,rs574048736,T,C,gnomAD Exomes,PASS,NA,p.Lys922Glu,p.Lys922Glu,c.2764A>G,missense_variant,,1,109028,9.17195582786073E-06,0,0,0,7160,0,0,0,16980,0,0,0,2314,0,0,1,9044,0,0,0,13392,0,0,0,42740,0,0,0,1912,0,0,0,15486,0,0
5,77334914,rs753810749,T,C,"gnomAD Exomes,gnomAD Genomes",PASS,PASS,p.Glu921Gly,p.Glu921Gly,c.2762A>G,missense_variant,,6,119902,5.00408667078114E-05,0,0,0,9732,0,0,0,17222,0,0,0,2352,0,0,0,9958,0,0,0,14554,0,0,6,48258,0,0,0,2336,0,0,0,15490,0,0
5,77334947,rs1245105235,G,A,gnomAD Exomes,PASS,NA,p.Thr910Ile,p.Thr910Ile,c.2729C>T,missense_variant,,1,109376,9.14277355178467E-06,0,0,0,7162,0,0,0,17094,0,0,0,2320,0,0,0,9046,0,0,0,13394,0,0,1,42764,0,0,0,1914,0,0,0,15682,0,0
5,77334956,rs561977108,T,C,gnomAD Exomes,PASS,NA,p.Asn907Ser,p.Asn907Ser,c.2720A>G,missense_variant,,1,109400,9.14076782449726E-06,0,0,0,7164,0,0,0,17108,0,0,0,2320,0,0,0,9046,0,0,0,13394,0,0,0,42768,0,0,0,1914,0,0,1,15686,0,0
5,77334966,rs1158144064,T,C,gnomAD Exomes,PASS,NA,p.Ile904Val,p.Ile904Val,c.2710A>G,missense_variant,,1,109404,9.14043362217103E-06,0,0,0,7164,0,0,0,17110,0,0,0,2320,0,0,1,9046,0,0,0,13394,0,0,0,42768,0,0,0,1914,0,0,0,15688,0,0
5,77334990,rs1338111569,C,G,gnomAD Exomes,PASS,NA,p.Gly896Arg,p.Gly896Arg,c.2686G>C,missense_variant,,2,109402,1.82812014405587E-05,0,0,0,7164,0,0,0,17112,0,0,0,2318,0,0,0,9044,0,0,0,13392,0,0,2,42768,0,0,0,1914,0,0,0,15690,0,0
5,77335003,rs770455413,C,A,gnomAD Exomes,PASS,NA,p.Gln891His,p.Gln891His,c.2673G>T,missense_variant,,1,109408,9.14009944428195E-06,0,0,0,7164,0,0,0,17112,0,0,0,2320,0,0,0,9046,0,0,0,13394,0,0,1,42768,0,0,0,1914,0,0,0,15690,0,0
5,77335005,rs780503803,G,A,gnomAD Exomes,PASS,NA,p.Gln891Ter,p.Gln891Ter,c.2671C>T,stop_gained,,1,109406,9.14026653017202E-06,0,0,0,7164,0,0,0,17112,0,0,0,2320,0,0,0,9046,0,0,0,13392,0,0,0,42768,0,0,0,1914,0,0,1,15690,0,0
5,77335015,rs139344924,G,T,"gnomAD Exomes,gnomAD Genomes",PASS,PASS,p.Phe887Leu,p.Phe887Leu,c.2661C>A,missense_variant,,871,120256,0.007242881852049,7,0,11,9734,0,0,58,17358,0,0,3,2356,0,0,0,9962,0,0,39,14548,1,0,545,48272,3,0,22,2336,0,0,193,15690,3,0
5,77335025,rs1225801616,G,A,gnomAD Exomes,PASS,NA,p.Ala884Val,p.Ala884Val,c.2651C>T,missense_variant,,2,109408,1.82801988885639E-05,0,0,0,7164,0,0,0,17112,0,0,0,2320,0,0,0,9046,0,0,0,13394,0,0,2,42768,0,0,0,1914,0,0,0,15690,0,0
5,77335036,rs761764690,T,A,gnomAD Exomes,PASS,NA,p.Lys880Asn,p.Lys880Asn,c.2640A>T,missense_variant,,1,109406,9.14026653017202E-06,0,0,0,7164,0,0,0,17112,0,0,0,2320,0,0,0,9046,0,0,0,13392,0,0,1,42768,0,0,0,1914,0,0,0,15690,0,0
5,77335038,rs1265547691,T,G,gnomAD Exomes,PASS,NA,p.Lys880Gln,p.Lys880Gln,c.2638A>C,missense_variant,,1,109408,9.14009944428195E-06,0,0,0,7164,0,0,0,17112,0,0,0,2320,0,0,0,9046,0,0,0,13394,0,0,1,42768,0,0,0,1914,0,0,0,15690,0,0
5,77335047,rs1456457142,T,C,"gnomAD Exomes,gnomAD Genomes",PASS,PASS,p.Met877Val,p.Met877Val,c.2629A>G,missense_variant,,2,120276,1.6628421297682E-05,0,0,0,9738,0,0,0,17358,0,0,0,2358,0,0,0,9962,0,0,0,14554,0,0,1,48278,0,0,1,2338,0,0,0,15690,0,0
5,77335049,rs772186737,C,T,"gnomAD Exomes,gnomAD Genomes",PASS,PASS,p.Arg876Gln,p.Arg876Gln,c.2627G>A,missense_variant,,5,120262,4.15758926344149E-05,0,0,1,9736,0,0,0,17358,0,0,0,2358,0,0,0,9962,0,0,0,14552,0,0,4,48268,0,0,0,2338,0,0,0,15690,0,0
5,77335062,rs765162490,C,T,gnomAD Exomes,PASS,NA,p.Val872Met,p.Val872Met,c.2614G>A,missense_variant,,5,109408,4.57004972214098E-05,0,0,0,7164,0,0,4,17112,0,0,0,2320,0,0,0,9046,0,0,0,13394,0,0,0,42768,0,0,0,1914,0,0,1,15690,0,0
5,77335065,rs762861855,G,C,gnomAD Exomes,PASS,NA,p.His871Asp,p.His871Asp,c.2611C>G,missense_variant,,2,109408,1.82801988885639E-05,0,0,0,7164,0,0,0,17112,0,0,0,2320,0,0,0,9046,0,0,0,13394,0,0,2,42768,0,0,0,1914,0,0,0,15690,0,0
5,77335080,rs763647354,C,G,gnomAD Exomes,PASS,NA,p.Val866Leu,p.Val866Leu,c.2596G>C,missense_variant,,1,109408,9.14009944428195E-06,0,0,0,7164,0,0,0,17112,0,0,0,2320,0,0,0,9046,0,0,0,13394,0,0,1,42768,0,0,0,1914,0,0,0,15690,0,0
5,77335089,rs1056281695,G,A,gnomAD Exomes,PASS,NA,p.Pro863Ser,p.Pro863Ser,c.2587C>T,missense_variant,,1,109404,9.14043362217103E-06,0,0,0,7164,0,0,0,17112,0,0,0,2320,0,0,1,9046,0,0,0,13390,0,0,0,42768,0,0,0,1914,0,0,0,15690,0,0
5,77335091,rs146624866,G,A,"gnomAD Exomes,gnomAD Genomes",PASS,PASS,p.Thr862Ile,p.Thr862Ile,c.2585C>T,missense_variant,,204,120268,0.001696211793661,2,0,164,9738,2,0,20,17358,0,0,0,2358,0,0,0,9962,0,0,0,14554,0,0,1,48272,0,0,0,2336,0,0,19,15690,0,0
5,77335095,rs756994406,T,C,gnomAD Exomes,PASS,NA,p.Ser861Gly,p.Ser861Gly,c.2581A>G,missense_variant,,1,109406,9.14026653017202E-06,0,0,0,7164,0,0,1,17110,0,0,0,2320,0,0,0,9046,0,0,0,13394,0,0,0,42768,0,0,0,1914,0,0,0,15690,0,0
5,77385227,rs1226691111,G,A,gnomAD Exomes,PASS,NA,p.Ser856Leu,p.Ser856Leu,c.2567C>T,missense_variant,,1,109350,9.14494741655236E-06,0,0,0,7160,0,0,0,17100,0,0,0,2320,0,0,0,9040,0,0,0,13394,0,0,1,42742,0,0,0,1910,0,0,0,15684,0,0
5,77385245,rs1291245234,T,A,gnomAD Exomes,PASS,NA,p.His850Leu,p.His850Leu,c.2549A>T,missense_variant,,1,109384,9.14210487822716E-06,0,0,0,7158,0,0,0,17104,0,0,0,2320,0,0,0,9046,0,0,0,13394,0,0,1,42760,0,0,0,1912,0,0,0,15690,0,0
5,77385246,rs201936976,G,T,gnomAD Exomes,PASS,NA,p.His850Asn,p.His850Asn,c.2548C>A,missense_variant,,1,109390,9.14160343724289E-06,0,0,1,7160,0,0,0,17104,0,0,0,2320,0,0,0,9046,0,0,0,13394,0,0,0,42764,0,0,0,1912,0,0,0,15690,0,0
5,77385263,rs139210717,G,A,"gnomAD Exomes,gnomAD Genomes",PASS,PASS,p.Ala844Val,p.Ala844Val,c.2531C>T,missense_variant,,4,120270,3.32585017044982E-05,0,0,4,9730,0,0,0,17350,0,0,0,2358,0,0,0,9962,0,0,0,14556,0,0,0,48286,0,0,0,2338,0,0,0,15690,0,0
5,77385267,rs201609994,T,C,gnomAD Exomes,PASS,NA,p.Met843Val,p.Met843Val,c.2527A>G,missense_variant,,1,109396,9.1411020512633E-06,0,0,1,7160,0,0,0,17106,0,0,0,2320,0,0,0,9046,0,0,0,13394,0,0,0,42766,0,0,0,1914,0,0,0,15690,0,0
5,77385281,rs1162411528,A,C,gnomAD Exomes,PASS,NA,p.Leu838Arg,p.Leu838Arg,c.2513T>G,missense_variant,,1,109396,9.1411020512633E-06,0,0,0,7160,0,0,1,17106,0,0,0,2320,0,0,0,9046,0,0,0,13394,0,0,0,42766,0,0,0,1914,0,0,0,15690,0,0
5,77385282,rs778027241,G,T,gnomAD Exomes,PASS,NA,p.Leu838Ile,p.Leu838Ile,c.2512C>A,missense_variant,,1,109398,9.14093493482513E-06,0,0,0,7160,0,0,0,17108,0,0,0,2320,0,0,0,9046,0,0,0,13394,0,0,1,42766,0,0,0,1914,0,0,0,15690,0,0
5,77385293,rs771038183,G,A,gnomAD Exomes,PASS,NA,p.Pro834Leu,p.Pro834Leu,c.2501C>T,missense_variant,,1,109394,9.14126917381209E-06,0,0,0,7160,0,0,0,17104,0,0,0,2320,0,0,0,9046,0,0,0,13394,0,0,1,42766,0,0,0,1914,0,0,0,15690,0,0
5,77385302,rs149948974,A,T,gnomAD Exomes,PASS,NA,p.Val831Asp,p.Val831Asp,c.2492T>A,missense_variant,,3,109390,2.74248103117287E-05,0,0,3,7160,0,0,0,17102,0,0,0,2320,0,0,0,9046,0,0,0,13394,0,0,0,42766,0,0,0,1914,0,0,0,15688,0,0
5,77385314,rs1450508629,A,G,gnomAD Exomes,PASS,NA,p.Val827Ala,p.Val827Ala,c.2480T>C,missense_variant,,1,109378,9.14260637422516E-06,0,0,0,7160,0,0,0,17098,0,0,0,2320,0,0,0,9044,0,0,0,13392,0,0,1,42764,0,0,0,1914,0,0,0,15686,0,0
5,77396776,rs1263684600,C,A,gnomAD Exomes,PASS,NA,c.2470+1G>T,,c.2470+1G>T,splice_donor_variant,,1,101810,9.82221785679206E-06,0,0,0,6212,0,0,1,16282,0,0,0,1968,0,0,0,8766,0,0,0,13196,0,0,0,39134,0,0,0,1792,0,0,0,14460,0,0
5,77396794,rs1462218544,A,T,gnomAD Exomes,PASS,NA,p.Leu818His,p.Leu818His,c.2453T>A,missense_variant,,1,103816,9.6324266009093E-06,0,0,0,6334,0,0,0,16500,0,0,0,2042,0,0,0,8874,0,0,0,13268,0,0,1,40174,0,0,0,1828,0,0,0,14796,0,0
5,77396801,rs372847987,C,T,"gnomAD Exomes,gnomAD Genomes",PASS,PASS,p.Val816Ile,p.Val816Ile,c.2446G>A,missense_variant,,4,114848,3.48286430760658E-05,0,0,3,8948,0,0,0,16752,0,0,0,2082,0,0,0,9802,0,0,0,14432,0,0,1,45778,0,0,0,2244,0,0,0,14810,0,0
5,77396804,rs1249331495,C,A,gnomAD Exomes,PASS,NA,p.Asp815Tyr,p.Asp815Tyr,c.2443G>T,missense_variant,,0,103998,0,0,0,0,6368,0,0,0,16530,0,0,0,2030,0,0,0,8898,0,0,0,13266,0,0,0,40252,0,0,0,1822,0,0,0,14832,0,0
5,77396812,,A,G,gnomAD Exomes,PASS,NA,p.Leu812Pro,p.Leu812Pro,c.2435T>C,missense_variant,,1,103500,9.66183574879227E-06,0,0,0,6328,0,0,0,16492,0,0,0,2018,0,0,0,8858,0,0,0,13254,0,0,1,39958,0,0,0,1818,0,0,0,14774,0,0
5,77396813,rs200664741,G,A,gnomAD Exomes,PASS,NA,p.Leu812Phe,p.Leu812Phe,c.2434C>T,missense_variant,,1,103392,9.67192819560508E-06,0,0,0,6326,0,0,1,16478,0,0,0,2014,0,0,0,8852,0,0,0,13244,0,0,0,39884,0,0,0,1812,0,0,0,14782,0,0
5,77396815,rs772045234,G,A,gnomAD Exomes,PASS,NA,p.Pro811Leu,p.Pro811Leu,c.2432C>T,missense_variant,,0,103094,0,0,0,0,6284,0,0,0,16446,0,0,0,2012,0,0,0,8842,0,0,0,13236,0,0,0,39714,0,0,0,1820,0,0,0,14740,0,0
5,77396824,rs776144895,T,C,gnomAD Exomes,PASS,NA,p.Asp808Gly,p.Asp808Gly,c.2423A>G,missense_variant,,1,101346,9.86718765417481E-06,0,0,1,6176,0,0,0,16346,0,0,0,1942,0,0,0,8758,0,0,0,13154,0,0,0,38660,0,0,0,1794,0,0,0,14516,0,0
5,77396835,rs199702315,TTTC,T,"gnomAD Exomes,gnomAD Genomes",PASS,PASS,p.Lys804del,p.Lys804del,c.2409_2411delGAA,inframe_deletion,,1512,107650,0.014045517882025,24,0,28,8496,0,0,111,16240,1,0,10,1864,0,0,0,9306,0,0,491,14132,15,0,814,41512,7,0,42,2164,1,0,16,13936,0,0
5,77396838,rs1308221019,C,A,gnomAD Genomes,NA,PASS,p.Lys803Asn,p.Lys803Asn,c.2409G>T,missense_variant,,1,10828,9.235315847802E-05,0,0,1,2568,0,0,0,244,0,0,0,38,0,0,0,916,0,0,0,1158,0,0,0,5482,0,0,0,422,0,0,0,0,0,0
5,77396846,rs765769050,T,C,gnomAD Exomes,PASS,NA,p.Lys801Glu,p.Lys801Glu,c.2401A>G,missense_variant,,0,93478,0,0,0,0,5742,0,0,0,15758,0,0,0,1800,0,0,0,8048,0,0,0,12810,0,0,0,33942,0,0,0,1712,0,0,0,13666,0,0
5,77406039,rs770603726,C,G,gnomAD Exomes,PASS,NA,p.Val797Leu,p.Val797Leu,c.2389G>C,missense_variant,,1,103228,9.68729414499942E-06,0,0,0,6806,0,0,0,16742,0,0,0,2092,0,0,0,8752,0,0,0,13270,0,0,1,38726,0,0,0,1826,0,0,0,15014,0,0
5,77406071,rs1444093127,G,A,gnomAD Exomes,PASS,NA,p.Ser786Leu,p.Ser786Leu,c.2357C>T,missense_variant,,1,105540,9.47508053818457E-06,0,0,1,6930,0,0,0,16886,0,0,0,2164,0,0,0,8862,0,0,0,13330,0,0,0,40252,0,0,0,1856,0,0,0,15260,0,0
5,77406075,rs200469464,C,G,gnomAD Exomes,PASS,NA,p.Glu785Gln,p.Glu785Gln,c.2353G>C,missense_variant,,0,105650,0,0,0,0,6934,0,0,0,16886,0,0,0,2168,0,0,0,8856,0,0,0,13330,0,0,0,40334,0,0,0,1862,0,0,0,15280,0,0
5,77406077,rs759055730,G,A,gnomAD Exomes,PASS,NA,p.Ser784Leu,p.Ser784Leu,c.2351C>T,missense_variant,,0,105700,0,0,0,0,6924,0,0,0,16896,0,0,0,2180,0,0,0,8860,0,0,0,13326,0,0,0,40370,0,0,0,1858,0,0,0,15286,0,0
5,77406083,rs143589037,G,A,"gnomAD Exomes,gnomAD Genomes",PASS,PASS,p.Ser782Phe,p.Ser782Phe,c.2345C>T,missense_variant,,19,116336,0.000163320038509,0,0,0,9478,0,0,0,17138,0,0,12,2202,0,0,0,9770,0,0,0,14482,0,0,7,45746,0,0,0,2276,0,0,0,15244,0,0
5,77406087,rs532221135,C,T,gnomAD Exomes,PASS,NA,p.Asp781Asn,p.Asp781Asn,c.2341G>A,missense_variant,,11,105610,0.000104156803333,0,0,0,6886,0,0,0,16898,0,0,0,2162,0,0,0,8882,0,0,0,13318,0,0,0,40334,0,0,0,1856,0,0,11,15274,0,0
5,77406099,rs751538828,C,T,gnomAD Exomes,PASS,NA,p.Asp777Asn,p.Asp777Asn,c.2329G>A,missense_variant,,0,105942,0,0,0,0,6894,0,0,0,16898,0,0,0,2192,0,0,0,8868,0,0,0,13324,0,0,0,40578,0,0,0,1862,0,0,0,15326,0,0
5,77406103,rs750664687,T,C,gnomAD Exomes,PASS,NA,p.Ile775Met,p.Ile775Met,c.2325A>G,missense_variant,,3,105980,2.83072277788262E-05,0,0,0,6898,0,0,3,16884,0,0,0,2186,0,0,0,8890,0,0,0,13324,0,0,0,40622,0,0,0,1864,0,0,0,15312,0,0
5,77406104,rs62001050,A,T,"gnomAD Exomes,gnomAD Genomes",PASS,PASS,p.Ile775Lys,p.Ile775Lys,c.2324T>A,missense_variant,,266,116526,0.002282752347116,3,0,249,9442,2,0,16,17094,1,0,0,2216,0,0,0,9792,0,0,0,14472,0,0,0,45956,0,0,1,2284,0,0,0,15270,0,0
5,77406111,rs181965631,T,A,gnomAD Exomes,PASS,NA,p.Ser773Cys,p.Ser773Cys,c.2317A>T,missense_variant,,2,106210,1.88306185858205E-05,0,0,2,6930,0,0,0,16884,0,0,0,2190,0,0,0,8896,0,0,0,13326,0,0,0,40786,0,0,0,1866,0,0,0,15332,0,0
5,77406116,rs753968141,T,C,gnomAD Exomes,PASS,NA,p.Glu771Gly,p.Glu771Gly,c.2312A>G,missense_variant,,1,106410,9.3976130062964E-06,0,0,0,6940,0,0,0,16908,0,0,0,2202,0,0,0,8896,0,0,0,13330,0,0,0,40908,0,0,0,1876,0,0,1,15350,0,0
5,77406117,rs758351076,C,T,gnomAD Exomes,PASS,NA,p.Glu771Lys,p.Glu771Lys,c.2311G>A,missense_variant,,1,106340,9.40379913485048E-06,0,0,0,6936,0,0,0,16908,0,0,0,2206,0,0,0,8892,0,0,0,13314,0,0,1,40858,0,0,0,1876,0,0,0,15350,0,0
5,77406132,rs1176398569,C,G,gnomAD Exomes,PASS,NA,p.Asp766His,p.Asp766His,c.2296G>C,missense_variant,,1,106986,9.34701736675827E-06,0,0,0,6966,0,0,0,16920,0,0,0,2208,0,0,0,8936,0,0,0,13334,0,0,1,41332,0,0,0,1880,0,0,0,15410,0,0
5,77406141,rs151082743,T,C,"gnomAD Exomes,gnomAD Genomes",PASS,PASS,p.Lys763Glu,p.Lys763Glu,c.2287A>G,missense_variant,,2,118130,1.69305002962838E-05,0,0,0,9558,0,0,0,17178,0,0,0,2264,0,0,0,9858,0,0,0,14508,0,0,2,47020,0,0,0,2314,0,0,0,15430,0,0
5,77406159,rs769441451,T,C,gnomAD Exomes,PASS,NA,p.Lys757Glu,p.Lys757Glu,c.2269A>G,missense_variant,,1,107740,9.28160386114721E-06,0,0,0,7000,0,0,0,16976,0,0,0,2246,0,0,0,8968,0,0,0,13346,0,0,0,41804,0,0,0,1896,0,0,1,15504,0,0
5,77409576,rs1226381729,C,T,gnomAD Genomes,NA,PASS,p.Ser750Asn,p.Ser750Asn,c.2249G>A,missense_variant,,1,10856,9.21149594694178E-05,0,0,1,2572,0,0,0,244,0,0,0,38,0,0,0,916,0,0,0,1158,0,0,0,5506,0,0,0,422,0,0,0,0,0,0
5,77409582,rs753951880,C,T,gnomAD Exomes,PASS,NA,p.Gly748Glu,p.Gly748Glu,c.2243G>A,missense_variant,,1,109244,9.15382080480392E-06,0,0,0,7160,0,0,0,17112,0,0,0,2320,0,0,0,9046,0,0,0,13248,0,0,1,42758,0,0,0,1912,0,0,0,15688,0,0
5,77409586,rs201886263,T,C,gnomAD Exomes,PASS,NA,p.Lys747Glu,p.Lys747Glu,c.2239A>G,missense_variant,,11,109304,0.000100636756203,0,0,0,7160,0,0,8,17112,0,0,0,2320,0,0,0,9046,0,0,0,13304,0,0,2,42762,0,0,1,1912,0,0,0,15688,0,0
5,77409591,rs1277126423,T,G,gnomAD Exomes,PASS,NA,p.Lys745Thr,p.Lys745Thr,c.2234A>C,missense_variant,,1,109328,9.14678764817796E-06,0,0,1,7160,0,0,0,17112,0,0,0,2320,0,0,0,9046,0,0,0,13326,0,0,0,42764,0,0,0,1912,0,0,0,15688,0,0
5,77409601,rs1337463520,T,C,gnomAD Exomes,PASS,NA,p.Arg742Gly,p.Arg742Gly,c.2224A>G,missense_variant,,1,109358,9.14427842498948E-06,0,0,0,7160,0,0,0,17112,0,0,0,2320,0,0,1,9046,0,0,0,13356,0,0,0,42764,0,0,0,1912,0,0,0,15688,0,0
5,77409615,rs780784576,T,C,gnomAD Exomes,PASS,NA,p.Lys737Arg,p.Lys737Arg,c.2210A>G,missense_variant,,2,109382,1.82845440748935E-05,0,0,0,7160,0,0,0,17112,0,0,0,2320,0,0,2,9046,0,0,0,13380,0,0,0,42764,0,0,0,1912,0,0,0,15688,0,0
5,77409634,rs779750664,C,A,"gnomAD Exomes,gnomAD Genomes",PASS,PASS,p.Glu731Ter,p.Glu731Ter,c.2191G>T,stop_gained,mnv,2,120260,1.66306336271412E-05,0,0,0,9734,0,0,0,17358,0,0,0,2358,0,0,0,9962,0,0,2,14548,0,0,0,48276,0,0,0,2336,0,0,0,15688,0,0
5,77409636,rs933653334,C,T,gnomAD Exomes,PASS,NA,p.Arg730Gln,p.Arg730Gln,c.2189G>A,missense_variant,,4,109390,3.65664137489716E-05,0,0,1,7162,0,0,0,17112,0,0,0,2320,0,0,0,9046,0,0,0,13386,0,0,1,42762,0,0,1,1914,0,0,1,15688,0,0
5,77409637,rs141102178,G,A,"gnomAD Exomes,gnomAD Genomes",PASS,PASS,p.Arg730Trp,p.Arg730Trp,c.2188C>T,missense_variant,,67,120240,0.000557218895542,0,0,1,9730,0,0,2,17356,0,0,0,2358,0,0,0,9960,0,0,19,14538,0,0,40,48274,0,0,3,2336,0,0,2,15688,0,0
5,77409660,rs748567453,C,A,gnomAD Exomes,PASS,NA,p.Ser722Ile,p.Ser722Ile,c.2165G>T,missense_variant,,2,109382,1.82845440748935E-05,0,0,0,7160,0,0,0,17108,0,0,0,2320,0,0,0,9046,0,0,0,13388,0,0,0,42760,0,0,0,1914,0,0,2,15686,0,0
5,77409682,rs537066056,C,T,gnomAD Exomes,PASS,NA,p.Asp715Asn,p.Asp715Asn,c.2143G>A,missense_variant,,4,109386,3.65677509004809E-05,0,0,0,7160,0,0,0,17108,0,0,0,2318,0,0,0,9046,0,0,0,13394,0,0,0,42762,0,0,0,1914,0,0,4,15684,0,0
5,77409693,rs145162631,T,A,gnomAD Exomes,PASS,NA,p.Asp711Val,p.Asp711Val,c.2132A>T,missense_variant,,5,109380,4.57121960138965E-05,0,0,0,7160,0,0,0,17104,0,0,0,2320,0,0,5,9046,0,0,0,13394,0,0,0,42760,0,0,0,1914,0,0,0,15682,0,0
5,77409694,rs374928061,C,T,gnomAD Exomes,PASS,NA,p.Asp711Asn,p.Asp711Asn,c.2131G>A,missense_variant,,1,109384,9.14210487822716E-06,0,0,1,7160,0,0,0,17102,0,0,0,2320,0,0,0,9046,0,0,0,13392,0,0,0,42762,0,0,0,1914,0,0,0,15688,0,0
5,77409696,rs777032367,C,G,gnomAD Exomes,PASS,NA,p.Gly710Ala,p.Gly710Ala,c.2129G>C,missense_variant,,1,109376,9.14277355178467E-06,0,0,0,7160,0,0,1,17104,0,0,0,2320,0,0,0,9046,0,0,0,13392,0,0,0,42758,0,0,0,1914,0,0,0,15682,0,0
5,77409698,rs1367600123,T,G,gnomAD Exomes,PASS,NA,p.Glu709Asp,p.Glu709Asp,c.2127A>C,missense_variant,,1,109376,9.14277355178467E-06,0,0,0,7160,0,0,0,17102,0,0,0,2320,0,0,1,9046,0,0,0,13392,0,0,0,42758,0,0,0,1914,0,0,0,15684,0,0
5,77409705,rs1244138366,C,T,gnomAD Exomes,PASS,NA,p.Gly707Glu,p.Gly707Glu,c.2120G>A,missense_variant,,2,109378,1.82852127484503E-05,0,0,0,7160,0,0,0,17106,0,0,0,2320,0,0,0,9046,0,0,0,13392,0,0,2,42754,0,0,0,1914,0,0,0,15686,0,0
5,77409717,rs373980624,T,G,gnomAD Exomes,PASS,NA,p.Gln703Pro,p.Gln703Pro,c.2108A>C,missense_variant,,1,109368,9.14344232316582E-06,0,0,0,7160,0,0,0,17102,0,0,0,2320,0,0,0,9046,0,0,0,13394,0,0,1,42746,0,0,0,1914,0,0,0,15686,0,0
5,77409723,rs767548791,C,T,gnomAD Exomes,PASS,NA,p.Gly701Glu,p.Gly701Glu,c.2102G>A,missense_variant,,1,109358,9.14427842498948E-06,0,0,0,7160,0,0,0,17100,0,0,0,2320,0,0,0,9044,0,0,0,13394,0,0,0,42742,0,0,0,1912,0,0,1,15686,0,0
5,77409744,rs201587714,C,T,gnomAD Exomes,PASS,NA,p.Ser694Asn,p.Ser694Asn,c.2081G>A,missense_variant,,1,109184,9.1588511137163E-06,0,0,0,7152,0,0,0,17082,0,0,0,2312,0,0,1,9028,0,0,0,13388,0,0,0,42642,0,0,0,1910,0,0,0,15670,0,0
5,77411975,rs1313380902,G,C,gnomAD Exomes,PASS,NA,p.Asp684Glu,p.Asp684Glu,c.2052C>G,missense_variant,,1,109360,9.1441111923921E-06,0,0,0,7160,0,0,1,17108,0,0,0,2320,0,0,0,9040,0,0,0,13366,0,0,0,42764,0,0,0,1914,0,0,0,15688,0,0
5,77411979,rs768736531,T,A,gnomAD Exomes,PASS,NA,p.Glu683Val,p.Glu683Val,c.2048A>T,missense_variant,,3,109368,2.74303269694975E-05,0,0,0,7158,0,0,0,17108,0,0,0,2320,0,0,0,9042,0,0,0,13372,0,0,0,42766,0,0,0,1914,0,0,3,15688,0,0
5,77411985,rs113301033,T,C,"gnomAD Exomes,gnomAD Genomes",PASS,PASS,p.Glu681Gly,p.Glu681Gly,c.2042A>G,missense_variant,,151,120244,0.001255779914175,0,0,145,9730,0,0,5,17352,0,0,0,2358,0,0,0,9958,0,0,0,14536,0,0,0,48284,0,0,0,2338,0,0,1,15688,0,0
5,77411992,rs760543433,A,G,gnomAD Exomes,PASS,NA,p.Ser679Pro,p.Ser679Pro,c.2035T>C,missense_variant,,2,109368,1.82868846463316E-05,0,0,0,7160,0,0,0,17108,0,0,0,2320,0,0,0,9040,0,0,0,13376,0,0,2,42762,0,0,0,1914,0,0,0,15688,0,0
5,77411997,rs377485358,G,T,gnomAD Exomes,PASS,NA,p.Ser677Tyr,p.Ser677Tyr,c.2030C>A,missense_variant,,0,109368,0,0,0,0,7160,0,0,0,17110,0,0,0,2320,0,0,0,9040,0,0,0,13368,0,0,0,42768,0,0,0,1914,0,0,0,15688,0,0
5,77412004,rs1209845885,A,G,gnomAD Genomes,NA,PASS,p.Phe675Leu,p.Phe675Leu,c.2023T>C,missense_variant,,8,10882,0.000735158978129,0,0,0,2572,0,0,0,246,0,0,0,38,0,0,0,916,0,0,0,1162,0,0,8,5524,0,0,0,424,0,0,0,0,0,0
5,77412007,rs758006345,T,C,gnomAD Exomes,PASS,NA,p.Lys674Glu,p.Lys674Glu,c.2020A>G,missense_variant,,2,109368,1.82868846463316E-05,0,0,2,7160,0,0,0,17112,0,0,0,2320,0,0,0,9040,0,0,0,13370,0,0,0,42764,0,0,0,1914,0,0,0,15688,0,0
5,77412009,rs763619135,T,C,gnomAD Exomes,PASS,NA,p.Lys673Arg,p.Lys673Arg,c.2018A>G,missense_variant,,15,109370,0.000137149126817,0,0,0,7160,0,0,15,17112,0,0,0,2320,0,0,0,9038,0,0,0,13374,0,0,0,42764,0,0,0,1914,0,0,0,15688,0,0
5,77412018,rs757825991,T,C,gnomAD Exomes,PASS,NA,p.Asn670Ser,p.Asn670Ser,c.2009A>G,missense_variant,,1,109358,9.14427842498948E-06,0,0,0,7160,0,0,0,17112,0,0,0,2320,0,0,0,9040,0,0,0,13364,0,0,1,42760,0,0,0,1914,0,0,0,15688,0,0
5,77412043,rs749489841,G,C,gnomAD Exomes,PASS,NA,p.Pro662Ala,p.Pro662Ala,c.1984C>G,missense_variant,,5,109292,4.57490026717417E-05,0,0,0,7154,0,0,0,17110,0,0,0,2320,0,0,0,9040,0,0,0,13320,0,0,0,42748,0,0,0,1912,0,0,5,15688,0,0
5,77412054,rs768768104,T,C,gnomAD Exomes,PASS,NA,p.Lys658Arg,p.Lys658Arg,c.1973A>G,missense_variant,,1,109228,9.15516168015527E-06,0,0,0,7146,0,0,0,17104,0,0,0,2320,0,0,0,9030,0,0,0,13294,0,0,0,42738,0,0,0,1914,0,0,1,15682,0,0
5,77412055,rs1357683810,T,C,gnomAD Exomes,PASS,NA,p.Lys658Glu,p.Lys658Glu,c.1972A>G,missense_variant,,1,109228,9.15516168015527E-06,0,0,0,7148,0,0,0,17104,0,0,0,2320,0,0,0,9030,0,0,0,13292,0,0,1,42738,0,0,0,1914,0,0,0,15682,0,0
5,77412058,rs1266512651,C,T,gnomAD Exomes,PASS,NA,p.Ala657Thr,p.Ala657Thr,c.1969G>A,missense_variant,,1,109148,9.16187195367758E-06,0,0,0,7148,0,0,0,17096,0,0,0,2320,0,0,0,9026,0,0,0,13246,0,0,1,42720,0,0,0,1912,0,0,0,15680,0,0
5,77423871,rs755219130,C,G,gnomAD Exomes,PASS,NA,p.Val651Leu,p.Val651Leu,c.1951G>C,missense_variant,,2,109384,1.82842097564543E-05,0,0,0,7162,0,0,0,17108,0,0,0,2320,0,0,2,9046,0,0,0,13390,0,0,0,42754,0,0,0,1914,0,0,0,15690,0,0
5,77423876,rs748191084,C,T,gnomAD Exomes,PASS,NA,p.Arg649Gln,p.Arg649Gln,c.1946G>A,missense_variant,,1,109382,9.14227203744674E-06,0,0,1,7162,0,0,0,17108,0,0,0,2320,0,0,0,9046,0,0,0,13388,0,0,0,42754,0,0,0,1914,0,0,0,15690,0,0
5,77423877,rs370293290,G,C,gnomAD Exomes,PASS,NA,p.Arg649Gly,p.Arg649Gly,c.1945C>G,missense_variant,,1,109374,9.14294073545815E-06,0,0,0,7162,0,0,0,17100,0,0,0,2320,0,0,0,9046,0,0,0,13388,0,0,1,42754,0,0,0,1914,0,0,0,15690,0,0
5,77423888,rs1317710866,T,G,gnomAD Genomes,NA,PASS,p.Asp645Ala,p.Asp645Ala,c.1934A>C,missense_variant,,1,10872,9.19793966151582E-05,0,0,1,2572,0,0,0,246,0,0,0,38,0,0,0,914,0,0,0,1160,0,0,0,5518,0,0,0,424,0,0,0,0,0,0
5,77423894,rs769622520,G,A,gnomAD Exomes,PASS,NA,p.Ala643Val,p.Ala643Val,c.1928C>T,missense_variant,,4,109370,3.65731004845936E-05,0,0,3,7162,0,0,0,17102,0,0,0,2320,0,0,0,9046,0,0,0,13390,0,0,1,42750,0,0,0,1912,0,0,0,15688,0,0
5,77423895,rs775296594,C,T,gnomAD Exomes,PASS,NA,p.Ala643Thr,p.Ala643Thr,c.1927G>A,missense_variant,,1,109374,9.14294073545815E-06,0,0,0,7162,0,0,0,17102,0,0,0,2320,0,0,0,9046,0,0,0,13392,0,0,1,42750,0,0,0,1912,0,0,0,15690,0,0
5,77423919,rs1381722917,C,T,gnomAD Exomes,PASS,NA,p.Glu635Lys,p.Glu635Lys,c.1903G>A,missense_variant,,1,109370,9.1432751211484E-06,0,0,0,7162,0,0,0,17102,0,0,0,2320,0,0,0,9046,0,0,0,13394,0,0,1,42744,0,0,0,1912,0,0,0,15690,0,0
5,77423940,rs767098447,T,C,gnomAD Exomes,PASS,NA,p.Ile628Val,p.Ile628Val,c.1882A>G,missense_variant,,5,109346,4.57264097452124E-05,0,0,0,7162,0,0,1,17094,0,0,0,2320,0,0,0,9044,0,0,0,13390,0,0,4,42736,0,0,0,1910,0,0,0,15690,0,0
5,77423942,rs749908617,T,C,gnomAD Exomes,PASS,NA,p.Asn627Ser,p.Asn627Ser,c.1880A>G,missense_variant,,1,109342,9.14561650600867E-06,0,0,0,7162,0,0,0,17088,0,0,0,2320,0,0,0,9042,0,0,0,13390,0,0,1,42738,0,0,0,1912,0,0,0,15690,0,0
5,77423948,rs1239457788,G,A,gnomAD Exomes,PASS,NA,p.Thr625Ile,p.Thr625Ile,c.1874C>T,missense_variant,,2,109332,1.82929060110489E-05,0,0,1,7160,0,0,1,17092,0,0,0,2320,0,0,0,9044,0,0,0,13384,0,0,0,42734,0,0,0,1910,0,0,0,15688,0,0
5,77423949,rs199908785,T,A,gnomAD Exomes,PASS,NA,p.Thr625Ser,p.Thr625Ser,c.1873A>T,missense_variant,,8,109340,7.31662703493689E-05,0,0,0,7162,0,0,0,17090,0,0,0,2320,0,0,0,9042,0,0,0,13388,0,0,4,42738,0,0,0,1910,0,0,4,15690,0,0
5,77423960,rs796196281,G,C,gnomAD Exomes,PASS,NA,p.Thr621Ser,p.Thr621Ser,c.1862C>G,missense_variant,,1,109298,9.14929824882432E-06,0,0,1,7154,0,0,0,17084,0,0,0,2320,0,0,0,9040,0,0,0,13372,0,0,0,42730,0,0,0,1910,0,0,0,15688,0,0
5,77423977,rs138751237,A,T,gnomAD Exomes,PASS,NA,p.Asp615Glu,p.Asp615Glu,c.1845T>A,missense_variant,,8,108896,7.34645900675874E-05,0,0,0,7128,0,0,2,17044,0,0,0,2320,0,0,0,8994,0,0,0,13304,0,0,0,42546,0,0,0,1898,0,0,6,15662,0,0
5,77423979,rs869312839,CTCTA,C,gnomAD Exomes,PASS,NA,p.Asp613GlufsTer38,p.Asp613GlufsTer38,c.1839_1842delTAGA,frameshift_variant,,1,108844,9.18746095329095E-06,0,0,0,7128,0,0,0,17038,0,0,0,2318,0,0,0,8990,0,0,0,13298,0,0,1,42522,0,0,0,1898,0,0,0,15652,0,0
5,77423981,rs200393856,C,A,"gnomAD Exomes,gnomAD Genomes",PASS,PASS,p.Arg614Ile,p.Arg614Ile,c.1841G>T,missense_variant,,44,119576,0.000367966816083,0,0,0,9682,0,0,0,17274,0,0,0,2356,0,0,0,9890,0,0,38,14438,0,0,3,47970,0,0,3,2322,0,0,0,15644,0,0
5,77423982,rs769757592,T,C,gnomAD Exomes,PASS,NA,p.Arg614Gly,p.Arg614Gly,c.1840A>G,missense_variant,,1,108676,9.20166366078987E-06,0,0,0,7112,0,0,0,17026,0,0,0,2316,0,0,0,8970,0,0,0,13280,0,0,1,42430,0,0,0,1898,0,0,0,15644,0,0
5,77424975,rs1223108335,G,A,gnomAD Exomes,PASS,NA,p.Pro603Ser,p.Pro603Ser,c.1807C>T,missense_variant,,1,109270,9.15164271986822E-06,0,0,0,7156,0,0,0,17060,0,0,0,2310,0,0,0,9046,0,0,1,13378,0,0,0,42740,0,0,0,1914,0,0,0,15666,0,0
5,77424984,rs149263390,C,A,"gnomAD Exomes,gnomAD Genomes",PASS,PASS,p.Ala600Ser,p.Ala600Ser,c.1798G>T,missense_variant,,23,120148,0.000191430568965,0,0,22,9728,0,0,0,17316,0,0,0,2354,0,0,0,9962,0,0,0,14540,0,0,1,48236,0,0,0,2334,0,0,0,15678,0,0
5,77424984,rs149263390,C,G,gnomAD Exomes,PASS,NA,p.Ala600Pro,p.Ala600Pro,c.1798G>C,missense_variant,,1,109282,9.15063779945462E-06,0,0,0,7156,0,0,0,17072,0,0,0,2316,0,0,0,9046,0,0,0,13380,0,0,1,42724,0,0,0,1910,0,0,0,15678,0,0
5,77425020,rs760206626,C,T,gnomAD Exomes,PASS,NA,p.Gly588Arg,p.Gly588Arg,c.1762G>A,missense_variant,,1,109318,9.1476243619532E-06,0,0,0,7156,0,0,0,17078,0,0,0,2320,0,0,1,9044,0,0,0,13390,0,0,0,42736,0,0,0,1912,0,0,0,15682,0,0
5,77425022,rs770294708,C,A,gnomAD Exomes,PASS,NA,p.Ser587Ile,p.Ser587Ile,c.1760G>T,missense_variant,,1,109322,9.14728965807431E-06,0,0,0,7156,0,0,1,17080,0,0,0,2320,0,0,0,9044,0,0,0,13390,0,0,0,42736,0,0,0,1912,0,0,0,15684,0,0
5,77425028,rs6453373,A,T,"gnomAD Exomes,gnomAD Genomes",PASS,PASS,p.Val585Glu,p.Val585Glu,c.1754T>A,missense_variant,,102827,120188,0.855551302958698,45183,0,9276,9722,4432,0,14760,17332,6298,0,2144,2358,976,0,4271,9952,930,0,13026,14554,5813,0,44732,48250,20748,0,2095,2334,946,0,12523,15686,5040,0
5,77425034,rs148023800,G,A,gnomAD Exomes,PASS,NA,p.Pro583Leu,p.Pro583Leu,c.1748C>T,missense_variant,,6,109326,5.48817298721256E-05,0,0,4,7156,0,0,0,17086,0,0,0,2320,0,0,1,9044,0,0,0,13388,0,0,1,42736,0,0,0,1910,0,0,0,15686,0,0
5,77425038,rs199766336,C,T,gnomAD Exomes,PASS,NA,p.Val582Ile,p.Val582Ile,c.1744G>A,missense_variant,,1,109344,9.14544922446591E-06,0,0,0,7156,0,0,0,17096,0,0,0,2320,0,0,1,9044,0,0,0,13390,0,0,0,42740,0,0,0,1912,0,0,0,15686,0,0
5,77425038,rs199766336,C,A,gnomAD Exomes,PASS,NA,p.Val582Phe,p.Val582Phe,c.1744G>T,missense_variant,,1,109344,9.14544922446591E-06,0,0,0,7156,0,0,0,17096,0,0,0,2320,0,0,0,9044,0,0,0,13390,0,0,1,42740,0,0,0,1912,0,0,0,15686,0,0
5,77425041,rs751683762,T,C,"gnomAD Exomes,gnomAD Genomes",PASS,PASS,p.Ile581Val,p.Ile581Val,c.1741A>G,missense_variant,,4,120214,3.32739947094348E-05,0,0,3,9728,0,0,1,17340,0,0,0,2358,0,0,0,9960,0,0,0,14554,0,0,0,48250,0,0,0,2338,0,0,0,15686,0,0
5,77425046,rs767432388,T,C,gnomAD Exomes,PASS,NA,p.Gln579Arg,p.Gln579Arg,c.1736A>G,missense_variant,,1,109356,9.14444566370387E-06,0,0,0,7158,0,0,0,17096,0,0,0,2320,0,0,0,9044,0,0,0,13392,0,0,0,42746,0,0,0,1914,0,0,1,15686,0,0
5,77425062,rs141789572,T,C,"gnomAD Exomes,gnomAD Genomes",PASS,PASS,p.Thr574Ala,p.Thr574Ala,c.1720A>G,missense_variant,,22,120246,0.000182958268882,0,0,1,9732,0,0,2,17344,0,0,0,2358,0,0,0,9962,0,0,0,14556,0,0,18,48270,0,0,1,2336,0,0,0,15688,0,0
5,77425064,rs1229904606,C,T,gnomAD Exomes,PASS,NA,p.Arg573His,p.Arg573His,c.1718G>A,missense_variant,,1,109364,9.14377674554698E-06,0,0,0,7156,0,0,1,17098,0,0,0,2320,0,0,0,9044,0,0,0,13392,0,0,0,42754,0,0,0,1912,0,0,0,15688,0,0
5,77425091,rs746605223,T,C,gnomAD Exomes,PASS,NA,p.Tyr564Cys,p.Tyr564Cys,c.1691A>G,missense_variant,,1,109360,9.1441111923921E-06,0,0,0,7156,0,0,0,17098,0,0,0,2320,0,0,0,9046,0,0,0,13388,0,0,0,42750,0,0,0,1914,0,0,1,15688,0,0
5,77425103,rs776064198,T,C,gnomAD Exomes,PASS,NA,p.Asn560Ser,p.Asn560Ser,c.1679A>G,missense_variant,,15,109354,0.000137169193628,0,0,0,7154,0,0,15,17100,0,0,0,2320,0,0,0,9042,0,0,0,13386,0,0,0,42750,0,0,0,1914,0,0,0,15688,0,0
5,77425105,rs574566234,T,G,gnomAD Exomes,PASS,NA,p.Leu559Phe,p.Leu559Phe,c.1677A>C,missense_variant,,1,109350,9.14494741655236E-06,0,0,0,7156,0,0,1,17096,0,0,0,2320,0,0,0,9044,0,0,0,13384,0,0,0,42748,0,0,0,1914,0,0,0,15688,0,0
5,77425109,rs1334353127,A,G,gnomAD Genomes,NA,PASS,p.Ile558Thr,p.Ile558Thr,c.1673T>C,missense_variant,,1,10880,9.19117647058823E-05,0,0,0,2574,0,0,0,246,0,0,0,38,0,0,0,916,0,0,0,1162,0,0,1,5520,0,0,0,424,0,0,0,0,0,0
5,77425126,rs763472871,T,A,gnomAD Exomes,PASS,NA,p.Lys552Asn,p.Lys552Asn,c.1656A>T,missense_variant,,1,109304,9.14879601844397E-06,0,0,0,7154,0,0,0,17092,0,0,0,2320,0,0,0,9046,0,0,0,13356,0,0,0,42738,0,0,1,1912,0,0,0,15686,0,0
5,77436974,rs764152445,G,C,gnomAD Exomes,PASS,NA,p.Ser548Cys,p.Ser548Cys,c.1643C>G,missense_variant,,1,109374,9.14294073545815E-06,0,0,0,7160,0,0,0,17104,0,0,0,2320,0,0,1,9046,0,0,0,13390,0,0,0,42752,0,0,0,1914,0,0,0,15688,0,0
5,77436975,rs751309066,A,T,gnomAD Exomes,PASS,NA,p.Ser548Thr,p.Ser548Thr,c.1642T>A,missense_variant,,1,109376,9.14277355178467E-06,0,0,0,7160,0,0,0,17106,0,0,0,2320,0,0,0,9046,0,0,0,13390,0,0,0,42752,0,0,0,1914,0,0,1,15688,0,0
5,77436977,rs1309728438,T,C,gnomAD Exomes,PASS,NA,p.Asn547Ser,p.Asn547Ser,c.1640A>G,missense_variant,,1,109376,9.14277355178467E-06,0,0,1,7160,0,0,0,17104,0,0,0,2320,0,0,0,9046,0,0,0,13392,0,0,0,42752,0,0,0,1914,0,0,0,15688,0,0
5,77436989,rs1365450843,A,G,gnomAD Exomes,PASS,NA,p.Leu543Ser,p.Leu543Ser,c.1628T>C,missense_variant,,1,109372,9.14310792524595E-06,0,0,0,7160,0,0,0,17104,0,0,0,2320,0,0,1,9046,0,0,0,13390,0,0,0,42754,0,0,0,1910,0,0,0,15688,0,0
5,77437009,rs376737882,T,C,gnomAD Exomes,PASS,NA,p.Ile536Met,p.Ile536Met,c.1608A>G,missense_variant,,1,109378,9.14260637422516E-06,0,0,0,7160,0,0,0,17106,0,0,0,2320,0,0,0,9046,0,0,0,13390,0,0,1,42758,0,0,0,1910,0,0,0,15688,0,0
5,77437028,rs567754566,T,C,gnomAD Exomes,PASS,NA,p.Asp530Gly,p.Asp530Gly,c.1589A>G,missense_variant,,6,109364,5.48626604732819E-05,0,0,0,7160,0,0,0,17100,0,0,0,2320,0,0,0,9046,0,0,0,13386,0,0,0,42754,0,0,0,1910,0,0,6,15688,0,0
5,77437034,rs769035767,T,A,gnomAD Exomes,PASS,NA,p.Glu528Val,p.Glu528Val,c.1583A>T,missense_variant,,1,109358,9.14427842498948E-06,0,0,0,7160,0,0,0,17102,0,0,0,2320,0,0,0,9044,0,0,0,13380,0,0,0,42754,0,0,0,1910,0,0,1,15688,0,0
5,77437034,rs769035767,T,G,gnomAD Genomes,NA,PASS,p.Glu528Ala,p.Glu528Ala,c.1583A>C,missense_variant,,1,10876,9.19455682236116E-05,0,0,0,2572,0,0,0,246,0,0,0,38,0,0,1,916,0,0,0,1162,0,0,0,5518,0,0,0,424,0,0,0,0,0,0
5,77437037,rs779511911,C,A,gnomAD Exomes,PASS,NA,p.Ser527Ile,p.Ser527Ile,c.1580G>T,missense_variant,,1,109356,9.14444566370387E-06,0,0,0,7160,0,0,0,17104,0,0,0,2320,0,0,0,9046,0,0,0,13374,0,0,1,42754,0,0,0,1910,0,0,0,15688,0,0
5,77437041,rs772520218,T,C,gnomAD Exomes,PASS,NA,p.Thr526Ala,p.Thr526Ala,c.1576A>G,missense_variant,,1,109364,9.14377674554698E-06,0,0,0,7160,0,0,0,17104,0,0,0,2320,0,0,0,9046,0,0,1,13380,0,0,0,42756,0,0,0,1910,0,0,0,15688,0,0
5,77437041,rs772520218,T,A,gnomAD Exomes,PASS,NA,p.Thr526Ser,p.Thr526Ser,c.1576A>T,missense_variant,,1,109364,9.14377674554698E-06,0,0,0,7160,0,0,0,17104,0,0,0,2320,0,0,0,9046,0,0,0,13380,0,0,1,42756,0,0,0,1910,0,0,0,15688,0,0
5,77437056,rs766845647,T,C,gnomAD Exomes,PASS,NA,p.Met521Val,p.Met521Val,c.1561A>G,missense_variant,,1,109352,9.14478015948497E-06,0,0,0,7160,0,0,0,17100,0,0,0,2320,0,0,0,9046,0,0,0,13374,0,0,0,42752,0,0,1,1912,0,0,0,15688,0,0
5,77437064,rs776561296,A,G,gnomAD Exomes,PASS,NA,p.Leu518Ser,p.Leu518Ser,c.1553T>C,missense_variant,,1,109334,9.14628569337992E-06,0,0,0,7160,0,0,0,17100,0,0,0,2320,0,0,0,9046,0,0,0,13358,0,0,0,42752,0,0,0,1910,0,0,1,15688,0,0
5,77437071,rs1294048297,C,G,gnomAD Exomes,PASS,NA,p.Asp516His,p.Asp516His,c.1546G>C,missense_variant,,1,109324,9.1471223153196E-06,0,0,0,7160,0,0,0,17098,0,0,0,2320,0,0,0,9044,0,0,0,13352,0,0,1,42750,0,0,0,1912,0,0,0,15688,0,0
5,77437077,rs1392186200,C,A,gnomAD Exomes,PASS,NA,p.Ala514Ser,p.Ala514Ser,c.1540G>T,missense_variant,,1,109326,9.1469549786876E-06,0,0,0,7160,0,0,0,17100,0,0,0,2320,0,0,0,9044,0,0,0,13352,0,0,0,42750,0,0,1,1912,0,0,0,15688,0,0
5,77437088,rs1432303035,A,C,gnomAD Exomes,PASS,NA,p.Val510Gly,p.Val510Gly,c.1529T>G,missense_variant,,1,109330,9.14662032379036E-06,0,0,0,7160,0,0,0,17102,0,0,0,2320,0,0,0,9040,0,0,0,13360,0,0,1,42750,0,0,0,1910,0,0,0,15688,0,0
5,77437091,rs193920974,C,A,gnomAD Exomes,PASS,NA,p.Arg509Leu,p.Arg509Leu,c.1526G>T,missense_variant,,1,109308,9.14846122882131E-06,0,0,1,7160,0,0,0,17100,0,0,0,2320,0,0,0,9040,0,0,0,13342,0,0,0,42748,0,0,0,1910,0,0,0,15688,0,0
5,77437113,rs751564262,G,C,gnomAD Exomes,PASS,NA,p.Leu502Val,p.Leu502Val,c.1504C>G,missense_variant,,1,109278,9.15097274840316E-06,0,0,0,7160,0,0,0,17090,0,0,0,2320,0,0,0,9044,0,0,0,13316,0,0,0,42752,0,0,0,1908,0,0,1,15688,0,0
5,77437122,rs767232602,T,C,gnomAD Exomes,PASS,NA,p.Ile499Val,p.Ile499Val,c.1495A>G,missense_variant,,1,109272,9.15147521780511E-06,0,0,0,7160,0,0,0,17090,0,0,0,2318,0,0,0,9042,0,0,0,13308,0,0,0,42756,0,0,0,1910,0,0,1,15688,0,0
5,77437124,rs750231255,C,T,gnomAD Exomes,PASS,NA,p.Ser498Asn,p.Ser498Asn,c.1493G>A,missense_variant,,1,109246,9.1536532230013E-06,0,0,0,7160,0,0,0,17088,0,0,0,2318,0,0,0,9040,0,0,0,13284,0,0,1,42756,0,0,0,1912,0,0,0,15688,0,0
5,77452089,rs746295151,C,T,gnomAD Exomes,PASS,NA,p.Ser489Asn,p.Ser489Asn,c.1466G>A,missense_variant,,1,109318,9.1476243619532E-06,0,0,0,7160,0,0,0,17100,0,0,0,2320,0,0,0,9044,0,0,0,13338,0,0,0,42760,0,0,0,1912,0,0,1,15684,0,0
5,77452093,rs370362655,C,T,gnomAD Exomes,PASS,NA,p.Asp488Asn,p.Asp488Asn,c.1462G>A,missense_variant,,3,109336,2.74383551620692E-05,0,0,1,7160,0,0,2,17110,0,0,0,2320,0,0,0,9044,0,0,0,13338,0,0,0,42762,0,0,0,1914,0,0,0,15688,0,0
5,77452095,rs754622271,A,G,gnomAD Exomes,PASS,NA,p.Leu487Pro,p.Leu487Pro,c.1460T>C,missense_variant,,2,109346,1.8290563898085E-05,0,0,2,7160,0,0,0,17110,0,0,0,2320,0,0,0,9044,0,0,0,13348,0,0,0,42762,0,0,0,1914,0,0,0,15688,0,0
5,77452110,rs370497154,T,C,gnomAD Exomes,PASS,NA,p.His482Arg,p.His482Arg,c.1445A>G,missense_variant,,3,109346,2.74358458471275E-05,0,0,1,7160,0,0,0,17108,0,0,0,2320,0,0,0,9044,0,0,0,13354,0,0,2,42762,0,0,0,1912,0,0,0,15686,0,0
5,77452128,rs577604377,T,C,gnomAD Exomes,PASS,NA,p.His476Arg,p.His476Arg,c.1427A>G,missense_variant,,3,109352,2.74343404784549E-05,0,0,0,7160,0,0,0,17110,0,0,0,2320,0,0,0,9044,0,0,0,13354,0,0,0,42762,0,0,0,1914,0,0,3,15688,0,0
5,77452128,rs577604377,T,A,gnomAD Exomes,PASS,NA,p.His476Leu,p.His476Leu,c.1427A>T,missense_variant,,1,109352,9.14478015948497E-06,0,0,0,7160,0,0,0,17110,0,0,0,2320,0,0,0,9044,0,0,0,13354,0,0,1,42762,0,0,0,1914,0,0,0,15688,0,0
5,77452134,rs191850940,G,A,gnomAD Exomes,PASS,NA,p.Ala474Val,p.Ala474Val,c.1421C>T,missense_variant,,4,109330,3.65864812951614E-05,0,0,0,7160,0,0,1,17108,0,0,0,2320,0,0,3,9042,0,0,0,13338,0,0,0,42764,0,0,0,1912,0,0,0,15686,0,0
5,77452143,rs771964089,A,T,gnomAD Exomes,PASS,NA,p.Met471Lys,p.Met471Lys,c.1412T>A,missense_variant,,15,109324,0.00013720683473,0,0,0,7160,0,0,14,17108,0,0,0,2320,0,0,0,9044,0,0,0,13332,0,0,0,42762,0,0,1,1912,0,0,0,15686,0,0
5,77452144,rs556638927,T,G,gnomAD Exomes,PASS,NA,p.Met471Leu,p.Met471Leu,c.1411A>C,missense_variant,,43,109330,0.000393304673923,0,0,0,7160,0,0,0,17108,0,0,0,2320,0,0,0,9044,0,0,0,13338,0,0,0,42762,0,0,0,1912,0,0,43,15686,0,0
5,77452182,rs766154145,A,C,gnomAD Exomes,PASS,NA,p.Val458Gly,p.Val458Gly,c.1373T>G,missense_variant,,1,109190,9.15834783405074E-06,0,0,0,7158,0,0,1,17104,0,0,0,2320,0,0,0,9042,0,0,0,13220,0,0,0,42756,0,0,0,1910,0,0,0,15680,0,0
5,77452188,rs536306260,A,G,"gnomAD Exomes,gnomAD Genomes",PASS,PASS,p.Ile456Thr,p.Ile456Thr,c.1367T>C,missense_variant,,89,119998,0.000741679027984,0,0,0,9732,0,0,0,17346,0,0,0,2358,0,0,12,9958,0,0,0,14320,0,0,0,48274,0,0,1,2332,0,0,76,15678,0,0
5,77458643,rs1204234337,C,T,gnomAD Exomes,PASS,NA,p.Glu455Lys,p.Glu455Lys,c.1363G>A,missense_variant,,1,109286,9.15030287502516E-06,0,0,0,7164,0,0,1,17102,0,0,0,2320,0,0,0,9038,0,0,0,13296,0,0,0,42766,0,0,0,1910,0,0,0,15690,0,0
5,77458651,rs780176561,T,C,gnomAD Exomes,PASS,NA,p.Asn452Ser,p.Asn452Ser,c.1355A>G,missense_variant,,1,109358,9.14427842498948E-06,0,0,0,7164,0,0,0,17108,0,0,0,2320,0,0,0,9038,0,0,0,13358,0,0,0,42768,0,0,0,1914,0,0,1,15688,0,0
5,77458668,rs746886660,C,G,gnomAD Exomes,PASS,NA,p.Leu446Phe,p.Leu446Phe,c.1338G>C,missense_variant,,1,109376,9.14277355178467E-06,0,0,0,7164,0,0,0,17110,0,0,0,2320,0,0,1,9038,0,0,0,13374,0,0,0,42768,0,0,0,1914,0,0,0,15688,0,0
5,77458675,rs758805835,T,C,gnomAD Exomes,PASS,NA,p.Asn444Ser,p.Asn444Ser,c.1331A>G,missense_variant,,4,109382,3.6569088149787E-05,0,0,0,7164,0,0,0,17106,0,0,0,2320,0,0,0,9040,0,0,0,13382,0,0,1,42768,0,0,0,1914,0,0,3,15688,0,0
5,77458681,rs1032054339,C,A,gnomAD Exomes,PASS,NA,p.Cys442Phe,p.Cys442Phe,c.1325G>T,missense_variant,,1,109378,9.14260637422516E-06,0,0,1,7164,0,0,0,17110,0,0,0,2320,0,0,0,9040,0,0,0,13374,0,0,0,42768,0,0,0,1914,0,0,0,15688,0,0
5,77458681,rs1032054339,C,T,gnomAD Exomes,PASS,NA,p.Cys442Tyr,p.Cys442Tyr,c.1325G>A,missense_variant,,1,109378,9.14260637422516E-06,0,0,0,7164,0,0,0,17110,0,0,0,2320,0,0,0,9040,0,0,0,13374,0,0,1,42768,0,0,0,1914,0,0,0,15688,0,0
5,77458684,rs556341477,G,A,gnomAD Exomes,PASS,NA,p.Thr441Met,p.Thr441Met,c.1322C>T,missense_variant,,2,109378,1.82852127484503E-05,0,0,0,7164,0,0,0,17106,0,0,0,2320,0,0,1,9042,0,0,0,13376,0,0,0,42768,0,0,0,1914,0,0,1,15688,0,0
5,77458686,rs1328139762,G,C,gnomAD Exomes,PASS,NA,p.Asp440Glu,p.Asp440Glu,c.1320C>G,missense_variant,,1,109384,9.14210487822716E-06,0,0,0,7164,0,0,0,17106,0,0,0,2320,0,0,0,9042,0,0,0,13382,0,0,0,42768,0,0,0,1914,0,0,1,15688,0,0
5,77458687,rs769458241,T,C,gnomAD Exomes,PASS,NA,p.Asp440Gly,p.Asp440Gly,c.1319A>G,missense_variant,,2,109382,1.82845440748935E-05,0,0,0,7164,0,0,0,17106,0,0,0,2320,0,0,0,9042,0,0,0,13382,0,0,2,42766,0,0,0,1914,0,0,0,15688,0,0
5,77458705,rs1289085829,T,G,gnomAD Exomes,PASS,NA,p.Asn434Thr,p.Asn434Thr,c.1301A>C,missense_variant,,1,109400,9.14076782449726E-06,0,0,0,7164,0,0,1,17110,0,0,0,2320,0,0,0,9040,0,0,0,13394,0,0,0,42768,0,0,0,1914,0,0,0,15690,0,0
5,77458709,rs1451635969,T,C,gnomAD Exomes,PASS,NA,p.Thr433Ala,p.Thr433Ala,c.1297A>G,missense_variant,,1,109390,9.14160343724289E-06,0,0,0,7164,0,0,0,17108,0,0,0,2320,0,0,0,9038,0,0,0,13392,0,0,1,42768,0,0,0,1914,0,0,0,15686,0,0
5,77458714,rs751127592,C,T,gnomAD Exomes,PASS,NA,p.Cys431Tyr,p.Cys431Tyr,c.1292G>A,missense_variant,,1,109388,9.14177057812557E-06,0,0,0,7164,0,0,0,17108,0,0,0,2320,0,0,0,9040,0,0,0,13386,0,0,1,42768,0,0,0,1914,0,0,0,15688,0,0
5,77458724,rs201185966,T,C,gnomAD Exomes,PASS,NA,p.Ile428Val,p.Ile428Val,c.1282A>G,missense_variant,,1,109388,9.14177057812557E-06,0,0,0,7164,0,0,0,17108,0,0,0,2320,0,0,0,9038,0,0,1,13388,0,0,0,42768,0,0,0,1914,0,0,0,15688,0,0
5,77458735,rs1188811427,G,A,gnomAD Exomes,PASS,NA,p.Thr424Ile,p.Thr424Ile,c.1271C>T,missense_variant,,2,109390,1.82832068744858E-05,0,0,0,7164,0,0,2,17110,0,0,0,2320,0,0,0,9038,0,0,0,13386,0,0,0,42768,0,0,0,1914,0,0,0,15690,0,0
5,77458739,rs756480607,C,T,gnomAD Exomes,PASS,NA,p.Ala423Thr,p.Ala423Thr,c.1267G>A,missense_variant,,1,109390,9.14160343724289E-06,0,0,0,7164,0,0,0,17112,0,0,0,2320,0,0,1,9042,0,0,0,13382,0,0,0,42768,0,0,0,1914,0,0,0,15688,0,0
5,77458756,rs1462012807,T,C,gnomAD Exomes,PASS,NA,p.Asp417Gly,p.Asp417Gly,c.1250A>G,missense_variant,,1,109382,9.14227203744674E-06,0,0,0,7164,0,0,1,17112,0,0,0,2320,0,0,0,9044,0,0,0,13372,0,0,0,42768,0,0,0,1914,0,0,0,15688,0,0
5,77458765,rs778910104,T,C,gnomAD Exomes,PASS,NA,p.Lys414Arg,p.Lys414Arg,c.1241A>G,missense_variant,,3,109360,2.74323335771763E-05,0,0,0,7164,0,0,3,17112,0,0,0,2320,0,0,0,9044,0,0,0,13350,0,0,0,42768,0,0,0,1914,0,0,0,15688,0,0
5,77458765,rs778910104,T,G,gnomAD Exomes,PASS,NA,p.Lys414Thr,p.Lys414Thr,c.1241A>C,missense_variant,,1,109360,9.1441111923921E-06,0,0,0,7164,0,0,0,17112,0,0,0,2320,0,0,0,9044,0,0,0,13350,0,0,1,42768,0,0,0,1914,0,0,0,15688,0,0
5,77458771,rs770900085,T,C,gnomAD Exomes,PASS,NA,p.Tyr412Cys,p.Tyr412Cys,c.1235A>G,missense_variant,,1,109342,9.14561650600867E-06,0,0,0,7164,0,0,1,17112,0,0,0,2320,0,0,0,9044,0,0,0,13336,0,0,0,42766,0,0,0,1912,0,0,0,15688,0,0
5,77458772,rs781034104,A,G,"gnomAD Exomes,gnomAD Genomes",PASS,PASS,p.Tyr412His,p.Tyr412His,c.1234T>C,missense_variant,,2,120202,1.6638658258598E-05,0,0,0,9736,0,0,0,17354,0,0,0,2358,0,0,2,9958,0,0,0,14484,0,0,0,48288,0,0,0,2336,0,0,0,15688,0,0
5,77458774,rs745655716,G,T,gnomAD Genomes,NA,PASS,p.Thr411Asn,p.Thr411Asn,c.1232C>A,missense_variant,,2,10864,0.000184094256259,0,0,0,2572,0,0,0,244,0,0,0,38,0,0,0,916,0,0,0,1162,0,0,2,5508,0,0,0,424,0,0,0,0,0,0
5,77461444,rs779980435,C,T,gnomAD Exomes,PASS,NA,p.Arg407Gln,p.Arg407Gln,c.1220G>A,missense_variant,,0,106868,0,0,0,0,6482,0,0,0,16920,0,0,0,2080,0,0,0,9006,0,0,0,13342,0,0,0,41682,0,0,0,1880,0,0,0,15476,0,0
5,77461445,rs768390608,G,A,gnomAD Exomes,PASS,NA,p.Arg407Ter,p.Arg407Ter,c.1219C>T,stop_gained,,0,106950,0,0,0,0,6494,0,0,0,16932,0,0,0,2080,0,0,0,9006,0,0,0,13340,0,0,0,41736,0,0,0,1880,0,0,0,15482,0,0
5,77461450,rs747856511,A,G,gnomAD Exomes,PASS,NA,p.Leu405Pro,p.Leu405Pro,c.1214T>C,missense_variant,,0,107026,0,0,0,0,6500,0,0,0,16926,0,0,0,2088,0,0,0,9012,0,0,0,13348,0,0,0,41778,0,0,0,1886,0,0,0,15488,0,0
5,77461453,rs772780058,G,A,gnomAD Exomes,PASS,NA,p.Thr404Ile,p.Thr404Ile,c.1211C>T,missense_variant,,1,106926,9.35226231225333E-06,0,0,1,6480,0,0,0,16926,0,0,0,2084,0,0,0,9008,0,0,0,13350,0,0,0,41746,0,0,0,1880,0,0,0,15452,0,0
5,77461454,rs761026638,T,C,gnomAD Exomes,PASS,NA,p.Thr404Ala,p.Thr404Ala,c.1210A>G,missense_variant,,1,106944,9.3506882106523E-06,0,0,0,6484,0,0,0,16920,0,0,0,2088,0,0,0,9010,0,0,0,13350,0,0,0,41756,0,0,0,1880,0,0,1,15456,0,0
5,77461466,rs150000996,C,G,"gnomAD Exomes,gnomAD Genomes",PASS,PASS,p.Ala400Pro,p.Ala400Pro,c.1198G>C,missense_variant,,86,117418,0.000732426033487,0,0,4,9010,0,0,2,17154,0,0,0,2074,0,0,0,9922,0,0,1,14500,0,0,76,47050,0,0,3,2296,0,0,0,15412,0,0
5,77461471,rs759936403,T,C,gnomAD Exomes,PASS,NA,p.Asn398Ser,p.Asn398Ser,c.1193A>G,missense_variant,,1,106186,9.41743732695459E-06,0,0,0,6390,0,0,0,16892,0,0,0,2008,0,0,0,8994,0,0,0,13332,0,0,1,41324,0,0,0,1868,0,0,0,15378,0,0
5,77461480,rs145351589,T,C,"gnomAD Exomes,gnomAD Genomes",PASS,PASS,p.Asn395Ser,p.Asn395Ser,c.1184A>G,missense_variant,,17,116200,0.000146299483649,0,0,13,8884,0,0,3,17084,0,0,0,2006,0,0,0,9904,0,0,0,14482,0,0,0,46256,0,0,0,2288,0,0,1,15296,0,0
5,77461489,rs764013671,A,G,gnomAD Exomes,PASS,NA,p.Ile392Thr,p.Ile392Thr,c.1175T>C,missense_variant,,1,104326,9.58533826658743E-06,0,0,0,6230,0,0,0,16766,0,0,0,1934,0,0,0,8956,0,0,0,13286,0,0,0,40064,0,0,0,1852,0,0,1,15238,0,0
5,77471458,rs762030946,T,C,gnomAD Exomes,PASS,NA,p.Thr387Ala,p.Thr387Ala,c.1159A>G,missense_variant,,12,109204,0.000109886084759,0,0,0,7148,0,0,12,17088,0,0,0,2314,0,0,0,9008,0,0,0,13388,0,0,0,42682,0,0,0,1910,0,0,0,15666,0,0
5,77471461,rs767726030,T,C,gnomAD Exomes,PASS,NA,p.Lys386Glu,p.Lys386Glu,c.1156A>G,missense_variant,,1,109234,9.1546588058663E-06,0,0,0,7150,0,0,0,17088,0,0,0,2318,0,0,0,9008,0,0,0,13390,0,0,1,42700,0,0,0,1910,0,0,0,15670,0,0
5,77471466,rs753784252,A,G,gnomAD Exomes,PASS,NA,p.Met384Thr,p.Met384Thr,c.1151T>C,missense_variant,,1,109254,9.15298295714574E-06,0,0,0,7152,0,0,0,17084,0,0,0,2320,0,0,0,9010,0,0,0,13390,0,0,0,42712,0,0,0,1910,0,0,1,15676,0,0
5,77471473,rs1470042708,G,A,gnomAD Exomes,PASS,NA,p.Pro382Ser,p.Pro382Ser,c.1144C>T,missense_variant,,1,109278,9.15097274840316E-06,0,0,0,7156,0,0,1,17086,0,0,0,2320,0,0,0,9014,0,0,0,13390,0,0,0,42724,0,0,0,1910,0,0,0,15678,0,0
5,77471475,rs778512112,T,C,gnomAD Exomes,PASS,NA,p.Asp381Gly,p.Asp381Gly,c.1142A>G,missense_variant,,1,109280,9.15080527086384E-06,0,0,0,7156,0,0,0,17088,0,0,0,2320,0,0,1,9014,0,0,0,13390,0,0,0,42726,0,0,0,1910,0,0,0,15676,0,0
5,77471481,rs1428925590,G,A,gnomAD Exomes,PASS,NA,p.Ser379Leu,p.Ser379Leu,c.1136C>T,missense_variant,,1,109288,9.15013542200424E-06,0,0,0,7156,0,0,0,17090,0,0,0,2318,0,0,0,9016,0,0,0,13388,0,0,1,42726,0,0,0,1912,0,0,0,15682,0,0
5,77471488,rs757985695,C,T,gnomAD Exomes,PASS,NA,p.Val377Ile,p.Val377Ile,c.1129G>A,missense_variant,,17,109302,0.000155532378182,0,0,0,7156,0,0,0,17098,0,0,0,2320,0,0,0,9014,0,0,0,13388,0,0,0,42728,0,0,0,1912,0,0,17,15686,0,0
5,77471490,rs777524331,T,C,gnomAD Exomes,PASS,NA,p.Tyr376Cys,p.Tyr376Cys,c.1127A>G,missense_variant,,3,109316,2.74433751692341E-05,0,0,0,7156,0,0,0,17100,0,0,0,2320,0,0,1,9016,0,0,0,13392,0,0,2,42736,0,0,0,1910,0,0,0,15686,0,0
5,77471499,rs187115356,T,C,gnomAD Exomes,PASS,NA,p.Lys373Arg,p.Lys373Arg,c.1118A>G,missense_variant,,1,109322,9.14728965807431E-06,0,0,1,7156,0,0,0,17098,0,0,0,2320,0,0,0,9016,0,0,0,13392,0,0,0,42744,0,0,0,1912,0,0,0,15684,0,0
5,77471502,rs1379674814,A,C,gnomAD Genomes,NA,PASS,p.Leu372Arg,p.Leu372Arg,c.1115T>G,missense_variant,,2,10874,0.000183924958617,0,0,0,2572,0,0,0,246,0,0,0,38,0,0,0,916,0,0,0,1160,0,0,2,5518,0,0,0,424,0,0,0,0,0,0
5,77471520,rs770300467,C,T,gnomAD Exomes,PASS,NA,p.Gly366Glu,p.Gly366Glu,c.1097G>A,missense_variant,,1,109330,9.14662032379036E-06,0,0,0,7154,0,0,0,17100,0,0,0,2320,0,0,0,9022,0,0,0,13388,0,0,1,42744,0,0,0,1914,0,0,0,15688,0,0
5,77471615,rs1222640594,T,C,gnomAD Genomes,NA,PASS,p.Gln363Arg,p.Gln363Arg,c.1088A>G,missense_variant,,1,10878,9.19286633572348E-05,0,0,0,2572,0,0,0,246,0,0,0,38,0,0,0,916,0,0,0,1162,0,0,1,5520,0,0,0,424,0,0,0,0,0,0
5,77471623,rs762065522,C,T,gnomAD Exomes,PASS,NA,p.Met360Ile,p.Met360Ile,c.1080G>A,missense_variant,,1,109360,9.1441111923921E-06,0,0,0,7160,0,0,0,17106,0,0,0,2320,0,0,0,9046,0,0,0,13364,0,0,1,42762,0,0,0,1914,0,0,0,15688,0,0
5,77471628,rs148160411,T,C,"gnomAD Exomes,gnomAD Genomes",PASS,PASS,p.Thr359Ala,p.Thr359Ala,c.1075A>G,missense_variant,,4,120242,3.32662464030871E-05,0,0,0,9734,0,0,0,17352,0,0,0,2358,0,0,4,9962,0,0,0,14530,0,0,0,48280,0,0,0,2338,0,0,0,15688,0,0
5,77471634,rs142025324,T,C,"gnomAD Exomes,gnomAD Genomes",PASS,PASS,p.Ile357Val,p.Ile357Val,c.1069A>G,missense_variant,,226,120244,0.001879511659625,1,0,1,9734,0,0,4,17352,0,0,13,2358,0,0,0,9962,0,0,51,14530,0,0,150,48282,1,0,7,2338,0,0,0,15688,0,0
5,77471639,rs1211455744,T,G,gnomAD Exomes,PASS,NA,p.Gln355Pro,p.Gln355Pro,c.1064A>C,missense_variant,,1,109360,9.1441111923921E-06,0,0,0,7158,0,0,0,17106,0,0,0,2320,0,0,0,9046,0,0,0,13366,0,0,1,42762,0,0,0,1914,0,0,0,15688,0,0
5,77473167,rs767320624,T,G,gnomAD Exomes,PASS,NA,p.Asn346His,p.Asn346His,c.1036A>C,missense_variant,,1,109360,9.1441111923921E-06,0,0,0,7164,0,0,0,17088,0,0,0,2320,0,0,1,9028,0,0,0,13394,0,0,0,42764,0,0,0,1914,0,0,0,15688,0,0
5,77473170,rs755725180,T,C,gnomAD Exomes,PASS,NA,p.Ser345Gly,p.Ser345Gly,c.1033A>G,missense_variant,,2,109360,1.82882223847842E-05,0,0,0,7164,0,0,0,17086,0,0,0,2320,0,0,0,9028,0,0,0,13394,0,0,0,42766,0,0,0,1914,0,0,2,15688,0,0
5,77473172,rs765852823,C,T,gnomAD Exomes,PASS,NA,p.Arg344His,p.Arg344His,c.1031G>A,missense_variant,,2,109362,1.82878879318228E-05,0,0,1,7164,0,0,0,17090,0,0,0,2320,0,0,0,9028,0,0,0,13394,0,0,0,42766,0,0,0,1914,0,0,1,15686,0,0
5,77473173,rs753341973,G,A,gnomAD Exomes,PASS,NA,p.Arg344Cys,p.Arg344Cys,c.1030C>T,missense_variant,,2,109360,1.82882223847842E-05,0,0,0,7164,0,0,0,17090,0,0,0,2320,0,0,0,9026,0,0,0,13394,0,0,1,42764,0,0,0,1914,0,0,1,15688,0,0
5,77473181,rs141832130,C,T,"gnomAD Exomes,gnomAD Genomes",PASS,PASS,p.Arg341His,p.Arg341His,c.1022G>A,missense_variant,,24,120236,0.000199607438704,0,0,1,9734,0,0,4,17342,0,0,0,2358,0,0,0,9944,0,0,1,14556,0,0,17,48278,0,0,1,2336,0,0,0,15688,0,0
5,77473182,rs964935640,G,A,gnomAD Exomes,PASS,NA,p.Arg341Cys,p.Arg341Cys,c.1021C>T,missense_variant,,1,109372,9.14310792524595E-06,0,0,0,7164,0,0,0,17102,0,0,0,2320,0,0,0,9028,0,0,0,13394,0,0,0,42762,0,0,0,1914,0,0,1,15688,0,0
5,77473190,rs1420909431,G,A,gnomAD Exomes,PASS,NA,p.Ser338Leu,p.Ser338Leu,c.1013C>T,missense_variant,,1,109378,9.14260637422516E-06,0,0,0,7164,0,0,0,17106,0,0,0,2320,0,0,0,9028,0,0,0,13394,0,0,0,42764,0,0,0,1914,0,0,1,15688,0,0
5,77473200,rs1411715869,T,G,gnomAD Exomes,PASS,NA,p.Ile335Leu,p.Ile335Leu,c.1003A>C,missense_variant,,1,109386,9.14193772512022E-06,0,0,0,7164,0,0,1,17108,0,0,0,2320,0,0,0,9030,0,0,0,13394,0,0,0,42768,0,0,0,1914,0,0,0,15688,0,0
5,77473211,rs1462106235,T,C,gnomAD Exomes,PASS,NA,p.Glu331Gly,p.Glu331Gly,c.992A>G,missense_variant,,1,109386,9.14193772512022E-06,0,0,1,7164,0,0,0,17106,0,0,0,2320,0,0,0,9032,0,0,0,13394,0,0,0,42768,0,0,0,1914,0,0,0,15688,0,0
5,77473227,rs758789954,T,C,gnomAD Exomes,PASS,NA,p.Ile326Val,p.Ile326Val,c.976A>G,missense_variant,,1,109386,9.14193772512022E-06,0,0,0,7164,0,0,0,17110,0,0,0,2320,0,0,0,9028,0,0,0,13394,0,0,1,42768,0,0,0,1914,0,0,0,15688,0,0
5,77473235,rs375726084,T,C,gnomAD Exomes,PASS,NA,p.Tyr323Cys,p.Tyr323Cys,c.968A>G,missense_variant,,1,109386,9.14193772512022E-06,0,0,0,7164,0,0,0,17112,0,0,0,2320,0,0,0,9026,0,0,0,13394,0,0,0,42768,0,0,0,1914,0,0,1,15688,0,0
5,77473240,rs1226113490,C,A,gnomAD Exomes,PASS,NA,p.Gln321His,p.Gln321His,c.963G>T,missense_variant,,1,109382,9.14227203744674E-06,0,0,0,7164,0,0,0,17112,0,0,0,2320,0,0,1,9026,0,0,0,13394,0,0,0,42764,0,0,0,1914,0,0,0,15688,0,0
5,77477332,rs753218867,G,A,gnomAD Genomes,NA,PASS,p.Ala314Val,p.Ala314Val,c.941C>T,missense_variant,,1,10864,9.20471281296024E-05,0,0,0,2570,0,0,0,244,0,0,0,38,0,0,0,916,0,0,0,1160,0,0,1,5514,0,0,0,422,0,0,0,0,0,0
5,77477344,rs778226822,C,G,gnomAD Exomes,PASS,NA,p.Ser310Thr,p.Ser310Thr,c.929G>C,missense_variant,,1,109098,9.16607087205998E-06,0,0,0,7158,0,0,0,17068,0,0,0,2320,0,0,0,9032,0,0,0,13190,0,0,1,42734,0,0,0,1910,0,0,0,15686,0,0
5,77477362,rs201075567,G,A,gnomAD Exomes,PASS,NA,p.Thr304Ile,p.Thr304Ile,c.911C>T,missense_variant,,10,109174,9.15969003608918E-05,0,0,0,7158,0,0,0,17068,0,0,0,2318,0,0,9,9032,0,0,0,13256,0,0,0,42748,0,0,1,1910,0,0,0,15684,0,0
5,77477363,rs1475565093,T,C,gnomAD Exomes,PASS,NA,p.Thr304Ala,p.Thr304Ala,c.910A>G,missense_variant,,1,109182,9.15901888589694E-06,0,0,0,7158,0,0,0,17066,0,0,0,2318,0,0,1,9036,0,0,0,13260,0,0,0,42748,0,0,0,1910,0,0,0,15686,0,0
5,77477369,rs121908905,T,C,gnomAD Exomes,PASS,NA,p.Arg302Gly,p.Arg302Gly,c.904A>G,missense_variant,,1,109212,9.15650294839395E-06,0,0,0,7158,0,0,0,17074,0,0,0,2320,0,0,0,9034,0,0,0,13288,0,0,0,42740,0,0,0,1910,0,0,1,15688,0,0
5,77477372,rs769823855,T,C,gnomAD Exomes,PASS,NA,p.Ile301Val,p.Ile301Val,c.901A>G,missense_variant,,1,109218,9.155999926752E-06,0,0,0,7158,0,0,0,17074,0,0,0,2320,0,0,0,9034,0,0,0,13296,0,0,1,42738,0,0,0,1910,0,0,0,15688,0,0
5,77477373,rs780112036,T,A,gnomAD Exomes,PASS,NA,p.Leu300Phe,p.Leu300Phe,c.900A>T,missense_variant,,1,109220,9.1558322651529E-06,0,0,0,7158,0,0,1,17072,0,0,0,2320,0,0,0,9032,0,0,0,13302,0,0,0,42738,0,0,0,1910,0,0,0,15688,0,0
5,77477395,rs760424300,A,G,gnomAD Exomes,PASS,NA,p.Met293Thr,p.Met293Thr,c.878T>C,missense_variant,,0,109196,0,0,0,0,7158,0,0,0,17058,0,0,0,2320,0,0,0,9030,0,0,0,13308,0,0,0,42736,0,0,0,1910,0,0,0,15676,0,0
5,77477396,rs538390986,T,C,gnomAD Exomes,PASS,NA,p.Met293Val,p.Met293Val,c.877A>G,missense_variant,,1,109200,9.15750915750916E-06,0,0,0,7158,0,0,1,17058,0,0,0,2320,0,0,0,9028,0,0,0,13306,0,0,0,42740,0,0,0,1910,0,0,0,15680,0,0
5,77477399,rs960194590,T,C,gnomAD Exomes,PASS,NA,p.Thr292Ala,p.Thr292Ala,c.874A>G,missense_variant,,1,109106,9.1653987865012E-06,0,0,0,7156,0,0,0,17026,0,0,0,2316,0,0,0,9028,0,0,0,13302,0,0,1,42732,0,0,0,1908,0,0,0,15638,0,0
5,77477401,rs776100459,T,C,gnomAD Exomes,PASS,NA,p.Tyr291Cys,p.Tyr291Cys,c.872A>G,missense_variant,,1,109090,9.16674305619213E-06,0,0,0,7154,0,0,0,17026,0,0,0,2316,0,0,0,9028,0,0,0,13300,0,0,1,42728,0,0,0,1906,0,0,0,15632,0,0
5,77477404,rs759296897,G,A,gnomAD Exomes,PASS,NA,p.Pro290Leu,p.Pro290Leu,c.869C>T,missense_variant,,3,108962,2.75325342780052E-05,0,0,0,7154,0,0,0,16980,0,0,0,2312,0,0,2,9024,0,0,0,13290,0,0,0,42726,0,0,0,1906,0,0,1,15570,0,0
5,77477419,rs554863664,T,C,gnomAD Exomes,PASS,NA,p.Asp285Gly,p.Asp285Gly,c.854A>G,missense_variant,,4,108972,3.67066769445362E-05,0,0,0,7154,0,0,3,16992,0,0,0,2316,0,0,0,9024,0,0,0,13284,0,0,1,42712,0,0,0,1908,0,0,0,15582,0,0
5,77477423,rs574733353,T,A,gnomAD Exomes,PASS,NA,p.Thr284Ser,p.Thr284Ser,c.850A>T,missense_variant,,1,108930,9.18020747268888E-06,0,0,0,7154,0,0,1,16978,0,0,0,2314,0,0,0,9026,0,0,0,13282,0,0,0,42692,0,0,0,1908,0,0,0,15576,0,0
5,77477431,rs1248438236,T,C,"gnomAD Exomes,gnomAD Genomes",PASS,PASS,p.Lys281Arg,p.Lys281Arg,c.842A>G,missense_variant,,2,119706,1.67076002873707E-05,0,0,0,9720,0,0,0,17196,0,0,0,2348,0,0,1,9948,0,0,0,14418,0,0,0,48222,0,0,1,2330,0,0,0,15524,0,0
5,77477438,rs751922416,C,A,gnomAD Exomes,PASS,NA,p.Asp279Tyr,p.Asp279Tyr,c.835G>T,missense_variant,,2,108832,1.83769479564834E-05,0,0,2,7150,0,0,0,16948,0,0,0,2312,0,0,0,9028,0,0,0,13250,0,0,0,42696,0,0,0,1906,0,0,0,15542,0,0
5,77477450,rs140209190,C,T,gnomAD Exomes,PASS,NA,p.Glu275Lys,p.Glu275Lys,c.823G>A,missense_variant,,4,108736,3.67863449087699E-05,0,0,0,7154,0,0,1,16956,0,0,0,2310,0,0,0,9030,0,0,0,13172,0,0,2,42700,0,0,0,1904,0,0,1,15510,0,0
5,77477452,rs989736183,T,C,gnomAD Exomes,PASS,NA,p.Tyr274Cys,p.Tyr274Cys,c.821A>G,missense_variant,,4,108760,3.67782272894446E-05,0,0,0,7154,0,0,1,16960,0,0,0,2310,0,0,0,9030,0,0,3,13170,0,0,0,42706,0,0,0,1908,0,0,0,15522,0,0
5,77477460,rs914618490,C,A,gnomAD Exomes,PASS,NA,p.Lys271Asn,p.Lys271Asn,c.813G>T,missense_variant,,3,108700,2.75988960441582E-05,0,0,0,7152,0,0,0,16954,0,0,0,2310,0,0,0,9028,0,0,0,13116,0,0,2,42710,0,0,0,1906,0,0,1,15524,0,0
5,77477468,rs1330451650,T,G,gnomAD Exomes,PASS,NA,p.Asn269His,p.Asn269His,c.805A>C,missense_variant,,1,108674,9.20183300513462E-06,0,0,0,7152,0,0,0,16966,0,0,0,2314,0,0,0,9034,0,0,1,13038,0,0,0,42718,0,0,0,1900,0,0,0,15552,0,0
5,77477475,rs749432205,T,G,gnomAD Exomes,PASS,NA,p.Leu266Phe,p.Leu266Phe,c.798A>C,missense_variant,,1,108632,9.20539067678032E-06,0,0,1,7154,0,0,0,16988,0,0,0,2314,0,0,0,9032,0,0,0,12920,0,0,0,42722,0,0,0,1906,0,0,0,15596,0,0
5,77511878,rs1274082365,C,G,gnomAD Exomes,PASS,NA,c.786+1G>C,,c.786+1G>C,splice_donor_variant,,1,109378,9.14260637422516E-06,0,0,1,7162,0,0,0,17108,0,0,0,2320,0,0,0,9032,0,0,0,13386,0,0,0,42766,0,0,0,1914,0,0,0,15690,0,0
5,77511892,rs1184624668,C,A,gnomAD Exomes,PASS,NA,p.Ser258Ile,p.Ser258Ile,c.773G>T,missense_variant,,1,109390,9.14160343724289E-06,0,0,0,7162,0,0,0,17112,0,0,0,2320,0,0,1,9036,0,0,0,13392,0,0,0,42766,0,0,0,1914,0,0,0,15688,0,0
5,77511925,rs1396289255,A,G,gnomAD Exomes,PASS,NA,p.Met247Thr,p.Met247Thr,c.740T>C,missense_variant,,1,109394,9.14126917381209E-06,0,0,0,7162,0,0,0,17112,0,0,0,2320,0,0,1,9038,0,0,0,13394,0,0,0,42766,0,0,0,1914,0,0,0,15688,0,0
5,77511938,rs370551459,C,A,gnomAD Exomes,PASS,NA,p.Val243Phe,p.Val243Phe,c.727G>T,missense_variant,,1,109392,9.14143630247184E-06,0,0,0,7162,0,0,0,17112,0,0,0,2320,0,0,0,9038,0,0,0,13392,0,0,1,42766,0,0,0,1914,0,0,0,15688,0,0
5,77511964,rs746144113,A,C,gnomAD Exomes,PASS,NA,p.Val234Gly,p.Val234Gly,c.701T>G,missense_variant,,1,109386,9.14193772512022E-06,0,0,0,7162,0,0,0,17110,0,0,0,2320,0,0,0,9032,0,0,1,13394,0,0,0,42766,0,0,0,1912,0,0,0,15690,0,0
5,77511964,rs746144113,A,G,gnomAD Exomes,PASS,NA,p.Val234Ala,p.Val234Ala,c.701T>C,missense_variant,,1,109386,9.14193772512022E-06,0,0,0,7162,0,0,0,17110,0,0,0,2320,0,0,0,9032,0,0,0,13394,0,0,1,42766,0,0,0,1912,0,0,0,15690,0,0
5,77511976,rs1168854704,CAT,C,gnomAD Genomes,NA,PASS,p.Cys230Ter,p.Cys230Ter,c.687_688delAT,frameshift_variant,,1,10874,9.19624793084421E-05,0,0,0,2574,0,0,0,246,0,0,0,38,0,0,0,914,0,0,0,1160,0,0,1,5518,0,0,0,424,0,0,0,0,0,0
5,77511985,rs367631130,C,T,gnomAD Exomes,PASS,NA,p.Arg227His,p.Arg227His,c.680G>A,missense_variant,,1,109380,9.1424392027793E-06,0,0,0,7160,0,0,0,17110,0,0,0,2320,0,0,1,9030,0,0,0,13394,0,0,0,42764,0,0,0,1914,0,0,0,15688,0,0
5,77511986,rs748972774,G,A,gnomAD Exomes,PASS,NA,p.Arg227Cys,p.Arg227Cys,c.679C>T,missense_variant,,8,109376,7.31421884142774E-05,0,0,0,7160,0,0,7,17110,0,0,0,2320,0,0,0,9026,0,0,0,13394,0,0,1,42764,0,0,0,1914,0,0,0,15688,0,0
5,77512025,,C,T,gnomAD Genomes,NA,PASS,p.Val214Ile,p.Val214Ile,c.640G>A,missense_variant,,1,10878,9.19286633572348E-05,0,0,0,2572,0,0,0,246,0,0,0,38,0,0,0,916,0,0,0,1162,0,0,1,5520,0,0,0,424,0,0,0,0,0,0
5,77512028,rs1485047029,C,G,gnomAD Exomes,PASS,NA,p.Glu213Gln,p.Glu213Gln,c.637G>C,missense_variant,,1,109330,9.14662032379036E-06,0,0,0,7158,0,0,0,17106,0,0,0,2320,0,0,0,9018,0,0,0,13392,0,0,1,42740,0,0,0,1912,0,0,0,15684,0,0
5,77512039,rs773530514,A,G,gnomAD Exomes,PASS,NA,p.Met209Thr,p.Met209Thr,c.626T>C,missense_variant,,1,109304,9.14879601844397E-06,0,0,0,7154,0,0,0,17098,0,0,0,2320,0,0,0,9010,0,0,0,13390,0,0,1,42736,0,0,0,1912,0,0,0,15684,0,0
5,77521392,rs149521661,C,T,gnomAD Exomes,PASS,NA,p.Glu193Lys,p.Glu193Lys,c.577G>A,missense_variant,,1,108234,9.23924090396733E-06,0,0,1,7140,0,0,0,16748,0,0,0,2262,0,0,0,9002,0,0,0,13368,0,0,0,42492,0,0,0,1902,0,0,0,15320,0,0
5,77521394,rs938821612,A,G,gnomAD Exomes,PASS,NA,p.Ile192Thr,p.Ile192Thr,c.575T>C,missense_variant,,1,108292,9.23429246851106E-06,0,0,0,7140,0,0,0,16762,0,0,0,2266,0,0,0,9008,0,0,0,13368,0,0,1,42514,0,0,0,1902,0,0,0,15332,0,0
5,77521412,rs778281326,T,G,gnomAD Exomes,PASS,NA,p.Glu186Ala,p.Glu186Ala,c.557A>C,missense_variant,,1,108414,9.22390097219916E-06,0,0,0,7132,0,0,0,16824,0,0,0,2280,0,0,0,9010,0,0,0,13362,0,0,0,42520,0,0,0,1898,0,0,1,15388,0,0
5,77523200,rs777268122,A,G,gnomAD Exomes,PASS,NA,p.Tyr178His,p.Tyr178His,c.532T>C,missense_variant,,6,109328,5.48807258890678E-05,0,0,0,7158,0,0,0,17108,0,0,0,2320,0,0,0,9026,0,0,0,13372,0,0,0,42744,0,0,0,1912,0,0,6,15688,0,0
5,77523228,rs1213921175,C,G,gnomAD Exomes,PASS,NA,p.Lys168Asn,p.Lys168Asn,c.504G>C,missense_variant,,1,109334,9.14628569337992E-06,0,0,0,7156,0,0,0,17104,0,0,0,2320,0,0,1,9026,0,0,0,13380,0,0,0,42748,0,0,0,1912,0,0,0,15688,0,0
5,77523250,rs776980005,T,C,gnomAD Exomes,PASS,NA,p.Asp161Gly,p.Asp161Gly,c.482A>G,missense_variant,,1,109332,9.14645300552446E-06,0,0,0,7156,0,0,1,17102,0,0,0,2320,0,0,0,9024,0,0,0,13380,0,0,0,42752,0,0,0,1912,0,0,0,15686,0,0
5,77523266,rs1424373279,T,C,gnomAD Exomes,PASS,NA,p.Lys156Glu,p.Lys156Glu,c.466A>G,missense_variant,,2,109322,1.82945793161486E-05,0,0,0,7156,0,0,0,17100,0,0,0,2320,0,0,0,9026,0,0,0,13380,0,0,2,42740,0,0,0,1914,0,0,0,15686,0,0
5,77523284,rs763118037,T,C,gnomAD Exomes,PASS,NA,p.Ile150Val,p.Ile150Val,c.448A>G,missense_variant,,1,109330,9.14662032379036E-06,0,0,0,7156,0,0,0,17108,0,0,0,2320,0,0,0,9026,0,0,0,13382,0,0,1,42742,0,0,0,1912,0,0,0,15684,0,0
5,77523304,rs759424724,C,CTAA,"gnomAD Exomes,gnomAD Genomes",PASS,PASS,p.Ile142dup,p.Ile142dup,c.425_427dupTTA,inframe_insertion,,2,120220,1.66361670271169E-05,0,0,2,9732,0,0,0,17352,0,0,0,2358,0,0,0,9942,0,0,0,14552,0,0,0,48262,0,0,0,2336,0,0,0,15686,0,0
5,77523329,rs1270734050,C,A,gnomAD Exomes,PASS,NA,p.Ala135Ser,p.Ala135Ser,c.403G>T,missense_variant,,1,109338,9.14595108745358E-06,0,0,0,7160,0,0,0,17108,0,0,0,2320,0,0,0,9024,0,0,1,13382,0,0,0,42746,0,0,0,1910,0,0,0,15688,0,0
5,77523338,rs1292281210,G,A,gnomAD Exomes,PASS,NA,p.Arg132Cys,p.Arg132Cys,c.394C>T,missense_variant,,1,109314,9.14795909032695E-06,0,0,0,7160,0,0,0,17102,0,0,0,2320,0,0,0,9022,0,0,0,13372,0,0,0,42740,0,0,0,1912,0,0,1,15686,0,0
5,77523348,rs752326293,G,T,gnomAD Exomes,PASS,NA,p.Asn128Lys,p.Asn128Lys,c.384C>A,missense_variant,,1,109310,9.14829384319824E-06,0,0,0,7158,0,0,0,17100,0,0,0,2320,0,0,0,9024,0,0,0,13370,0,0,1,42740,0,0,0,1910,0,0,0,15688,0,0
5,77523969,rs767727803,T,C,gnomAD Exomes,PASS,NA,p.Lys125Arg,p.Lys125Arg,c.374A>G,missense_variant,,0,105150,0,0,0,0,7050,0,0,0,15820,0,0,0,2164,0,0,0,8932,0,0,0,13096,0,0,0,41830,0,0,0,1814,0,0,0,14444,0,0
5,77523979,rs776590274,G,A,gnomAD Exomes,PASS,NA,p.Arg122Ter,p.Arg122Ter,c.364C>T,stop_gained,,3,105422,2.84570582990268E-05,0,0,0,7020,0,0,0,15824,0,0,0,2208,0,0,0,8882,0,0,1,13092,0,0,2,41946,0,0,0,1822,0,0,0,14628,0,0
5,77523994,rs765022326,T,C,gnomAD Exomes,PASS,NA,p.Ile117Val,p.Ile117Val,c.349A>G,missense_variant,,1,107642,9.29005406811467E-06,0,0,0,7090,0,0,0,16572,0,0,0,2272,0,0,0,8946,0,0,0,13196,0,0,1,42452,0,0,0,1872,0,0,0,15242,0,0
5,77524009,rs758043789,G,C,gnomAD Exomes,PASS,NA,p.Leu112Val,p.Leu112Val,c.334C>G,missense_variant,,1,108372,9.22747573173882E-06,0,0,0,7116,0,0,0,16880,0,0,0,2296,0,0,1,8962,0,0,0,13146,0,0,0,42572,0,0,0,1890,0,0,0,15510,0,0
5,77524018,rs1397315776,G,T,gnomAD Exomes,PASS,NA,p.Gln109Lys,p.Gln109Lys,c.325C>A,missense_variant,,1,108314,9.23241686208615E-06,0,0,0,7092,0,0,0,16916,0,0,0,2298,0,0,0,8950,0,0,0,13094,0,0,0,42518,0,0,1,1868,0,0,0,15578,0,0
5,77524021,rs1326425026,C,T,gnomAD Exomes,PASS,NA,p.Glu108Lys,p.Glu108Lys,c.322G>A,missense_variant,,1,108232,9.23941163426713E-06,0,0,0,7080,0,0,1,16894,0,0,0,2296,0,0,0,8932,0,0,0,13082,0,0,0,42488,0,0,0,1870,0,0,0,15590,0,0
5,77524033,rs1310374210,G,GA,gnomAD Exomes,PASS,NA,p.Arg104SerfsTer4,p.Arg104SerfsTer4,c.309dupT,frameshift_variant,,1,107538,9.29903847942123E-06,0,0,0,7020,0,0,1,16782,0,0,0,2296,0,0,0,8840,0,0,0,12908,0,0,0,42324,0,0,0,1848,0,0,0,15520,0,0
5,77524051,rs780459865,C,T,"gnomAD Exomes,gnomAD Genomes",PASS,PASS,p.Val98Ile,p.Val98Ile,c.292G>A,missense_variant,,9,116454,7.72837343500438E-05,0,0,0,9420,0,0,0,16896,0,0,0,2310,0,0,9,9578,0,0,0,13250,0,0,0,47334,0,0,0,2226,0,0,0,15440,0,0
5,77536723,rs1371955255,G,A,gnomAD Exomes,PASS,NA,p.Pro81Leu,p.Pro81Leu,c.242C>T,missense_variant,,1,109352,9.14478015948497E-06,0,0,0,7154,0,0,0,17088,0,0,0,2320,0,0,0,9046,0,0,0,13394,0,0,1,42766,0,0,0,1914,0,0,0,15670,0,0
5,77536741,rs747100020,T,C,gnomAD Exomes,PASS,NA,p.Asn75Ser,p.Asn75Ser,c.224A>G,missense_variant,,1,109344,9.14544922446591E-06,0,0,0,7154,0,0,0,17096,0,0,0,2318,0,0,0,9046,0,0,0,13394,0,0,0,42760,0,0,0,1914,0,0,1,15662,0,0
5,77563352,rs779404585,T,C,gnomAD Exomes,PASS,NA,p.Ile66Val,p.Ile66Val,c.196A>G,missense_variant,,2,109082,1.83348306778387E-05,0,0,0,7154,0,0,0,17006,0,0,0,2320,0,0,0,9014,0,0,0,13320,0,0,1,42710,0,0,1,1908,0,0,0,15650,0,0
5,77563354,rs150651515,C,T,"gnomAD Exomes,gnomAD Genomes",PASS,PASS,p.Arg65Gln,p.Arg65Gln,c.194G>A,missense_variant,,10,119802,8.34710605832958E-05,0,0,0,9706,0,0,2,17240,0,0,0,2356,0,0,0,9922,0,0,0,14430,0,0,7,48166,0,0,0,2330,0,0,1,15652,0,0
5,77563355,rs758616866,G,A,"gnomAD Exomes,gnomAD Genomes",PASS,PASS,p.Arg65Trp,p.Arg65Trp,c.193C>T,missense_variant,,3,119830,2.50354669114579E-05,0,0,0,9708,0,0,0,17254,0,0,0,2356,0,0,0,9938,0,0,0,14412,0,0,1,48186,0,0,1,2330,0,0,1,15646,0,0
5,77563366,rs1401143681,T,C,gnomAD Exomes,PASS,NA,p.Asp61Gly,p.Asp61Gly,c.182A>G,missense_variant,,1,109132,9.1632151889455E-06,0,0,0,7154,0,0,0,17030,0,0,0,2320,0,0,0,9026,0,0,0,13310,0,0,1,42734,0,0,0,1908,0,0,0,15650,0,0
5,77563386,rs1353667752,G,T,gnomAD Exomes,PASS,NA,p.Asn54Lys,p.Asn54Lys,c.162C>A,missense_variant,,1,109042,9.17077823224079E-06,0,0,0,7154,0,0,0,17032,0,0,0,2318,0,0,0,9020,0,0,0,13246,0,0,1,42726,0,0,0,1906,0,0,0,15640,0,0
5,77563389,rs747277387,G,T,gnomAD Exomes,PASS,NA,p.Ser53Arg,p.Ser53Arg,c.159C>A,missense_variant,,1,108994,9.1748169624016E-06,0,0,0,7152,0,0,1,17022,0,0,0,2320,0,0,0,9020,0,0,0,13198,0,0,0,42728,0,0,0,1906,0,0,0,15648,0,0
5,77563399,rs781258027,A,G,gnomAD Exomes,PASS,NA,p.Met1?,p.Met1?,c.2T>C,start_lost,,2,108898,1.83658102077173E-05,0,0,0,7148,0,0,0,16996,0,0,0,2318,0,0,0,9012,0,0,0,13166,0,0,0,42720,0,0,0,1908,0,0,2,15630,0,0
5,77563412,rs768641911,C,T,gnomAD Exomes,PASS,NA,p.Asp46Asn,p.Asp46Asn,c.136G>A,missense_variant,,2,108612,1.84141715464221E-05,0,0,0,7136,0,0,2,16974,0,0,0,2312,0,0,0,9012,0,0,0,13008,0,0,0,42682,0,0,0,1900,0,0,0,15588,0,0
5,77563417,rs774098325,T,C,gnomAD Exomes,PASS,NA,p.Asn44Ser,p.Asn44Ser,c.131A>G,missense_variant,,9,108464,8.29768402419236E-05,0,0,0,7136,0,0,3,16958,0,0,0,2310,0,0,0,9012,0,0,0,12924,0,0,6,42670,0,0,0,1898,0,0,0,15556,0,0
5,77590276,rs1181027316,T,G,gnomAD Exomes,PASS,NA,p.Lys43Thr,p.Lys43Thr,c.128A>C,missense_variant,,1,109248,9.1534856473345E-06,0,0,1,7144,0,0,0,17102,0,0,0,2320,0,0,0,9018,0,0,0,13338,0,0,0,42734,0,0,0,1914,0,0,0,15678,0,0
5,77590318,rs746625977,G,A,gnomAD Exomes,PASS,NA,p.Ser29Phe,p.Ser29Phe,c.86C>T,missense_variant,,2,109250,1.83066361556064E-05,0,0,0,7140,0,0,0,17098,0,0,0,2320,0,0,0,9014,0,0,0,13354,0,0,1,42734,0,0,0,1914,0,0,1,15676,0,0
5,77590321,rs377426067,A,C,gnomAD Exomes,PASS,NA,p.Ile28Ser,p.Ile28Ser,c.83T>G,missense_variant,,1,109270,9.15164271986822E-06,0,0,1,7144,0,0,0,17096,0,0,0,2320,0,0,0,9016,0,0,0,13370,0,0,0,42734,0,0,0,1914,0,0,0,15676,0,0
5,77590339,rs1302695682,T,A,gnomAD Exomes,PASS,NA,p.Gln22Leu,p.Gln22Leu,c.65A>T,missense_variant,,1,109288,9.15013542200424E-06,0,0,0,7146,0,0,0,17098,0,0,0,2320,0,0,1,9024,0,0,0,13360,0,0,0,42744,0,0,0,1914,0,0,0,15682,0,0
5,77590339,rs1302695682,T,C,gnomAD Exomes,PASS,NA,p.Gln22Arg,p.Gln22Arg,c.65A>G,missense_variant,,1,109288,9.15013542200424E-06,0,0,0,7146,0,0,0,17098,0,0,0,2320,0,0,1,9024,0,0,0,13360,0,0,0,42744,0,0,0,1914,0,0,0,15682,0,0
5,77590352,rs1200991552,T,C,gnomAD Exomes,PASS,NA,p.Thr18Ala,p.Thr18Ala,c.52A>G,missense_variant,,1,109298,9.14929824882432E-06,0,0,0,7148,0,0,0,17102,0,0,0,2320,0,0,0,9034,0,0,0,13342,0,0,1,42754,0,0,0,1914,0,0,0,15684,0,0
5,77590366,rs139760966,C,G,"gnomAD Exomes,gnomAD Genomes",PASS,PASS,p.Gly13Ala,p.Gly13Ala,c.38G>C,missense_variant,,15,120158,0.000124835633083,0,0,12,9722,0,0,3,17346,0,0,0,2358,0,0,0,9948,0,0,0,14496,0,0,0,48270,0,0,0,2338,0,0,0,15680,0,0
5,77590366,rs139760966,C,T,gnomAD Exomes,PASS,NA,p.Gly13Glu,p.Gly13Glu,c.38G>A,missense_variant,,1,109280,9.15080527086384E-06,0,0,1,7150,0,0,0,17100,0,0,0,2320,0,0,0,9032,0,0,0,13334,0,0,0,42750,0,0,0,1914,0,0,0,15680,0,0
5,77590372,rs764312417,T,C,gnomAD Exomes,PASS,NA,p.Gln11Arg,p.Gln11Arg,c.32A>G,missense_variant,,6,109288,5.49008125320255E-05,0,0,0,7152,0,0,0,17102,0,0,0,2320,0,0,0,9036,0,0,0,13338,0,0,4,42748,0,0,1,1914,0,0,1,15678,0,0
5,77590377,rs1170215351,A,C,gnomAD Exomes,PASS,NA,p.Asn9Lys,p.Asn9Lys,c.27T>G,missense_variant,,2,109274,1.83026154437469E-05,0,0,0,7152,0,0,1,17104,0,0,0,2320,0,0,0,9034,0,0,0,13318,0,0,1,42752,0,0,0,1914,0,0,0,15680,0,0
5,77590378,rs868369063,T,C,gnomAD Exomes,PASS,NA,p.Asn9Ser,p.Asn9Ser,c.26A>G,missense_variant,,1,109272,9.15147521780511E-06,0,0,0,7150,0,0,0,17102,0,0,0,2320,0,0,0,9034,0,0,0,13320,0,0,1,42752,0,0,0,1914,0,0,0,15680,0,0
5,77590382,rs1467381566,A,G,gnomAD Exomes,PASS,NA,p.Tyr8His,p.Tyr8His,c.22T>C,missense_variant,,1,109264,9.15214526284961E-06,0,0,0,7148,0,0,0,17104,0,0,0,2320,0,0,0,9036,0,0,0,13306,0,0,0,42754,0,0,0,1914,0,0,1,15682,0,0
5,77590389,rs1323574701,A,T,gnomAD Exomes,PASS,NA,p.Ser5Arg,p.Ser5Arg,c.15T>A,missense_variant,,1,109252,9.15315051440706E-06,0,0,0,7148,0,0,0,17102,0,0,0,2320,0,0,0,9032,0,0,0,13294,0,0,0,42760,0,0,0,1912,0,0,1,15684,0,0
5,77590390,rs955168709,C,T,gnomAD Genomes,NA,PASS,p.Ser5Asn,p.Ser5Asn,c.14G>A,missense_variant,,1,10882,9.18948722661275E-05,0,0,1,2574,0,0,0,246,0,0,0,38,0,0,0,916,0,0,0,1162,0,0,0,5522,0,0,0,424,0,0,0,0,0,0
