Chromosome,Position,rsID,Reference,Alternate,Source,Filters - exomes,Filters - genomes,Consequence,Protein Consequence,Transcript Consequence,Annotation,Flags,Allele Count,Allele Number,Allele Frequency,Homozygote Count,Hemizygote Count,Allele Count African,Allele Number African,Homozygote Count African,Hemizygote Count African,Allele Count Latino,Allele Number Latino,Homozygote Count Latino,Hemizygote Count Latino,Allele Count Ashkenazi Jewish,Allele Number Ashkenazi Jewish,Homozygote Count Ashkenazi Jewish,Hemizygote Count Ashkenazi Jewish,Allele Count East Asian,Allele Number East Asian,Homozygote Count East Asian,Hemizygote Count East Asian,Allele Count European (Finnish),Allele Number European (Finnish),Homozygote Count European (Finnish),Hemizygote Count European (Finnish),Allele Count European (non-Finnish),Allele Number European (non-Finnish),Homozygote Count European (non-Finnish),Hemizygote Count European (non-Finnish),Allele Count Other,Allele Number Other,Homozygote Count Other,Hemizygote Count Other,Allele Count South Asian,Allele Number South Asian,Homozygote Count South Asian,Hemizygote Count South Asian
13,103436855,rs774400442,T,C,gnomAD Exomes,PASS,NA,p.Asp500Gly,p.Asp500Gly,c.1499A>G,missense_variant,segdup,1,106636,9.37769608762519E-06,0,0,0,7110,0,0,0,15406,0,0,0,2272,0,0,1,9018,0,0,0,13376,0,0,0,42234,0,0,0,1870,0,0,0,15350,0,0
13,103436855,rs774400442,T,A,gnomAD Exomes,PASS,NA,p.Asp500Val,p.Asp500Val,c.1499A>T,missense_variant,segdup,1,106636,9.37769608762519E-06,0,0,0,7110,0,0,0,15406,0,0,0,2272,0,0,0,9018,0,0,0,13376,0,0,0,42234,0,0,0,1870,0,0,1,15350,0,0
13,103436861,rs200714768,G,A,gnomAD Exomes,PASS,NA,p.Thr498Ile,p.Thr498Ile,c.1493C>T,missense_variant,segdup,6,106254,5.64684623637698E-05,0,0,0,7106,0,0,6,15228,0,0,0,2264,0,0,0,8992,0,0,0,13378,0,0,0,42132,0,0,0,1860,0,0,0,15294,0,0
13,103438591,rs779039196,A,T,gnomAD Exomes,PASS,NA,p.His494Gln,p.His494Gln,c.1482T>A,missense_variant,segdup,9,109350,8.23045267489712E-05,0,0,0,7162,0,0,0,17084,0,0,0,2316,0,0,0,9044,0,0,0,13392,0,0,0,42766,0,0,0,1912,0,0,9,15674,0,0
13,103438592,rs772137109,T,C,gnomAD Exomes,PASS,NA,p.His494Arg,p.His494Arg,c.1481A>G,missense_variant,segdup,1,109364,9.14377674554698E-06,0,0,0,7162,0,0,1,17082,0,0,0,2318,0,0,0,9044,0,0,0,13392,0,0,0,42766,0,0,0,1912,0,0,0,15688,0,0
13,103438598,rs773050703,G,A,gnomAD Exomes,PASS,NA,p.Thr492Ile,p.Thr492Ile,c.1475C>T,missense_variant,segdup,1,109382,9.14227203744674E-06,0,0,1,7162,0,0,0,17100,0,0,0,2320,0,0,0,9044,0,0,0,13392,0,0,0,42764,0,0,0,1914,0,0,0,15686,0,0
13,103438613,rs770896643,T,A,gnomAD Exomes,PASS,NA,p.Asp487Val,p.Asp487Val,c.1460A>T,missense_variant,segdup,1,109400,9.14076782449726E-06,0,0,0,7162,0,0,0,17108,0,0,0,2320,0,0,0,9044,0,0,0,13394,0,0,1,42768,0,0,0,1914,0,0,0,15690,0,0
13,103438614,rs371232341,C,T,gnomAD Exomes,PASS,NA,p.Asp487Asn,p.Asp487Asn,c.1459G>A,missense_variant,segdup,1,109404,9.14043362217103E-06,0,0,1,7164,0,0,0,17110,0,0,0,2320,0,0,0,9046,0,0,0,13392,0,0,0,42768,0,0,0,1914,0,0,0,15690,0,0
13,103438614,rs371232341,C,A,gnomAD Exomes,PASS,NA,p.Asp487Tyr,p.Asp487Tyr,c.1459G>T,missense_variant,segdup,1,109404,9.14043362217103E-06,0,0,0,7164,0,0,0,17110,0,0,0,2320,0,0,0,9046,0,0,0,13392,0,0,1,42768,0,0,0,1914,0,0,0,15690,0,0
13,103438626,rs1197678805,G,C,gnomAD Exomes,PASS,NA,p.Gln483Glu,p.Gln483Glu,c.1447C>G,missense_variant,segdup,1,109398,9.14093493482513E-06,0,0,0,7162,0,0,1,17110,0,0,0,2320,0,0,0,9046,0,0,0,13392,0,0,0,42764,0,0,0,1914,0,0,0,15690,0,0
13,103438635,rs561023980,C,A,gnomAD Exomes,PASS,NA,p.Val480Leu,p.Val480Leu,c.1438G>T,missense_variant,segdup,1,109406,9.14026653017202E-06,0,0,0,7164,0,0,0,17110,0,0,0,2320,0,0,1,9046,0,0,0,13394,0,0,0,42768,0,0,0,1914,0,0,0,15690,0,0
13,103438637,rs138249456,C,A,"gnomAD Exomes,gnomAD Genomes",PASS,PASS,p.Arg479Met,p.Arg479Met,c.1436G>T,missense_variant,segdup,6,120284,4.9881946060989E-05,0,0,6,9736,0,0,0,17356,0,0,0,2358,0,0,0,9962,0,0,0,14556,0,0,0,48288,0,0,0,2338,0,0,0,15690,0,0
13,103438644,rs762392167,T,C,gnomAD Exomes,PASS,NA,p.Met477Val,p.Met477Val,c.1429A>G,missense_variant,segdup,2,109406,1.8280533060344E-05,0,0,0,7164,0,0,0,17110,0,0,0,2320,0,0,0,9046,0,0,0,13394,0,0,2,42768,0,0,0,1914,0,0,0,15690,0,0
13,103438646,rs1327737548,C,T,"gnomAD Exomes,gnomAD Genomes",PASS,PASS,p.Gly476Asp,p.Gly476Asp,c.1427G>A,missense_variant,segdup,3,120286,2.49405583359659E-05,0,0,0,9736,0,0,0,17356,0,0,0,2358,0,0,0,9962,0,0,0,14556,0,0,3,48290,0,0,0,2338,0,0,0,15690,0,0
13,103438652,rs143926182,C,A,gnomAD Exomes,PASS,NA,p.Arg474Leu,p.Arg474Leu,c.1421G>T,missense_variant,segdup,3,109406,2.74207995905161E-05,0,0,0,7164,0,0,0,17110,0,0,0,2320,0,0,0,9046,0,0,0,13394,0,0,3,42768,0,0,0,1914,0,0,0,15690,0,0
13,103438652,rs143926182,C,T,"gnomAD Exomes,gnomAD Genomes",PASS,PASS,p.Arg474Gln,p.Arg474Gln,c.1421G>A,missense_variant,segdup,38,120284,0.00031591899172,0,0,2,9738,0,0,3,17356,0,0,0,2358,0,0,0,9960,0,0,1,14556,0,0,20,48288,0,0,1,2338,0,0,11,15690,0,0
13,103438665,rs374529482,C,T,"gnomAD Exomes,gnomAD Genomes",PASS,PASS,p.Glu470Lys,p.Glu470Lys,c.1408G>A,missense_variant,segdup,3,120278,2.49422171968273E-05,0,0,0,9738,0,0,1,17352,0,0,0,2358,0,0,0,9962,0,0,0,14556,0,0,2,48284,0,0,0,2338,0,0,0,15690,0,0
13,103438675,rs543216989,T,A,gnomAD Exomes,PASS,NA,p.Leu466Phe,p.Leu466Phe,c.1398A>T,missense_variant,segdup,1,109400,9.14076782449726E-06,0,0,0,7164,0,0,0,17104,0,0,0,2320,0,0,0,9046,0,0,0,13394,0,0,0,42768,0,0,0,1914,0,0,1,15690,0,0
13,103438682,rs565108399,G,C,gnomAD Exomes,PASS,NA,p.Ala464Gly,p.Ala464Gly,c.1391C>G,missense_variant,segdup,2,109396,1.82822041025266E-05,0,0,0,7164,0,0,0,17102,0,0,0,2320,0,0,0,9046,0,0,0,13394,0,0,2,42766,0,0,0,1914,0,0,0,15690,0,0
13,103438682,rs565108399,G,T,gnomAD Exomes,PASS,NA,p.Ala464Asp,p.Ala464Asp,c.1391C>A,missense_variant,segdup,1,109396,9.1411020512633E-06,0,0,0,7164,0,0,0,17102,0,0,0,2320,0,0,0,9046,0,0,0,13394,0,0,0,42766,0,0,0,1914,0,0,1,15690,0,0
13,103438687,rs776647820,T,G,gnomAD Exomes,PASS,NA,p.Glu462Asp,p.Glu462Asp,c.1386A>C,missense_variant,segdup,2,109392,1.82828726049437E-05,0,0,0,7164,0,0,0,17102,0,0,0,2320,0,0,0,9046,0,0,0,13390,0,0,2,42768,0,0,0,1914,0,0,0,15688,0,0
13,103440212,rs1450952390,A,G,gnomAD Genomes,NA,PASS,p.Ile452Thr,p.Ile452Thr,c.1355T>C,missense_variant,segdup,1,10884,9.18779860345461E-05,0,0,1,2574,0,0,0,246,0,0,0,38,0,0,0,916,0,0,0,1162,0,0,0,5524,0,0,0,424,0,0,0,0,0,0
13,103440213,rs1360000719,T,C,gnomAD Exomes,PASS,NA,p.Ile452Val,p.Ile452Val,c.1354A>G,missense_variant,segdup,1,107464,9.30544182237773E-06,0,0,0,7138,0,0,0,16322,0,0,0,2288,0,0,0,9038,0,0,0,13356,0,0,1,42548,0,0,0,1888,0,0,0,14886,0,0
13,103440218,rs757359037,T,A,gnomAD Exomes,PASS,NA,p.Asp450Val,p.Asp450Val,c.1349A>T,missense_variant,segdup,1,107636,9.29057192760786E-06,0,0,0,7144,0,0,1,16368,0,0,0,2290,0,0,0,9034,0,0,0,13362,0,0,0,42586,0,0,0,1888,0,0,0,14964,0,0
13,103440219,rs768975095,C,A,gnomAD Exomes,PASS,NA,p.Asp450Tyr,p.Asp450Tyr,c.1348G>T,missense_variant,segdup,1,107556,9.29748224180892E-06,0,0,0,7140,0,0,1,16328,0,0,0,2292,0,0,0,9030,0,0,0,13354,0,0,0,42578,0,0,0,1888,0,0,0,14946,0,0
13,103440219,rs768975095,C,T,gnomAD Exomes,PASS,NA,p.Asp450Asn,p.Asp450Asn,c.1348G>A,missense_variant,segdup,16,107556,0.000148759715869,0,0,0,7140,0,0,3,16328,0,0,0,2292,0,0,3,9030,0,0,0,13354,0,0,1,42578,0,0,0,1888,0,0,9,14946,0,0
13,103440236,rs748953821,C,T,gnomAD Exomes,PASS,NA,p.Arg444Lys,p.Arg444Lys,c.1331G>A,missense_variant,segdup,1,108006,9.25874488454345E-06,0,0,0,7136,0,0,0,16446,0,0,0,2298,0,0,0,9018,0,0,0,13352,0,0,0,42660,0,0,0,1888,0,0,1,15208,0,0
13,103440240,rs773815713,C,A,gnomAD Exomes,PASS,NA,p.Ala443Ser,p.Ala443Ser,c.1327G>T,missense_variant,segdup,1,108048,9.25514586109877E-06,0,0,0,7150,0,0,0,16468,0,0,0,2304,0,0,0,9012,0,0,0,13348,0,0,1,42652,0,0,0,1884,0,0,0,15230,0,0
13,103441366,rs760529923,T,G,gnomAD Exomes,PASS,NA,p.Glu430Ala,p.Glu430Ala,c.1289A>C,missense_variant,segdup,6,109330,5.48797219427421E-05,0,0,0,7164,0,0,5,17110,0,0,0,2320,0,0,0,9046,0,0,0,13386,0,0,1,42702,0,0,0,1914,0,0,0,15688,0,0
13,103441373,rs1398522506,G,T,gnomAD Exomes,PASS,NA,p.His428Asn,p.His428Asn,c.1282C>A,missense_variant,segdup,1,109366,9.14360953129857E-06,0,0,0,7164,0,0,0,17110,0,0,0,2320,0,0,0,9046,0,0,1,13392,0,0,0,42730,0,0,0,1914,0,0,0,15690,0,0
13,103441381,rs763402149,G,A,gnomAD Exomes,PASS,NA,p.Ala425Val,p.Ala425Val,c.1274C>T,missense_variant,segdup,2,109374,1.82858814709163E-05,0,0,0,7164,0,0,0,17110,0,0,0,2320,0,0,0,9046,0,0,0,13392,0,0,1,42740,0,0,0,1914,0,0,1,15688,0,0
13,103441396,rs1384496610,T,C,gnomAD Exomes,PASS,NA,p.Glu420Gly,p.Glu420Gly,c.1259A>G,missense_variant,segdup,2,109392,1.82828726049437E-05,0,0,0,7164,0,0,1,17110,0,0,0,2320,0,0,0,9046,0,0,0,13394,0,0,1,42754,0,0,0,1914,0,0,0,15690,0,0
13,103441406,rs558079300,C,T,"gnomAD Exomes,gnomAD Genomes",PASS,PASS,p.Asp417Asn,p.Asp417Asn,c.1249G>A,missense_variant,segdup,8,120276,6.6513685190728E-05,0,0,0,9736,0,0,1,17356,0,0,0,2358,0,0,0,9962,0,0,0,14556,0,0,2,48280,0,0,0,2338,0,0,5,15690,0,0
13,103441407,rs369977236,G,C,gnomAD Exomes,PASS,NA,p.Ser416Arg,p.Ser416Arg,c.1248C>G,missense_variant,segdup,1,109406,9.14026653017202E-06,0,0,0,7164,0,0,0,17112,0,0,0,2320,0,0,0,9046,0,0,0,13394,0,0,1,42766,0,0,0,1914,0,0,0,15690,0,0
13,103441419,rs780062314,C,G,gnomAD Exomes,PASS,NA,p.Lys412Asn,p.Lys412Asn,c.1236G>C,missense_variant,segdup,1,109408,9.14009944428195E-06,0,0,0,7164,0,0,1,17112,0,0,0,2320,0,0,0,9046,0,0,0,13394,0,0,0,42768,0,0,0,1914,0,0,0,15690,0,0
13,103441439,rs778656713,T,G,gnomAD Exomes,PASS,NA,p.Lys406Gln,p.Lys406Gln,c.1216A>C,missense_variant,segdup,1,109408,9.14009944428195E-06,0,0,0,7164,0,0,0,17112,0,0,0,2320,0,0,0,9046,0,0,0,13394,0,0,0,42768,0,0,0,1914,0,0,1,15690,0,0
13,103441441,rs747855151,C,T,gnomAD Exomes,PASS,NA,p.Trp405Ter,p.Trp405Ter,c.1214G>A,stop_gained,segdup,1,109406,9.14026653017202E-06,0,0,0,7164,0,0,0,17112,0,0,0,2320,0,0,1,9046,0,0,0,13394,0,0,0,42768,0,0,0,1914,0,0,0,15688,0,0
13,103441457,rs777337937,T,G,gnomAD Exomes,PASS,NA,p.Asn400His,p.Asn400His,c.1198A>C,missense_variant,segdup,1,109406,9.14026653017202E-06,0,0,0,7164,0,0,0,17112,0,0,0,2320,0,0,0,9046,0,0,1,13394,0,0,0,42768,0,0,0,1912,0,0,0,15690,0,0
13,103441467,rs1193543226,T,A,gnomAD Exomes,PASS,NA,p.Glu396Asp,p.Glu396Asp,c.1188A>T,missense_variant,segdup,1,109406,9.14026653017202E-06,0,0,0,7164,0,0,1,17112,0,0,0,2320,0,0,0,9046,0,0,0,13392,0,0,0,42768,0,0,0,1914,0,0,0,15690,0,0
13,103441473,rs777561219,G,GTAGA,"gnomAD Exomes,gnomAD Genomes",PASS,PASS,p.Tyr395LeufsTer3,p.Tyr395LeufsTer3,c.1178_1181dupTCTA,frameshift_variant,segdup,2,120286,1.6627038890644E-05,0,0,2,9734,0,0,0,17358,0,0,0,2358,0,0,0,9962,0,0,0,14556,0,0,0,48290,0,0,0,2338,0,0,0,15690,0,0
13,103441474,rs372231388,T,C,gnomAD Exomes,PASS,NA,p.Tyr394Cys,p.Tyr394Cys,c.1181A>G,missense_variant,segdup,1,109406,9.14026653017202E-06,0,0,0,7162,0,0,0,17112,0,0,0,2320,0,0,0,9046,0,0,0,13394,0,0,1,42768,0,0,0,1914,0,0,0,15690,0,0
13,103441474,rs372231388,T,G,gnomAD Exomes,PASS,NA,p.Tyr394Ser,p.Tyr394Ser,c.1181A>C,missense_variant,segdup,4,109406,3.65610661206881E-05,0,0,0,7162,0,0,0,17112,0,0,0,2320,0,0,0,9046,0,0,0,13394,0,0,4,42768,0,0,0,1914,0,0,0,15690,0,0
13,103441477,rs770298969,A,G,gnomAD Exomes,PASS,NA,p.Ile393Thr,p.Ile393Thr,c.1178T>C,missense_variant,segdup,3,109408,2.74202983328459E-05,0,0,0,7164,0,0,3,17112,0,0,0,2320,0,0,0,9046,0,0,0,13394,0,0,0,42768,0,0,0,1914,0,0,0,15690,0,0
13,103441487,rs776097408,G,A,gnomAD Exomes,PASS,NA,p.Gln390Ter,p.Gln390Ter,c.1168C>T,stop_gained,segdup,1,109408,9.14009944428195E-06,0,0,0,7164,0,0,0,17112,0,0,0,2320,0,0,0,9046,0,0,0,13394,0,0,0,42768,0,0,0,1914,0,0,1,15690,0,0
13,103441502,rs762196228,T,C,gnomAD Exomes,PASS,NA,p.Ser385Gly,p.Ser385Gly,c.1153A>G,missense_variant,segdup,1,109408,9.14009944428195E-06,0,0,0,7164,0,0,0,17112,0,0,0,2320,0,0,0,9046,0,0,0,13394,0,0,0,42768,0,0,1,1914,0,0,0,15690,0,0
13,103441510,rs767863405,A,G,gnomAD Exomes,PASS,NA,p.Val382Ala,p.Val382Ala,c.1145T>C,missense_variant,segdup,1,109408,9.14009944428195E-06,0,0,0,7164,0,0,0,17112,0,0,0,2320,0,0,0,9046,0,0,0,13394,0,0,1,42768,0,0,0,1914,0,0,0,15690,0,0
13,103441513,rs750622092,A,T,gnomAD Exomes,PASS,NA,p.Leu381Gln,p.Leu381Gln,c.1142T>A,missense_variant,segdup,1,109408,9.14009944428195E-06,0,0,0,7164,0,0,0,17112,0,0,0,2320,0,0,0,9046,0,0,0,13394,0,0,1,42768,0,0,0,1914,0,0,0,15690,0,0
13,103441528,rs36094126,C,T,"gnomAD Exomes,gnomAD Genomes",PASS,PASS,p.Arg376His,p.Arg376His,c.1127G>A,missense_variant,segdup,5,120278,4.15703619947122E-05,0,0,0,9738,0,0,0,17358,0,0,0,2358,0,0,0,9960,0,0,0,14556,0,0,5,48280,0,0,0,2338,0,0,0,15690,0,0
13,103441535,rs377520885,C,T,gnomAD Exomes,PASS,NA,p.Ala374Thr,p.Ala374Thr,c.1120G>A,missense_variant,segdup,1,109406,9.14026653017202E-06,0,0,0,7164,0,0,1,17112,0,0,0,2320,0,0,0,9046,0,0,0,13394,0,0,0,42766,0,0,0,1914,0,0,0,15690,0,0
13,103441558,rs754857385,A,G,gnomAD Exomes,PASS,NA,p.Ile366Thr,p.Ile366Thr,c.1097T>C,missense_variant,segdup,1,109392,9.14143630247184E-06,0,0,0,7160,0,0,0,17108,0,0,0,2320,0,0,0,9046,0,0,0,13392,0,0,0,42766,0,0,0,1914,0,0,1,15686,0,0
13,103441570,rs544524093,T,C,gnomAD Exomes,PASS,NA,p.His362Arg,p.His362Arg,c.1085A>G,missense_variant,segdup,14,109370,0.000128005851696,1,0,0,7158,0,0,0,17100,0,0,0,2320,0,0,0,9046,0,0,0,13388,0,0,1,42766,0,0,0,1914,0,0,13,15678,1,0
13,103443252,rs544242271,T,C,gnomAD Exomes,PASS,NA,p.Lys361Arg,p.Lys361Arg,c.1082A>G,missense_variant,segdup,1,109360,9.1441111923921E-06,0,0,1,7162,0,0,0,17092,0,0,0,2320,0,0,0,9046,0,0,0,13394,0,0,0,42746,0,0,0,1912,0,0,0,15688,0,0
13,103443283,rs780824133,C,T,gnomAD Exomes,PASS,NA,p.Val351Met,p.Val351Met,c.1051G>A,missense_variant,segdup,6,109384,5.4852629269363E-05,0,0,0,7162,0,0,6,17104,0,0,0,2320,0,0,0,9046,0,0,0,13394,0,0,0,42758,0,0,0,1912,0,0,0,15688,0,0
13,103443286,rs181733080,T,C,gnomAD Exomes,PASS,NA,p.Ile350Val,p.Ile350Val,c.1048A>G,missense_variant,segdup,1,109386,9.14193772512022E-06,0,0,1,7162,0,0,0,17104,0,0,0,2320,0,0,0,9046,0,0,0,13394,0,0,0,42758,0,0,0,1914,0,0,0,15688,0,0
13,103443294,rs779591407,T,C,gnomAD Exomes,PASS,NA,p.Tyr347Cys,p.Tyr347Cys,c.1040A>G,missense_variant,segdup,2,109398,1.82818698696503E-05,0,0,0,7164,0,0,0,17110,0,0,0,2320,0,0,2,9046,0,0,0,13394,0,0,0,42762,0,0,0,1914,0,0,0,15688,0,0
13,103443307,rs772609979,C,T,gnomAD Exomes,PASS,NA,p.Asp343Asn,p.Asp343Asn,c.1027G>A,missense_variant,segdup,2,109392,1.82828726049437E-05,0,0,0,7164,0,0,1,17104,0,0,0,2320,0,0,0,9046,0,0,0,13394,0,0,0,42762,0,0,0,1912,0,0,1,15690,0,0
13,103443309,rs773435371,T,C,gnomAD Exomes,PASS,NA,p.His342Arg,p.His342Arg,c.1025A>G,missense_variant,segdup,2,109398,1.82818698696503E-05,0,0,0,7164,0,0,0,17106,0,0,0,2320,0,0,2,9046,0,0,0,13394,0,0,0,42768,0,0,0,1912,0,0,0,15688,0,0
13,103443310,rs749199084,GT,G,gnomAD Exomes,PASS,NA,p.Lys341AsnfsTer11,p.Lys341AsnfsTer11,c.1023delA,frameshift_variant,segdup,2,109396,1.82822041025266E-05,0,0,0,7164,0,0,0,17106,0,0,0,2320,0,0,0,9046,0,0,0,13394,0,0,2,42766,0,0,0,1912,0,0,0,15688,0,0
13,103443310,rs749199084,G,A,gnomAD Exomes,PASS,NA,p.His342Tyr,p.His342Tyr,c.1024C>T,missense_variant,segdup,1,109396,9.1411020512633E-06,0,0,0,7164,0,0,0,17106,0,0,0,2320,0,0,0,9046,0,0,0,13394,0,0,0,42766,0,0,0,1912,0,0,1,15688,0,0
13,103443327,rs1327044334,T,C,gnomAD Exomes,PASS,NA,p.Asn336Ser,p.Asn336Ser,c.1007A>G,missense_variant,segdup,1,109402,9.14060072027934E-06,0,0,0,7164,0,0,1,17108,0,0,0,2320,0,0,0,9046,0,0,0,13394,0,0,0,42766,0,0,0,1914,0,0,0,15690,0,0
13,103443332,rs1212828953,GA,G,gnomAD Genomes,NA,PASS,p.Phe334SerfsTer18,p.Phe334SerfsTer18,c.1001delT,frameshift_variant,segdup,1,10882,9.18948722661275E-05,0,0,0,2574,0,0,0,246,0,0,0,38,0,0,0,916,0,0,0,1162,0,0,1,5522,0,0,0,424,0,0,0,0,0,0
13,103443336,rs1437200502,G,A,gnomAD Exomes,PASS,NA,p.Ala333Val,p.Ala333Val,c.998C>T,missense_variant,segdup,1,109404,9.14043362217103E-06,0,0,0,7164,0,0,0,17108,0,0,0,2320,0,0,0,9046,0,0,0,13394,0,0,1,42768,0,0,0,1914,0,0,0,15690,0,0
13,103443340,rs765262325,C,T,gnomAD Exomes,PASS,NA,p.Ala332Thr,p.Ala332Thr,c.994G>A,missense_variant,segdup,2,109402,1.82812014405587E-05,0,0,1,7164,0,0,0,17108,0,0,0,2320,0,0,0,9046,0,0,0,13394,0,0,1,42766,0,0,0,1914,0,0,0,15690,0,0
13,103443358,rs761604887,G,GT,gnomAD Exomes,PASS,NA,p.His326ThrfsTer16,p.His326ThrfsTer16,c.975dupA,frameshift_variant,segdup,1,109406,9.14026653017202E-06,0,0,0,7164,0,0,0,17112,0,0,0,2320,0,0,0,9044,0,0,0,13394,0,0,0,42768,0,0,0,1914,0,0,1,15690,0,0
13,103443366,rs767091528,C,A,gnomAD Exomes,PASS,NA,p.Ser323Ile,p.Ser323Ile,c.968G>T,missense_variant,segdup,2,109406,1.8280533060344E-05,0,0,0,7164,0,0,0,17110,0,0,0,2320,0,0,0,9046,0,0,0,13394,0,0,0,42768,0,0,0,1914,0,0,2,15690,0,0
13,103443372,rs578002041,T,G,gnomAD Exomes,PASS,NA,p.Lys321Thr,p.Lys321Thr,c.962A>C,missense_variant,segdup,1,109406,9.14026653017202E-06,0,0,0,7164,0,0,0,17110,0,0,0,2320,0,0,0,9046,0,0,0,13394,0,0,1,42768,0,0,0,1914,0,0,0,15690,0,0
13,103443382,rs373001790,C,T,gnomAD Exomes,PASS,NA,p.Glu318Lys,p.Glu318Lys,c.952G>A,missense_variant,segdup,2,109408,1.82801988885639E-05,0,0,2,7164,0,0,0,17112,0,0,0,2320,0,0,0,9046,0,0,0,13394,0,0,0,42768,0,0,0,1914,0,0,0,15690,0,0
13,103443396,rs7981609,C,T,"gnomAD Exomes,gnomAD Genomes",PASS,PASS,p.Arg313His,p.Arg313His,c.938G>A,missense_variant,segdup,282,120290,0.002344334524898,1,0,256,9738,1,0,19,17358,0,0,0,2358,0,0,1,9962,0,0,0,14556,0,0,1,48290,0,0,1,2338,0,0,4,15690,0,0
13,103443405,rs758968979,C,T,gnomAD Exomes,PASS,NA,p.Arg310Gln,p.Arg310Gln,c.929G>A,missense_variant,segdup,1,109408,9.14009944428195E-06,0,0,0,7164,0,0,0,17112,0,0,0,2320,0,0,0,9046,0,0,0,13394,0,0,1,42768,0,0,0,1914,0,0,0,15690,0,0
13,103443418,rs560256241,C,T,"gnomAD Exomes,gnomAD Genomes",PASS,PASS,p.Val306Ile,p.Val306Ile,c.916G>A,missense_variant,segdup,17,120282,0.00014133453052,0,0,0,9738,0,0,0,17354,0,0,0,2358,0,0,11,9962,0,0,0,14556,0,0,0,48286,0,0,0,2338,0,0,6,15690,0,0
13,103443435,rs1340299638,C,T,gnomAD Exomes,PASS,NA,p.Ser300Asn,p.Ser300Asn,c.899G>A,missense_variant,segdup,1,109406,9.14026653017202E-06,0,0,0,7164,0,0,1,17110,0,0,0,2320,0,0,0,9046,0,0,0,13394,0,0,0,42768,0,0,0,1914,0,0,0,15690,0,0
13,103443453,rs199666817,G,A,gnomAD Exomes,PASS,NA,p.Thr294Met,p.Thr294Met,c.881C>T,missense_variant,segdup,6,109404,5.48426017330262E-05,0,0,2,7164,0,0,1,17110,0,0,0,2320,0,0,0,9046,0,0,0,13394,0,0,3,42768,0,0,0,1914,0,0,0,15688,0,0
13,103443454,rs762948924,T,C,gnomAD Exomes,PASS,NA,p.Thr294Ala,p.Thr294Ala,c.880A>G,missense_variant,segdup,3,109404,2.74213008665131E-05,0,0,0,7164,0,0,0,17108,0,0,0,2320,0,0,0,9046,0,0,0,13394,0,0,0,42768,0,0,0,1914,0,0,3,15690,0,0
13,103443455,rs186137042,G,C,gnomAD Exomes,PASS,NA,p.Asn293Lys,p.Asn293Lys,c.879C>G,missense_variant,segdup,1,109404,9.14043362217103E-06,0,0,0,7164,0,0,0,17110,0,0,0,2320,0,0,0,9046,0,0,0,13394,0,0,1,42768,0,0,0,1914,0,0,0,15688,0,0
13,103443466,rs750087912,C,T,"gnomAD Exomes,gnomAD Genomes",PASS,PASS,p.Val290Met,p.Val290Met,c.868G>A,missense_variant,segdup,3,120272,2.49434614872955E-05,0,0,0,9732,0,0,1,17354,0,0,0,2358,0,0,0,9962,0,0,0,14554,0,0,2,48286,0,0,0,2338,0,0,0,15688,0,0
13,103443469,rs1426534128,A,G,gnomAD Exomes,PASS,NA,p.Ser289Pro,p.Ser289Pro,c.865T>C,missense_variant,segdup,1,109404,9.14043362217103E-06,0,0,0,7164,0,0,1,17108,0,0,0,2320,0,0,0,9046,0,0,0,13394,0,0,0,42768,0,0,0,1914,0,0,0,15690,0,0
13,103443471,rs377451306,A,G,gnomAD Exomes,PASS,NA,p.Met288Thr,p.Met288Thr,c.863T>C,missense_variant,segdup,1,109404,9.14043362217103E-06,0,0,0,7164,0,0,0,17108,0,0,0,2320,0,0,0,9046,0,0,0,13394,0,0,1,42768,0,0,0,1914,0,0,0,15690,0,0
13,103443474,rs753402133,A,C,gnomAD Exomes,PASS,NA,p.Met287Arg,p.Met287Arg,c.860T>G,missense_variant,segdup,1,109394,9.14126917381209E-06,0,0,0,7164,0,0,0,17098,0,0,0,2320,0,0,0,9046,0,0,0,13394,0,0,1,42768,0,0,0,1914,0,0,0,15690,0,0
13,103443480,rs1163117695,A,C,gnomAD Exomes,PASS,NA,p.Leu285Arg,p.Leu285Arg,c.854T>G,missense_variant,segdup,1,109384,9.14210487822716E-06,0,0,0,7164,0,0,0,17090,0,0,0,2320,0,0,0,9046,0,0,0,13394,0,0,1,42768,0,0,0,1914,0,0,0,15688,0,0
13,103443609,rs764774846,G,A,gnomAD Exomes,PASS,NA,p.Arg282Trp,p.Arg282Trp,c.844C>T,missense_variant,segdup,2,105952,1.88764723648445E-05,0,0,0,7140,0,0,0,15744,0,0,0,2138,0,0,0,9040,0,0,0,13324,0,0,1,41962,0,0,0,1848,0,0,1,14756,0,0
13,103443611,rs1314559999,C,T,gnomAD Exomes,PASS,NA,p.Gly281Asp,p.Gly281Asp,c.842G>A,missense_variant,segdup,1,105802,9.45161717169808E-06,0,0,0,7136,0,0,1,15696,0,0,0,2128,0,0,0,9040,0,0,0,13320,0,0,0,41928,0,0,0,1844,0,0,0,14710,0,0
13,103443614,rs1235365916,A,G,gnomAD Exomes,PASS,NA,p.Met280Thr,p.Met280Thr,c.839T>C,missense_variant,segdup,1,105960,9.43752359380899E-06,0,0,0,7136,0,0,0,15690,0,0,0,2146,0,0,1,9040,0,0,0,13332,0,0,0,42030,0,0,0,1846,0,0,0,14740,0,0
13,103443617,rs1344047193,G,A,gnomAD Exomes,PASS,NA,p.Thr279Ile,p.Thr279Ile,c.836C>T,missense_variant,segdup,1,105988,9.43503038079782E-06,0,0,1,7136,0,0,0,15688,0,0,0,2144,0,0,0,9040,0,0,0,13346,0,0,0,42038,0,0,0,1846,0,0,0,14750,0,0
13,103443618,rs757769544,T,C,gnomAD Exomes,PASS,NA,p.Thr279Ala,p.Thr279Ala,c.835A>G,missense_variant,segdup,1,105646,9.46557370842247E-06,0,0,0,7132,0,0,0,15532,0,0,0,2128,0,0,0,9040,0,0,0,13332,0,0,0,41992,0,0,0,1850,0,0,1,14640,0,0
13,103443624,rs368149831,G,C,gnomAD Exomes,PASS,NA,p.Leu277Val,p.Leu277Val,c.829C>G,missense_variant,segdup,1,106688,9.37312537492501E-06,0,0,1,7138,0,0,0,16034,0,0,0,2190,0,0,0,9040,0,0,0,13352,0,0,0,42164,0,0,0,1860,0,0,0,14910,0,0
13,103443626,rs370434640,A,G,gnomAD Exomes,PASS,NA,p.Val276Ala,p.Val276Ala,c.827T>C,missense_variant,segdup,4,106766,3.74651106157391E-05,0,0,0,7140,0,0,0,16084,0,0,0,2190,0,0,0,9040,0,0,0,13352,0,0,4,42188,0,0,0,1868,0,0,0,14904,0,0
13,103443627,rs373877959,C,T,gnomAD Exomes,PASS,NA,p.Val276Ile,p.Val276Ile,c.826G>A,missense_variant,segdup,2,106664,1.8750468761719E-05,0,0,0,7140,0,0,0,16048,0,0,0,2186,0,0,0,9040,0,0,0,13344,0,0,2,42160,0,0,0,1866,0,0,0,14880,0,0
13,103443635,rs571230180,G,T,gnomAD Exomes,PASS,NA,p.Thr273Asn,p.Thr273Asn,c.818C>A,missense_variant,segdup,1,107342,9.31601796128263E-06,0,0,0,7148,0,0,0,16252,0,0,0,2222,0,0,0,9040,0,0,0,13364,0,0,0,42366,0,0,0,1878,0,0,1,15072,0,0
13,103443647,rs1297207634,G,A,gnomAD Exomes,PASS,NA,p.Thr269Met,p.Thr269Met,c.806C>T,missense_variant,segdup,1,108008,9.25857343900452E-06,0,0,0,7154,0,0,0,16488,0,0,0,2272,0,0,0,9040,0,0,0,13380,0,0,1,42568,0,0,0,1884,0,0,0,15222,0,0
13,103443648,rs1370541337,T,C,gnomAD Exomes,PASS,NA,p.Thr269Ala,p.Thr269Ala,c.805A>G,missense_variant,segdup,1,108066,9.25360427886662E-06,0,0,0,7154,0,0,1,16522,0,0,0,2278,0,0,0,9040,0,0,0,13380,0,0,0,42574,0,0,0,1884,0,0,0,15234,0,0
13,103443662,rs759207382,T,C,gnomAD Exomes,PASS,NA,p.Asp264Gly,p.Asp264Gly,c.791A>G,missense_variant,segdup,1,107946,9.26389120486169E-06,0,0,0,7154,0,0,0,16454,0,0,0,2278,0,0,1,9044,0,0,0,13388,0,0,0,42602,0,0,0,1888,0,0,0,15138,0,0
13,103443665,rs141519999,T,C,"gnomAD Exomes,gnomAD Genomes",PASS,PASS,p.Lys263Arg,p.Lys263Arg,c.788A>G,missense_variant,segdup,277,118884,0.002330002355237,3,0,4,9730,0,0,19,16726,0,0,7,2314,0,0,1,9962,0,0,2,14552,0,0,97,48130,0,0,4,2314,0,0,143,15156,3,0
13,103443670,rs1199544730,A,C,gnomAD Exomes,PASS,NA,p.Asp261Glu,p.Asp261Glu,c.783T>G,missense_variant,segdup,1,108512,9.21557062813329E-06,0,0,0,7158,0,0,0,16714,0,0,0,2298,0,0,0,9046,0,0,0,13394,0,0,0,42676,0,0,0,1894,0,0,1,15332,0,0
13,103443672,rs1250906994,C,T,gnomAD Exomes,PASS,NA,p.Asp261Asn,p.Asp261Asn,c.781G>A,missense_variant,segdup,1,108594,9.20861189384312E-06,0,0,0,7158,0,0,0,16740,0,0,0,2304,0,0,1,9046,0,0,0,13394,0,0,0,42682,0,0,0,1898,0,0,0,15372,0,0
13,103443675,rs775062726,T,A,gnomAD Exomes,PASS,NA,p.Thr260Ser,p.Thr260Ser,c.778A>T,missense_variant,segdup,1,108772,9.19354245577906E-06,0,0,0,7160,0,0,0,16828,0,0,0,2312,0,0,0,9044,0,0,0,13390,0,0,0,42692,0,0,0,1902,0,0,1,15444,0,0
13,103443686,rs1197832563,C,G,gnomAD Exomes,PASS,NA,p.Trp256Ser,p.Trp256Ser,c.767G>C,missense_variant,segdup,2,108778,1.8386070712828E-05,0,0,0,7158,0,0,0,16830,0,0,0,2310,0,0,2,9046,0,0,0,13394,0,0,0,42688,0,0,0,1904,0,0,0,15448,0,0
13,103443698,rs534373765,G,A,gnomAD Exomes,PASS,NA,p.Pro252Leu,p.Pro252Leu,c.755C>T,missense_variant,segdup,5,108960,4.58883994126285E-05,0,0,1,7160,0,0,3,16900,0,0,0,2312,0,0,0,9046,0,0,0,13392,0,0,1,42710,0,0,0,1904,0,0,0,15536,0,0
13,103443699,rs1352458236,G,A,gnomAD Exomes,PASS,NA,p.Pro252Ser,p.Pro252Ser,c.754C>T,missense_variant,segdup,1,108986,9.17549042996348E-06,0,0,0,7160,0,0,0,16912,0,0,0,2312,0,0,0,9046,0,0,0,13392,0,0,1,42714,0,0,0,1904,0,0,0,15546,0,0
13,103443701,rs754114540,T,C,"gnomAD Exomes,gnomAD Genomes",PASS,PASS,p.His251Arg,p.His251Arg,c.752A>G,missense_variant,segdup,2,119810,1.66930974042234E-05,0,0,2,9730,0,0,0,17138,0,0,0,2348,0,0,0,9962,0,0,0,14554,0,0,0,48230,0,0,0,2328,0,0,0,15520,0,0
13,103443717,rs745409332,ATTTC,A,"gnomAD Exomes,gnomAD Genomes",PASS,PASS,p.Lys244AsnfsTer22,p.Lys244AsnfsTer22,c.732_735delGAAA,frameshift_variant,segdup,32,119332,0.000268159420776,0,0,0,9730,0,0,0,16954,0,0,0,2334,0,0,0,9960,0,0,31,14550,0,0,1,48162,0,0,0,2324,0,0,0,15318,0,0
13,103443721,,C,G,gnomAD Exomes,PASS,NA,p.Lys244Asn,p.Lys244Asn,c.732G>C,missense_variant,segdup,1,107940,9.26440615156568E-06,0,0,1,7156,0,0,0,16494,0,0,0,2290,0,0,0,9044,0,0,0,13390,0,0,0,42548,0,0,0,1890,0,0,0,15128,0,0
13,103443728,rs748272179,T,C,gnomAD Exomes,PASS,NA,p.Glu242Gly,p.Glu242Gly,c.725A>G,missense_variant,segdup,1,108006,9.25874488454345E-06,0,0,0,7154,0,0,0,16572,0,0,0,2292,0,0,1,9044,0,0,0,13390,0,0,0,42586,0,0,0,1890,0,0,0,15078,0,0
13,103443733,rs1340903094,AG,A,gnomAD Exomes,PASS,NA,p.Pro240LeufsTer27,p.Pro240LeufsTer27,c.719delC,frameshift_variant,segdup,1,107404,9.31064019962013E-06,0,0,0,7148,0,0,1,16334,0,0,0,2280,0,0,0,9044,0,0,0,13384,0,0,0,42478,0,0,0,1886,0,0,0,14850,0,0
13,103443735,rs758360012,G,T,gnomAD Exomes,PASS,NA,p.Pro240Thr,p.Pro240Thr,c.718C>A,missense_variant,segdup,1,107374,9.31324156685976E-06,0,0,0,7154,0,0,1,16344,0,0,0,2272,0,0,0,9044,0,0,0,13382,0,0,0,42442,0,0,0,1886,0,0,0,14850,0,0
13,103443737,rs777882532,C,A,gnomAD Exomes,PASS,NA,p.Trp239Leu,p.Trp239Leu,c.716G>T,missense_variant,segdup,1,107412,9.30994674710461E-06,0,0,0,7152,0,0,0,16360,0,0,0,2266,0,0,0,9044,0,0,0,13378,0,0,1,42440,0,0,0,1884,0,0,0,14888,0,0
13,103443745,rs746910442,C,G,gnomAD Exomes,PASS,NA,p.Leu236Phe,p.Leu236Phe,c.708G>C,missense_variant,segdup,1,104432,9.57560900873296E-06,0,0,0,7128,0,0,1,15060,0,0,0,2170,0,0,0,9034,0,0,0,13338,0,0,0,41838,0,0,0,1834,0,0,0,14030,0,0
13,103443752,rs770900624,A,G,gnomAD Exomes,PASS,NA,p.Val234Ala,p.Val234Ala,c.701T>C,missense_variant,segdup,1,103462,9.66538439233728E-06,0,0,1,7120,0,0,0,14634,0,0,0,2144,0,0,0,9038,0,0,0,13314,0,0,0,41602,0,0,0,1820,0,0,0,13790,0,0
13,103443753,rs1024602741,C,T,gnomAD Exomes,PASS,NA,p.Val234Ile,p.Val234Ile,c.700G>A,missense_variant,segdup,1,103118,9.69762796020094E-06,0,0,0,7120,0,0,0,14530,0,0,0,2126,0,0,0,9038,0,0,1,13308,0,0,0,41466,0,0,0,1814,0,0,0,13716,0,0
13,103445690,rs1427255397,C,A,gnomAD Exomes,PASS,NA,c.672+1G>T,,c.672+1G>T,splice_donor_variant,segdup,1,107896,9.26818417735597E-06,0,0,0,7142,0,0,0,16290,0,0,0,2290,0,0,0,9044,0,0,0,13390,0,0,0,42530,0,0,0,1890,0,0,1,15320,0,0
13,103445712,rs771681720,T,TATGG,gnomAD Exomes,PASS,NA,p.Leu218HisfsTer7,p.Leu218HisfsTer7,c.647_650dupCCAT,frameshift_variant,segdup,6,109100,5.49954170485793E-05,0,0,0,7158,0,0,4,16910,0,0,0,2318,0,0,0,9046,0,0,0,13394,0,0,1,42730,0,0,1,1912,0,0,0,15632,0,0
13,103445729,rs759977408,T,C,gnomAD Exomes,PASS,NA,p.Ile212Val,p.Ile212Val,c.634A>G,missense_variant,segdup,1,109086,9.16707918523E-06,0,0,0,7162,0,0,0,16918,0,0,0,2316,0,0,1,9046,0,0,0,13394,0,0,0,42712,0,0,0,1908,0,0,0,15630,0,0
13,103445743,rs753011295,T,G,gnomAD Exomes,PASS,NA,p.His207Pro,p.His207Pro,c.620A>C,missense_variant,segdup,2,109066,1.83375204004914E-05,0,0,0,7162,0,0,0,16912,0,0,0,2318,0,0,0,9044,0,0,0,13394,0,0,1,42710,0,0,0,1908,0,0,1,15618,0,0
13,103445752,rs371509621,T,G,gnomAD Exomes,PASS,NA,p.His204Pro,p.His204Pro,c.611A>C,missense_variant,segdup,1,108952,9.17835377046773E-06,0,0,1,7158,0,0,0,16866,0,0,0,2314,0,0,0,9046,0,0,0,13394,0,0,0,42706,0,0,0,1906,0,0,0,15562,0,0
13,103445755,rs139056294,G,A,gnomAD Exomes,PASS,NA,p.Thr203Ile,p.Thr203Ile,c.608C>T,missense_variant,segdup,3,108724,2.75928037967698E-05,0,0,0,7158,0,0,0,16780,0,0,0,2310,0,0,0,9044,0,0,0,13390,0,0,3,42668,0,0,0,1904,0,0,0,15470,0,0
13,103445760,rs375828252,G,C,gnomAD Exomes,PASS,NA,p.Ile201Met,p.Ile201Met,c.603C>G,missense_variant,segdup,1,108234,9.23924090396733E-06,0,0,0,7144,0,0,0,16578,0,0,0,2296,0,0,0,9044,0,0,0,13390,0,0,1,42586,0,0,0,1900,0,0,0,15296,0,0
13,103445968,rs1416057098,T,C,gnomAD Exomes,PASS,NA,p.Thr193Ala,p.Thr193Ala,c.577A>G,missense_variant,segdup,1,109350,9.14494741655236E-06,0,0,0,7164,0,0,0,17110,0,0,0,2320,0,0,0,9046,0,0,0,13340,0,0,0,42768,0,0,0,1912,0,0,1,15690,0,0
13,103445977,rs750428332,A,G,gnomAD Exomes,PASS,NA,p.Cys190Arg,p.Cys190Arg,c.568T>C,missense_variant,segdup,2,109372,1.82862158504919E-05,0,0,0,7164,0,0,0,17112,0,0,0,2320,0,0,0,9046,0,0,0,13358,0,0,2,42768,0,0,0,1914,0,0,0,15690,0,0
13,103445990,rs144061173,C,A,gnomAD Exomes,PASS,NA,p.Gln185His,p.Gln185His,c.555G>T,missense_variant,segdup,9,109376,8.2284961966062E-05,0,0,0,7164,0,0,0,17112,0,0,0,2320,0,0,0,9046,0,0,0,13364,0,0,9,42766,0,0,0,1914,0,0,0,15690,0,0
13,103445990,rs144061173,C,G,gnomAD Exomes,PASS,NA,p.Gln185His,p.Gln185His,c.555G>C,missense_variant,segdup,1,109376,9.14277355178467E-06,0,0,0,7164,0,0,0,17112,0,0,0,2320,0,0,1,9046,0,0,0,13364,0,0,0,42766,0,0,0,1914,0,0,0,15690,0,0
13,103445995,rs1204018648,C,A,gnomAD Genomes,NA,PASS,p.Gly184Ter,p.Gly184Ter,c.550G>T,stop_gained,segdup,1,10874,9.19624793084421E-05,0,0,1,2570,0,0,0,246,0,0,0,38,0,0,0,916,0,0,0,1162,0,0,0,5518,0,0,0,424,0,0,0,0,0,0
13,103445997,rs369648880,A,T,gnomAD Exomes,PASS,NA,p.Phe183Tyr,p.Phe183Tyr,c.548T>A,missense_variant,segdup,1,109390,9.14160343724289E-06,0,0,0,7164,0,0,0,17112,0,0,0,2320,0,0,0,9046,0,0,0,13376,0,0,1,42768,0,0,0,1914,0,0,0,15690,0,0
13,103446030,rs746455011,G,A,gnomAD Exomes,PASS,NA,p.Pro172Leu,p.Pro172Leu,c.515C>T,missense_variant,segdup,1,109394,9.14126917381209E-06,0,0,1,7164,0,0,0,17112,0,0,0,2320,0,0,0,9046,0,0,0,13380,0,0,0,42768,0,0,0,1914,0,0,0,15690,0,0
13,103446033,rs770206905,T,C,gnomAD Exomes,PASS,NA,p.Asp171Gly,p.Asp171Gly,c.512A>G,missense_variant,segdup,1,109398,9.14093493482513E-06,0,0,0,7164,0,0,0,17112,0,0,0,2320,0,0,0,9046,0,0,0,13384,0,0,0,42768,0,0,0,1914,0,0,1,15690,0,0
13,103446037,rs200456278,C,T,gnomAD Exomes,PASS,NA,p.Val170Met,p.Val170Met,c.508G>A,missense_variant,segdup,4,109398,3.65637397393005E-05,0,0,0,7164,0,0,0,17112,0,0,0,2320,0,0,0,9046,0,0,2,13384,0,0,2,42768,0,0,0,1914,0,0,0,15690,0,0
13,103446049,rs769105582,G,C,"gnomAD Exomes,gnomAD Genomes",PASS,PASS,p.His166Asp,p.His166Asp,c.496C>G,missense_variant,segdup,9,120276,7.4827895839569E-05,0,0,0,9734,0,0,0,17356,0,0,0,2358,0,0,9,9960,0,0,0,14552,0,0,0,48288,0,0,0,2338,0,0,0,15690,0,0
13,103446060,rs774757152,C,T,gnomAD Exomes,PASS,NA,p.Arg162Lys,p.Arg162Lys,c.485G>A,missense_variant,segdup,1,109406,9.14026653017202E-06,0,0,0,7164,0,0,0,17112,0,0,0,2320,0,0,0,9046,0,0,0,13392,0,0,1,42768,0,0,0,1914,0,0,0,15690,0,0
13,103446069,rs1159609585,T,G,gnomAD Exomes,PASS,NA,p.Gln159Pro,p.Gln159Pro,c.476A>C,missense_variant,segdup,1,109404,9.14043362217103E-06,0,0,0,7164,0,0,1,17112,0,0,0,2320,0,0,0,9046,0,0,0,13390,0,0,0,42768,0,0,0,1914,0,0,0,15690,0,0
13,103446070,rs773165239,G,C,gnomAD Exomes,PASS,NA,p.Gln159Glu,p.Gln159Glu,c.475C>G,missense_variant,segdup,1,109408,9.14009944428195E-06,0,0,0,7164,0,0,0,17112,0,0,0,2320,0,0,0,9046,0,0,0,13394,0,0,0,42768,0,0,0,1914,0,0,1,15690,0,0
13,103446084,rs41281668,G,A,gnomAD Exomes,PASS,NA,p.Pro154Leu,p.Pro154Leu,c.461C>T,missense_variant,segdup,7,109408,6.39806961099737E-05,0,0,0,7164,0,0,0,17112,0,0,0,2320,0,0,0,9046,0,0,0,13394,0,0,7,42768,0,0,0,1914,0,0,0,15690,0,0
13,103446085,rs753733384,G,C,gnomAD Exomes,PASS,NA,p.Pro154Ala,p.Pro154Ala,c.460C>G,missense_variant,segdup,1,109408,9.14009944428195E-06,0,0,0,7164,0,0,0,17112,0,0,0,2320,0,0,1,9046,0,0,0,13394,0,0,0,42768,0,0,0,1914,0,0,0,15690,0,0
13,103446099,rs1355167032,C,T,gnomAD Exomes,PASS,NA,p.Arg149Gln,p.Arg149Gln,c.446G>A,missense_variant,segdup,2,109408,1.82801988885639E-05,0,0,0,7164,0,0,0,17112,0,0,0,2320,0,0,1,9046,0,0,0,13394,0,0,1,42768,0,0,0,1914,0,0,0,15690,0,0
13,103446100,rs148677512,G,A,gnomAD Exomes,PASS,NA,p.Arg149Trp,p.Arg149Trp,c.445C>T,missense_variant,segdup,1,109402,9.14060072027934E-06,0,0,0,7164,0,0,1,17112,0,0,0,2320,0,0,0,9046,0,0,0,13388,0,0,0,42768,0,0,0,1914,0,0,0,15690,0,0
13,103446105,rs936635435,C,T,gnomAD Exomes,PASS,NA,p.Trp147Ter,p.Trp147Ter,c.440G>A,stop_gained,segdup,1,109408,9.14009944428195E-06,0,0,0,7164,0,0,0,17112,0,0,0,2320,0,0,0,9046,0,0,0,13394,0,0,1,42768,0,0,0,1914,0,0,0,15690,0,0
13,103446106,rs757983669,A,G,gnomAD Exomes,PASS,NA,p.Trp147Arg,p.Trp147Arg,c.439T>C,missense_variant,segdup,1,109408,9.14009944428195E-06,0,0,0,7164,0,0,0,17112,0,0,0,2320,0,0,0,9046,0,0,0,13394,0,0,1,42768,0,0,0,1914,0,0,0,15690,0,0
13,103446108,rs777417688,G,C,gnomAD Exomes,PASS,NA,p.Ala146Gly,p.Ala146Gly,c.437C>G,missense_variant,segdup,1,109404,9.14043362217103E-06,0,0,0,7164,0,0,0,17112,0,0,0,2320,0,0,0,9046,0,0,0,13390,0,0,1,42768,0,0,0,1914,0,0,0,15690,0,0
13,103446114,rs756744416,C,G,gnomAD Exomes,PASS,NA,p.Ser144Thr,p.Ser144Thr,c.431G>C,missense_variant,segdup,2,109406,1.8280533060344E-05,0,0,0,7164,0,0,0,17112,0,0,0,2320,0,0,0,9046,0,0,0,13392,0,0,2,42768,0,0,0,1914,0,0,0,15690,0,0
13,103446127,rs1363787235,GAC,G,gnomAD Exomes,PASS,NA,p.Cys139SerfsTer5,p.Cys139SerfsTer5,c.416_417delGT,frameshift_variant,segdup,1,109406,9.14026653017202E-06,0,0,0,7164,0,0,1,17112,0,0,0,2320,0,0,0,9046,0,0,0,13392,0,0,0,42768,0,0,0,1914,0,0,0,15690,0,0
13,103446133,rs377039971,C,A,gnomAD Exomes,PASS,NA,p.Asp138Tyr,p.Asp138Tyr,c.412G>T,missense_variant,segdup,1,109404,9.14043362217103E-06,0,0,1,7164,0,0,0,17112,0,0,0,2320,0,0,0,9046,0,0,0,13392,0,0,0,42766,0,0,0,1914,0,0,0,15690,0,0
13,103446135,rs142162603,C,G,gnomAD Exomes,PASS,NA,p.Cys137Ser,p.Cys137Ser,c.410G>C,missense_variant,segdup,1,109398,9.14093493482513E-06,0,0,0,7164,0,0,0,17112,0,0,0,2320,0,0,0,9046,0,0,0,13390,0,0,1,42762,0,0,0,1914,0,0,0,15690,0,0
13,103446145,rs760697102,G,A,gnomAD Exomes,PASS,NA,p.His134Tyr,p.His134Tyr,c.400C>T,missense_variant,segdup,1,109390,9.14160343724289E-06,0,0,0,7164,0,0,0,17110,0,0,0,2320,0,0,0,9046,0,0,0,13390,0,0,1,42756,0,0,0,1914,0,0,0,15690,0,0
13,103446153,rs776597327,G,A,gnomAD Exomes,PASS,NA,p.Pro131Leu,p.Pro131Leu,c.392C>T,missense_variant,,5,109348,4.57255733986904E-05,0,0,0,7162,0,0,0,17106,0,0,0,2320,0,0,0,9046,0,0,0,13380,0,0,4,42730,0,0,0,1914,0,0,1,15690,0,0
13,103449152,rs771056549,A,G,gnomAD Exomes,PASS,NA,c.388+2T>C,,c.388+2T>C,splice_donor_variant,,1,107884,9.26921508286678E-06,0,0,0,7040,0,0,1,16782,0,0,0,2264,0,0,0,8990,0,0,0,13364,0,0,0,42054,0,0,0,1902,0,0,0,15488,0,0
13,103449152,rs771056549,A,C,gnomAD Exomes,PASS,NA,c.388+2T>G,,c.388+2T>G,splice_donor_variant,,1,107884,9.26921508286678E-06,0,0,0,7040,0,0,0,16782,0,0,0,2264,0,0,1,8990,0,0,0,13364,0,0,0,42054,0,0,0,1902,0,0,0,15488,0,0
13,103449156,rs1279856376,T,C,gnomAD Exomes,PASS,NA,p.Lys129Arg,p.Lys129Arg,c.386A>G,missense_variant,segdup,1,108436,9.2220295842709E-06,0,0,1,7076,0,0,0,16902,0,0,0,2286,0,0,0,9006,0,0,0,13372,0,0,0,42322,0,0,0,1902,0,0,0,15570,0,0
13,103449183,rs1479675976,T,C,gnomAD Exomes,PASS,NA,p.His120Arg,p.His120Arg,c.359A>G,missense_variant,segdup,0,109372,0,0,0,0,7156,0,0,0,17100,0,0,0,2320,0,0,0,9046,0,0,0,13388,0,0,0,42762,0,0,0,1914,0,0,0,15686,0,0
13,103449192,rs769736355,T,C,gnomAD Exomes,PASS,NA,p.Gln117Arg,p.Gln117Arg,c.350A>G,missense_variant,segdup,1,109380,9.1424392027793E-06,0,0,0,7160,0,0,0,17100,0,0,0,2318,0,0,0,9046,0,0,0,13392,0,0,0,42762,0,0,0,1914,0,0,1,15688,0,0
13,103449202,rs1047740,T,C,"gnomAD Exomes,gnomAD Genomes",PASS,PASS,p.Ile114Val,p.Ile114Val,c.340A>G,missense_variant,"segdup,mnv",36133,120182,0.300652343945017,6764,0,6583,9724,2266,0,5927,17332,1002,0,613,2358,78,0,5100,9952,1323,0,3266,14550,361,0,10500,48246,1185,0,599,2338,91,0,3545,15682,458,0
13,103449209,rs1422067722,C,A,gnomAD Exomes,PASS,NA,p.Lys111Asn,p.Lys111Asn,c.333G>T,missense_variant,segdup,2,109380,1.82848784055586E-05,0,0,0,7164,0,0,0,17098,0,0,0,2320,0,0,2,9046,0,0,0,13392,0,0,0,42764,0,0,0,1912,0,0,0,15684,0,0
13,103449222,rs201564575,T,C,"gnomAD Exomes,gnomAD Genomes",PASS,PASS,p.Tyr107Cys,p.Tyr107Cys,c.320A>G,missense_variant,segdup,27,120242,0.000224547163221,0,0,0,9730,0,0,0,17342,0,0,0,2358,0,0,27,9960,0,0,0,14554,0,0,0,48272,0,0,0,2336,0,0,0,15690,0,0
13,103449223,rs1370844393,A,G,gnomAD Exomes,PASS,NA,p.Tyr107His,p.Tyr107His,c.319T>C,missense_variant,segdup,1,109390,9.14160343724289E-06,0,0,0,7164,0,0,0,17102,0,0,0,2320,0,0,0,9046,0,0,1,13394,0,0,0,42760,0,0,0,1914,0,0,0,15690,0,0
13,103449232,rs573717053,A,T,gnomAD Exomes,PASS,NA,p.Tyr104Asn,p.Tyr104Asn,c.310T>A,missense_variant,segdup,16,109402,0.000146249611524,1,0,0,7164,0,0,0,17106,0,0,0,2320,0,0,0,9046,0,0,0,13394,0,0,0,42768,0,0,1,1914,0,0,15,15690,1,0
13,103449238,rs761516990,T,C,gnomAD Exomes,PASS,NA,p.Arg102Gly,p.Arg102Gly,c.304A>G,missense_variant,segdup,1,109396,9.1411020512633E-06,0,0,0,7164,0,0,0,17104,0,0,0,2320,0,0,0,9046,0,0,0,13394,0,0,1,42764,0,0,0,1914,0,0,0,15690,0,0
13,103449249,rs1467576626,A,G,gnomAD Genomes,NA,PASS,p.Ile98Thr,p.Ile98Thr,c.293T>C,missense_variant,segdup,1,10862,9.20640765973117E-05,0,0,1,2568,0,0,0,246,0,0,0,38,0,0,0,916,0,0,0,1162,0,0,0,5508,0,0,0,424,0,0,0,0,0,0
13,103449262,rs765874083,C,A,gnomAD Exomes,PASS,NA,p.Asp94Tyr,p.Asp94Tyr,c.280G>T,missense_variant,segdup,2,109404,1.82808672443421E-05,0,0,0,7164,0,0,0,17108,0,0,0,2320,0,0,2,9046,0,0,0,13394,0,0,0,42768,0,0,0,1914,0,0,0,15690,0,0
13,103449267,rs147671819,C,T,gnomAD Exomes,PASS,NA,p.Arg92Gln,p.Arg92Gln,c.275G>A,missense_variant,segdup,1,109402,9.14060072027934E-06,0,0,0,7164,0,0,0,17108,0,0,0,2320,0,0,0,9046,0,0,1,13394,0,0,0,42768,0,0,0,1914,0,0,0,15688,0,0
13,103449268,rs758737818,G,A,"gnomAD Exomes,gnomAD Genomes",PASS,PASS,p.Arg92Ter,p.Arg92Ter,c.274C>T,stop_gained,segdup,3,120226,2.49530051735897E-05,0,0,1,9732,0,0,1,17348,0,0,0,2358,0,0,0,9958,0,0,0,14550,0,0,1,48252,0,0,0,2338,0,0,0,15690,0,0
13,103449296,rs757475067,G,C,gnomAD Exomes,PASS,NA,p.Phe82Leu,p.Phe82Leu,c.246C>G,missense_variant,segdup,3,109406,2.74207995905161E-05,0,0,2,7164,0,0,1,17110,0,0,0,2320,0,0,0,9046,0,0,0,13394,0,0,0,42768,0,0,0,1914,0,0,0,15690,0,0
13,103449300,rs781334840,T,C,gnomAD Exomes,PASS,NA,p.Gln81Arg,p.Gln81Arg,c.242A>G,missense_variant,segdup,1,109394,9.14126917381209E-06,0,0,0,7164,0,0,0,17104,0,0,0,2320,0,0,0,9044,0,0,0,13394,0,0,1,42766,0,0,0,1914,0,0,0,15688,0,0
13,103449301,rs1384053210,G,A,gnomAD Genomes,NA,PASS,p.Gln81Ter,p.Gln81Ter,c.241C>T,stop_gained,segdup,1,10870,9.19963201471941E-05,0,0,0,2570,0,0,0,246,0,0,0,38,0,0,0,916,0,0,0,1160,0,0,1,5516,0,0,0,424,0,0,0,0,0,0
13,103449319,rs200980571,C,G,gnomAD Exomes,PASS,NA,p.Val75Leu,p.Val75Leu,c.223G>C,missense_variant,segdup,1,109386,9.14193772512022E-06,0,0,0,7162,0,0,0,17092,0,0,0,2320,0,0,0,9046,0,0,0,13394,0,0,1,42768,0,0,0,1914,0,0,0,15690,0,0
13,103449320,rs1363334266,T,A,gnomAD Exomes,PASS,NA,p.Lys74Asn,p.Lys74Asn,c.222A>T,missense_variant,segdup,1,109376,9.14277355178467E-06,0,0,0,7164,0,0,1,17084,0,0,0,2320,0,0,0,9046,0,0,0,13394,0,0,0,42768,0,0,0,1914,0,0,0,15686,0,0
13,103449330,rs1315844083,A,G,gnomAD Exomes,PASS,NA,p.Phe71Ser,p.Phe71Ser,c.212T>C,missense_variant,segdup,2,109364,1.8287553491094E-05,0,0,0,7164,0,0,0,17078,0,0,0,2320,0,0,2,9044,0,0,0,13394,0,0,0,42764,0,0,0,1912,0,0,0,15688,0,0
13,103449334,rs749229485,C,G,gnomAD Exomes,PASS,NA,p.Val70Leu,p.Val70Leu,c.208G>C,missense_variant,segdup,4,109320,3.65898280278083E-05,0,0,0,7164,0,0,0,17044,0,0,0,2318,0,0,0,9044,0,0,0,13394,0,0,4,42764,0,0,0,1910,0,0,0,15682,0,0
13,103449340,rs575962766,C,T,gnomAD Exomes,PASS,NA,p.Glu68Lys,p.Glu68Lys,c.202G>A,missense_variant,segdup,8,109310,7.31863507455859E-05,0,0,0,7164,0,0,1,17040,0,0,0,2316,0,0,5,9044,0,0,0,13392,0,0,1,42760,0,0,0,1912,0,0,1,15682,0,0
13,103449346,rs146606775,G,A,"gnomAD Exomes,gnomAD Genomes",PASS,PASS,p.Pro66Ser,p.Pro66Ser,c.196C>T,missense_variant,segdup,3,120166,2.49654644408568E-05,0,0,3,9734,0,0,0,17282,0,0,0,2356,0,0,0,9960,0,0,0,14550,0,0,0,48268,0,0,0,2336,0,0,0,15680,0,0
13,103449354,rs370016788,G,A,gnomAD Exomes,PASS,NA,p.Thr63Ile,p.Thr63Ile,c.188C>T,missense_variant,segdup,1,109304,9.14879601844397E-06,0,0,0,7164,0,0,0,17030,0,0,1,2316,0,0,0,9044,0,0,0,13394,0,0,0,42762,0,0,0,1912,0,0,0,15682,0,0
13,103450854,rs765871328,T,C,gnomAD Exomes,PASS,NA,p.Asp56Gly,p.Asp56Gly,c.167A>G,missense_variant,segdup,9,107544,8.36866770810087E-05,0,0,0,7036,0,0,0,16594,0,0,0,2276,0,0,0,8794,0,0,9,13370,0,0,0,42174,0,0,0,1862,0,0,0,15438,0,0
13,103450857,rs1331034164,A,C,gnomAD Exomes,PASS,NA,p.Val55Gly,p.Val55Gly,c.164T>G,missense_variant,segdup,1,107778,9.27833138488374E-06,0,0,0,7050,0,0,0,16660,0,0,0,2278,0,0,0,8814,0,0,0,13376,0,0,0,42274,0,0,0,1862,0,0,1,15464,0,0
13,103450858,rs199620095,C,T,gnomAD Exomes,PASS,NA,p.Val55Met,p.Val55Met,c.163G>A,missense_variant,segdup,1,107944,9.26406284740236E-06,0,0,1,7074,0,0,0,16692,0,0,0,2284,0,0,0,8850,0,0,0,13378,0,0,0,42316,0,0,0,1870,0,0,0,15480,0,0
13,103450860,rs758912617,G,T,gnomAD Exomes,PASS,NA,p.Ala54Glu,p.Ala54Glu,c.161C>A,missense_variant,segdup,1,108164,9.24522022114567E-06,0,0,0,7074,0,0,1,16782,0,0,0,2296,0,0,0,8850,0,0,0,13386,0,0,0,42370,0,0,0,1872,0,0,0,15534,0,0
13,103450860,rs758912617,G,A,gnomAD Exomes,PASS,NA,p.Ala54Val,p.Ala54Val,c.161C>T,missense_variant,segdup,1,108164,9.24522022114567E-06,0,0,0,7074,0,0,1,16782,0,0,0,2296,0,0,0,8850,0,0,0,13386,0,0,0,42370,0,0,0,1872,0,0,0,15534,0,0
13,103450869,rs751972095,T,C,gnomAD Exomes,PASS,NA,p.Tyr51Cys,p.Tyr51Cys,c.152A>G,missense_variant,segdup,1,108580,9.20979922637686E-06,0,0,0,7102,0,0,0,16908,0,0,0,2300,0,0,0,8906,0,0,0,13394,0,0,0,42518,0,0,0,1882,0,0,1,15570,0,0
13,103450871,rs1224575267,G,C,gnomAD Exomes,PASS,NA,p.Phe50Leu,p.Phe50Leu,c.150C>G,missense_variant,segdup,1,108594,9.20861189384312E-06,0,0,0,7112,0,0,0,16918,0,0,0,2304,0,0,0,8894,0,0,0,13390,0,0,1,42506,0,0,0,1882,0,0,0,15588,0,0
13,103450875,rs1053393812,T,C,gnomAD Exomes,PASS,NA,p.Tyr49Cys,p.Tyr49Cys,c.146A>G,missense_variant,segdup,2,108604,1.8415527973187E-05,0,0,0,7104,0,0,0,16918,0,0,0,2304,0,0,0,8896,0,0,0,13394,0,0,2,42526,0,0,0,1880,0,0,0,15582,0,0
13,103450882,rs750704511,C,A,gnomAD Exomes,PASS,NA,p.Ala47Ser,p.Ala47Ser,c.139G>T,missense_variant,segdup,1,108496,9.21692965639286E-06,0,0,0,7104,0,0,1,16874,0,0,0,2306,0,0,0,8892,0,0,0,13394,0,0,0,42480,0,0,0,1880,0,0,0,15566,0,0
13,103450885,rs955751312,G,A,gnomAD Exomes,PASS,NA,p.Pro46Ser,p.Pro46Ser,c.136C>T,missense_variant,segdup,1,108590,9.20895110046966E-06,0,0,0,7098,0,0,0,16906,0,0,0,2306,0,0,0,8898,0,0,0,13390,0,0,1,42536,0,0,0,1880,0,0,0,15576,0,0
13,103450918,rs1409396651,A,G,gnomAD Exomes,PASS,NA,p.Trp35Arg,p.Trp35Arg,c.103T>C,missense_variant,segdup,1,109064,9.16892833565613E-06,0,0,0,7134,0,0,1,17026,0,0,0,2310,0,0,0,8990,0,0,0,13394,0,0,0,42670,0,0,0,1894,0,0,0,15646,0,0
13,103450935,rs949985921,G,A,gnomAD Exomes,PASS,NA,p.Pro29Leu,p.Pro29Leu,c.86C>T,missense_variant,segdup,2,109178,1.83187088973969E-05,0,0,0,7148,0,0,0,17034,0,0,2,2318,0,0,0,9002,0,0,0,13394,0,0,0,42718,0,0,0,1900,0,0,0,15664,0,0
13,103450937,rs763078127,GCTCAGCTGC,G,gnomAD Exomes,PASS,NA,p.Arg25_Leu27del,p.Arg25_Leu27del,c.75_83delGCAGCTGAG,inframe_deletion,segdup,1,109176,9.15952223932E-06,0,0,0,7152,0,0,0,17040,0,0,0,2318,0,0,0,9000,0,0,0,13390,0,0,0,42712,0,0,0,1902,0,0,1,15662,0,0
13,103450947,rs772049321,C,T,gnomAD Exomes,PASS,NA,p.Arg25Lys,p.Arg25Lys,c.74G>A,missense_variant,segdup,7,109156,6.41284033859797E-05,0,0,0,7154,0,0,6,17018,0,0,0,2318,0,0,0,9010,0,0,0,13392,0,0,1,42706,0,0,0,1904,0,0,0,15654,0,0
13,103450957,rs368813503,C,T,gnomAD Exomes,PASS,NA,p.Gly22Ser,p.Gly22Ser,c.64G>A,missense_variant,segdup,1,109080,9.16758342500917E-06,0,0,1,7142,0,0,0,16996,0,0,0,2318,0,0,0,8996,0,0,0,13392,0,0,0,42686,0,0,0,1900,0,0,0,15650,0,0
13,103450960,rs776098392,T,C,gnomAD Exomes,PASS,NA,p.Thr21Ala,p.Thr21Ala,c.61A>G,missense_variant,segdup,1,109078,9.16775151726288E-06,0,0,0,7138,0,0,0,16996,0,0,0,2318,0,0,0,9000,0,0,0,13394,0,0,1,42680,0,0,0,1898,0,0,0,15654,0,0
13,103450980,rs767940345,G,A,"gnomAD Exomes,gnomAD Genomes",PASS,PASS,p.Thr14Ile,p.Thr14Ile,c.41C>T,missense_variant,segdup,9,118444,7.59852757421229E-05,0,0,0,9668,0,0,0,16478,0,0,0,2318,0,0,9,9838,0,0,0,14546,0,0,0,47946,0,0,0,2286,0,0,0,15364,0,0
13,103450991,rs76001815,G,T,gnomAD Exomes,PASS,NA,p.Phe10Leu,p.Phe10Leu,c.30C>A,missense_variant,segdup,13,106474,0.00012209553506,0,0,0,7080,0,0,0,15726,0,0,0,2246,0,0,13,8876,0,0,0,13370,0,0,0,42220,0,0,0,1812,0,0,0,15144,0,0
13,103450999,rs140162123,A,G,"gnomAD Exomes,gnomAD Genomes",PASS,PASS,p.Tyr8His,p.Tyr8His,c.22T>C,missense_variant,segdup,8,116094,6.89096766413424E-05,0,0,5,9514,0,0,1,15866,0,0,0,2258,0,0,2,9520,0,0,0,14514,0,0,0,47216,0,0,0,2188,0,0,0,15018,0,0
13,103451013,rs201869740,C,T,gnomAD Exomes,PASS,NA,p.Gly3Asp,p.Gly3Asp,c.8G>A,missense_variant,segdup,3,102798,2.91834471487772E-05,0,0,3,6750,0,0,0,15094,0,0,0,2156,0,0,0,8292,0,0,0,13312,0,0,0,40792,0,0,0,1700,0,0,0,14702,0,0
13,103451020,rs1190004189,T,C,gnomAD Genomes,NA,PASS,p.Met1?,p.Met1?,c.1A>G,start_lost,segdup,1,10866,9.20301859009755E-05,0,0,0,2566,0,0,0,246,0,0,0,38,0,0,0,916,0,0,0,1162,0,0,1,5514,0,0,0,424,0,0,0,0,0,0
