Chromosome,Position,rsID,Reference,Alternate,Source,Filters - exomes,Filters - genomes,Consequence,Protein Consequence,Transcript Consequence,Annotation,Flags,Allele Count,Allele Number,Allele Frequency,Homozygote Count,Hemizygote Count,Allele Count African,Allele Number African,Homozygote Count African,Hemizygote Count African,Allele Count Latino,Allele Number Latino,Homozygote Count Latino,Hemizygote Count Latino,Allele Count Ashkenazi Jewish,Allele Number Ashkenazi Jewish,Homozygote Count Ashkenazi Jewish,Hemizygote Count Ashkenazi Jewish,Allele Count East Asian,Allele Number East Asian,Homozygote Count East Asian,Hemizygote Count East Asian,Allele Count European (Finnish),Allele Number European (Finnish),Homozygote Count European (Finnish),Hemizygote Count European (Finnish),Allele Count European (non-Finnish),Allele Number European (non-Finnish),Homozygote Count European (non-Finnish),Hemizygote Count European (non-Finnish),Allele Count Other,Allele Number Other,Homozygote Count Other,Hemizygote Count Other,Allele Count South Asian,Allele Number South Asian,Homozygote Count South Asian,Hemizygote Count South Asian
14,103852369,rs760762224,G,A,gnomAD Exomes,PASS,NA,p.Met1?,p.Met1?,c.3G>A,start_lost,,1,108636,9.20505173239074E-06,0,0,1,7136,0,0,0,17054,0,0,0,2320,0,0,0,8638,0,0,0,13308,0,0,0,42608,0,0,0,1896,0,0,0,15676,0,0
14,103852374,rs753108348,C,T,gnomAD Exomes,PASS,NA,p.Thr3Ile,p.Thr3Ile,c.8C>T,missense_variant,,1,108636,9.20505173239074E-06,0,0,0,7136,0,0,0,17054,0,0,0,2320,0,0,0,8638,0,0,0,13308,0,0,1,42608,0,0,0,1896,0,0,0,15676,0,0
14,103852376,rs1248724256,A,G,gnomAD Exomes,PASS,NA,p.Arg4Gly,p.Arg4Gly,c.10A>G,missense_variant,,1,108634,9.20522120146547E-06,0,0,0,7136,0,0,0,17054,0,0,0,2320,0,0,0,8638,0,0,0,13308,0,0,1,42608,0,0,0,1896,0,0,0,15674,0,0
14,103852380,rs759014038,C,T,gnomAD Exomes,PASS,NA,p.Thr5Ile,p.Thr5Ile,c.14C>T,missense_variant,,1,108634,9.20522120146547E-06,0,0,0,7134,0,0,0,17054,0,0,0,2320,0,0,0,8638,0,0,0,13308,0,0,0,42608,0,0,0,1896,0,0,1,15676,0,0
14,103852382,rs1248654520,C,T,gnomAD Exomes,PASS,NA,p.Pro6Ser,p.Pro6Ser,c.16C>T,missense_variant,,1,108634,9.20522120146547E-06,0,0,0,7134,0,0,0,17054,0,0,0,2320,0,0,0,8638,0,0,0,13308,0,0,0,42608,0,0,0,1896,0,0,1,15676,0,0
14,103852392,rs1413560652,C,T,gnomAD Exomes,PASS,NA,p.Thr9Met,p.Thr9Met,c.26C>T,missense_variant,,1,108634,9.20522120146547E-06,0,0,0,7134,0,0,1,17054,0,0,0,2320,0,0,0,8638,0,0,0,13308,0,0,0,42608,0,0,0,1896,0,0,0,15676,0,0
14,103852409,rs376529319,A,T,gnomAD Exomes,PASS,NA,p.Thr15Ser,p.Thr15Ser,c.43A>T,missense_variant,,1,108634,9.20522120146547E-06,0,0,1,7134,0,0,0,17054,0,0,0,2320,0,0,0,8638,0,0,0,13308,0,0,0,42608,0,0,0,1896,0,0,0,15676,0,0
14,103852413,rs371019779,A,C,gnomAD Exomes,PASS,NA,p.Glu16Ala,p.Glu16Ala,c.47A>C,missense_variant,,1,108634,9.20522120146547E-06,0,0,0,7134,0,0,0,17054,0,0,0,2320,0,0,0,8638,0,0,0,13308,0,0,1,42608,0,0,0,1896,0,0,0,15676,0,0
14,103852416,rs575811139,A,C,gnomAD Exomes,PASS,NA,p.Asn17Thr,p.Asn17Thr,c.50A>C,missense_variant,,1,108634,9.20522120146547E-06,0,0,0,7134,0,0,1,17054,0,0,0,2320,0,0,0,8638,0,0,0,13308,0,0,0,42608,0,0,0,1896,0,0,0,15676,0,0
14,103852711,rs771831324,A,G,gnomAD Exomes,PASS,NA,p.Met1?,p.Met1?,c.1A>G,start_lost,,1,53198,1.87976991616226E-05,0,0,0,2534,0,0,0,12192,0,0,0,1454,0,0,0,4028,0,0,0,1510,0,0,1,19010,0,0,0,1270,0,0,0,11200,0,0
14,103852713,rs1348344937,G,A,gnomAD Exomes,PASS,NA,p.Met1?,p.Met1?,c.3G>A,start_lost,,1,53164,1.88097208637424E-05,0,0,0,2530,0,0,0,12182,0,0,0,1454,0,0,0,4026,0,0,0,1510,0,0,1,19008,0,0,0,1270,0,0,0,11184,0,0
14,103852723,rs190001276,A,G,"gnomAD Exomes,gnomAD Genomes",PASS,PASS,p.Asn5Asp,p.Asn5Asp,c.13A>G,missense_variant,,33,63984,0.000515753938485,0,0,0,5082,0,0,32,12422,0,0,0,1492,0,0,0,4938,0,0,0,2674,0,0,0,24512,0,0,1,1692,0,0,0,11172,0,0
14,103871417,rs375599947,C,A,gnomAD Exomes,PASS,NA,p.Thr19Lys,p.Thr19Lys,c.56C>A,missense_variant,,1,108428,9.22271000110672E-06,0,0,0,7130,0,0,0,16978,0,0,0,2312,0,0,0,8616,0,0,0,13308,0,0,1,42544,0,0,0,1896,0,0,0,15644,0,0
14,103871417,rs375599947,C,T,gnomAD Exomes,PASS,NA,p.Thr19Met,p.Thr19Met,c.56C>T,missense_variant,,1,108428,9.22271000110672E-06,0,0,0,7130,0,0,0,16978,0,0,0,2312,0,0,0,8616,0,0,0,13308,0,0,1,42544,0,0,0,1896,0,0,0,15644,0,0
14,103871434,rs575340739,C,T,gnomAD Exomes,PASS,NA,p.Arg25Cys,p.Arg25Cys,c.73C>T,missense_variant,,1,108510,9.21574048474795E-06,0,0,0,7128,0,0,0,17018,0,0,0,2314,0,0,0,8620,0,0,0,13308,0,0,0,42564,0,0,0,1894,0,0,1,15664,0,0
14,103871437,rs1391486471,C,T,gnomAD Genomes,NA,PASS,p.Gln26Ter,p.Gln26Ter,c.76C>T,stop_gained,,1,10866,9.20301859009755E-05,0,0,1,2572,0,0,0,246,0,0,0,38,0,0,0,916,0,0,0,1162,0,0,0,5514,0,0,0,418,0,0,0,0,0,0
14,103871438,rs181004032,A,C,gnomAD Exomes,PASS,NA,p.Gln26Pro,p.Gln26Pro,c.77A>C,missense_variant,,8,108526,7.37150544569965E-05,0,0,0,7130,0,0,8,17020,0,0,0,2314,0,0,0,8622,0,0,0,13308,0,0,0,42570,0,0,0,1896,0,0,0,15666,0,0
14,103871453,rs200852191,G,A,gnomAD Exomes,PASS,NA,p.Arg31His,p.Arg31His,c.92G>A,missense_variant,,10,108518,9.21506109585506E-05,0,0,1,7124,0,0,0,17020,0,0,0,2316,0,0,1,8618,0,0,0,13308,0,0,1,42570,0,0,0,1894,0,0,7,15668,0,0
14,103871461,rs754613850,C,T,gnomAD Exomes,PASS,NA,p.Arg34Cys,p.Arg34Cys,c.100C>T,missense_variant,,2,108542,1.84260470601242E-05,0,0,0,7130,0,0,0,17026,0,0,0,2314,0,0,0,8628,0,0,0,13308,0,0,1,42580,0,0,0,1896,0,0,1,15660,0,0
14,103871462,rs200073071,G,A,"gnomAD Exomes,gnomAD Genomes",PASS,PASS,p.Arg34His,p.Arg34His,c.101G>A,missense_variant,,8,119396,6.70039197293042E-05,0,0,0,9700,0,0,4,17262,0,0,0,2348,0,0,0,9542,0,0,0,14464,0,0,1,48094,0,0,1,2318,0,0,2,15668,0,0
14,103871464,rs1295490926,T,C,gnomAD Exomes,PASS,NA,p.Ser35Pro,p.Ser35Pro,c.103T>C,missense_variant,,1,108560,9.21149594694179E-06,0,0,0,7134,0,0,0,17026,0,0,0,2314,0,0,0,8630,0,0,0,13308,0,0,1,42580,0,0,0,1896,0,0,0,15672,0,0
14,103871465,rs190300333,C,T,gnomAD Exomes,PASS,NA,p.Ser35Leu,p.Ser35Leu,c.104C>T,missense_variant,,1,108552,9.2121748102292E-06,0,0,0,7130,0,0,1,17032,0,0,0,2314,0,0,0,8630,0,0,0,13308,0,0,0,42572,0,0,0,1894,0,0,0,15672,0,0
14,103871470,rs772097999,G,A,gnomAD Exomes,PASS,NA,p.Ala37Thr,p.Ala37Thr,c.109G>A,missense_variant,,0,108512,0,0,0,0,7136,0,0,0,17004,0,0,0,2312,0,0,0,8622,0,0,0,13308,0,0,0,42574,0,0,0,1896,0,0,0,15660,0,0
14,103871470,rs772097999,G,T,gnomAD Exomes,PASS,NA,p.Ala37Ser,p.Ala37Ser,c.109G>T,missense_variant,,2,108512,1.84311412562666E-05,0,0,0,7136,0,0,0,17004,0,0,0,2312,0,0,0,8622,0,0,0,13308,0,0,0,42574,0,0,0,1896,0,0,2,15660,0,0
14,103871474,rs569205142,G,A,gnomAD Exomes,PASS,NA,p.Arg38Gln,p.Arg38Gln,c.113G>A,missense_variant,,18,108486,0.000165920026547,0,0,0,7128,0,0,0,16984,0,0,0,2312,0,0,0,8624,0,0,0,13306,0,0,1,42580,0,0,3,1896,0,0,14,15656,0,0
14,103871479,rs746925323,A,G,gnomAD Exomes,PASS,NA,p.Arg40Gly,p.Arg40Gly,c.118A>G,missense_variant,,1,108278,9.23548643307043E-06,0,0,0,7128,0,0,0,16874,0,0,0,2306,0,0,0,8630,0,0,0,13306,0,0,0,42554,0,0,0,1896,0,0,1,15584,0,0
14,103871486,rs551785219,C,T,gnomAD Exomes,PASS,NA,p.Ser42Phe,p.Ser42Phe,c.125C>T,missense_variant,,4,108096,3.700414446418E-05,0,0,0,7122,0,0,2,16790,0,0,1,2308,0,0,0,8622,0,0,0,13308,0,0,0,42520,0,0,1,1894,0,0,0,15532,0,0
14,103871488,rs147319070,A,G,"gnomAD Exomes,gnomAD Genomes",PASS,PASS,p.Ile43Val,p.Ile43Val,c.127A>G,missense_variant,,47,118992,0.000394984536776,0,0,36,9698,0,0,2,17044,0,0,3,2346,0,0,0,9544,0,0,0,14470,0,0,2,48044,0,0,2,2318,0,0,2,15528,0,0
14,103871491,rs764378932,G,T,gnomAD Exomes,PASS,NA,p.Ala44Ser,p.Ala44Ser,c.130G>T,missense_variant,,1,106588,9.38191916538447E-06,0,0,0,7110,0,0,0,16150,0,0,1,2280,0,0,0,8622,0,0,0,13300,0,0,0,42288,0,0,0,1862,0,0,0,14976,0,0
14,103871503,rs527327166,G,A,gnomAD Exomes,PASS,NA,p.Asp48Asn,p.Asp48Asn,c.142G>A,missense_variant,,1,103094,9.69988554135061E-06,0,0,0,7038,0,0,0,14622,0,0,0,2212,0,0,0,8580,0,0,0,13260,0,0,0,41638,0,0,0,1788,0,0,1,13956,0,0
14,103871507,rs767880418,A,C,gnomAD Exomes,PASS,NA,p.Glu49Ala,p.Glu49Ala,c.146A>C,missense_variant,,1,102296,9.77555329631657E-06,0,0,0,7030,0,0,0,14268,0,0,0,2180,0,0,0,8564,0,0,0,13236,0,0,1,41478,0,0,0,1762,0,0,0,13778,0,0
14,103871518,rs1364490407,A,G,gnomAD Exomes,PASS,NA,p.Ile53Val,p.Ile53Val,c.157A>G,missense_variant,,1,103464,9.66519755663806E-06,0,0,0,7056,0,0,0,14838,0,0,0,2192,0,0,0,8574,0,0,0,13262,0,0,1,41558,0,0,0,1800,0,0,0,14184,0,0
14,103871521,rs753345526,G,A,gnomAD Exomes,PASS,NA,p.Gly54Arg,p.Gly54Arg,c.160G>A,missense_variant,,9,102770,8.75741948039311E-05,0,0,0,7004,0,0,0,14604,0,0,0,2178,0,0,0,8536,0,0,0,13244,0,0,1,41332,0,0,0,1792,0,0,8,14080,0,0
14,103871544,rs1265722208,A,ATTC,gnomAD Exomes,PASS,NA,p.Thr61_Ile62insPhe,p.Thr61_Ile62insPhe,c.183_184insTTC,inframe_insertion,,1,99218,1.00788163438086E-05,0,0,0,6910,0,0,1,13368,0,0,0,2040,0,0,0,8442,0,0,0,13114,0,0,0,40246,0,0,0,1704,0,0,0,13394,0,0
14,103871551,rs372607310,A,G,gnomAD Exomes,PASS,NA,p.Lys64Glu,p.Lys64Glu,c.190A>G,missense_variant,,1,97836,1.02211864753261E-05,0,0,0,6838,0,0,0,13368,0,0,0,1954,0,0,0,8326,0,0,0,13050,0,0,1,39366,0,0,0,1660,0,0,0,13274,0,0
14,103871566,rs780320164,A,T,gnomAD Exomes,PASS,NA,p.Lys69Ter,p.Lys69Ter,c.205A>T,stop_gained,,1,93120,1.07388316151203E-05,0,0,0,6700,0,0,0,12934,0,0,0,1760,0,0,0,7984,0,0,0,12810,0,0,0,36842,0,0,0,1538,0,0,1,12552,0,0
14,103871583,rs774466040,A,C,gnomAD Exomes,PASS,NA,p.Arg74Ser,p.Arg74Ser,c.222A>C,missense_variant,,1,85370,1.17137167623287E-05,0,0,0,6568,0,0,0,12454,0,0,0,1430,0,0,0,7766,0,0,0,12320,0,0,0,32978,0,0,0,1414,0,0,1,10440,0,0
14,103871588,rs1290691742,T,C,gnomAD Exomes,PASS,NA,p.Ile76Thr,p.Ile76Thr,c.227T>C,missense_variant,,1,84598,1.18206104163219E-05,0,0,0,6536,0,0,0,12284,0,0,0,1390,0,0,1,7738,0,0,0,12302,0,0,0,32712,0,0,0,1380,0,0,0,10256,0,0
14,103894738,rs751368718,A,G,gnomAD Exomes,PASS,NA,p.Ile86Met,p.Ile86Met,c.258A>G,missense_variant,,1,66362,1.50688647117326E-05,0,0,0,3936,0,0,0,10256,0,0,0,1564,0,0,0,5494,0,0,0,11850,0,0,0,22254,0,0,0,1254,0,0,1,9754,0,0
14,103894756,rs1202840558,G,C,gnomAD Exomes,PASS,NA,p.Leu92Phe,p.Leu92Phe,c.276G>C,missense_variant,,2,69946,2.85934864037972E-05,0,0,0,4248,0,0,0,10732,0,0,0,1570,0,0,0,6052,0,0,2,12046,0,0,0,23838,0,0,0,1294,0,0,0,10166,0,0
14,103894760,rs781297045,C,G,"gnomAD Exomes,gnomAD Genomes",PASS,PASS,p.Pro94Ala,p.Pro94Ala,c.280C>G,missense_variant,,1,80986,1.23478132022819E-05,0,0,1,6864,0,0,0,11048,0,0,0,1612,0,0,0,6966,0,0,0,13194,0,0,0,29374,0,0,0,1718,0,0,0,10210,0,0
14,103915272,rs756068457,G,A,gnomAD Exomes,PASS,NA,p.Arg105Lys,p.Arg105Lys,c.314G>A,missense_variant,,1,97818,1.02230673291214E-05,0,0,0,6858,0,0,0,13032,0,0,0,2226,0,0,1,8028,0,0,0,13152,0,0,0,40204,0,0,0,1620,0,0,0,12698,0,0
14,103918288,rs781575952,C,A,gnomAD Exomes,PASS,NA,p.Thr127Lys,p.Thr127Lys,c.380C>A,missense_variant,,1,108150,9.2464170134073E-06,0,0,0,7136,0,0,0,16842,0,0,0,2312,0,0,0,8630,0,0,0,13274,0,0,0,42564,0,0,0,1888,0,0,1,15504,0,0
14,103918294,rs750152795,A,G,gnomAD Exomes,PASS,NA,p.Tyr129Cys,p.Tyr129Cys,c.386A>G,missense_variant,,1,108142,9.2471010338259E-06,0,0,0,7132,0,0,0,16834,0,0,0,2312,0,0,1,8630,0,0,0,13276,0,0,0,42568,0,0,0,1890,0,0,0,15500,0,0
14,103918325,rs749686690,G,C,gnomAD Exomes,PASS,NA,p.Lys127Asn,p.Lys127Asn,c.381G>C,missense_variant,,5,107342,4.65800898064131E-05,1,0,0,7104,0,0,0,16568,0,0,0,2296,0,0,0,8610,0,0,0,13220,0,0,0,42446,0,0,0,1878,0,0,5,15220,1,0
14,103925062,rs1374523053,A,G,"gnomAD Exomes,gnomAD Genomes",PASS,PASS,c.484-2A>G,,c.484-2A>G,splice_acceptor_variant,,1,76830,1.30157490563582E-05,0,0,0,6856,0,0,0,12868,0,0,0,1670,0,0,0,6944,0,0,0,3436,0,0,1,32112,0,0,0,1808,0,0,0,11136,0,0
14,103925073,rs191099877,G,A,"gnomAD Exomes,gnomAD Genomes",PASS,PASS,p.Ala165Thr,p.Ala165Thr,c.493G>A,missense_variant,,3,81304,3.68985535766998E-05,0,0,0,7094,0,0,0,13812,0,0,0,1736,0,0,2,7224,0,0,0,3544,0,0,1,33872,0,0,0,1890,0,0,0,12132,0,0
14,103925076,rs1318618830,G,A,gnomAD Exomes,PASS,NA,p.Gly166Arg,p.Gly166Arg,c.496G>A,missense_variant,,0,71090,0,0,0,0,4560,0,0,0,13628,0,0,0,1704,0,0,0,6346,0,0,0,2404,0,0,0,28758,0,0,0,1456,0,0,0,12234,0,0
14,103925080,rs750668238,A,T,gnomAD Exomes,PASS,NA,p.Gln167Leu,p.Gln167Leu,c.500A>T,missense_variant,,5,71822,6.9616552031411E-05,0,0,0,4594,0,0,0,13794,0,0,0,1708,0,0,0,6414,0,0,0,2424,0,0,0,29040,0,0,0,1470,0,0,5,12378,0,0
14,103925089,rs756273972,A,C,gnomAD Exomes,PASS,NA,p.Lys170Thr,p.Lys170Thr,c.509A>C,missense_variant,,2,73272,2.7295556283437E-05,0,0,2,4746,0,0,0,13944,0,0,0,1724,0,0,0,6544,0,0,0,2468,0,0,0,29828,0,0,0,1500,0,0,0,12518,0,0
14,103925113,rs754123718,T,C,gnomAD Exomes,PASS,NA,p.Leu178Pro,p.Leu178Pro,c.533T>C,missense_variant,,0,70400,0,0,0,0,4532,0,0,0,13468,0,0,0,1694,0,0,0,6328,0,0,0,2360,0,0,0,28356,0,0,0,1456,0,0,0,12206,0,0
14,103925115,rs755594421,A,C,gnomAD Exomes,PASS,NA,p.Ser179Arg,p.Ser179Arg,c.535A>C,missense_variant,,1,69458,1.43971896685767E-05,0,0,0,4484,0,0,0,13224,0,0,0,1684,0,0,0,6234,0,0,0,2344,0,0,1,28042,0,0,0,1448,0,0,0,11998,0,0
14,103925115,rs755594421,A,G,gnomAD Exomes,PASS,NA,p.Ser179Gly,p.Ser179Gly,c.535A>G,missense_variant,,1,69458,1.43971896685767E-05,0,0,0,4484,0,0,0,13224,0,0,0,1684,0,0,0,6234,0,0,0,2344,0,0,1,28042,0,0,0,1448,0,0,0,11998,0,0
14,103925132,rs1237660767,TGTAA,T,gnomAD Genomes,NA,PASS,c.552+3_552+6delAAGT,,c.552+3_552+6delAAGT,splice_donor_variant,,1,10882,9.18948722661275E-05,0,0,0,2574,0,0,0,246,0,0,0,38,0,0,0,916,0,0,0,1160,0,0,1,5524,0,0,0,424,0,0,0,0,0,0
14,103928742,rs765635317,A,G,gnomAD Exomes,PASS,NA,p.Ile162Val,p.Ile162Val,c.484A>G,missense_variant,,1,108586,9.20929033208701E-06,0,0,0,7136,0,0,1,17022,0,0,0,2320,0,0,0,8636,0,0,0,13302,0,0,0,42604,0,0,0,1896,0,0,0,15670,0,0
14,103928743,rs376017188,T,C,gnomAD Exomes,PASS,NA,p.Ile162Thr,p.Ile162Thr,c.485T>C,missense_variant,,1,108580,9.20979922637686E-06,0,0,1,7134,0,0,0,17022,0,0,0,2320,0,0,0,8636,0,0,0,13302,0,0,0,42602,0,0,0,1896,0,0,0,15668,0,0
14,103928775,rs1372142417,C,T,gnomAD Exomes,PASS,NA,p.Arg173Trp,p.Arg173Trp,c.517C>T,missense_variant,,2,108612,1.84141715464221E-05,0,0,0,7136,0,0,1,17042,0,0,0,2320,0,0,0,8638,0,0,0,13306,0,0,0,42604,0,0,0,1896,0,0,1,15670,0,0
14,103931894,rs1214385247,G,A,gnomAD Exomes,PASS,NA,p.Ala181Thr,p.Ala181Thr,c.541G>A,missense_variant,,0,108574,0,0,0,0,7134,0,0,0,17042,0,0,0,2316,0,0,0,8630,0,0,0,13306,0,0,0,42586,0,0,0,1896,0,0,0,15664,0,0
14,103931895,rs1255518948,C,G,gnomAD Exomes,PASS,NA,p.Ala181Gly,p.Ala181Gly,c.542C>G,missense_variant,,1,108584,9.2094599572681E-06,0,0,0,7134,0,0,0,17042,0,0,0,2316,0,0,0,8632,0,0,1,13306,0,0,0,42590,0,0,0,1896,0,0,0,15668,0,0
14,103931918,rs768452348,G,A,gnomAD Exomes,PASS,NA,p.Asp189Asn,p.Asp189Asn,c.565G>A,missense_variant,,2,108630,1.84111203166713E-05,0,0,0,7136,0,0,1,17054,0,0,0,2320,0,0,0,8636,0,0,0,13308,0,0,0,42604,0,0,0,1896,0,0,1,15676,0,0
14,103931939,rs774189676,G,T,gnomAD Exomes,PASS,NA,p.Asp196Tyr,p.Asp196Tyr,c.586G>T,missense_variant,,1,108636,9.20505173239074E-06,0,0,1,7136,0,0,0,17054,0,0,0,2320,0,0,0,8638,0,0,0,13308,0,0,0,42608,0,0,0,1896,0,0,0,15676,0,0
14,103931972,rs759904820,G,A,gnomAD Exomes,PASS,NA,p.Gly207Ser,p.Gly207Ser,c.619G>A,missense_variant,,1,108636,9.20505173239074E-06,0,0,0,7136,0,0,0,17054,0,0,0,2320,0,0,0,8638,0,0,0,13308,0,0,1,42608,0,0,0,1896,0,0,0,15676,0,0
14,103931999,rs543788501,C,G,gnomAD Exomes,PASS,NA,p.Pro216Ala,p.Pro216Ala,c.646C>G,missense_variant,,2,108636,1.84101034647815E-05,0,0,0,7136,0,0,2,17054,0,0,0,2320,0,0,0,8638,0,0,0,13308,0,0,0,42608,0,0,0,1896,0,0,0,15676,0,0
14,103932030,rs1243165419,G,A,gnomAD Exomes,PASS,NA,p.Gly226Asp,p.Gly226Asp,c.677G>A,missense_variant,,1,108636,9.20505173239074E-06,0,0,0,7136,0,0,0,17054,0,0,0,2320,0,0,0,8638,0,0,0,13308,0,0,0,42608,0,0,0,1896,0,0,1,15676,0,0
14,103932044,rs1415275487,G,A,gnomAD Exomes,PASS,NA,p.Gly231Arg,p.Gly231Arg,c.691G>A,missense_variant,,2,108636,1.84101034647815E-05,0,0,0,7136,0,0,0,17054,0,0,0,2320,0,0,0,8638,0,0,0,13308,0,0,2,42608,0,0,0,1896,0,0,0,15676,0,0
14,103932313,rs752508590,T,A,gnomAD Exomes,PASS,NA,p.Leu261Gln,p.Leu261Gln,c.782T>A,missense_variant,,1,107410,9.31012010054929E-06,0,0,0,7124,0,0,0,16644,0,0,0,2274,0,0,0,8626,0,0,0,13234,0,0,1,42322,0,0,0,1884,0,0,0,15302,0,0
14,103932318,rs367977050,G,C,gnomAD Exomes,PASS,NA,p.Glu263Gln,p.Glu263Gln,c.787G>C,missense_variant,,1,108258,9.23719263241516E-06,0,0,0,7136,0,0,0,16894,0,0,0,2316,0,0,0,8636,0,0,0,13294,0,0,1,42564,0,0,0,1894,0,0,0,15524,0,0
14,103932359,rs749535387,G,A,gnomAD Exomes,PASS,NA,p.Met276Ile,p.Met276Ile,c.828G>A,missense_variant,,1,108616,9.20674670398468E-06,0,0,0,7136,0,0,1,17046,0,0,0,2320,0,0,0,8638,0,0,0,13298,0,0,0,42608,0,0,0,1894,0,0,0,15676,0,0
14,103932385,rs774626139,A,G,gnomAD Exomes,PASS,NA,p.Lys285Arg,p.Lys285Arg,c.854A>G,missense_variant,,1,108604,9.2077639865935E-06,0,0,1,7136,0,0,0,17032,0,0,0,2320,0,0,0,8638,0,0,0,13304,0,0,0,42608,0,0,0,1896,0,0,0,15670,0,0
14,103932392,rs1409550063,C,G,gnomAD Exomes,PASS,NA,p.Phe287Leu,p.Phe287Leu,c.861C>G,missense_variant,,1,108594,9.20861189384312E-06,0,0,0,7134,0,0,1,17030,0,0,0,2320,0,0,0,8638,0,0,0,13300,0,0,0,42608,0,0,0,1896,0,0,0,15668,0,0
14,103932394,rs1329652709,T,A,gnomAD Exomes,PASS,NA,p.Leu288Gln,p.Leu288Gln,c.863T>A,missense_variant,,1,108596,9.20844229990055E-06,0,0,0,7134,0,0,0,17036,0,0,0,2320,0,0,0,8638,0,0,0,13296,0,0,1,42608,0,0,0,1896,0,0,0,15668,0,0
14,103932396,rs538619934,G,A,gnomAD Exomes,PASS,NA,p.Val289Met,p.Val289Met,c.865G>A,missense_variant,,1,108590,9.20895110046966E-06,0,0,0,7134,0,0,0,17032,0,0,0,2320,0,0,0,8638,0,0,0,13296,0,0,0,42608,0,0,0,1896,0,0,1,15666,0,0
14,103932412,rs1438767893,A,G,gnomAD Exomes,PASS,NA,p.Lys294Arg,p.Lys294Arg,c.881A>G,missense_variant,,0,108528,0,0,0,0,7126,0,0,0,17022,0,0,0,2318,0,0,0,8638,0,0,0,13274,0,0,0,42600,0,0,0,1896,0,0,0,15654,0,0
14,103932414,rs1303381227,C,T,"gnomAD Exomes,gnomAD Genomes",PASS,PASS,p.Arg295Cys,p.Arg295Cys,c.883C>T,missense_variant,,2,119410,1.67490159953103E-05,0,0,0,9700,0,0,0,17278,0,0,0,2358,0,0,1,9554,0,0,0,14430,0,0,1,48118,0,0,0,2320,0,0,0,15652,0,0
14,103932417,rs200117383,G,A,gnomAD Exomes,PASS,NA,p.Gly296Ser,p.Gly296Ser,c.886G>A,missense_variant,,1,108490,9.21743939533597E-06,0,0,0,7120,0,0,0,17024,0,0,0,2318,0,0,0,8638,0,0,0,13252,0,0,0,42594,0,0,0,1896,0,0,1,15648,0,0
14,103932417,rs200117383,G,C,"gnomAD Exomes,gnomAD Genomes",PASS,PASS,p.Gly296Arg,p.Gly296Arg,c.886G>C,missense_variant,,24,119360,0.000201072386059,0,0,0,9692,0,0,2,17268,0,0,16,2356,0,0,0,9554,0,0,0,14414,0,0,4,48108,0,0,2,2320,0,0,0,15648,0,0
14,103932420,rs375914655,A,T,gnomAD Exomes,PASS,NA,p.Thr297Ser,p.Thr297Ser,c.889A>T,missense_variant,,1,108368,9.22781632954378E-06,0,0,0,7118,0,0,0,16952,0,0,0,2318,0,0,0,8638,0,0,0,13264,0,0,1,42586,0,0,0,1896,0,0,0,15596,0,0
14,103932683,rs771400236,A,G,gnomAD Exomes,PASS,NA,p.Ile301Val,p.Ile301Val,c.901A>G,missense_variant,,1,107772,9.27884793823999E-06,0,0,0,7116,0,0,0,16580,0,0,0,2296,0,0,0,8626,0,0,0,13300,0,0,1,42444,0,0,0,1884,0,0,0,15526,0,0
14,103932696,rs1211526313,G,A,gnomAD Exomes,PASS,NA,p.Arg305Lys,p.Arg305Lys,c.914G>A,missense_variant,,1,108424,9.22305024717775E-06,0,0,0,7124,0,0,0,16942,0,0,0,2316,0,0,1,8632,0,0,0,13306,0,0,0,42562,0,0,0,1896,0,0,0,15646,0,0
14,103932708,rs764614999,C,T,gnomAD Exomes,PASS,NA,p.Ala309Val,p.Ala309Val,c.926C>T,missense_variant,,2,108508,1.84318206952483E-05,0,0,0,7128,0,0,0,17006,0,0,0,2320,0,0,0,8628,0,0,0,13308,0,0,2,42574,0,0,0,1894,0,0,0,15650,0,0
14,103932743,rs1157387862,G,T,gnomAD Exomes,PASS,NA,p.Glu321Ter,p.Glu321Ter,c.961G>T,stop_gained,,1,108534,9.21370261853428E-06,0,0,0,7130,0,0,0,17012,0,0,0,2320,0,0,0,8636,0,0,0,13308,0,0,0,42584,0,0,0,1894,0,0,1,15650,0,0
14,103932750,rs560167611,A,G,gnomAD Exomes,PASS,NA,p.Glu323Gly,p.Glu323Gly,c.968A>G,missense_variant,,3,108528,2.76426360017691E-05,0,0,0,7126,0,0,0,17012,0,0,0,2320,0,0,3,8632,0,0,0,13308,0,0,0,42584,0,0,0,1896,0,0,0,15650,0,0
14,103932752,rs750630186,C,G,gnomAD Exomes,PASS,NA,p.Leu324Val,p.Leu324Val,c.970C>G,missense_variant,,3,108494,2.76512986893284E-05,0,0,0,7124,0,0,0,17006,0,0,0,2318,0,0,0,8632,0,0,0,13308,0,0,3,42568,0,0,0,1896,0,0,0,15642,0,0
14,103932759,rs1342000495,T,A,gnomAD Exomes,PASS,NA,p.Ile326Asn,p.Ile326Asn,c.977T>A,missense_variant,,1,108368,9.22781632954378E-06,0,0,0,7114,0,0,0,16946,0,0,0,2316,0,0,0,8626,0,0,0,13306,0,0,0,42538,0,0,0,1892,0,0,1,15630,0,0
14,103932759,rs1342000495,T,C,gnomAD Exomes,PASS,NA,p.Ile326Thr,p.Ile326Thr,c.977T>C,missense_variant,,1,108368,9.22781632954378E-06,0,0,0,7114,0,0,0,16946,0,0,0,2316,0,0,0,8626,0,0,0,13306,0,0,1,42538,0,0,0,1892,0,0,0,15630,0,0
14,103933416,rs765426253,A,G,gnomAD Exomes,PASS,NA,p.Asp333Gly,p.Asp333Gly,c.998A>G,missense_variant,,2,103578,1.9309119697233E-05,0,0,0,7024,0,0,0,15510,0,0,0,2236,0,0,0,8540,0,0,0,12502,0,0,0,41902,0,0,0,1830,0,0,2,14034,0,0
14,103933419,rs752743694,T,C,gnomAD Exomes,PASS,NA,p.Ile334Thr,p.Ile334Thr,c.1001T>C,missense_variant,,1,104674,9.5534707759329E-06,0,0,0,7048,0,0,0,15946,0,0,0,2262,0,0,0,8548,0,0,0,12598,0,0,1,42064,0,0,0,1852,0,0,0,14356,0,0
14,103933421,rs376654076,A,G,gnomAD Exomes,PASS,NA,p.Met335Val,p.Met335Val,c.1003A>G,missense_variant,,7,104848,6.6763314512437E-05,0,0,0,7044,0,0,4,15992,0,0,0,2274,0,0,1,8562,0,0,0,12644,0,0,2,42110,0,0,0,1856,0,0,0,14366,0,0
14,103933424,rs777996242,G,A,gnomAD Exomes,PASS,NA,p.Val336Met,p.Val336Met,c.1006G>A,missense_variant,,1,105506,9.47813394498891E-06,0,0,0,7052,0,0,1,16268,0,0,0,2282,0,0,0,8560,0,0,0,12662,0,0,0,42192,0,0,0,1866,0,0,0,14624,0,0
14,103933427,rs1174652840,G,A,gnomAD Exomes,PASS,NA,p.Gly337Arg,p.Gly337Arg,c.1009G>A,missense_variant,,1,105860,9.44643869261288E-06,0,0,0,7068,0,0,0,16338,0,0,0,2290,0,0,1,8540,0,0,0,12732,0,0,0,42222,0,0,0,1870,0,0,0,14800,0,0
14,103933433,rs751743889,G,A,gnomAD Exomes,PASS,NA,p.Gly339Arg,p.Gly339Arg,c.1015G>A,missense_variant,,0,106918,0,0,0,0,7088,0,0,0,16678,0,0,0,2308,0,0,0,8594,0,0,0,12808,0,0,0,42408,0,0,0,1870,0,0,0,15164,0,0
14,103933434,rs933009953,G,A,gnomAD Exomes,PASS,NA,p.Gly339Glu,p.Gly339Glu,c.1016G>A,missense_variant,,1,106866,9.35751314730597E-06,0,0,0,7100,0,0,1,16688,0,0,0,2306,0,0,0,8580,0,0,0,12798,0,0,0,42422,0,0,0,1864,0,0,0,15108,0,0
14,103933437,rs189704054,A,G,gnomAD Exomes,PASS,NA,p.Tyr340Cys,p.Tyr340Cys,c.1019A>G,missense_variant,,1,107088,9.33811444793067E-06,0,0,0,7114,0,0,1,16720,0,0,0,2310,0,0,0,8596,0,0,0,12866,0,0,0,42464,0,0,0,1880,0,0,0,15138,0,0
14,103933455,rs1368687286,A,G,gnomAD Exomes,PASS,NA,p.Gln346Arg,p.Gln346Arg,c.1037A>G,missense_variant,,1,107126,9.33480200884939E-06,0,0,0,7118,0,0,0,16690,0,0,0,2316,0,0,0,8616,0,0,0,12884,0,0,1,42490,0,0,0,1874,0,0,0,15138,0,0
14,103933457,rs886726891,G,A,gnomAD Exomes,PASS,NA,p.Glu347Lys,p.Glu347Lys,c.1039G>A,missense_variant,,1,106996,9.34614378107593E-06,0,0,1,7114,0,0,0,16654,0,0,0,2314,0,0,0,8596,0,0,0,12856,0,0,0,42470,0,0,0,1874,0,0,0,15118,0,0
14,103933469,rs201422873,A,G,"gnomAD Exomes,gnomAD Genomes",PASS,PASS,p.Lys351Glu,p.Lys351Glu,c.1051A>G,missense_variant,,19,117996,0.000161022407539,0,0,19,9682,0,0,0,16992,0,0,0,2348,0,0,0,9532,0,0,0,13910,0,0,0,48030,0,0,0,2290,0,0,0,15212,0,0
14,103933470,rs768241358,AGATGAAATAC,A,gnomAD Genomes,NA,PASS,p.Tyr354SerfsTer146,p.Tyr354SerfsTer146,c.1061_1070delACGATGAAAT,frameshift_variant,,1,10878,9.19286633572348E-05,0,0,0,2574,0,0,0,246,0,0,0,38,0,0,1,916,0,0,0,1158,0,0,0,5522,0,0,0,424,0,0,0,0,0,0
14,103933473,rs1458313187,T,C,gnomAD Exomes,PASS,NA,p.Met352Thr,p.Met352Thr,c.1055T>C,missense_variant,,1,106592,9.38156709696788E-06,0,0,0,7116,0,0,0,16654,0,0,0,2308,0,0,0,8610,0,0,0,12528,0,0,1,42458,0,0,0,1876,0,0,0,15042,0,0
14,103933512,rs771961248,G,A,gnomAD Exomes,PASS,NA,p.Gly365Glu,p.Gly365Glu,c.1094G>A,missense_variant,,2,104432,1.91512180174659E-05,0,0,0,7034,0,0,0,16348,0,0,0,2292,0,0,0,8530,0,0,0,11356,0,0,2,42260,0,0,0,1846,0,0,0,14766,0,0
14,103933521,rs1014056210,C,T,gnomAD Exomes,PASS,NA,p.Ser368Phe,p.Ser368Phe,c.1103C>T,missense_variant,,2,103634,1.92986857594998E-05,0,0,0,7006,0,0,0,16338,0,0,0,2286,0,0,0,8476,0,0,0,10860,0,0,2,42112,0,0,0,1824,0,0,0,14732,0,0
14,103934376,rs749743518,G,T,gnomAD Exomes,PASS,NA,p.Ala373Ser,p.Ala373Ser,c.1117G>T,missense_variant,,2,108250,1.84757505773672E-05,0,0,0,7122,0,0,0,16872,0,0,0,2310,0,0,0,8630,0,0,0,13304,0,0,1,42542,0,0,1,1890,0,0,0,15580,0,0
14,103934395,rs1292724211,G,A,gnomAD Exomes,PASS,NA,p.Ser379Asn,p.Ser379Asn,c.1136G>A,missense_variant,,1,108514,9.21540077777983E-06,0,0,0,7128,0,0,0,17006,0,0,0,2320,0,0,0,8630,0,0,0,13306,0,0,1,42584,0,0,0,1890,0,0,0,15650,0,0
14,103934401,rs747903624,A,G,gnomAD Exomes,PASS,NA,p.Asn381Ser,p.Asn381Ser,c.1142A>G,missense_variant,,1,108572,9.21047783959032E-06,0,0,0,7136,0,0,0,17018,0,0,0,2320,0,0,0,8638,0,0,0,13308,0,0,0,42596,0,0,0,1894,0,0,1,15662,0,0
14,103934413,rs773110095,C,G,gnomAD Exomes,PASS,NA,p.Ala385Gly,p.Ala385Gly,c.1154C>G,missense_variant,,2,108588,1.84182414263086E-05,0,0,0,7130,0,0,0,17040,0,0,0,2320,0,0,0,8634,0,0,0,13308,0,0,2,42598,0,0,0,1894,0,0,0,15664,0,0
14,103934418,rs746805734,G,C,gnomAD Exomes,PASS,NA,p.Val387Leu,p.Val387Leu,c.1159G>C,missense_variant,,1,108610,9.20725531718994E-06,0,0,0,7136,0,0,0,17044,0,0,1,2320,0,0,0,8636,0,0,0,13308,0,0,0,42602,0,0,0,1892,0,0,0,15672,0,0
14,103934427,rs201880493,A,C,gnomAD Exomes,PASS,NA,p.Ser390Arg,p.Ser390Arg,c.1168A>C,missense_variant,,6,108630,5.52333609500138E-05,0,0,0,7136,0,0,0,17050,0,0,3,2320,0,0,0,8638,0,0,0,13308,0,0,3,42608,0,0,0,1896,0,0,0,15674,0,0
14,103934464,rs762139723,A,G,gnomAD Exomes,PASS,NA,p.His402Arg,p.His402Arg,c.1205A>G,missense_variant,,5,108622,4.60311907348419E-05,0,0,0,7136,0,0,5,17050,0,0,0,2318,0,0,0,8638,0,0,0,13308,0,0,0,42604,0,0,0,1894,0,0,0,15674,0,0
14,103934484,rs116462326,G,A,"gnomAD Exomes,gnomAD Genomes",PASS,PASS,p.Val409Ile,p.Val409Ile,c.1225G>A,missense_variant,,33,119450,0.000276266220176,0,0,30,9704,0,0,2,17294,0,0,0,2358,0,0,0,9550,0,0,0,14468,0,0,0,48092,0,0,1,2310,0,0,0,15674,0,0
14,103934484,rs116462326,G,C,gnomAD Exomes,PASS,NA,p.Val409Leu,p.Val409Leu,c.1225G>C,missense_variant,,2,108610,1.84145106343799E-05,0,0,0,7136,0,0,0,17048,0,0,0,2320,0,0,0,8636,0,0,0,13306,0,0,2,42600,0,0,0,1890,0,0,0,15674,0,0
14,103934488,rs10137161,T,C,"gnomAD Exomes,gnomAD Genomes",PASS,PASS,p.Phe410Ser,p.Phe410Ser,c.1229T>C,missense_variant,,119443,119444,0.999991627875825,59721,0,9706,9706,4853,0,17296,17296,8648,0,2358,2358,1179,0,9552,9552,4776,0,14468,14468,7234,0,48084,48084,24042,0,2306,2306,1153,0,15673,15674,7836,0
14,103934493,rs200501056,A,C,gnomAD Exomes,PASS,NA,p.Ser412Arg,p.Ser412Arg,c.1234A>C,missense_variant,,1,108612,9.20708577321106E-06,0,0,0,7136,0,0,0,17042,0,0,0,2320,0,0,1,8638,0,0,0,13308,0,0,0,42602,0,0,0,1892,0,0,0,15674,0,0
14,103934494,rs778607174,G,A,gnomAD Exomes,PASS,NA,p.Ser412Asn,p.Ser412Asn,c.1235G>A,missense_variant,,2,108608,1.84148497348262E-05,0,0,0,7134,0,0,0,17046,0,0,0,2320,0,0,0,8638,0,0,0,13306,0,0,0,42598,0,0,0,1892,0,0,2,15674,0,0
14,103934503,rs777326081,A,G,gnomAD Exomes,PASS,NA,p.Gln415Arg,p.Gln415Arg,c.1244A>G,missense_variant,,1,108602,9.20793355555146E-06,0,0,0,7130,0,0,0,17048,0,0,0,2320,0,0,0,8638,0,0,0,13306,0,0,1,42600,0,0,0,1892,0,0,0,15668,0,0
14,103934508,rs199679958,C,T,gnomAD Exomes,PASS,NA,p.Arg417Cys,p.Arg417Cys,c.1249C>T,missense_variant,,3,108548,2.76375428381914E-05,0,0,2,7132,0,0,0,17022,0,0,0,2316,0,0,0,8636,0,0,0,13306,0,0,1,42584,0,0,0,1890,0,0,0,15662,0,0
14,103934509,rs770729536,G,A,gnomAD Exomes,PASS,NA,p.Arg417His,p.Arg417His,c.1250G>A,missense_variant,,1,108498,9.2167597559402E-06,0,0,0,7132,0,0,0,16998,0,0,0,2318,0,0,0,8628,0,0,0,13306,0,0,1,42580,0,0,0,1886,0,0,0,15650,0,0
14,103941332,rs1191538655,G,C,gnomAD Exomes,PASS,NA,p.Gly423Arg,p.Gly423Arg,c.1267G>C,missense_variant,,1,108470,9.21913893242371E-06,0,0,0,7130,0,0,0,17002,0,0,0,2310,0,0,0,8628,0,0,0,13296,0,0,0,42564,0,0,0,1894,0,0,1,15646,0,0
14,103941333,rs372769476,G,A,"gnomAD Exomes,gnomAD Genomes",PASS,PASS,p.Gly423Glu,p.Gly423Glu,c.1268G>A,missense_variant,,8,119374,6.70162681991053E-05,0,0,0,9700,0,0,0,17248,0,0,0,2352,0,0,0,9546,0,0,1,14460,0,0,6,48090,0,0,1,2318,0,0,0,15660,0,0
14,103941336,rs751231451,C,A,gnomAD Exomes,PASS,NA,p.Pro424Gln,p.Pro424Gln,c.1271C>A,missense_variant,,2,108498,1.84335195118804E-05,0,0,0,7134,0,0,0,16992,0,0,0,2316,0,0,0,8628,0,0,0,13298,0,0,2,42578,0,0,0,1894,0,0,0,15658,0,0
14,103941341,rs781012309,A,G,gnomAD Exomes,PASS,NA,p.Ile426Val,p.Ile426Val,c.1276A>G,missense_variant,,1,108582,9.20962958869794E-06,0,0,0,7136,0,0,0,17026,0,0,0,2320,0,0,0,8632,0,0,0,13308,0,0,1,42598,0,0,0,1896,0,0,0,15666,0,0
14,103941353,rs769535253,G,A,gnomAD Exomes,PASS,NA,p.Val430Met,p.Val430Met,c.1288G>A,missense_variant,,1,108610,9.20725531718994E-06,0,0,0,7136,0,0,0,17044,0,0,0,2320,0,0,0,8634,0,0,0,13306,0,0,1,42600,0,0,0,1896,0,0,0,15674,0,0
14,103941363,rs201851374,C,T,gnomAD Exomes,PASS,NA,p.Pro433Leu,p.Pro433Leu,c.1298C>T,missense_variant,,1,108602,9.20793355555146E-06,0,0,0,7136,0,0,0,17042,0,0,0,2320,0,0,0,8636,0,0,0,13302,0,0,1,42600,0,0,0,1896,0,0,0,15670,0,0
14,103941383,rs776944589,A,T,gnomAD Exomes,PASS,NA,p.Thr440Ser,p.Thr440Ser,c.1318A>T,missense_variant,,2,108618,1.8413154357473E-05,0,0,0,7136,0,0,0,17048,0,0,0,2320,0,0,0,8636,0,0,0,13304,0,0,0,42604,0,0,0,1896,0,0,2,15674,0,0
14,103941392,rs56305318,A,G,"gnomAD Exomes,gnomAD Genomes",PASS,PASS,p.Ser443Gly,p.Ser443Gly,c.1327A>G,missense_variant,,1646,119490,0.013775211314754,141,0,1515,9704,139,0,112,17292,2,0,0,2356,0,0,0,9550,0,0,0,14466,0,0,6,48128,0,0,9,2320,0,0,4,15674,0,0
14,103941410,rs753159991,G,A,gnomAD Exomes,PASS,NA,p.Gly449Arg,p.Gly449Arg,c.1345G>A,missense_variant,,1,108618,9.20657717873649E-06,0,0,0,7136,0,0,0,17052,0,0,0,2320,0,0,1,8634,0,0,0,13302,0,0,0,42604,0,0,0,1896,0,0,0,15674,0,0
14,103941423,rs751055252,G,A,gnomAD Exomes,PASS,NA,p.Arg453Gln,p.Arg453Gln,c.1358G>A,missense_variant,,3,108614,2.76207487064283E-05,0,0,0,7136,0,0,1,17048,0,0,0,2320,0,0,1,8634,0,0,0,13306,0,0,1,42602,0,0,0,1896,0,0,0,15672,0,0
14,103941456,rs780850846,G,C,gnomAD Exomes,PASS,NA,p.Gly464Ala,p.Gly464Ala,c.1391G>C,missense_variant,,1,108618,9.20657717873649E-06,0,0,1,7132,0,0,0,17052,0,0,0,2318,0,0,0,8634,0,0,0,13306,0,0,0,42604,0,0,0,1896,0,0,0,15676,0,0
14,103941464,rs201865630,C,T,"gnomAD Exomes,gnomAD Genomes",PASS,PASS,p.Pro467Ser,p.Pro467Ser,c.1399C>T,missense_variant,,7,119500,5.85774058577406E-05,0,0,5,9708,0,0,2,17296,0,0,0,2358,0,0,0,9546,0,0,0,14470,0,0,0,48126,0,0,0,2320,0,0,0,15676,0,0
14,103941465,rs1341883197,C,T,gnomAD Exomes,PASS,NA,p.Pro467Leu,p.Pro467Leu,c.1400C>T,missense_variant,,1,108632,9.20539067678032E-06,0,0,0,7136,0,0,1,17050,0,0,0,2320,0,0,0,8638,0,0,0,13308,0,0,0,42608,0,0,0,1896,0,0,0,15676,0,0
14,103941468,rs56157932,C,T,gnomAD Exomes,PASS,NA,p.Ala468Val,p.Ala468Val,c.1403C>T,missense_variant,,3,108632,2.7616172030341E-05,0,0,0,7136,0,0,0,17050,0,0,0,2320,0,0,0,8638,0,0,0,13308,0,0,3,42608,0,0,0,1896,0,0,0,15676,0,0
14,103941473,rs1356885103,C,T,gnomAD Exomes,PASS,NA,p.Pro470Ser,p.Pro470Ser,c.1408C>T,missense_variant,,1,108630,9.20556015833563E-06,0,0,0,7136,0,0,0,17050,0,0,0,2320,0,0,0,8638,0,0,0,13308,0,0,0,42608,0,0,0,1896,0,0,1,15674,0,0
14,103941491,,A,G,gnomAD Exomes,PASS,NA,p.Ser476Gly,p.Ser476Gly,c.1426A>G,missense_variant,,1,108632,9.20539067678032E-06,0,0,0,7136,0,0,1,17052,0,0,0,2320,0,0,0,8638,0,0,0,13308,0,0,0,42606,0,0,0,1896,0,0,0,15676,0,0
14,103941501,rs747108602,A,C,gnomAD Exomes,PASS,NA,p.Asn479Thr,p.Asn479Thr,c.1436A>C,missense_variant,,1,108632,9.20539067678032E-06,0,0,0,7136,0,0,0,17052,0,0,0,2320,0,0,0,8638,0,0,0,13308,0,0,0,42606,0,0,0,1896,0,0,1,15676,0,0
14,103941506,rs777001487,G,T,gnomAD Exomes,PASS,NA,p.Ala481Ser,p.Ala481Ser,c.1441G>T,missense_variant,,1,108636,9.20505173239074E-06,0,0,0,7136,0,0,0,17054,0,0,0,2320,0,0,0,8638,0,0,0,13308,0,0,1,42608,0,0,0,1896,0,0,0,15676,0,0
14,103941507,rs183634888,C,T,gnomAD Exomes,PASS,NA,p.Ala481Val,p.Ala481Val,c.1442C>T,missense_variant,,2,108634,1.84104424029309E-05,0,0,0,7136,0,0,0,17052,0,0,0,2320,0,0,0,8638,0,0,0,13308,0,0,2,42608,0,0,0,1896,0,0,0,15676,0,0
14,103941507,rs183634888,C,G,gnomAD Exomes,PASS,NA,p.Ala481Gly,p.Ala481Gly,c.1442C>G,missense_variant,,7,108634,6.44365484102583E-05,0,0,6,7136,0,0,1,17052,0,0,0,2320,0,0,0,8638,0,0,0,13308,0,0,0,42608,0,0,0,1896,0,0,0,15676,0,0
14,103941518,rs763415385,G,A,gnomAD Exomes,PASS,NA,p.Glu485Lys,p.Glu485Lys,c.1453G>A,missense_variant,,1,108636,9.20505173239074E-06,0,0,0,7136,0,0,0,17054,0,0,0,2320,0,0,0,8638,0,0,0,13308,0,0,1,42608,0,0,0,1896,0,0,0,15676,0,0
14,103941521,rs202148764,C,T,"gnomAD Exomes,gnomAD Genomes",PASS,PASS,p.Arg486Cys,p.Arg486Cys,c.1456C>T,missense_variant,,17,119512,0.000142245130196,0,0,0,9710,0,0,0,17298,0,0,0,2358,0,0,9,9552,0,0,0,14470,0,0,7,48128,0,0,1,2320,0,0,0,15676,0,0
14,103941522,rs117953446,G,A,gnomAD Exomes,PASS,NA,p.Arg486His,p.Arg486His,c.1457G>A,missense_variant,,10,108628,9.20572964613175E-05,0,0,1,7136,0,0,0,17048,0,0,0,2320,0,0,0,8638,0,0,0,13308,0,0,0,42608,0,0,0,1896,0,0,9,15674,0,0
14,103941522,rs117953446,G,T,gnomAD Exomes,PASS,NA,p.Arg486Leu,p.Arg486Leu,c.1457G>T,missense_variant,,1,108628,9.20572964613175E-06,0,0,0,7136,0,0,0,17048,0,0,0,2320,0,0,0,8638,0,0,0,13308,0,0,0,42608,0,0,0,1896,0,0,1,15674,0,0
14,103941534,rs528980428,C,T,gnomAD Exomes,PASS,NA,p.Ser490Phe,p.Ser490Phe,c.1469C>T,missense_variant,,1,108630,9.20556015833563E-06,0,0,1,7136,0,0,0,17050,0,0,0,2320,0,0,0,8638,0,0,0,13308,0,0,0,42608,0,0,0,1896,0,0,0,15674,0,0
14,103941542,rs766126874,C,T,gnomAD Exomes,PASS,NA,p.Pro493Ser,p.Pro493Ser,c.1477C>T,missense_variant,,2,108622,1.84124762939368E-05,0,0,1,7136,0,0,0,17046,0,0,0,2318,0,0,0,8638,0,0,0,13308,0,0,1,42606,0,0,0,1896,0,0,0,15674,0,0
14,103941543,rs753646857,C,T,gnomAD Exomes,PASS,NA,p.Pro493Leu,p.Pro493Leu,c.1478C>T,missense_variant,,2,108618,1.8413154357473E-05,0,0,0,7136,0,0,1,17046,0,0,0,2318,0,0,0,8638,0,0,0,13306,0,0,0,42604,0,0,0,1896,0,0,1,15674,0,0
14,103941546,rs754681871,G,C,gnomAD Exomes,PASS,NA,p.Ser494Thr,p.Ser494Thr,c.1481G>C,missense_variant,,1,108616,9.20674670398468E-06,0,0,0,7136,0,0,0,17044,0,0,0,2318,0,0,0,8638,0,0,0,13306,0,0,1,42606,0,0,0,1896,0,0,0,15672,0,0
14,103946740,rs1467195253,G,T,gnomAD Exomes,PASS,NA,p.Gly500Val,p.Gly500Val,c.1499G>T,missense_variant,,1,108438,9.22185949574872E-06,0,0,0,7128,0,0,1,16934,0,0,0,2320,0,0,0,8632,0,0,0,13308,0,0,0,42590,0,0,0,1892,0,0,0,15634,0,0
14,103946743,rs745963589,G,A,gnomAD Exomes,PASS,NA,p.Gly501Glu,p.Gly501Glu,c.1502G>A,missense_variant,,1,108440,9.22168941350055E-06,0,0,0,7134,0,0,1,16942,0,0,0,2320,0,0,0,8634,0,0,0,13308,0,0,0,42584,0,0,0,1892,0,0,0,15626,0,0
14,103946745,rs1024348080,A,C,gnomAD Exomes,PASS,NA,p.Met502Leu,p.Met502Leu,c.1504A>C,missense_variant,,4,108444,3.68853970712995E-05,0,0,0,7134,0,0,4,16938,0,0,0,2320,0,0,0,8632,0,0,0,13308,0,0,0,42592,0,0,0,1894,0,0,0,15626,0,0
14,103946754,rs749410440,C,T,gnomAD Exomes,PASS,NA,p.Arg505Ter,p.Arg505Ter,c.1513C>T,stop_gained,,1,108384,9.22645408916445E-06,0,0,1,7134,0,0,0,16900,0,0,0,2320,0,0,0,8632,0,0,0,13308,0,0,0,42584,0,0,0,1894,0,0,0,15612,0,0
14,103946764,rs1201122707,AT,A,gnomAD Exomes,PASS,NA,p.Tyr508Ter,p.Tyr508Ter,c.1524delT,frameshift_variant,,1,108536,9.21353283703103E-06,0,0,0,7136,0,0,0,16982,0,0,0,2320,0,0,0,8638,0,0,0,13308,0,0,1,42606,0,0,0,1896,0,0,0,15650,0,0
14,103946765,rs375161932,T,G,gnomAD Exomes,PASS,NA,p.Tyr508Ter,p.Tyr508Ter,c.1524T>G,stop_gained,,1,108540,9.21319329279528E-06,0,0,0,7136,0,0,0,16986,0,0,0,2320,0,0,0,8638,0,0,0,13308,0,0,0,42602,0,0,0,1896,0,0,1,15654,0,0
14,103946772,rs1032999641,A,G,gnomAD Exomes,PASS,NA,p.Ser511Gly,p.Ser511Gly,c.1531A>G,missense_variant,,1,108558,9.21166565338344E-06,0,0,0,7136,0,0,1,16996,0,0,0,2320,0,0,0,8638,0,0,0,13308,0,0,0,42606,0,0,0,1896,0,0,0,15658,0,0
14,103946788,rs1058546,C,CTGA,gnomAD Exomes,PASS,NA,p.Asp517dup,p.Asp517dup,c.1549_1551dupGAT,inframe_insertion,,1,108520,9.21489126428308E-06,0,0,0,7132,0,0,0,16982,0,0,0,2318,0,0,0,8638,0,0,0,13308,0,0,0,42598,0,0,1,1894,0,0,0,15650,0,0
14,103946790,rs770282355,G,T,gnomAD Exomes,PASS,NA,p.Asp517Tyr,p.Asp517Tyr,c.1549G>T,missense_variant,mnv,1,108516,9.2152309336872E-06,0,0,0,7130,0,0,0,16986,0,0,0,2320,0,0,1,8638,0,0,0,13308,0,0,0,42600,0,0,0,1896,0,0,0,15638,0,0
14,103946791,rs776362898,A,G,gnomAD Exomes,PASS,NA,p.Asp517Gly,p.Asp517Gly,c.1550A>G,missense_variant,mnv,1,108486,9.21777925262246E-06,0,0,0,7132,0,0,0,16972,0,0,0,2320,0,0,1,8636,0,0,0,13308,0,0,0,42598,0,0,0,1894,0,0,0,15626,0,0
14,103946795,rs1465669324,ACACT,A,gnomAD Exomes,PASS,NA,p.His519GlnfsTer2,p.His519GlnfsTer2,c.1557_1560delCTCA,frameshift_variant,,1,108434,9.22219967906745E-06,0,0,0,7134,0,0,0,16946,0,0,0,2318,0,0,0,8638,0,0,0,13306,0,0,0,42590,0,0,0,1892,0,0,1,15610,0,0
14,103946798,rs759099434,C,G,gnomAD Exomes,PASS,NA,p.His519Gln,p.His519Gln,c.1557C>G,missense_variant,,1,108268,9.23633945394761E-06,0,0,0,7126,0,0,1,16892,0,0,0,2314,0,0,0,8636,0,0,0,13308,0,0,0,42566,0,0,0,1890,0,0,0,15536,0,0
14,103946800,rs368541567,C,T,gnomAD Exomes,PASS,NA,p.Ser520Leu,p.Ser520Leu,c.1559C>T,missense_variant,,2,108212,1.84822385687354E-05,0,0,0,7128,0,0,2,16880,0,0,0,2314,0,0,0,8638,0,0,0,13308,0,0,0,42556,0,0,0,1890,0,0,0,15498,0,0
14,103946813,rs535389525,T,A,gnomAD Exomes,PASS,NA,p.Asn524Lys,p.Asn524Lys,c.1572T>A,missense_variant,,37,107500,0.000344186046512,0,0,0,7122,0,0,0,16652,0,0,0,2304,0,0,0,8632,0,0,0,13306,0,0,0,42476,0,0,0,1874,0,0,37,15134,0,0
14,103946815,rs764154078,G,A,gnomAD Exomes,PASS,NA,p.Gly525Asp,p.Gly525Asp,c.1574G>A,missense_variant,,1,107364,9.31410901233188E-06,0,0,1,7114,0,0,0,16614,0,0,0,2300,0,0,0,8630,0,0,0,13306,0,0,0,42430,0,0,0,1878,0,0,0,15092,0,0
14,103946816,rs1398341862,CA,C,gnomAD Exomes,PASS,NA,p.Glu527LysfsTer82,p.Glu527LysfsTer82,c.1578delA,frameshift_variant,,1,107244,9.3245309760919E-06,0,0,0,7110,0,0,0,16576,0,0,0,2300,0,0,0,8612,0,0,0,13304,0,0,1,42414,0,0,0,1874,0,0,0,15054,0,0
14,103946818,rs184460295,A,G,"gnomAD Exomes,gnomAD Genomes",PASS,PASS,p.Lys526Arg,p.Lys526Arg,c.1577A>G,missense_variant,,14,118236,0.00011840725329,0,0,11,9682,0,0,2,16858,0,0,0,2342,0,0,0,9550,0,0,0,14466,0,0,0,47952,0,0,0,2308,0,0,1,15078,0,0
14,103946823,rs779983352,A,G,gnomAD Exomes,PASS,NA,p.Asn528Asp,p.Asn528Asp,c.1582A>G,missense_variant,,1,107124,9.33497628916022E-06,0,0,0,7108,0,0,0,16476,0,0,0,2306,0,0,0,8620,0,0,0,13306,0,0,0,42418,0,0,0,1870,0,0,1,15020,0,0
14,103957305,rs192454621,G,A,"gnomAD Exomes,gnomAD Genomes",PASS,PASS,p.Ala70Thr,p.Ala70Thr,c.208G>A,missense_variant,,20,63494,0.000314990392793,0,0,1,4996,0,0,0,12260,0,0,0,1490,0,0,0,4910,0,0,0,2664,0,0,15,24440,0,0,1,1678,0,0,3,11056,0,0
14,103957311,rs115897499,G,A,"gnomAD Exomes,gnomAD Genomes",PASS,PASS,p.Ala72Thr,p.Ala72Thr,c.214G>A,missense_variant,,17,63518,0.000267640668787,0,0,14,4996,0,0,2,12250,0,0,0,1490,0,0,0,4910,0,0,0,2668,0,0,1,24474,0,0,0,1666,0,0,0,11064,0,0
14,103957318,rs769551748,G,C,gnomAD Exomes,PASS,NA,p.Ser74Thr,p.Ser74Thr,c.221G>C,missense_variant,,10,52824,0.000189307890353,0,0,0,2426,0,0,5,12084,0,0,3,1452,0,0,0,4008,0,0,0,1506,0,0,2,18970,0,0,0,1266,0,0,0,11112,0,0
14,103957329,rs183644559,G,A,"gnomAD Exomes,gnomAD Genomes",PASS,PASS,p.Val78Ile,p.Val78Ile,c.232G>A,missense_variant,,58,63782,0.000909347464802,0,0,56,5002,0,0,2,12370,0,0,0,1492,0,0,0,4922,0,0,0,2668,0,0,0,24502,0,0,0,1696,0,0,0,11130,0,0
14,103957339,rs1235203743,C,T,gnomAD Exomes,PASS,NA,p.Ser81Phe,p.Ser81Phe,c.242C>T,missense_variant,,1,52956,1.88836014804744E-05,0,0,0,2430,0,0,1,12146,0,0,0,1454,0,0,0,4010,0,0,0,1506,0,0,0,18986,0,0,0,1274,0,0,0,11150,0,0
14,103957341,rs972345423,A,G,gnomAD Exomes,PASS,NA,p.Thr82Ala,p.Thr82Ala,c.244A>G,missense_variant,,2,52972,3.77557955146115E-05,0,0,1,2430,0,0,0,12164,0,0,0,1454,0,0,0,4010,0,0,0,1506,0,0,0,18986,0,0,0,1274,0,0,1,11148,0,0
14,103957342,rs187961973,C,T,"gnomAD Exomes,gnomAD Genomes",PASS,PASS,p.Thr82Ile,p.Thr82Ile,c.245C>T,missense_variant,,4,63836,6.26605677047434E-05,0,0,3,5004,0,0,1,12394,0,0,0,1492,0,0,0,4924,0,0,0,2668,0,0,0,24506,0,0,0,1696,0,0,0,11152,0,0
14,103957345,rs762842670,G,A,gnomAD Exomes,PASS,NA,p.Cys83Tyr,p.Cys83Tyr,c.248G>A,missense_variant,,1,52962,1.88814621804312E-05,0,0,0,2430,0,0,0,12144,0,0,0,1454,0,0,0,4010,0,0,0,1506,0,0,0,18990,0,0,0,1274,0,0,1,11154,0,0
14,103957347,rs191776590,C,T,"gnomAD Exomes,gnomAD Genomes",PASS,PASS,p.Arg84Trp,p.Arg84Trp,c.250C>T,missense_variant,,9,63830,0.000140999530002,0,0,5,5002,0,0,1,12392,0,0,0,1492,0,0,1,4924,0,0,0,2668,0,0,2,24506,0,0,0,1700,0,0,0,11146,0,0
14,103957348,rs1381169849,G,A,"gnomAD Exomes,gnomAD Genomes",PASS,PASS,p.Arg84Gln,p.Arg84Gln,c.251G>A,missense_variant,,2,63828,3.13342106912327E-05,0,0,0,4998,0,0,0,12390,0,0,0,1492,0,0,0,4924,0,0,0,2668,0,0,2,24504,0,0,0,1700,0,0,0,11152,0,0
14,103957357,rs1338688807,A,T,gnomAD Genomes,NA,PASS,p.His87Leu,p.His87Leu,c.260A>T,missense_variant,,1,10866,9.20301859009755E-05,0,0,0,2572,0,0,0,246,0,0,0,38,0,0,0,912,0,0,0,1160,0,0,1,5514,0,0,0,424,0,0,0,0,0,0
14,103957376,rs1305175928,G,A,gnomAD Exomes,PASS,NA,p.Met93Ile,p.Met93Ile,c.279G>A,missense_variant,,1,52908,1.89007333484539E-05,0,0,0,2432,0,0,0,12116,0,0,0,1454,0,0,0,4010,0,0,0,1506,0,0,0,18986,0,0,1,1272,0,0,0,11132,0,0
14,103957390,,AC,A,gnomAD Exomes,PASS,NA,p.Lys100ArgfsTer2,p.Lys100ArgfsTer2,c.297delC,frameshift_variant,lof_flag,3,52834,5.6781617897566E-05,0,0,0,2432,0,0,0,12096,0,0,0,1454,0,0,3,4002,0,0,0,1508,0,0,0,18976,0,0,0,1258,0,0,0,11108,0,0
14,103957393,rs749845419,C,A,gnomAD Exomes,PASS,NA,p.Pro99His,p.Pro99His,c.296C>A,missense_variant,,1,52822,1.89315058119723E-05,0,0,0,2428,0,0,0,12092,0,0,0,1454,0,0,0,4004,0,0,0,1504,0,0,0,18976,0,0,0,1266,0,0,1,11098,0,0
14,103957393,rs749845419,C,T,gnomAD Exomes,PASS,NA,p.Pro99Leu,p.Pro99Leu,c.296C>T,missense_variant,,2,52822,3.78630116239446E-05,0,0,0,2428,0,0,0,12092,0,0,0,1454,0,0,0,4004,0,0,0,1504,0,0,2,18976,0,0,0,1266,0,0,0,11098,0,0
14,103957398,rs761650243,A,G,gnomAD Exomes,PASS,NA,p.Met101Val,p.Met101Val,c.301A>G,missense_variant,,1,52836,1.89264895147248E-05,0,0,0,2432,0,0,0,12092,0,0,0,1454,0,0,0,4006,0,0,0,1506,0,0,0,18976,0,0,0,1266,0,0,1,11104,0,0
14,103957399,rs1310385834,T,A,gnomAD Exomes,PASS,NA,p.Met101Lys,p.Met101Lys,c.302T>A,missense_variant,,1,52838,1.89257731178319E-05,0,0,0,2430,0,0,1,12096,0,0,0,1454,0,0,0,4006,0,0,0,1506,0,0,0,18974,0,0,0,1266,0,0,0,11106,0,0
14,103957420,rs1276043745,G,C,gnomAD Exomes,PASS,NA,p.Ser108Thr,p.Ser108Thr,c.323G>C,missense_variant,,1,52286,1.91255785487511E-05,0,0,0,2398,0,0,0,11872,0,0,0,1450,0,0,0,3958,0,0,0,1506,0,0,1,18890,0,0,0,1230,0,0,0,10982,0,0
14,103957446,rs753840343,T,A,gnomAD Exomes,PASS,NA,c.347+2T>A,,c.347+2T>A,splice_donor_variant,,1,50400,1.98412698412698E-05,0,0,0,2292,0,0,0,11158,0,0,0,1430,0,0,0,3830,0,0,0,1492,0,0,0,18544,0,0,0,1176,0,0,1,10478,0,0
14,103958116,rs1197987097,C,T,gnomAD Exomes,PASS,NA,p.Thr530Ile,p.Thr530Ile,c.1589C>T,missense_variant,,1,108480,9.21828908554572E-06,0,0,0,7134,0,0,1,17038,0,0,0,2316,0,0,0,8636,0,0,0,13200,0,0,0,42602,0,0,0,1892,0,0,0,15662,0,0
14,103958118,rs550826960,A,G,gnomAD Exomes,PASS,NA,p.Ile531Val,p.Ile531Val,c.1591A>G,missense_variant,,1,108520,9.21489126428308E-06,0,0,0,7136,0,0,0,17046,0,0,0,2320,0,0,0,8636,0,0,0,13214,0,0,1,42608,0,0,0,1892,0,0,0,15668,0,0
14,103958161,rs1201722429,G,C,gnomAD Exomes,PASS,NA,p.Ser545Thr,p.Ser545Thr,c.1634G>C,missense_variant,,1,108616,9.20674670398468E-06,0,0,0,7136,0,0,0,17054,0,0,0,2320,0,0,0,8638,0,0,0,13302,0,0,0,42608,0,0,0,1896,0,0,1,15662,0,0
14,103958163,rs866468469,A,G,gnomAD Exomes,PASS,NA,p.Ser546Gly,p.Ser546Gly,c.1636A>G,missense_variant,,2,108626,1.8411798280338E-05,0,0,2,7136,0,0,0,17054,0,0,0,2320,0,0,0,8638,0,0,0,13300,0,0,0,42608,0,0,0,1896,0,0,0,15674,0,0
14,103958164,rs1038492703,G,A,gnomAD Genomes,NA,PASS,p.Ser546Asn,p.Ser546Asn,c.1637G>A,missense_variant,,1,10876,9.19455682236116E-05,0,0,1,2572,0,0,0,244,0,0,0,38,0,0,0,916,0,0,0,1162,0,0,0,5520,0,0,0,424,0,0,0,0,0,0
14,103958176,rs758617938,C,T,gnomAD Exomes,PASS,NA,p.Pro550Leu,p.Pro550Leu,c.1649C>T,missense_variant,,1,108626,9.20589914016902E-06,0,0,1,7136,0,0,0,17054,0,0,0,2320,0,0,0,8638,0,0,0,13300,0,0,0,42608,0,0,0,1896,0,0,0,15674,0,0
14,103958182,rs767720389,G,A,gnomAD Exomes,PASS,NA,p.Arg552Gln,p.Arg552Gln,c.1655G>A,missense_variant,,4,108630,3.68222406333425E-05,0,0,3,7136,0,0,1,17054,0,0,0,2320,0,0,0,8638,0,0,0,13304,0,0,0,42608,0,0,0,1896,0,0,0,15674,0,0
14,103958184,rs755741737,A,G,gnomAD Exomes,PASS,NA,p.Ile553Val,p.Ile553Val,c.1657A>G,missense_variant,,1,108632,9.20539067678032E-06,0,0,0,7136,0,0,0,17054,0,0,0,2320,0,0,0,8638,0,0,0,13306,0,0,1,42608,0,0,0,1896,0,0,0,15674,0,0
14,103958187,rs181804827,C,T,"gnomAD Exomes,gnomAD Genomes",PASS,PASS,p.Arg554Cys,p.Arg554Cys,c.1660C>T,missense_variant,,18,119510,0.000150615011296,0,0,1,9710,0,0,1,17300,0,0,0,2358,0,0,12,9554,0,0,0,14464,0,0,0,48130,0,0,0,2320,0,0,4,15674,0,0
14,103958188,rs369866994,G,A,"gnomAD Exomes,gnomAD Genomes",PASS,PASS,p.Arg554His,p.Arg554His,c.1661G>A,missense_variant,,4,119496,3.34739238133494E-05,0,0,1,9710,0,0,0,17300,0,0,0,2358,0,0,0,9554,0,0,1,14454,0,0,2,48126,0,0,0,2320,0,0,0,15674,0,0
14,103958232,rs774006925,C,T,gnomAD Exomes,PASS,NA,p.Pro569Ser,p.Pro569Ser,c.1705C>T,missense_variant,,3,108622,2.76187144409052E-05,0,0,0,7136,0,0,0,17054,0,0,0,2320,0,0,0,8636,0,0,0,13302,0,0,0,42604,0,0,0,1896,0,0,3,15674,0,0
14,103958235,rs376395495,C,G,gnomAD Exomes,PASS,NA,p.Arg570Gly,p.Arg570Gly,c.1708C>G,missense_variant,,4,108628,3.6822918584527E-05,0,0,0,7136,0,0,0,17054,0,0,0,2320,0,0,0,8636,0,0,0,13304,0,0,0,42608,0,0,0,1896,0,0,4,15674,0,0
14,103958235,rs376395495,C,T,"gnomAD Exomes,gnomAD Genomes",PASS,PASS,p.Arg570Trp,p.Arg570Trp,c.1708C>T,missense_variant,,8,119496,6.69478476266988E-05,0,0,3,9708,0,0,0,17300,0,0,0,2358,0,0,1,9552,0,0,4,14466,0,0,0,48118,0,0,0,2320,0,0,0,15674,0,0
14,103958236,rs1001396009,G,A,gnomAD Genomes,NA,PASS,p.Arg570Gln,p.Arg570Gln,c.1709G>A,missense_variant,,1,10858,9.20979922637686E-05,0,0,1,2572,0,0,0,246,0,0,0,38,0,0,0,916,0,0,0,1162,0,0,0,5502,0,0,0,422,0,0,0,0,0,0
14,103958241,rs765368921,C,T,gnomAD Exomes,PASS,NA,p.Arg572Trp,p.Arg572Trp,c.1714C>T,missense_variant,,5,108614,4.60345811773804E-05,0,0,0,7136,0,0,2,17052,0,0,0,2320,0,0,0,8636,0,0,0,13296,0,0,1,42606,0,0,0,1894,0,0,2,15674,0,0
14,103958242,rs775520582,G,A,gnomAD Exomes,PASS,NA,p.Arg572Gln,p.Arg572Gln,c.1715G>A,missense_variant,,1,108604,9.2077639865935E-06,0,0,0,7136,0,0,0,17048,0,0,0,2320,0,0,0,8636,0,0,0,13292,0,0,1,42602,0,0,0,1896,0,0,0,15674,0,0
14,103958244,rs763214749,C,T,gnomAD Exomes,PASS,NA,p.Arg573Ter,p.Arg573Ter,c.1717C>T,stop_gained,,1,108594,9.20861189384312E-06,0,0,0,7130,0,0,0,17050,0,0,1,2320,0,0,0,8636,0,0,0,13290,0,0,0,42598,0,0,0,1896,0,0,0,15674,0,0
14,103958250,rs767907025,G,A,gnomAD Exomes,PASS,NA,p.Ala575Thr,p.Ala575Thr,c.1723G>A,missense_variant,,4,108580,3.68391969055075E-05,0,0,0,7130,0,0,0,17048,0,0,0,2320,0,0,1,8632,0,0,0,13278,0,0,2,42602,0,0,0,1896,0,0,1,15674,0,0
14,103958257,rs1358156331,A,G,gnomAD Exomes,PASS,NA,p.Tyr577Cys,p.Tyr577Cys,c.1730A>G,missense_variant,,1,108584,9.2094599572681E-06,0,0,0,7132,0,0,0,17040,0,0,0,2320,0,0,0,8630,0,0,1,13306,0,0,0,42588,0,0,0,1894,0,0,0,15674,0,0
14,103958263,rs751035614,G,C,gnomAD Exomes,PASS,NA,p.Gly579Ala,p.Gly579Ala,c.1736G>C,missense_variant,,1,108470,9.21913893242371E-06,0,0,0,7112,0,0,0,17028,0,0,0,2316,0,0,0,8618,0,0,0,13274,0,0,1,42562,0,0,0,1890,0,0,0,15670,0,0
14,103958281,rs754470711,G,C,gnomAD Exomes,PASS,NA,p.Ser585Thr,p.Ser585Thr,c.1754G>C,missense_variant,,1,108574,9.2103081769116E-06,0,0,0,7132,0,0,0,17042,0,0,0,2320,0,0,1,8634,0,0,0,13300,0,0,0,42578,0,0,0,1896,0,0,0,15672,0,0
14,103958289,rs1217470884,C,T,gnomAD Exomes,PASS,NA,p.His588Tyr,p.His588Tyr,c.1762C>T,missense_variant,,1,108600,9.20810313075507E-06,0,0,0,7134,0,0,0,17046,0,0,0,2320,0,0,0,8630,0,0,0,13304,0,0,1,42596,0,0,0,1896,0,0,0,15674,0,0
14,103958292,,G,A,gnomAD Exomes,PASS,NA,p.Glu589Lys,p.Glu589Lys,c.1765G>A,missense_variant,,1,108602,9.20793355555146E-06,0,0,0,7132,0,0,0,17046,0,0,0,2320,0,0,0,8636,0,0,1,13306,0,0,0,42592,0,0,0,1896,0,0,0,15674,0,0
14,103958299,rs1263899147,C,T,gnomAD Exomes,PASS,NA,p.Thr591Ile,p.Thr591Ile,c.1772C>T,missense_variant,,1,108614,9.20691623547609E-06,0,0,0,7136,0,0,1,17048,0,0,0,2320,0,0,0,8634,0,0,0,13306,0,0,0,42600,0,0,0,1896,0,0,0,15674,0,0
14,103958314,rs1369544435,C,A,gnomAD Exomes,PASS,NA,p.Thr596Asn,p.Thr596Asn,c.1787C>A,missense_variant,,1,108612,9.20708577321106E-06,0,0,0,7136,0,0,0,17048,0,0,0,2320,0,0,0,8634,0,0,0,13308,0,0,0,42596,0,0,0,1896,0,0,1,15674,0,0
14,103958316,rs1446821201,C,T,gnomAD Exomes,PASS,NA,p.Arg597Ter,p.Arg597Ter,c.1789C>T,stop_gained,,2,108602,1.84158671111029E-05,0,0,1,7134,0,0,0,17042,0,0,0,2320,0,0,0,8632,0,0,0,13306,0,0,1,42598,0,0,0,1896,0,0,0,15674,0,0
14,103958317,rs185333227,G,A,gnomAD Exomes,PASS,NA,p.Arg597Gln,p.Arg597Gln,c.1790G>A,missense_variant,,125,108596,0.001151055287488,0,0,0,7134,0,0,125,17046,0,0,0,2320,0,0,0,8630,0,0,0,13302,0,0,0,42596,0,0,0,1896,0,0,0,15672,0,0
14,103958317,rs185333227,G,C,gnomAD Exomes,PASS,NA,p.Arg597Pro,p.Arg597Pro,c.1790G>C,missense_variant,,3,108596,2.76253268997016E-05,0,0,0,7134,0,0,3,17046,0,0,0,2320,0,0,0,8630,0,0,0,13302,0,0,0,42596,0,0,0,1896,0,0,0,15672,0,0
14,103958323,rs376631511,G,C,gnomAD Exomes,PASS,NA,p.Arg599Pro,p.Arg599Pro,c.1796G>C,missense_variant,,1,108592,9.20878149403271E-06,0,0,0,7132,0,0,0,17050,0,0,0,2320,0,0,0,8632,0,0,0,13304,0,0,1,42586,0,0,0,1896,0,0,0,15672,0,0
14,103958323,rs376631511,G,A,gnomAD Exomes,PASS,NA,p.Arg599Gln,p.Arg599Gln,c.1796G>A,missense_variant,,2,108592,1.84175629880654E-05,0,0,0,7132,0,0,0,17050,0,0,0,2320,0,0,1,8632,0,0,0,13304,0,0,1,42586,0,0,0,1896,0,0,0,15672,0,0
14,103958329,rs1289052711,C,A,gnomAD Exomes,PASS,NA,p.Ser601Tyr,p.Ser601Tyr,c.1802C>A,missense_variant,,1,108598,9.20827271220464E-06,0,0,0,7134,0,0,0,17046,0,0,0,2320,0,0,0,8634,0,0,1,13304,0,0,0,42590,0,0,0,1896,0,0,0,15674,0,0
14,103958334,rs1393780238,A,G,gnomAD Exomes,PASS,NA,p.Asn603Asp,p.Asn603Asp,c.1807A>G,missense_variant,,1,108604,9.2077639865935E-06,0,0,0,7134,0,0,0,17048,0,0,0,2320,0,0,0,8636,0,0,0,13308,0,0,1,42590,0,0,0,1896,0,0,0,15672,0,0
14,103958365,rs1306752107,C,A,gnomAD Exomes,PASS,NA,p.Thr613Lys,p.Thr613Lys,c.1838C>A,missense_variant,,1,108554,9.21200508502681E-06,0,0,0,7134,0,0,0,17030,0,0,0,2318,0,0,0,8638,0,0,0,13306,0,0,0,42572,0,0,0,1896,0,0,1,15660,0,0
14,103964838,rs35051842,G,GTTTTTTT,gnomAD Genomes,NA,PASS,p.Arg615SerfsTer16,p.Arg615SerfsTer16,c.1845-1_1845insTTTTTTT,frameshift_variant,,1,9076,0.000110180696342,0,0,0,2372,0,0,0,190,0,0,0,36,0,0,0,900,0,0,0,832,0,0,1,4428,0,0,0,318,0,0,0,0,0,0
14,103964845,rs553019979,G,A,gnomAD Exomes,PASS,NA,p.Met617Ile,p.Met617Ile,c.1851G>A,missense_variant,,8,31646,0.000252796561967,0,0,0,642,0,0,0,1364,0,0,0,888,0,0,0,698,0,0,0,11096,0,0,0,10830,0,0,0,414,0,0,8,5714,0,0
14,103966494,rs1490722957,C,T,gnomAD Exomes,PASS,NA,p.Leu625Phe,p.Leu625Phe,c.1873C>T,missense_variant,,2,107468,1.8610190940559E-05,0,0,0,6872,0,0,0,16920,0,0,0,2256,0,0,0,8574,0,0,2,13274,0,0,0,42172,0,0,0,1876,0,0,0,15524,0,0
14,103966500,rs376242259,A,G,gnomAD Exomes,PASS,NA,p.Thr627Ala,p.Thr627Ala,c.1879A>G,missense_variant,,4,107600,3.71747211895911E-05,0,0,0,6896,0,0,0,16922,0,0,0,2260,0,0,0,8588,0,0,0,13276,0,0,3,42238,0,0,0,1880,0,0,1,15540,0,0
14,103966518,rs771183306,G,A,gnomAD Exomes,PASS,NA,p.Gly633Arg,p.Gly633Arg,c.1897G>A,missense_variant,,1,107326,9.31740677934517E-06,0,0,0,6920,0,0,0,16816,0,0,0,2246,0,0,0,8574,0,0,0,13280,0,0,1,42178,0,0,0,1876,0,0,0,15436,0,0
14,103966528,rs771489646,A,T,gnomAD Exomes,PASS,NA,p.Glu636Val,p.Glu636Val,c.1907A>T,missense_variant,,1,104912,9.53179807838951E-06,0,0,0,6806,0,0,0,15966,0,0,0,2202,0,0,0,8564,0,0,0,13270,0,0,1,41736,0,0,0,1842,0,0,0,14526,0,0
14,103966529,rs777024619,G,C,gnomAD Exomes,PASS,NA,p.Glu636Asp,p.Glu636Asp,c.1908G>C,missense_variant,,5,104894,4.76671687608443E-05,0,0,0,6806,0,0,0,15972,0,0,0,2198,0,0,0,8558,0,0,0,13272,0,0,5,41716,0,0,0,1842,0,0,0,14530,0,0
14,103969220,rs769989777,C,G,gnomAD Exomes,PASS,NA,p.Arg640Gly,p.Arg640Gly,c.1918C>G,missense_variant,,1,107942,9.26423449630357E-06,0,0,0,7132,0,0,1,16800,0,0,0,2282,0,0,0,8636,0,0,0,13296,0,0,0,42432,0,0,0,1880,0,0,0,15484,0,0
14,103969220,rs769989777,C,T,"gnomAD Exomes,gnomAD Genomes",PASS,PASS,p.Arg640Cys,p.Arg640Cys,c.1918C>T,missense_variant,,3,118812,2.52499747500252E-05,0,0,0,9706,0,0,0,17046,0,0,0,2320,0,0,0,9552,0,0,0,14458,0,0,1,47942,0,0,0,2304,0,0,2,15484,0,0
14,103969221,rs763442191,G,A,gnomAD Exomes,PASS,NA,p.Arg640His,p.Arg640His,c.1919G>A,missense_variant,,3,107990,2.77803500324104E-05,0,0,0,7130,0,0,1,16786,0,0,0,2282,0,0,0,8636,0,0,0,13288,0,0,2,42506,0,0,0,1876,0,0,0,15486,0,0
14,103969221,rs763442191,G,C,gnomAD Exomes,PASS,NA,p.Arg640Pro,p.Arg640Pro,c.1919G>C,missense_variant,,1,107990,9.26011667747014E-06,0,0,0,7130,0,0,0,16786,0,0,0,2282,0,0,0,8636,0,0,1,13288,0,0,0,42506,0,0,0,1876,0,0,0,15486,0,0
14,103969224,rs773826573,A,G,gnomAD Exomes,PASS,NA,p.Asn641Ser,p.Asn641Ser,c.1922A>G,missense_variant,,1,108288,9.23463356973995E-06,0,0,0,7132,0,0,1,16880,0,0,0,2302,0,0,0,8636,0,0,0,13298,0,0,0,42564,0,0,0,1890,0,0,0,15586,0,0
14,103969230,rs767227964,C,G,gnomAD Exomes,PASS,NA,p.Ser643Cys,p.Ser643Cys,c.1928C>G,missense_variant,,1,108486,9.21777925262246E-06,0,0,0,7132,0,0,0,16986,0,0,0,2312,0,0,0,8636,0,0,0,13298,0,0,1,42570,0,0,0,1896,0,0,0,15656,0,0
14,103969235,rs1264915485,G,A,gnomAD Exomes,PASS,NA,p.Glu645Lys,p.Glu645Lys,c.1933G>A,missense_variant,,1,108536,9.21353283703103E-06,0,0,0,7136,0,0,0,16992,0,0,0,2316,0,0,0,8636,0,0,0,13306,0,0,0,42596,0,0,0,1896,0,0,1,15658,0,0
14,103969250,rs755949997,A,G,gnomAD Exomes,PASS,NA,p.Asn650Asp,p.Asn650Asp,c.1948A>G,missense_variant,,1,108574,9.2103081769116E-06,0,0,1,7136,0,0,0,17014,0,0,0,2316,0,0,0,8636,0,0,0,13308,0,0,0,42604,0,0,0,1896,0,0,0,15664,0,0
14,103969252,rs758891536,CAA,C,gnomAD Exomes,PASS,NA,p.Lys651ArgfsTer17,p.Lys651ArgfsTer17,c.1952_1953delAA,frameshift_variant,,1,108554,9.21200508502681E-06,0,0,0,7136,0,0,1,17014,0,0,0,2314,0,0,0,8634,0,0,0,13304,0,0,0,42594,0,0,0,1896,0,0,0,15662,0,0
14,103969253,rs188709144,A,C,"gnomAD Exomes,gnomAD Genomes",PASS,PASS,p.Lys651Gln,p.Lys651Gln,c.1951A>C,missense_variant,,174,119464,0.001456505725574,0,0,5,9710,0,0,12,17266,0,0,1,2356,0,0,0,9554,0,0,22,14468,0,0,116,48124,0,0,3,2320,0,0,15,15666,0,0
14,103969256,rs1189659875,G,C,gnomAD Exomes,PASS,NA,p.Glu652Gln,p.Glu652Gln,c.1954G>C,missense_variant,,1,108584,9.2094599572681E-06,0,0,0,7136,0,0,0,17022,0,0,0,2320,0,0,0,8638,0,0,0,13304,0,0,1,42604,0,0,0,1896,0,0,0,15664,0,0
14,103969260,rs1480796396,C,G,gnomAD Exomes,PASS,NA,p.Ala653Gly,p.Ala653Gly,c.1958C>G,missense_variant,,1,108598,9.20827271220464E-06,0,0,1,7136,0,0,0,17026,0,0,0,2320,0,0,0,8638,0,0,0,13308,0,0,0,42602,0,0,0,1896,0,0,0,15672,0,0
14,103969268,rs754936446,C,G,gnomAD Exomes,PASS,NA,p.Arg656Gly,p.Arg656Gly,c.1966C>G,missense_variant,,1,108616,9.20674670398468E-06,0,0,0,7136,0,0,0,17040,0,0,0,2320,0,0,0,8638,0,0,0,13306,0,0,1,42606,0,0,0,1896,0,0,0,15674,0,0
14,103969271,rs1409764269,T,A,gnomAD Exomes,PASS,NA,p.Ser657Thr,p.Ser657Thr,c.1969T>A,missense_variant,,1,108628,9.20572964613175E-06,0,0,0,7136,0,0,1,17046,0,0,0,2320,0,0,0,8638,0,0,0,13308,0,0,0,42608,0,0,0,1896,0,0,0,15676,0,0
14,103969279,rs1396639310,CT,C,gnomAD Genomes,NA,PASS,p.Phe660SerfsTer5,p.Phe660SerfsTer5,c.1979delT,frameshift_variant,,1,10884,9.18779860345461E-05,0,0,1,2574,0,0,0,246,0,0,0,38,0,0,0,916,0,0,0,1162,0,0,0,5524,0,0,0,424,0,0,0,0,0,0
14,103969293,rs781504259,T,C,gnomAD Exomes,PASS,NA,p.Met664Thr,p.Met664Thr,c.1991T>C,missense_variant,,1,108628,9.20572964613175E-06,0,0,0,7134,0,0,0,17048,0,0,0,2320,0,0,0,8638,0,0,0,13308,0,0,1,42608,0,0,0,1896,0,0,0,15676,0,0
14,103969310,rs1037483372,A,G,gnomAD Genomes,NA,PASS,p.Met670Val,p.Met670Val,c.2008A>G,missense_variant,,3,10882,0.000275684616798,0,0,1,2572,0,0,0,246,0,0,0,38,0,0,1,916,0,0,0,1162,0,0,1,5524,0,0,0,424,0,0,0,0,0,0
14,103969319,rs1273492258,G,A,gnomAD Exomes,PASS,NA,p.Gly673Arg,p.Gly673Arg,c.2017G>A,missense_variant,,1,108632,9.20539067678032E-06,0,0,0,7134,0,0,0,17052,0,0,0,2320,0,0,0,8638,0,0,0,13308,0,0,1,42608,0,0,0,1896,0,0,0,15676,0,0
14,103969320,rs774776047,G,C,gnomAD Exomes,PASS,NA,p.Gly673Ala,p.Gly673Ala,c.2018G>C,missense_variant,,5,108632,4.60269533839016E-05,0,0,0,7134,0,0,0,17054,0,0,0,2320,0,0,5,8638,0,0,0,13306,0,0,0,42608,0,0,0,1896,0,0,0,15676,0,0
14,103969322,rs772967244,G,T,gnomAD Exomes,PASS,NA,p.Asp674Tyr,p.Asp674Tyr,c.2020G>T,missense_variant,,1,108636,9.20505173239074E-06,0,0,0,7136,0,0,0,17054,0,0,0,2320,0,0,0,8638,0,0,0,13308,0,0,1,42608,0,0,0,1896,0,0,0,15676,0,0
14,103969331,rs759344240,C,T,gnomAD Exomes,PASS,NA,p.Arg677Trp,p.Arg677Trp,c.2029C>T,missense_variant,,2,108634,1.84104424029309E-05,0,0,0,7136,0,0,0,17054,0,0,0,2320,0,0,0,8638,0,0,0,13308,0,0,1,42608,0,0,0,1896,0,0,1,15674,0,0
14,103969332,rs1168969150,G,A,gnomAD Exomes,PASS,NA,p.Arg677Gln,p.Arg677Gln,c.2030G>A,missense_variant,,1,108634,9.20522120146547E-06,0,0,0,7136,0,0,0,17054,0,0,0,2320,0,0,0,8638,0,0,0,13306,0,0,1,42608,0,0,0,1896,0,0,0,15676,0,0
14,103969337,rs752638401,A,G,gnomAD Exomes,PASS,NA,p.Ile679Val,p.Ile679Val,c.2035A>G,missense_variant,,11,108636,0.000101255569056,0,0,0,7136,0,0,11,17054,0,0,0,2320,0,0,0,8638,0,0,0,13308,0,0,0,42608,0,0,0,1896,0,0,0,15676,0,0
14,103969338,rs757376765,T,A,gnomAD Exomes,PASS,NA,p.Ile679Asn,p.Ile679Asn,c.2036T>A,missense_variant,,1,108636,9.20505173239074E-06,0,0,0,7136,0,0,0,17054,0,0,0,2320,0,0,0,8638,0,0,0,13308,0,0,1,42608,0,0,0,1896,0,0,0,15676,0,0
14,103969339,rs371959467,C,G,gnomAD Exomes,PASS,NA,p.Ile679Met,p.Ile679Met,c.2037C>G,missense_variant,,3,108636,2.76151551971722E-05,0,0,0,7136,0,0,0,17054,0,0,0,2320,0,0,0,8638,0,0,0,13308,0,0,3,42608,0,0,0,1896,0,0,0,15676,0,0
14,103969340,rs750729322,C,T,"gnomAD Exomes,gnomAD Genomes",PASS,PASS,p.Arg680Cys,p.Arg680Cys,c.2038C>T,missense_variant,,7,119518,5.85685838116434E-05,0,0,0,9710,0,0,0,17300,0,0,0,2358,0,0,0,9554,0,0,0,14470,0,0,7,48130,0,0,0,2320,0,0,0,15676,0,0
14,103969341,rs756280202,G,A,gnomAD Exomes,PASS,NA,p.Arg680His,p.Arg680His,c.2039G>A,missense_variant,,2,108628,1.84114592922635E-05,0,0,0,7134,0,0,0,17050,0,0,0,2320,0,0,1,8638,0,0,0,13308,0,0,1,42606,0,0,0,1896,0,0,0,15676,0,0
14,103969343,rs1354952202,A,C,gnomAD Genomes,NA,PASS,p.Lys681Gln,p.Lys681Gln,c.2041A>C,missense_variant,,3,10882,0.000275684616798,0,0,0,2574,0,0,0,246,0,0,0,38,0,0,0,916,0,0,0,1162,0,0,3,5524,0,0,0,422,0,0,0,0,0,0
14,103969347,rs780268014,T,C,gnomAD Genomes,NA,PASS,p.Val682Ala,p.Val682Ala,c.2045T>C,missense_variant,,1,10874,9.19624793084421E-05,0,0,0,2570,0,0,0,246,0,0,0,38,0,0,0,916,0,0,0,1162,0,0,1,5518,0,0,0,424,0,0,0,0,0,0
14,103969355,rs75106537,G,A,"gnomAD Exomes,gnomAD Genomes",PASS,PASS,p.Ala685Thr,p.Ala685Thr,c.2053G>A,missense_variant,,2,119512,1.67347211995448E-05,0,0,0,9710,0,0,1,17298,0,0,0,2358,0,0,0,9554,0,0,0,14470,0,0,1,48128,0,0,0,2318,0,0,0,15676,0,0
14,103969366,rs543183742,C,A,gnomAD Genomes,NA,PASS,p.Cys688Ter,p.Cys688Ter,c.2064C>A,stop_gained,,1,10882,9.18948722661275E-05,0,0,1,2574,0,0,0,246,0,0,0,38,0,0,0,916,0,0,0,1162,0,0,0,5522,0,0,0,424,0,0,0,0,0,0
14,103969367,rs771652517,G,A,gnomAD Exomes,PASS,NA,p.Asp689Asn,p.Asp689Asn,c.2065G>A,missense_variant,,4,108632,3.68215627071213E-05,0,0,0,7136,0,0,0,17050,0,0,0,2320,0,0,1,8638,0,0,0,13308,0,0,2,42608,0,0,1,1896,0,0,0,15676,0,0
14,103969369,rs1194595551,C,G,gnomAD Exomes,PASS,NA,p.Asp689Glu,p.Asp689Glu,c.2067C>G,missense_variant,,1,108634,9.20522120146547E-06,0,0,0,7136,0,0,0,17052,0,0,0,2320,0,0,0,8638,0,0,0,13308,0,0,0,42608,0,0,0,1896,0,0,1,15676,0,0
14,103969371,rs760433327,A,G,gnomAD Exomes,PASS,NA,p.Tyr690Cys,p.Tyr690Cys,c.2069A>G,missense_variant,,3,108634,2.76156636043964E-05,0,0,0,7136,0,0,1,17052,0,0,0,2320,0,0,0,8638,0,0,0,13308,0,0,2,42608,0,0,0,1896,0,0,0,15676,0,0
14,103969379,rs1472018882,A,T,gnomAD Exomes,PASS,NA,p.Arg693Trp,p.Arg693Trp,c.2077A>T,missense_variant,,1,108634,9.20522120146547E-06,0,0,0,7136,0,0,0,17052,0,0,0,2320,0,0,1,8638,0,0,0,13308,0,0,0,42608,0,0,0,1896,0,0,0,15676,0,0
14,103969385,rs776353754,C,G,gnomAD Genomes,NA,PASS,p.Arg695Gly,p.Arg695Gly,c.2083C>G,missense_variant,,1,10874,9.19624793084421E-05,0,0,0,2572,0,0,0,246,0,0,0,38,0,0,0,916,0,0,0,1162,0,0,1,5516,0,0,0,424,0,0,0,0,0,0
14,103969385,rs776353754,C,T,gnomAD Exomes,PASS,NA,p.Arg695Cys,p.Arg695Cys,c.2083C>T,missense_variant,,3,108632,2.7616172030341E-05,0,0,0,7136,0,0,1,17052,0,0,0,2320,0,0,0,8638,0,0,0,13308,0,0,0,42606,0,0,0,1896,0,0,2,15676,0,0
14,103969386,rs759433768,G,A,gnomAD Exomes,PASS,NA,p.Arg695His,p.Arg695His,c.2084G>A,missense_variant,,2,108632,1.84107813535606E-05,0,0,1,7136,0,0,0,17052,0,0,0,2320,0,0,0,8638,0,0,0,13308,0,0,1,42606,0,0,0,1896,0,0,0,15676,0,0
14,103969398,rs1382210903,T,C,gnomAD Exomes,PASS,NA,p.Phe699Ser,p.Phe699Ser,c.2096T>C,missense_variant,,1,108636,9.20505173239074E-06,0,0,0,7136,0,0,0,17052,0,0,0,2320,0,0,1,8640,0,0,0,13308,0,0,0,42608,0,0,0,1896,0,0,0,15676,0,0
14,103969403,rs752727889,G,A,gnomAD Exomes,PASS,NA,p.Val701Ile,p.Val701Ile,c.2101G>A,missense_variant,,4,108636,3.68202069295629E-05,0,0,0,7136,0,0,2,17052,0,0,0,2320,0,0,0,8640,0,0,0,13308,0,0,1,42608,0,0,1,1896,0,0,0,15676,0,0
14,103969407,rs138666464,A,G,"gnomAD Exomes,gnomAD Genomes",PASS,PASS,p.His702Arg,p.His702Arg,c.2105A>G,missense_variant,,3,119516,2.51012416747548E-05,0,0,0,9708,0,0,0,17298,0,0,0,2358,0,0,1,9556,0,0,0,14470,0,0,2,48130,0,0,0,2320,0,0,0,15676,0,0
14,103969421,rs1350133881,G,A,gnomAD Exomes,PASS,NA,p.Ala707Thr,p.Ala707Thr,c.2119G>A,missense_variant,,1,108636,9.20505173239074E-06,0,0,0,7136,0,0,0,17054,0,0,0,2320,0,0,0,8640,0,0,0,13308,0,0,0,42606,0,0,0,1896,0,0,1,15676,0,0
14,103969422,rs766621599,C,T,gnomAD Exomes,PASS,NA,p.Ala707Val,p.Ala707Val,c.2120C>T,missense_variant,,3,108636,2.76151551971722E-05,0,0,0,7136,0,0,0,17054,0,0,0,2320,0,0,0,8640,0,0,1,13308,0,0,1,42606,0,0,0,1896,0,0,1,15676,0,0
14,103969424,rs755385444,G,C,gnomAD Exomes,PASS,NA,p.Glu708Gln,p.Glu708Gln,c.2122G>C,missense_variant,,1,108640,9.20471281296024E-06,0,0,0,7136,0,0,0,17054,0,0,0,2320,0,0,0,8640,0,0,0,13308,0,0,1,42608,0,0,0,1896,0,0,0,15678,0,0
14,103969433,rs748756539,G,A,gnomAD Exomes,PASS,NA,p.Val711Met,p.Val711Met,c.2131G>A,missense_variant,,1,108638,9.20488226955577E-06,0,0,0,7136,0,0,0,17054,0,0,0,2320,0,0,0,8638,0,0,0,13308,0,0,1,42608,0,0,0,1896,0,0,0,15678,0,0
14,103969451,rs778283716,G,C,gnomAD Exomes,PASS,NA,p.Val717Leu,p.Val717Leu,c.2149G>C,missense_variant,,1,108648,9.20403504896547E-06,0,0,0,7136,0,0,0,17056,0,0,0,2320,0,0,0,8646,0,0,0,13308,0,0,0,42608,0,0,0,1896,0,0,1,15678,0,0
14,103969481,rs745488888,G,A,gnomAD Exomes,PASS,NA,p.Gly727Arg,p.Gly727Arg,c.2179G>A,missense_variant,,1,108640,9.20471281296024E-06,0,0,0,7136,0,0,0,17048,0,0,0,2320,0,0,0,8644,0,0,0,13308,0,0,1,42610,0,0,0,1896,0,0,0,15678,0,0
14,103969484,rs1454374842,G,A,gnomAD Exomes,PASS,NA,p.Val728Ile,p.Val728Ile,c.2182G>A,missense_variant,,0,108648,0,0,0,0,7136,0,0,0,17056,0,0,0,2320,0,0,0,8646,0,0,0,13308,0,0,0,42608,0,0,0,1896,0,0,0,15678,0,0
14,103969501,rs763946087,A,G,gnomAD Exomes,PASS,NA,p.Ile733Met,p.Ile733Met,c.2199A>G,missense_variant,,1,108652,9.20369620439568E-06,0,0,0,7136,0,0,0,17054,0,0,0,2320,0,0,1,8644,0,0,0,13308,0,0,0,42616,0,0,0,1896,0,0,0,15678,0,0
14,103969503,rs201508144,C,T,"gnomAD Exomes,gnomAD Genomes",PASS,PASS,p.Ser734Leu,p.Ser734Leu,c.2201C>T,missense_variant,,232,119522,0.001941065243219,2,0,2,9708,0,0,25,17298,0,0,5,2358,0,0,1,9562,0,0,23,14470,1,0,167,48128,1,0,9,2320,0,0,0,15678,0,0
14,103969508,rs760693719,A,T,gnomAD Exomes,PASS,NA,p.Thr736Ser,p.Thr736Ser,c.2206A>T,missense_variant,,1,108642,9.20454336260378E-06,0,0,0,7134,0,0,0,17048,0,0,0,2320,0,0,0,8644,0,0,0,13308,0,0,1,42614,0,0,0,1896,0,0,0,15678,0,0
14,103969509,rs1462936818,C,T,gnomAD Exomes,PASS,NA,p.Thr736Ile,p.Thr736Ile,c.2207C>T,missense_variant,,1,108614,9.20691623547609E-06,0,0,0,7136,0,0,0,17034,0,0,0,2320,0,0,0,8644,0,0,0,13308,0,0,0,42612,0,0,0,1896,0,0,1,15664,0,0
14,103969529,rs1418108437,AT,A,gnomAD Exomes,PASS,NA,p.Ile743MetfsTer9,p.Ile743MetfsTer9,c.2229delT,frameshift_variant,lc_lof,1,108512,9.21557062813329E-06,0,0,0,7130,0,0,0,17004,0,0,0,2314,0,0,0,8640,0,0,0,13308,0,0,0,42602,0,0,0,1894,0,0,1,15620,0,0
14,103969548,rs376881340,A,G,gnomAD Exomes,PASS,NA,p.Asn749Ser,p.Asn749Ser,c.2246A>G,missense_variant,,3,108418,2.76706819900754E-05,0,0,0,7136,0,0,0,16992,0,0,0,2312,0,0,0,8638,0,0,1,13306,0,0,1,42510,0,0,0,1896,0,0,1,15628,0,0
