Chromosome,Position,rsID,Reference,Alternate,Source,Filters - exomes,Filters - genomes,Consequence,Protein Consequence,Transcript Consequence,Annotation,Flags,Allele Count,Allele Number,Allele Frequency,Homozygote Count,Hemizygote Count,Allele Count African,Allele Number African,Homozygote Count African,Hemizygote Count African,Allele Count Latino,Allele Number Latino,Homozygote Count Latino,Hemizygote Count Latino,Allele Count Ashkenazi Jewish,Allele Number Ashkenazi Jewish,Homozygote Count Ashkenazi Jewish,Hemizygote Count Ashkenazi Jewish,Allele Count East Asian,Allele Number East Asian,Homozygote Count East Asian,Hemizygote Count East Asian,Allele Count European (Finnish),Allele Number European (Finnish),Homozygote Count European (Finnish),Hemizygote Count European (Finnish),Allele Count European (non-Finnish),Allele Number European (non-Finnish),Homozygote Count European (non-Finnish),Hemizygote Count European (non-Finnish),Allele Count Other,Allele Number Other,Homozygote Count Other,Hemizygote Count Other,Allele Count South Asian,Allele Number South Asian,Homozygote Count South Asian,Hemizygote Count South Asian
10,94214219,rs779817589,G,T,gnomAD Exomes,PASS,NA,p.Phe1014Leu,p.Phe1014Leu,c.3042C>A,missense_variant,,1,109408,9.14009944428195E-06,0,0,0,7164,0,0,0,17112,0,0,0,2320,0,0,0,9046,0,0,0,13394,0,0,0,42768,0,0,1,1914,0,0,0,15690,0,0
10,94214221,rs1320975340,AG,A,gnomAD Exomes,PASS,NA,p.Phe1014SerfsTer21,p.Phe1014SerfsTer21,c.3039delC,frameshift_variant,lc_lof,1,109408,9.14009944428195E-06,0,0,0,7164,0,0,0,17112,0,0,0,2320,0,0,0,9046,0,0,0,13394,0,0,1,42768,0,0,0,1914,0,0,0,15690,0,0
10,94214229,rs768097654,T,C,gnomAD Exomes,PASS,NA,p.His1011Arg,p.His1011Arg,c.3032A>G,missense_variant,,1,109408,9.14009944428195E-06,0,0,0,7164,0,0,0,17112,0,0,0,2320,0,0,0,9046,0,0,0,13394,0,0,0,42768,0,0,0,1914,0,0,1,15690,0,0
10,94214235,rs776175121,T,C,gnomAD Exomes,PASS,NA,p.Lys1009Arg,p.Lys1009Arg,c.3026A>G,missense_variant,,1,109406,9.14026653017202E-06,0,0,0,7164,0,0,0,17110,0,0,0,2320,0,0,0,9046,0,0,0,13394,0,0,1,42768,0,0,0,1914,0,0,0,15690,0,0
10,94214257,rs769556013,G,C,gnomAD Exomes,PASS,NA,p.Leu1002Val,p.Leu1002Val,c.3004C>G,missense_variant,,1,109404,9.14043362217103E-06,0,0,1,7164,0,0,0,17110,0,0,0,2320,0,0,0,9046,0,0,0,13392,0,0,0,42768,0,0,0,1914,0,0,0,15690,0,0
10,94214259,rs780934544,C,A,"gnomAD Exomes,gnomAD Genomes",PASS,PASS,p.Gly1001Val,p.Gly1001Val,c.3002G>T,missense_variant,,2,120280,1.6627868307283E-05,0,0,0,9734,0,0,0,17354,0,0,0,2358,0,0,0,9962,0,0,0,14556,0,0,2,48288,0,0,0,2338,0,0,0,15690,0,0
10,94214260,rs759910448,C,T,gnomAD Exomes,PASS,NA,p.Gly1001Ser,p.Gly1001Ser,c.3001G>A,missense_variant,,1,109404,9.14043362217103E-06,0,0,0,7164,0,0,0,17108,0,0,0,2320,0,0,0,9046,0,0,0,13394,0,0,1,42768,0,0,0,1914,0,0,0,15690,0,0
10,94214272,rs761216206,C,T,gnomAD Exomes,PASS,NA,p.Glu997Lys,p.Glu997Lys,c.2989G>A,missense_variant,,2,109404,1.82808672443421E-05,0,0,0,7164,0,0,1,17108,0,0,0,2320,0,0,1,9046,0,0,0,13394,0,0,0,42768,0,0,0,1914,0,0,0,15690,0,0
10,94215353,rs188614842,G,C,gnomAD Genomes,NA,PASS,p.Gln982Glu,p.Gln982Glu,c.2944C>G,missense_variant,,2,10864,0.000184094256259,0,0,2,2572,0,0,0,244,0,0,0,38,0,0,0,916,0,0,0,1158,0,0,0,5512,0,0,0,424,0,0,0,0,0,0
10,94215356,rs772369342,A,G,gnomAD Exomes,PASS,NA,p.Ser981Pro,p.Ser981Pro,c.2941T>C,missense_variant,,4,109354,3.65784516341423E-05,0,0,0,7164,0,0,0,17076,0,0,0,2320,0,0,0,9046,0,0,0,13394,0,0,2,42758,0,0,0,1914,0,0,2,15682,0,0
10,94215365,rs201349668,T,C,gnomAD Exomes,PASS,NA,p.Ile978Val,p.Ile978Val,c.2932A>G,missense_variant,,14,109372,0.000128003510953,0,0,0,7164,0,0,0,17078,0,0,0,2320,0,0,0,9046,0,0,1,13394,0,0,13,42766,0,0,0,1914,0,0,0,15690,0,0
10,94215388,rs776701450,C,T,gnomAD Exomes,PASS,NA,p.Gly970Glu,p.Gly970Glu,c.2909G>A,missense_variant,,1,109298,9.14929824882432E-06,0,0,0,7164,0,0,0,17026,0,0,0,2320,0,0,0,9046,0,0,0,13394,0,0,1,42758,0,0,0,1914,0,0,0,15676,0,0
10,94215388,rs776701450,CCAA,C,"gnomAD Exomes,gnomAD Genomes",PASS,PASS,p.Val969del,p.Val969del,c.2906_2908delTTG,inframe_deletion,,2,120146,1.66464135302049E-05,0,0,0,9734,0,0,1,17272,0,0,0,2358,0,0,1,9962,0,0,0,14550,0,0,0,48258,0,0,0,2336,0,0,0,15676,0,0
10,94215389,rs761845335,C,T,"gnomAD Exomes,gnomAD Genomes",PASS,PASS,p.Gly970Arg,p.Gly970Arg,c.2908G>A,missense_variant,,3,120072,2.49850089946032E-05,0,0,0,9724,0,0,0,17274,0,0,0,2358,0,0,3,9956,0,0,0,14546,0,0,0,48204,0,0,0,2332,0,0,0,15678,0,0
10,94216121,rs770605852,T,C,gnomAD Exomes,PASS,NA,p.Asp964Gly,p.Asp964Gly,c.2891A>G,missense_variant,,1,109402,9.14060072027934E-06,0,0,0,7164,0,0,0,17110,0,0,0,2320,0,0,0,9044,0,0,0,13394,0,0,1,42766,0,0,0,1914,0,0,0,15690,0,0
10,94216131,rs780296196,T,A,gnomAD Exomes,PASS,NA,p.Arg961Trp,p.Arg961Trp,c.2881A>T,missense_variant,,1,109400,9.14076782449726E-06,0,0,1,7164,0,0,0,17110,0,0,0,2320,0,0,0,9046,0,0,0,13390,0,0,0,42766,0,0,0,1914,0,0,0,15690,0,0
10,94216146,rs375559999,C,T,gnomAD Exomes,PASS,NA,p.Val956Ile,p.Val956Ile,c.2866G>A,missense_variant,,5,109404,4.57021681108552E-05,0,0,1,7164,0,0,0,17112,0,0,0,2320,0,0,2,9046,0,0,0,13390,0,0,1,42768,0,0,0,1914,0,0,1,15690,0,0
10,94216152,rs777078112,C,G,gnomAD Exomes,PASS,NA,p.Val954Leu,p.Val954Leu,c.2860G>C,missense_variant,,1,109404,9.14043362217103E-06,0,0,0,7164,0,0,0,17112,0,0,0,2320,0,0,0,9046,0,0,0,13390,0,0,1,42768,0,0,0,1914,0,0,0,15690,0,0
10,94216163,rs762289249,C,T,gnomAD Exomes,PASS,NA,p.Arg950Lys,p.Arg950Lys,c.2849G>A,missense_variant,,1,109398,9.14093493482513E-06,0,0,0,7164,0,0,0,17110,0,0,0,2320,0,0,0,9046,0,0,0,13388,0,0,1,42768,0,0,0,1912,0,0,0,15690,0,0
10,94216167,rs1225186959,G,C,gnomAD Genomes,NA,PASS,p.Pro949Ala,p.Pro949Ala,c.2845C>G,missense_variant,,1,10868,9.20132499079868E-05,0,0,0,2572,0,0,0,246,0,0,0,38,0,0,0,914,0,0,0,1162,0,0,1,5512,0,0,0,424,0,0,0,0,0,0
10,94216172,rs1240784010,T,C,gnomAD Genomes,NA,PASS,p.Asp947Gly,p.Asp947Gly,c.2840A>G,missense_variant,,1,10862,9.20640765973117E-05,0,0,0,2570,0,0,0,246,0,0,0,38,0,0,0,914,0,0,1,1160,0,0,0,5510,0,0,0,424,0,0,0,0,0,0
10,94220950,rs778588284,T,C,gnomAD Exomes,PASS,NA,p.Lys941Glu,p.Lys941Glu,c.2821A>G,missense_variant,,2,105788,1.89057360003025E-05,0,0,0,6412,0,0,2,16808,0,0,0,2036,0,0,0,8994,0,0,0,13312,0,0,0,41002,0,0,0,1846,0,0,0,15378,0,0
10,94220962,rs748718341,T,C,gnomAD Exomes,PASS,NA,p.Ile937Val,p.Ile937Val,c.2809A>G,missense_variant,,1,106630,9.37822376441902E-06,0,0,0,6516,0,0,0,16880,0,0,0,2068,0,0,0,9012,0,0,0,13326,0,0,1,41518,0,0,0,1862,0,0,0,15448,0,0
10,94220964,rs145220987,A,G,gnomAD Exomes,PASS,NA,p.Ile936Thr,p.Ile936Thr,c.2807T>C,missense_variant,,9,106700,8.4348641049672E-05,0,0,0,6526,0,0,0,16880,0,0,0,2076,0,0,9,9010,0,0,0,13328,0,0,0,41578,0,0,0,1862,0,0,0,15440,0,0
10,94220965,rs773290496,T,C,gnomAD Exomes,PASS,NA,p.Ile936Val,p.Ile936Val,c.2806A>G,missense_variant,,1,106728,9.36961247282812E-06,0,0,1,6532,0,0,0,16890,0,0,0,2072,0,0,0,9012,0,0,0,13332,0,0,0,41576,0,0,0,1866,0,0,0,15448,0,0
10,94220966,rs749319197,A,C,gnomAD Exomes,PASS,NA,p.Asp935Glu,p.Asp935Glu,c.2805T>G,missense_variant,,4,106756,3.74686200307243E-05,0,0,0,6530,0,0,3,16888,0,0,0,2082,0,0,0,9012,0,0,0,13330,0,0,1,41604,0,0,0,1866,0,0,0,15444,0,0
10,94220980,,G,C,gnomAD Exomes,PASS,NA,p.Leu931Val,p.Leu931Val,c.2791C>G,missense_variant,,1,107038,9.34247650367159E-06,0,0,0,6598,0,0,0,16862,0,0,0,2114,0,0,0,9016,0,0,0,13328,0,0,1,41796,0,0,0,1872,0,0,0,15452,0,0
10,94220992,rs771089800,A,G,gnomAD Exomes,PASS,NA,p.Tyr927His,p.Tyr927His,c.2779T>C,missense_variant,,0,106938,0,0,0,0,6560,0,0,0,16922,0,0,0,2092,0,0,0,9012,0,0,0,13326,0,0,0,41698,0,0,0,1868,0,0,0,15460,0,0
10,94220994,rs1473007890,G,A,gnomAD Exomes,PASS,NA,p.Ala926Val,p.Ala926Val,c.2777C>T,missense_variant,,0,106828,0,0,0,0,6544,0,0,0,16912,0,0,0,2084,0,0,0,9010,0,0,0,13314,0,0,0,41650,0,0,0,1868,0,0,0,15446,0,0
10,94220995,rs150947060,C,T,gnomAD Exomes,PASS,NA,p.Ala926Thr,p.Ala926Thr,c.2776G>A,missense_variant,,3,106766,2.80988329618043E-05,0,0,0,6536,0,0,0,16910,0,0,0,2088,0,0,0,9004,0,0,0,13306,0,0,3,41600,0,0,0,1868,0,0,0,15454,0,0
10,94220998,rs1415606937,C,A,gnomAD Exomes,PASS,NA,p.Val925Phe,p.Val925Phe,c.2773G>T,missense_variant,,1,106716,9.37066606694404E-06,0,0,0,6518,0,0,1,16912,0,0,0,2066,0,0,0,9008,0,0,0,13324,0,0,0,41560,0,0,0,1872,0,0,0,15456,0,0
10,94221000,rs775413987,T,A,gnomAD Exomes,PASS,NA,p.Glu924Val,p.Glu924Val,c.2771A>T,missense_variant,,2,106522,1.87754642233529E-05,0,0,0,6504,0,0,2,16900,0,0,0,2058,0,0,0,9004,0,0,0,13314,0,0,0,41456,0,0,0,1866,0,0,0,15420,0,0
10,94221003,rs140729995,G,A,gnomAD Exomes,PASS,NA,p.Thr923Ile,p.Thr923Ile,c.2768C>T,missense_variant,,2,106352,1.88054761546562E-05,0,0,1,6480,0,0,1,16864,0,0,0,2056,0,0,0,9008,0,0,0,13306,0,0,0,41346,0,0,0,1862,0,0,0,15430,0,0
10,94223502,rs1279397450,T,C,gnomAD Exomes,PASS,NA,p.Tyr916Cys,p.Tyr916Cys,c.2747A>G,missense_variant,,1,109334,9.14628569337992E-06,0,0,0,7164,0,0,0,17056,0,0,0,2320,0,0,1,9046,0,0,0,13394,0,0,0,42766,0,0,0,1912,0,0,0,15676,0,0
10,94223515,rs760507488,T,C,gnomAD Exomes,PASS,NA,p.Ile912Val,p.Ile912Val,c.2734A>G,missense_variant,,2,109372,1.82862158504919E-05,0,0,0,7164,0,0,0,17084,0,0,0,2320,0,0,0,9044,0,0,1,13394,0,0,1,42768,0,0,0,1914,0,0,0,15684,0,0
10,94223535,rs761629490,G,C,gnomAD Exomes,PASS,NA,p.Ala905Gly,p.Ala905Gly,c.2714C>G,missense_variant,,2,109398,1.82818698696503E-05,0,0,0,7164,0,0,0,17104,0,0,0,2320,0,0,0,9046,0,0,0,13394,0,0,2,42768,0,0,0,1914,0,0,0,15688,0,0
10,94223547,rs1485229448,G,A,gnomAD Exomes,PASS,NA,p.Ser901Phe,p.Ser901Phe,c.2702C>T,missense_variant,,1,109406,9.14026653017202E-06,0,0,0,7164,0,0,0,17112,0,0,0,2320,0,0,0,9046,0,0,0,13394,0,0,1,42768,0,0,0,1914,0,0,0,15688,0,0
10,94223571,rs765946014,C,T,gnomAD Exomes,PASS,NA,p.Arg893Gln,p.Arg893Gln,c.2678G>A,missense_variant,,1,109406,9.14026653017202E-06,0,0,0,7164,0,0,1,17112,0,0,0,2320,0,0,0,9044,0,0,0,13394,0,0,0,42768,0,0,0,1914,0,0,0,15690,0,0
10,94223578,rs753087364,T,C,gnomAD Exomes,PASS,NA,p.Ile891Val,p.Ile891Val,c.2671A>G,missense_variant,,1,109408,9.14009944428195E-06,0,0,0,7164,0,0,0,17112,0,0,0,2320,0,0,0,9046,0,0,1,13394,0,0,0,42768,0,0,0,1914,0,0,0,15690,0,0
10,94223581,rs756421508,C,A,gnomAD Exomes,PASS,NA,p.Ala890Ser,p.Ala890Ser,c.2668G>T,missense_variant,,2,109406,1.8280533060344E-05,0,0,0,7164,0,0,0,17112,0,0,0,2320,0,0,0,9044,0,0,0,13394,0,0,2,42768,0,0,0,1914,0,0,0,15690,0,0
10,94223589,rs1478471938,T,C,gnomAD Exomes,PASS,NA,p.Gln887Arg,p.Gln887Arg,c.2660A>G,missense_variant,,1,109406,9.14026653017202E-06,0,0,0,7164,0,0,0,17112,0,0,0,2320,0,0,0,9044,0,0,1,13394,0,0,0,42768,0,0,0,1914,0,0,0,15690,0,0
10,94223603,rs150078715,G,C,"gnomAD Exomes,gnomAD Genomes",PASS,PASS,p.Phe882Leu,p.Phe882Leu,c.2646C>G,missense_variant,,5,120276,4.1571053244205E-05,0,0,5,9734,0,0,0,17358,0,0,0,2358,0,0,0,9960,0,0,0,14556,0,0,0,48282,0,0,0,2338,0,0,0,15690,0,0
10,94223617,rs145451690,T,C,gnomAD Exomes,PASS,NA,p.Thr878Ala,p.Thr878Ala,c.2632A>G,missense_variant,,11,109408,0.000100541093887,0,0,0,7164,0,0,0,17112,0,0,11,2320,0,0,0,9046,0,0,0,13394,0,0,0,42768,0,0,0,1914,0,0,0,15690,0,0
10,94223640,rs768540270,A,G,gnomAD Exomes,PASS,NA,p.Met870Thr,p.Met870Thr,c.2609T>C,missense_variant,,1,109408,9.14009944428195E-06,0,0,1,7164,0,0,0,17112,0,0,0,2320,0,0,0,9046,0,0,0,13394,0,0,0,42768,0,0,0,1914,0,0,0,15690,0,0
10,94223677,rs1399929124,A,G,gnomAD Genomes,NA,PASS,p.Tyr858His,p.Tyr858His,c.2572T>C,missense_variant,,1,10866,9.20301859009755E-05,0,0,0,2570,0,0,0,246,0,0,0,38,0,0,0,916,0,0,0,1162,0,0,0,5514,0,0,1,420,0,0,0,0,0,0
10,94223679,rs547079065,T,G,gnomAD Exomes,PASS,NA,p.His857Pro,p.His857Pro,c.2570A>C,missense_variant,,1,109406,9.14026653017202E-06,0,0,0,7164,0,0,0,17112,0,0,0,2320,0,0,0,9046,0,0,0,13394,0,0,0,42768,0,0,0,1914,0,0,1,15688,0,0
10,94223715,rs1452240588,C,A,gnomAD Exomes,PASS,NA,p.Gly845Val,p.Gly845Val,c.2534G>T,missense_variant,,1,109390,9.14160343724289E-06,0,0,0,7164,0,0,1,17100,0,0,0,2320,0,0,0,9046,0,0,0,13394,0,0,0,42768,0,0,0,1914,0,0,0,15684,0,0
10,94223733,rs1442501956,C,T,gnomAD Exomes,PASS,NA,p.Arg839Gln,p.Arg839Gln,c.2516G>A,missense_variant,,1,109376,9.14277355178467E-06,0,0,0,7160,0,0,0,17096,0,0,0,2320,0,0,1,9046,0,0,0,13394,0,0,0,42764,0,0,0,1914,0,0,0,15682,0,0
10,94223736,rs1336144191,C,T,gnomAD Genomes,NA,PASS,p.Arg838His,p.Arg838His,c.2513G>A,missense_variant,,1,10874,9.19624793084421E-05,0,0,0,2572,0,0,0,246,0,0,0,38,0,0,0,914,0,0,0,1162,0,0,1,5520,0,0,0,422,0,0,0,0,0,0
10,94223739,rs757789861,G,A,gnomAD Exomes,PASS,NA,p.Pro837Leu,p.Pro837Leu,c.2510C>T,missense_variant,,1,109362,9.14394396591138E-06,0,0,0,7160,0,0,0,17086,0,0,0,2320,0,0,0,9046,0,0,0,13394,0,0,1,42764,0,0,0,1912,0,0,0,15680,0,0
10,94223743,rs1447153733,C,T,gnomAD Exomes,PASS,NA,p.Gly836Arg,p.Gly836Arg,c.2506G>A,missense_variant,,1,109336,9.1461183873564E-06,0,0,0,7158,0,0,0,17080,0,0,0,2320,0,0,0,9046,0,0,0,13394,0,0,0,42752,0,0,0,1910,0,0,1,15676,0,0
10,94223752,rs750552917,C,T,gnomAD Exomes,PASS,NA,p.Val833Ile,p.Val833Ile,c.2497G>A,missense_variant,,4,109226,3.66213172687822E-05,0,0,0,7160,0,0,1,17054,0,0,0,2310,0,0,0,9046,0,0,0,13386,0,0,0,42708,0,0,0,1912,0,0,3,15650,0,0
10,94223755,rs780254461,T,C,gnomAD Exomes,PASS,NA,p.Ile832Val,p.Ile832Val,c.2494A>G,missense_variant,,1,109236,9.15449119337947E-06,0,0,0,7156,0,0,0,17062,0,0,0,2312,0,0,1,9044,0,0,0,13384,0,0,0,42704,0,0,0,1910,0,0,0,15664,0,0
10,94225450,rs747993929,C,T,gnomAD Exomes,PASS,NA,p.Arg824His,p.Arg824His,c.2471G>A,missense_variant,,1,109398,9.14093493482513E-06,0,0,0,7164,0,0,0,17104,0,0,0,2320,0,0,0,9046,0,0,0,13394,0,0,1,42768,0,0,0,1914,0,0,0,15688,0,0
10,94225454,rs1416439491,G,C,gnomAD Exomes,PASS,NA,p.Leu823Val,p.Leu823Val,c.2467C>G,missense_variant,,1,109402,9.14060072027934E-06,0,0,0,7164,0,0,1,17108,0,0,0,2320,0,0,0,9046,0,0,0,13394,0,0,0,42768,0,0,0,1914,0,0,0,15688,0,0
10,94225481,rs773863452,T,G,gnomAD Exomes,PASS,NA,p.Ile814Leu,p.Ile814Leu,c.2440A>C,missense_variant,,1,109404,9.14043362217103E-06,0,0,0,7164,0,0,0,17110,0,0,0,2320,0,0,1,9044,0,0,0,13394,0,0,0,42768,0,0,0,1914,0,0,0,15690,0,0
10,94225526,rs771781086,T,A,gnomAD Exomes,PASS,NA,p.Met799Leu,p.Met799Leu,c.2395A>T,missense_variant,,1,109402,9.14060072027934E-06,0,0,0,7164,0,0,0,17110,0,0,0,2320,0,0,0,9044,0,0,0,13394,0,0,0,42768,0,0,0,1914,0,0,1,15688,0,0
10,94225555,rs371158499,C,T,gnomAD Exomes,PASS,NA,p.Cys789Tyr,p.Cys789Tyr,c.2366G>A,missense_variant,,1,109404,9.14043362217103E-06,0,0,0,7164,0,0,0,17112,0,0,0,2320,0,0,0,9046,0,0,0,13394,0,0,1,42766,0,0,0,1914,0,0,0,15688,0,0
10,94225561,rs531759698,T,C,gnomAD Exomes,PASS,NA,p.Asn787Ser,p.Asn787Ser,c.2360A>G,missense_variant,,1,109404,9.14043362217103E-06,0,0,0,7164,0,0,0,17112,0,0,0,2320,0,0,0,9046,0,0,0,13394,0,0,0,42766,0,0,0,1914,0,0,1,15688,0,0
10,94225568,rs766928899,C,T,gnomAD Exomes,PASS,NA,p.Val785Ile,p.Val785Ile,c.2353G>A,missense_variant,,1,109394,9.14126917381209E-06,0,0,0,7164,0,0,0,17110,0,0,0,2320,0,0,0,9044,0,0,0,13394,0,0,1,42760,0,0,0,1914,0,0,0,15688,0,0
10,94225580,rs754960451,G,C,gnomAD Exomes,PASS,NA,p.Gln781Glu,p.Gln781Glu,c.2341C>G,missense_variant,,1,109378,9.14260637422516E-06,0,0,0,7162,0,0,0,17100,0,0,0,2320,0,0,1,9046,0,0,0,13394,0,0,0,42756,0,0,0,1914,0,0,0,15686,0,0
10,94225597,rs760116716,C,T,gnomAD Exomes,PASS,NA,p.Gly775Glu,p.Gly775Glu,c.2324G>A,missense_variant,,2,109324,1.82942446306392E-05,0,0,0,7156,0,0,0,17088,0,0,0,2320,0,0,0,9040,0,0,0,13382,0,0,1,42740,0,0,0,1914,0,0,1,15684,0,0
10,94228636,rs962858866,T,C,gnomAD Exomes,PASS,NA,p.Arg774Gly,p.Arg774Gly,c.2320A>G,missense_variant,,1,109298,9.14929824882432E-06,0,0,1,7162,0,0,0,17074,0,0,0,2314,0,0,0,9036,0,0,0,13384,0,0,0,42752,0,0,0,1912,0,0,0,15664,0,0
10,94228659,rs1326726021,T,C,gnomAD Exomes,PASS,NA,p.Tyr766Cys,p.Tyr766Cys,c.2297A>G,missense_variant,,1,109386,9.14193772512022E-06,0,0,0,7162,0,0,0,17110,0,0,0,2316,0,0,0,9042,0,0,0,13392,0,0,1,42762,0,0,0,1914,0,0,0,15688,0,0
10,94228662,rs771152795,C,T,gnomAD Exomes,PASS,NA,p.Arg765Gln,p.Arg765Gln,c.2294G>A,missense_variant,,2,109388,1.82835411562511E-05,0,0,0,7162,0,0,0,17112,0,0,0,2320,0,0,0,9044,0,0,1,13392,0,0,0,42760,0,0,0,1914,0,0,1,15684,0,0
10,94228663,rs760053435,G,A,gnomAD Exomes,PASS,NA,p.Arg765Trp,p.Arg765Trp,c.2293C>T,missense_variant,,1,109392,9.14143630247184E-06,0,0,0,7164,0,0,0,17110,0,0,0,2320,0,0,0,9044,0,0,0,13392,0,0,1,42760,0,0,0,1914,0,0,0,15688,0,0
10,94228692,rs746094977,G,A,gnomAD Genomes,NA,PASS,p.Thr755Ile,p.Thr755Ile,c.2264C>T,missense_variant,,1,10882,9.18948722661275E-05,0,0,0,2574,0,0,0,246,0,0,0,38,0,0,0,916,0,0,0,1160,0,0,1,5524,0,0,0,424,0,0,0,0,0,0
10,94228696,rs1019582649,G,A,gnomAD Exomes,PASS,NA,p.His754Tyr,p.His754Tyr,c.2260C>T,missense_variant,,1,109392,9.14143630247184E-06,0,0,0,7162,0,0,0,17110,0,0,0,2320,0,0,0,9044,0,0,0,13388,0,0,1,42766,0,0,0,1914,0,0,0,15688,0,0
10,94228701,rs760898950,T,A,gnomAD Exomes,PASS,NA,p.His752Leu,p.His752Leu,c.2255A>T,missense_variant,,2,109386,1.82838754502404E-05,0,0,0,7164,0,0,0,17108,0,0,0,2320,0,0,0,9044,0,0,0,13386,0,0,2,42766,0,0,0,1914,0,0,0,15684,0,0
10,94228711,rs1192634892,G,C,gnomAD Exomes,PASS,NA,p.Leu749Val,p.Leu749Val,c.2245C>G,missense_variant,,1,109380,9.1424392027793E-06,0,0,0,7164,0,0,0,17108,0,0,1,2320,0,0,0,9044,0,0,0,13388,0,0,0,42760,0,0,0,1910,0,0,0,15686,0,0
10,94228725,rs757095498,A,G,gnomAD Exomes,PASS,NA,p.Met744Thr,p.Met744Thr,c.2231T>C,missense_variant,,1,109368,9.14344232316582E-06,0,0,0,7164,0,0,1,17106,0,0,0,2320,0,0,0,9044,0,0,0,13372,0,0,0,42762,0,0,0,1914,0,0,0,15686,0,0
10,94228731,rs114285269,A,G,"gnomAD Exomes,gnomAD Genomes",PASS,PASS,p.Met742Thr,p.Met742Thr,c.2225T>C,missense_variant,,7,120226,5.82236787383761E-05,0,0,7,9738,0,0,0,17334,0,0,0,2358,0,0,0,9960,0,0,0,14526,0,0,0,48284,0,0,0,2338,0,0,0,15688,0,0
10,94228734,rs1396860929,A,T,gnomAD Exomes,PASS,NA,p.Ile741Asn,p.Ile741Asn,c.2222T>A,missense_variant,,1,109330,9.14662032379036E-06,0,0,0,7164,0,0,1,17084,0,0,0,2320,0,0,0,9042,0,0,0,13362,0,0,0,42760,0,0,0,1914,0,0,0,15684,0,0
10,94228747,rs112372000,C,A,gnomAD Exomes,PASS,NA,p.Ala737Ser,p.Ala737Ser,c.2209G>T,missense_variant,,1,109086,9.16707918523E-06,0,0,0,7152,0,0,0,17032,0,0,0,2318,0,0,0,9038,0,0,0,13320,0,0,0,42710,0,0,0,1906,0,0,1,15610,0,0
10,94228747,rs112372000,C,T,gnomAD Exomes,PASS,NA,p.Ala737Thr,p.Ala737Thr,c.2209G>A,missense_variant,,2,109086,1.833415837046E-05,0,0,0,7152,0,0,1,17032,0,0,0,2318,0,0,0,9038,0,0,0,13320,0,0,1,42710,0,0,0,1906,0,0,0,15610,0,0
10,94228748,rs1355436162,C,T,gnomAD Exomes,PASS,NA,c.2209-1G>A,,c.2209-1G>A,splice_acceptor_variant,,1,109080,9.16758342500917E-06,0,0,0,7156,0,0,0,17006,0,0,0,2314,0,0,0,9040,0,0,0,13324,0,0,0,42714,0,0,0,1908,0,0,1,15618,0,0
10,94230037,rs202130657,G,T,gnomAD Exomes,PASS,NA,p.Leu728Ile,p.Leu728Ile,c.2182C>A,missense_variant,,1,106588,9.38191916538447E-06,0,0,0,7062,0,0,0,15896,0,0,1,2296,0,0,0,8816,0,0,0,13392,0,0,0,42400,0,0,0,1794,0,0,0,14932,0,0
10,94230040,rs1212506663,C,T,gnomAD Exomes,PASS,NA,p.Ala727Thr,p.Ala727Thr,c.2179G>A,missense_variant,,1,106546,9.38561747977399E-06,0,0,0,7062,0,0,0,15874,0,0,0,2298,0,0,0,8820,0,0,0,13392,0,0,0,42374,0,0,0,1788,0,0,1,14938,0,0
10,94230046,rs1485877098,T,C,gnomAD Exomes,PASS,NA,p.Ile725Val,p.Ile725Val,c.2173A>G,missense_variant,,2,106596,1.87624301099478E-05,0,0,0,7048,0,0,0,15936,0,0,0,2300,0,0,0,8818,0,0,0,13392,0,0,0,42366,0,0,0,1790,0,0,2,14946,0,0
10,94230055,rs76587725,G,A,"gnomAD Exomes,gnomAD Genomes",PASS,PASS,p.Arg722Trp,p.Arg722Trp,c.2164C>T,missense_variant,,4,117462,3.40535662597265E-05,0,0,1,9616,0,0,2,16236,0,0,0,2340,0,0,0,9716,0,0,0,14554,0,0,1,47880,0,0,0,2208,0,0,0,14912,0,0
10,94230069,rs1242841501,G,C,gnomAD Exomes,PASS,NA,p.Pro717Arg,p.Pro717Arg,c.2150C>G,missense_variant,,1,106906,9.35401193571923E-06,0,0,0,7072,0,0,0,16084,0,0,0,2308,0,0,0,8858,0,0,0,13394,0,0,1,42420,0,0,0,1794,0,0,0,14976,0,0
10,94230073,rs374236596,T,C,gnomAD Exomes,PASS,NA,p.Ile716Val,p.Ile716Val,c.2146A>G,missense_variant,,1,106834,9.3603160042683E-06,0,0,1,7072,0,0,0,16032,0,0,0,2308,0,0,0,8866,0,0,0,13394,0,0,0,42410,0,0,0,1788,0,0,0,14964,0,0
10,94230078,rs780814518,G,C,gnomAD Exomes,PASS,NA,p.Ala714Gly,p.Ala714Gly,c.2141C>G,missense_variant,,4,106412,3.75897455174228E-05,0,0,0,7052,0,0,4,15876,0,0,0,2296,0,0,0,8818,0,0,0,13394,0,0,0,42308,0,0,0,1778,0,0,0,14890,0,0
10,94230079,rs747872616,C,T,gnomAD Exomes,PASS,NA,p.Ala714Thr,p.Ala714Thr,c.2140G>A,missense_variant,,6,106322,5.64323470213126E-05,1,0,0,7046,0,0,6,15862,1,0,0,2290,0,0,0,8800,0,0,0,13394,0,0,0,42256,0,0,0,1772,0,0,0,14902,0,0
10,94230087,rs368677026,C,T,gnomAD Exomes,PASS,NA,p.Arg711His,p.Arg711His,c.2132G>A,missense_variant,,1,105880,9.44465432565168E-06,0,0,0,7018,0,0,1,15726,0,0,0,2292,0,0,0,8740,0,0,0,13394,0,0,0,42142,0,0,0,1760,0,0,0,14808,0,0
10,94234606,rs1371234099,G,C,gnomAD Exomes,PASS,NA,p.Ala703Gly,p.Ala703Gly,c.2108C>G,missense_variant,,2,107886,1.85380864987116E-05,0,0,0,7154,0,0,2,16466,0,0,0,2292,0,0,0,9032,0,0,0,13390,0,0,0,42598,0,0,0,1886,0,0,0,15068,0,0
10,94234654,rs746163475,C,T,gnomAD Exomes,PASS,NA,p.Arg687His,p.Arg687His,c.2060G>A,missense_variant,,1,109364,9.14377674554698E-06,0,0,0,7162,0,0,0,17094,0,0,0,2320,0,0,0,9034,0,0,0,13394,0,0,1,42764,0,0,0,1910,0,0,0,15686,0,0
10,94234655,rs142295768,G,A,gnomAD Exomes,PASS,NA,p.Arg687Cys,p.Arg687Cys,c.2059C>T,missense_variant,,1,109366,9.14360953129857E-06,0,0,1,7162,0,0,0,17098,0,0,0,2320,0,0,0,9032,0,0,0,13394,0,0,0,42764,0,0,0,1912,0,0,0,15684,0,0
10,94234665,rs375351375,C,T,"gnomAD Exomes,gnomAD Genomes",PASS,PASS,p.Met683Ile,p.Met683Ile,c.2049G>A,missense_variant,,2,120220,1.66361670271169E-05,0,0,1,9726,0,0,0,17330,0,0,0,2358,0,0,0,9946,0,0,0,14556,0,0,1,48284,0,0,0,2336,0,0,0,15684,0,0
10,94234667,rs146391334,T,C,gnomAD Exomes,PASS,NA,p.Met683Val,p.Met683Val,c.2047A>G,missense_variant,,2,109358,1.8288556849979E-05,0,0,1,7162,0,0,0,17088,0,0,0,2320,0,0,1,9032,0,0,0,13394,0,0,0,42764,0,0,0,1914,0,0,0,15684,0,0
10,94234693,rs1225946336,C,T,gnomAD Genomes,NA,PASS,p.Arg674Gln,p.Arg674Gln,c.2021G>A,missense_variant,,1,10868,9.20132499079868E-05,0,0,1,2570,0,0,0,244,0,0,0,38,0,0,0,914,0,0,0,1162,0,0,0,5516,0,0,0,424,0,0,0,0,0,0
10,94234694,rs1394653409,G,A,gnomAD Exomes,PASS,NA,p.Arg674Trp,p.Arg674Trp,c.2020C>T,missense_variant,,1,108702,9.19946275137532E-06,0,0,0,7138,0,0,0,16786,0,0,0,2308,0,0,0,9028,0,0,0,13392,0,0,0,42682,0,0,0,1902,0,0,1,15466,0,0
10,94234708,rs1323485776,G,C,gnomAD Exomes,PASS,NA,p.Ser669Cys,p.Ser669Cys,c.2006C>G,missense_variant,,1,107452,9.30648103339165E-06,0,0,0,7134,0,0,1,16260,0,0,0,2280,0,0,0,9022,0,0,0,13390,0,0,0,42530,0,0,0,1888,0,0,0,14948,0,0
10,94234711,rs374191971,C,T,gnomAD Exomes,PASS,NA,p.Arg668Gln,p.Arg668Gln,c.2003G>A,missense_variant,,1,106404,9.39814292695763E-06,0,0,0,7116,0,0,0,15816,0,0,0,2260,0,0,0,9008,0,0,0,13382,0,0,1,42358,0,0,0,1870,0,0,0,14594,0,0
10,94234714,rs754638087,A,G,gnomAD Exomes,PASS,NA,p.Met667Thr,p.Met667Thr,c.2000T>C,missense_variant,,2,106128,1.88451680988994E-05,0,0,0,7116,0,0,0,15682,0,0,0,2246,0,0,0,9018,0,0,0,13384,0,0,2,42330,0,0,0,1868,0,0,0,14484,0,0
10,94235650,rs774291118,G,C,gnomAD Exomes,PASS,NA,p.Ile662Met,p.Ile662Met,c.1986C>G,missense_variant,,14,88248,0.000158643821956,0,0,0,5838,0,0,14,13106,0,0,0,1720,0,0,0,8270,0,0,0,13052,0,0,0,32816,0,0,0,1548,0,0,0,11898,0,0
10,94235658,rs768796322,CA,C,gnomAD Exomes,PASS,NA,p.Phe659LeufsTer31,p.Phe659LeufsTer31,c.1977delT,frameshift_variant,,0,90554,0,0,0,0,5970,0,0,0,13484,0,0,0,1778,0,0,0,8428,0,0,0,13086,0,0,0,34076,0,0,0,1580,0,0,0,12152,0,0
10,94235659,rs1383635264,A,C,gnomAD Genomes,NA,PASS,p.Phe659Leu,p.Phe659Leu,c.1977T>G,missense_variant,,1,10870,9.19963201471941E-05,0,0,1,2570,0,0,0,244,0,0,0,38,0,0,0,916,0,0,0,1156,0,0,0,5524,0,0,0,422,0,0,0,0,0,0
10,94235675,rs775610032,A,G,gnomAD Exomes,PASS,NA,p.Ile654Thr,p.Ile654Thr,c.1961T>C,missense_variant,,2,93180,2.14638334406525E-05,0,0,0,6066,0,0,0,13962,0,0,0,1830,0,0,1,8584,0,0,0,13180,0,0,0,35560,0,0,0,1626,0,0,1,12372,0,0
10,94235685,rs1412926577,T,A,gnomAD Exomes,PASS,NA,p.Thr651Ser,p.Thr651Ser,c.1951A>T,missense_variant,,1,95730,1.04460461715241E-05,0,0,0,6232,0,0,0,14766,0,0,0,1914,0,0,0,8660,0,0,0,13210,0,0,1,36426,0,0,0,1674,0,0,0,12848,0,0
10,94235688,rs1301151598,C,T,gnomAD Exomes,PASS,NA,p.Ala650Thr,p.Ala650Thr,c.1948G>A,missense_variant,,0,95998,0,0,0,0,6224,0,0,0,14798,0,0,0,1918,0,0,0,8642,0,0,0,13204,0,0,0,36576,0,0,0,1676,0,0,0,12960,0,0
10,94235700,rs1298037379,T,C,gnomAD Exomes,PASS,NA,p.Ile646Val,p.Ile646Val,c.1936A>G,missense_variant,,1,95988,1.04179689127808E-05,0,0,0,6276,0,0,0,14882,0,0,0,1918,0,0,1,8680,0,0,0,13212,0,0,0,36408,0,0,0,1686,0,0,0,12926,0,0
10,94235718,rs761534994,T,C,gnomAD Exomes,PASS,NA,p.Ile640Val,p.Ile640Val,c.1918A>G,missense_variant,,1,95092,1.05161317460985E-05,0,0,0,6182,0,0,0,14878,0,0,0,1872,0,0,0,8568,0,0,0,13200,0,0,0,35758,0,0,0,1662,0,0,1,12972,0,0
10,94235753,rs1485928804,T,C,gnomAD Exomes,PASS,NA,c.1885-2A>G,,c.1885-2A>G,splice_acceptor_variant,,0,83958,0,0,0,0,5624,0,0,0,11988,0,0,0,1696,0,0,0,7998,0,0,0,12946,0,0,0,30946,0,0,0,1472,0,0,0,11288,0,0
10,94239035,rs762586700,T,C,gnomAD Exomes,PASS,NA,p.Tyr628Cys,p.Tyr628Cys,c.1883A>G,missense_variant,,1,109346,9.14528194904249E-06,0,0,0,7160,0,0,0,17088,0,0,0,2320,0,0,0,9044,0,0,0,13382,0,0,1,42760,0,0,0,1914,0,0,0,15678,0,0
10,94239037,rs752353774,C,T,gnomAD Exomes,PASS,NA,p.Met627Ile,p.Met627Ile,c.1881G>A,missense_variant,,6,109314,5.48877545419617E-05,0,0,0,7158,0,0,0,17084,0,0,0,2316,0,0,0,9042,0,0,0,13382,0,0,6,42748,0,0,0,1912,0,0,0,15672,0,0
10,94239065,rs370339786,T,C,"gnomAD Exomes,gnomAD Genomes",PASS,PASS,p.Tyr618Cys,p.Tyr618Cys,c.1853A>G,missense_variant,,5,120262,4.15758926344149E-05,0,0,1,9736,0,0,0,17354,0,0,0,2358,0,0,0,9958,0,0,0,14550,0,0,3,48280,0,0,0,2336,0,0,1,15690,0,0
10,94239072,rs757461262,A,C,"gnomAD Exomes,gnomAD Genomes",PASS,PASS,p.Leu616Val,p.Leu616Val,c.1846T>G,missense_variant,,3,120280,2.49418024609245E-05,0,0,0,9738,0,0,0,17358,0,0,0,2358,0,0,0,9960,0,0,0,14554,0,0,3,48284,0,0,0,2338,0,0,0,15690,0,0
10,94239102,rs746744226,C,T,gnomAD Exomes,PASS,NA,p.Glu606Lys,p.Glu606Lys,c.1816G>A,missense_variant,,2,109404,1.82808672443421E-05,0,0,0,7164,0,0,1,17110,0,0,0,2320,0,0,0,9046,0,0,0,13394,0,0,1,42768,0,0,0,1914,0,0,0,15688,0,0
10,94239120,rs1239349910,G,A,"gnomAD Exomes,gnomAD Genomes",PASS,PASS,p.Leu600Phe,p.Leu600Phe,c.1798C>T,missense_variant,,2,120274,1.66286978066748E-05,0,0,0,9736,0,0,0,17358,0,0,0,2358,0,0,0,9954,0,0,2,14556,0,0,0,48288,0,0,0,2334,0,0,0,15690,0,0
10,94239137,rs768663201,T,C,gnomAD Exomes,PASS,NA,p.Tyr594Cys,p.Tyr594Cys,c.1781A>G,missense_variant,,3,109392,2.74243089074155E-05,0,0,0,7164,0,0,0,17104,0,0,0,2320,0,0,0,9038,0,0,0,13394,0,0,3,42768,0,0,0,1914,0,0,0,15690,0,0
10,94239147,rs1162898829,T,G,gnomAD Exomes,PASS,NA,p.Asn591His,p.Asn591His,c.1771A>C,missense_variant,,1,109374,9.14294073545815E-06,0,0,0,7164,0,0,0,17090,0,0,0,2320,0,0,1,9036,0,0,0,13392,0,0,0,42768,0,0,0,1914,0,0,0,15690,0,0
10,94239177,rs1435960802,G,C,gnomAD Exomes,PASS,NA,p.Pro581Ala,p.Pro581Ala,c.1741C>G,missense_variant,,1,108702,9.19946275137532E-06,0,0,0,7154,0,0,0,16750,0,0,0,2304,0,0,0,9026,0,0,0,13394,0,0,1,42664,0,0,0,1912,0,0,0,15498,0,0
10,94243019,rs765421032,A,G,gnomAD Exomes,PASS,NA,p.Phe578Leu,p.Phe578Leu,c.1732T>C,missense_variant,,1,108820,9.18948722661276E-06,0,0,0,7132,0,0,0,17010,0,0,0,2316,0,0,0,8988,0,0,0,13286,0,0,1,42532,0,0,0,1910,0,0,0,15646,0,0
10,94243023,rs750462880,A,C,gnomAD Exomes,PASS,NA,p.Phe576Leu,p.Phe576Leu,c.1728T>G,missense_variant,,1,108944,9.17902775737994E-06,0,0,0,7136,0,0,1,17038,0,0,0,2318,0,0,0,9000,0,0,0,13308,0,0,0,42578,0,0,0,1910,0,0,0,15656,0,0
10,94243031,rs1390374448,G,A,gnomAD Exomes,PASS,NA,p.Leu574Phe,p.Leu574Phe,c.1720C>T,missense_variant,,1,109060,9.16926462497708E-06,0,0,0,7140,0,0,1,17066,0,0,0,2316,0,0,0,9010,0,0,0,13326,0,0,0,42614,0,0,0,1912,0,0,0,15676,0,0
10,94243036,rs780092696,G,C,gnomAD Exomes,PASS,NA,p.Ala572Gly,p.Ala572Gly,c.1715C>G,missense_variant,,1,109080,9.16758342500917E-06,0,0,0,7144,0,0,1,17062,0,0,0,2318,0,0,0,9024,0,0,0,13314,0,0,0,42638,0,0,0,1912,0,0,0,15668,0,0
10,94243042,rs371515558,G,A,gnomAD Exomes,PASS,NA,p.Pro570Leu,p.Pro570Leu,c.1709C>T,missense_variant,,1,109084,9.16724725899307E-06,0,0,0,7138,0,0,0,17062,0,0,0,2318,0,0,0,9022,0,0,0,13322,0,0,1,42646,0,0,0,1910,0,0,0,15666,0,0
10,94243055,rs772988343,TATC,T,gnomAD Exomes,PASS,NA,p.Asp565del,p.Asp565del,c.1693_1695delGAT,inframe_deletion,,1,109248,9.1534856473345E-06,0,0,0,7154,0,0,0,17070,0,0,0,2320,0,0,0,9024,0,0,0,13364,0,0,1,42718,0,0,0,1914,0,0,0,15684,0,0
10,94243063,rs770636745,T,C,gnomAD Exomes,PASS,NA,p.Gln563Arg,p.Gln563Arg,c.1688A>G,missense_variant,,2,109216,1.83123351889833E-05,0,0,0,7156,0,0,2,17052,0,0,0,2320,0,0,0,9024,0,0,0,13360,0,0,0,42710,0,0,0,1910,0,0,0,15684,0,0
10,94243084,rs768960043,A,C,gnomAD Exomes,PASS,NA,p.Met1?,p.Met1?,c.2T>G,start_lost,,1,109014,9.17313372594346E-06,0,0,0,7140,0,0,0,16932,0,0,0,2320,0,0,1,9026,0,0,0,13376,0,0,0,42660,0,0,0,1912,0,0,0,15648,0,0
10,94243085,rs776997894,T,C,gnomAD Exomes,PASS,NA,p.Met1?,p.Met1?,c.1A>G,start_lost,,1,109028,9.17195582786073E-06,0,0,0,7140,0,0,0,16944,0,0,0,2320,0,0,0,9020,0,0,0,13370,0,0,1,42666,0,0,0,1910,0,0,0,15658,0,0
10,94246954,rs771689240,T,G,gnomAD Exomes,PASS,NA,p.Lys552Thr,p.Lys552Thr,c.1655A>C,missense_variant,,1,108192,9.24282756580893E-06,0,0,0,7152,0,0,0,16620,0,0,0,2298,0,0,0,9026,0,0,0,13384,0,0,0,42628,0,0,0,1894,0,0,1,15190,0,0
10,94246955,rs369716492,T,C,gnomAD Exomes,PASS,NA,p.Lys552Glu,p.Lys552Glu,c.1654A>G,missense_variant,,1,108216,9.24077770385156E-06,0,0,0,7152,0,0,0,16632,0,0,0,2298,0,0,0,9034,0,0,0,13384,0,0,1,42622,0,0,0,1896,0,0,0,15198,0,0
10,94246961,rs1451475957,G,T,gnomAD Exomes,PASS,NA,p.Leu550Ile,p.Leu550Ile,c.1648C>A,missense_variant,,1,108820,9.18948722661276E-06,0,0,0,7154,0,0,1,16866,0,0,0,2312,0,0,0,9034,0,0,0,13384,0,0,0,42704,0,0,0,1906,0,0,0,15460,0,0
10,94246969,rs142102179,T,C,gnomAD Exomes,PASS,NA,p.Tyr547Cys,p.Tyr547Cys,c.1640A>G,missense_variant,,1,109176,9.15952223932E-06,0,0,1,7162,0,0,0,17014,0,0,0,2316,0,0,0,9036,0,0,0,13390,0,0,0,42744,0,0,0,1912,0,0,0,15602,0,0
10,94246978,rs375936259,G,A,gnomAD Exomes,PASS,NA,p.Ala544Val,p.Ala544Val,c.1631C>T,missense_variant,,7,109102,6.41601437187219E-05,0,0,6,7160,0,0,0,16978,0,0,0,2314,0,0,0,9038,0,0,0,13388,0,0,1,42744,0,0,0,1914,0,0,0,15566,0,0
10,94246993,rs147012131,G,A,gnomAD Exomes,PASS,NA,p.Pro539Leu,p.Pro539Leu,c.1616C>T,missense_variant,,4,109176,3.663808895728E-05,0,0,1,7156,0,0,1,17042,0,0,0,2320,0,0,1,9030,0,0,0,13382,0,0,1,42728,0,0,0,1912,0,0,0,15606,0,0
10,94247011,rs372650195,G,A,gnomAD Exomes,PASS,NA,p.Thr533Met,p.Thr533Met,c.1598C>T,missense_variant,,6,109218,5.4935999560512E-05,0,0,1,7160,0,0,4,17042,0,0,0,2320,0,0,0,9038,0,0,0,13392,0,0,1,42736,0,0,0,1914,0,0,0,15616,0,0
10,94247026,rs777511260,T,C,gnomAD Exomes,PASS,NA,p.Asn528Ser,p.Asn528Ser,c.1583A>G,missense_variant,,2,109134,1.83260945259956E-05,0,0,0,7160,0,0,0,17024,0,0,0,2320,0,0,0,9040,0,0,0,13388,0,0,2,42740,0,0,0,1914,0,0,0,15548,0,0
10,94247040,rs757161781,T,A,gnomAD Exomes,PASS,NA,p.Lys523Asn,p.Lys523Asn,c.1569A>T,missense_variant,,2,108502,1.84328399476507E-05,0,0,0,7144,0,0,2,16804,0,0,0,2316,0,0,0,9036,0,0,0,13380,0,0,0,42668,0,0,0,1898,0,0,0,15256,0,0
10,94247063,rs771647706,C,T,gnomAD Exomes,PASS,NA,p.Ala516Thr,p.Ala516Thr,c.1546G>A,missense_variant,,2,107792,1.85542526347039E-05,0,0,0,7148,0,0,0,16570,0,0,0,2276,0,0,0,9034,0,0,0,13350,0,0,2,42518,0,0,0,1902,0,0,0,14994,0,0
10,94247072,rs1195495009,A,G,gnomAD Genomes,NA,PASS,p.Trp513Arg,p.Trp513Arg,c.1537T>C,missense_variant,,1,10880,9.19117647058823E-05,0,0,0,2574,0,0,0,246,0,0,0,38,0,0,0,916,0,0,0,1162,0,0,1,5520,0,0,0,424,0,0,0,0,0,0
10,94250252,rs147628298,T,C,gnomAD Exomes,PASS,NA,p.Lys511Glu,p.Lys511Glu,c.1531A>G,missense_variant,,2,109004,1.83479505339254E-05,0,0,0,7162,0,0,0,16936,0,0,0,2312,0,0,0,9046,0,0,0,13390,0,0,2,42718,0,0,0,1910,0,0,0,15530,0,0
10,94250258,rs778282420,C,T,gnomAD Exomes,PASS,NA,p.Val509Ile,p.Val509Ile,c.1525G>A,missense_variant,,1,109016,9.17296543626624E-06,0,0,0,7162,0,0,0,16938,0,0,1,2314,0,0,0,9044,0,0,0,13392,0,0,0,42724,0,0,0,1910,0,0,0,15532,0,0
10,94250266,rs150132183,G,A,"gnomAD Exomes,gnomAD Genomes",PASS,PASS,p.Pro506Leu,p.Pro506Leu,c.1517C>T,missense_variant,,5,120026,4.16576408444837E-05,0,0,5,9730,0,0,0,17244,0,0,0,2356,0,0,0,9956,0,0,0,14554,0,0,0,48246,0,0,0,2332,0,0,0,15608,0,0
10,94250270,rs746327505,T,C,gnomAD Exomes,PASS,NA,p.Ile505Val,p.Ile505Val,c.1513A>G,missense_variant,,1,109214,9.15633526837219E-06,0,0,0,7162,0,0,0,17012,0,0,0,2318,0,0,0,9044,0,0,0,13392,0,0,0,42750,0,0,0,1912,0,0,1,15624,0,0
10,94250277,rs1300200992,T,A,gnomAD Exomes,PASS,NA,p.Gln502His,p.Gln502His,c.1506A>T,missense_variant,,1,109282,9.15063779945462E-06,0,0,0,7162,0,0,0,17040,0,0,0,2320,0,0,0,9046,0,0,1,13392,0,0,0,42752,0,0,0,1912,0,0,0,15658,0,0
10,94250311,rs140884087,C,T,"gnomAD Exomes,gnomAD Genomes",PASS,PASS,p.Arg491His,p.Arg491His,c.1472G>A,missense_variant,,8,120166,6.65745718422848E-05,0,0,0,9734,0,0,0,17290,0,0,0,2354,0,0,6,9958,0,0,0,14544,0,0,1,48280,0,0,0,2338,0,0,1,15668,0,0
10,94250312,rs1254959837,G,A,gnomAD Exomes,PASS,NA,p.Arg491Cys,p.Arg491Cys,c.1471C>T,missense_variant,,1,109190,9.15834783405074E-06,0,0,0,7162,0,0,0,17010,0,0,0,2316,0,0,0,9046,0,0,0,13380,0,0,1,42750,0,0,0,1914,0,0,0,15612,0,0
10,94250317,rs1465021964,G,A,gnomAD Exomes,PASS,NA,p.Thr489Ile,p.Thr489Ile,c.1466C>T,missense_variant,,0,109264,0,0,0,0,7162,0,0,0,17030,0,0,0,2320,0,0,0,9046,0,0,0,13378,0,0,0,42760,0,0,0,1912,0,0,0,15656,0,0
10,94250332,rs117251230,G,C,"gnomAD Exomes,gnomAD Genomes",PASS,PASS,p.Ser484Cys,p.Ser484Cys,c.1451C>G,missense_variant,,173,120146,0.001439914770363,3,0,0,9736,0,0,0,17282,0,0,0,2358,0,0,167,9960,3,0,0,14538,0,0,0,48272,0,0,0,2336,0,0,6,15664,0,0
10,94250333,rs149596491,A,C,"gnomAD Exomes,gnomAD Genomes",PASS,PASS,p.Ser484Ala,p.Ser484Ala,c.1450T>G,missense_variant,,6,120078,4.99675211112777E-05,0,0,0,9734,0,0,2,17254,0,0,0,2354,0,0,0,9960,0,0,0,14534,0,0,3,48272,0,0,1,2334,0,0,0,15636,0,0
10,94250348,rs750444845,C,T,gnomAD Exomes,PASS,NA,p.Ala479Thr,p.Ala479Thr,c.1435G>A,missense_variant,,1,109068,9.16859207100158E-06,0,0,1,7162,0,0,0,16974,0,0,0,2318,0,0,0,9042,0,0,0,13322,0,0,0,42736,0,0,0,1912,0,0,0,15602,0,0
10,94250351,rs530609089,C,A,gnomAD Exomes,PASS,NA,p.Val478Phe,p.Val478Phe,c.1432G>T,missense_variant,,1,108228,9.2397531137968E-06,0,0,0,7160,0,0,0,16574,0,0,0,2288,0,0,0,9036,0,0,0,13312,0,0,0,42656,0,0,0,1890,0,0,1,15312,0,0
10,94264551,rs751140006,C,T,gnomAD Exomes,PASS,NA,p.Arg477Gln,p.Arg477Gln,c.1430G>A,missense_variant,,1,106140,9.42151874882231E-06,0,0,0,6858,0,0,0,16300,0,0,0,2232,0,0,1,8682,0,0,0,13380,0,0,0,41736,0,0,0,1846,0,0,0,15106,0,0
10,94264552,rs759169186,G,A,gnomAD Exomes,PASS,NA,p.Arg477Trp,p.Arg477Trp,c.1429C>T,missense_variant,,1,106200,9.41619585687382E-06,0,0,0,6880,0,0,1,16330,0,0,0,2236,0,0,0,8652,0,0,0,13374,0,0,0,41752,0,0,0,1840,0,0,0,15136,0,0
10,94264567,rs753329397,TGA,T,gnomAD Exomes,PASS,NA,p.Leu471GlnfsTer12,p.Leu471GlnfsTer12,c.1412_1413delTC,frameshift_variant,,1,106750,9.36768149882904E-06,0,0,0,6920,0,0,0,16436,0,0,1,2248,0,0,0,8734,0,0,0,13386,0,0,0,41950,0,0,0,1852,0,0,0,15224,0,0
10,94264576,rs752463347,C,T,gnomAD Exomes,PASS,NA,p.Asp469Asn,p.Asp469Asn,c.1405G>A,missense_variant,,4,106500,3.75586854460094E-05,0,0,0,6882,0,0,0,16392,0,0,0,2242,0,0,0,8694,0,0,0,13388,0,0,4,41822,0,0,0,1834,0,0,0,15246,0,0
10,94264581,rs779349673,A,C,gnomAD Exomes,PASS,NA,p.Val467Gly,p.Val467Gly,c.1400T>G,missense_variant,,4,107070,3.73587372746801E-05,0,0,0,6962,0,0,0,16510,0,0,0,2272,0,0,3,8750,0,0,0,13388,0,0,1,42014,0,0,0,1840,0,0,0,15334,0,0
10,94264587,rs143289472,T,G,gnomAD Exomes,PASS,NA,p.Glu465Ala,p.Glu465Ala,c.1394A>C,missense_variant,,3,106376,2.82018500413627E-05,0,0,0,6954,0,0,0,16254,0,0,0,2270,0,0,0,8748,0,0,0,13390,0,0,3,41930,0,0,0,1830,0,0,0,15000,0,0
10,94264588,rs758927411,C,T,gnomAD Exomes,PASS,NA,p.Glu465Lys,p.Glu465Lys,c.1393G>A,missense_variant,,1,106408,9.3977896398767E-06,0,0,0,6948,0,0,0,16288,0,0,0,2274,0,0,0,8728,0,0,0,13390,0,0,0,41928,0,0,0,1826,0,0,1,15026,0,0
10,94264589,rs780587074,T,C,gnomAD Exomes,PASS,NA,p.Ile464Met,p.Ile464Met,c.1392A>G,missense_variant,,0,106480,0,0,0,0,6962,0,0,0,16282,0,0,0,2274,0,0,0,8754,0,0,0,13386,0,0,0,41966,0,0,0,1838,0,0,0,15018,0,0
10,94264600,rs747481660,G,A,gnomAD Exomes,PASS,NA,p.Pro461Ser,p.Pro461Ser,c.1381C>T,missense_variant,,4,104404,3.83127083253515E-05,0,0,0,6904,0,0,2,15470,0,0,0,2254,0,0,0,8666,0,0,0,13382,0,0,2,41628,0,0,0,1798,0,0,0,14302,0,0
10,94264600,rs747481660,G,T,gnomAD Exomes,PASS,NA,p.Pro461Thr,p.Pro461Thr,c.1381C>A,missense_variant,,2,104404,1.91563541626758E-05,0,0,0,6904,0,0,0,15470,0,0,0,2254,0,0,0,8666,0,0,0,13382,0,0,2,41628,0,0,0,1798,0,0,0,14302,0,0
10,94264608,rs781115815,T,C,gnomAD Exomes,PASS,NA,p.Glu458Gly,p.Glu458Gly,c.1373A>G,missense_variant,,1,102746,9.73273898740584E-06,0,0,0,6948,0,0,0,14478,0,0,0,2236,0,0,0,8750,0,0,0,13364,0,0,1,41496,0,0,0,1784,0,0,0,13690,0,0
10,94264626,rs34708742,G,A,gnomAD Exomes,PASS,NA,p.Ala452Val,p.Ala452Val,c.1355C>T,missense_variant,,2,101360,1.97316495659037E-05,0,0,0,6910,0,0,1,13860,0,0,0,2222,0,0,0,8702,0,0,0,13352,0,0,0,41260,0,0,0,1754,0,0,1,13300,0,0
10,94264627,rs141915194,C,T,gnomAD Exomes,PASS,NA,p.Ala452Thr,p.Ala452Thr,c.1354G>A,missense_variant,,2,101086,1.97851334507251E-05,0,0,0,6920,0,0,0,13678,0,0,0,2212,0,0,0,8714,0,0,0,13344,0,0,2,41228,0,0,0,1740,0,0,0,13250,0,0
10,94264629,rs770831145,G,A,"gnomAD Exomes,gnomAD Genomes",PASS,PASS,p.Thr451Ile,p.Thr451Ile,c.1352C>T,missense_variant,,9,112242,8.01838883840274E-05,0,0,0,9494,0,0,0,14108,0,0,0,2258,0,0,0,9626,0,0,0,14518,0,0,9,46754,0,0,0,2166,0,0,0,13318,0,0
10,94264632,rs774473168,A,G,gnomAD Exomes,PASS,NA,p.Leu450Pro,p.Leu450Pro,c.1349T>C,missense_variant,,2,101298,1.97437264309266E-05,0,0,0,6936,0,0,0,13740,0,0,0,2222,0,0,0,8728,0,0,0,13352,0,0,1,41258,0,0,1,1746,0,0,0,13316,0,0
10,94264633,rs759544275,G,A,gnomAD Exomes,PASS,NA,p.Leu450Phe,p.Leu450Phe,c.1348C>T,missense_variant,,1,100990,9.90197049212793E-06,0,0,0,6888,0,0,0,13682,0,0,0,2218,0,0,0,8690,0,0,0,13352,0,0,1,41148,0,0,0,1734,0,0,0,13278,0,0
10,94264636,rs557704549,C,A,gnomAD Exomes,PASS,NA,p.Val449Leu,p.Val449Leu,c.1345G>T,missense_variant,,1,100514,9.94886284497682E-06,0,0,1,6874,0,0,0,13468,0,0,0,2194,0,0,0,8672,0,0,0,13350,0,0,0,41028,0,0,0,1718,0,0,0,13210,0,0
10,94264636,rs557704549,C,T,gnomAD Exomes,PASS,NA,p.Val449Met,p.Val449Met,c.1345G>A,missense_variant,,1,100514,9.94886284497682E-06,0,0,1,6874,0,0,0,13468,0,0,0,2194,0,0,0,8672,0,0,0,13350,0,0,0,41028,0,0,0,1718,0,0,0,13210,0,0
10,94264650,rs760380302,T,C,gnomAD Exomes,PASS,NA,p.Tyr444Cys,p.Tyr444Cys,c.1331A>G,missense_variant,,1,95338,1.04889970421028E-05,0,0,0,6612,0,0,0,11226,0,0,0,2082,0,0,0,8480,0,0,0,13206,0,0,1,39642,0,0,0,1588,0,0,0,12502,0,0
10,94264653,rs372615598,T,C,"gnomAD Exomes,gnomAD Genomes",PASS,PASS,p.Tyr443Cys,p.Tyr443Cys,c.1328A>G,missense_variant,,3,106320,2.8216704288939E-05,0,0,3,9168,0,0,0,11616,0,0,0,2120,0,0,0,9376,0,0,0,14388,0,0,0,45120,0,0,0,2008,0,0,0,12524,0,0
10,94266199,rs1451477939,A,C,gnomAD Exomes,PASS,NA,p.His442Gln,p.His442Gln,c.1326T>G,missense_variant,,1,105382,9.48928659543376E-06,0,0,0,6976,0,0,0,15630,0,0,0,2264,0,0,0,8850,0,0,0,13192,0,0,1,42112,0,0,0,1824,0,0,0,14534,0,0
10,94266224,rs1367131286,G,A,gnomAD Exomes,PASS,NA,p.Thr434Ile,p.Thr434Ile,c.1301C>T,missense_variant,,0,108150,0,0,0,0,7088,0,0,0,16662,0,0,0,2308,0,0,0,8962,0,0,0,13300,0,0,0,42532,0,0,0,1890,0,0,0,15408,0,0
10,94266225,rs756385714,T,C,"gnomAD Exomes,gnomAD Genomes",PASS,PASS,p.Thr434Ala,p.Thr434Ala,c.1300A>G,missense_variant,,5,119110,4.19780035261523E-05,0,0,0,9676,0,0,0,16918,0,0,0,2348,0,0,0,9894,0,0,1,14442,0,0,4,48086,0,0,0,2316,0,0,0,15430,0,0
10,94266227,rs200912671,T,C,"gnomAD Exomes,gnomAD Genomes",PASS,PASS,p.Tyr433Cys,p.Tyr433Cys,c.1298A>G,missense_variant,,9,119158,7.55299686131019E-05,0,0,0,9678,0,0,0,16936,0,0,0,2342,0,0,0,9892,0,0,3,14470,0,0,4,48100,0,0,0,2310,0,0,2,15430,0,0
10,94266239,rs770919134,C,T,gnomAD Exomes,PASS,NA,p.Arg429Lys,p.Arg429Lys,c.1286G>A,missense_variant,,4,108160,3.69822485207101E-05,0,0,0,7070,0,0,0,16700,0,0,0,2304,0,0,4,8970,0,0,0,13288,0,0,0,42530,0,0,0,1884,0,0,0,15414,0,0
10,94266277,rs745815606,G,C,gnomAD Exomes,PASS,NA,p.Asp416Glu,p.Asp416Glu,c.1248C>G,missense_variant,,1,106820,9.36154278225052E-06,0,0,0,7004,0,0,0,16302,0,0,0,2284,0,0,0,8916,0,0,0,13000,0,0,1,42294,0,0,0,1864,0,0,0,15156,0,0
10,94267351,rs1391198204,C,G,gnomAD Genomes,NA,PASS,p.Trp409Ser,p.Trp409Ser,c.1226G>C,missense_variant,,1,10878,9.19286633572348E-05,0,0,0,2572,0,0,0,246,0,0,0,38,0,0,0,916,0,0,0,1162,0,0,1,5520,0,0,0,424,0,0,0,0,0,0
10,94267354,rs577941336,T,C,gnomAD Exomes,PASS,NA,p.Glu408Gly,p.Glu408Gly,c.1223A>G,missense_variant,,2,109354,1.82892258170712E-05,0,0,0,7160,0,0,0,17098,0,0,0,2320,0,0,0,9044,0,0,0,13360,0,0,0,42768,0,0,0,1914,0,0,2,15690,0,0
10,94267369,rs771877473,G,A,gnomAD Exomes,PASS,NA,p.Ala403Val,p.Ala403Val,c.1208C>T,missense_variant,,1,109356,9.14444566370387E-06,0,0,0,7162,0,0,0,17106,0,0,0,2320,0,0,0,9042,0,0,0,13354,0,0,0,42768,0,0,0,1914,0,0,1,15690,0,0
10,94267372,rs775329426,C,T,gnomAD Exomes,PASS,NA,p.Arg402His,p.Arg402His,c.1205G>A,missense_variant,,2,109360,1.82882223847842E-05,0,0,0,7162,0,0,0,17106,0,0,0,2320,0,0,0,9042,0,0,0,13360,0,0,2,42768,0,0,0,1912,0,0,0,15690,0,0
10,94267373,rs533637479,G,A,"gnomAD Exomes,gnomAD Genomes",PASS,PASS,p.Arg402Cys,p.Arg402Cys,c.1204C>T,missense_variant,,8,120226,6.65413471295726E-05,0,0,0,9728,0,0,0,17352,0,0,0,2358,0,0,1,9958,0,0,1,14518,0,0,5,48284,0,0,0,2338,0,0,1,15690,0,0
10,94267385,rs768107564,T,G,gnomAD Exomes,PASS,NA,p.Ile398Leu,p.Ile398Leu,c.1192A>C,missense_variant,,1,109364,9.14377674554698E-06,0,0,0,7162,0,0,0,17106,0,0,0,2320,0,0,0,9042,0,0,0,13364,0,0,1,42768,0,0,0,1912,0,0,0,15690,0,0
10,94267395,rs749353444,CAT,C,gnomAD Exomes,PASS,NA,p.Met394ValfsTer29,p.Met394ValfsTer29,c.1180_1181delAT,frameshift_variant,,5,109366,4.57180476564929E-05,0,0,0,7162,0,0,0,17104,0,0,1,2320,0,0,0,9040,0,0,0,13372,0,0,4,42766,0,0,0,1914,0,0,0,15688,0,0
10,94267409,rs764826071,T,C,gnomAD Exomes,PASS,NA,p.Ile390Val,p.Ile390Val,c.1168A>G,missense_variant,,1,109334,9.14628569337992E-06,0,0,0,7162,0,0,0,17104,0,0,0,2320,0,0,0,9036,0,0,0,13350,0,0,1,42760,0,0,0,1914,0,0,0,15688,0,0
10,94267880,rs200246238,C,G,"gnomAD Exomes,gnomAD Genomes",PASS,PASS,p.Glu381Asp,p.Glu381Asp,c.1143G>C,missense_variant,,20,119656,0.000167145818012,0,0,0,9730,0,0,0,17108,0,0,0,2354,0,0,0,9958,0,0,16,14554,0,0,3,48226,0,0,1,2332,0,0,0,15394,0,0
10,94267894,rs1380270786,C,G,gnomAD Genomes,NA,PASS,p.Val377Leu,p.Val377Leu,c.1129G>C,missense_variant,,1,10864,9.20471281296024E-05,0,0,0,2570,0,0,0,246,0,0,0,38,0,0,0,916,0,0,0,1160,0,0,1,5510,0,0,0,424,0,0,0,0,0,0
10,94267917,rs1460499647,C,T,gnomAD Exomes,PASS,NA,p.Gly369Asp,p.Gly369Asp,c.1106G>A,missense_variant,,1,109388,9.14177057812557E-06,0,0,0,7160,0,0,0,17100,0,0,0,2320,0,0,0,9046,0,0,0,13394,0,0,1,42766,0,0,0,1914,0,0,0,15688,0,0
10,94267950,rs772379795,G,C,gnomAD Exomes,PASS,NA,p.Thr358Ser,p.Thr358Ser,c.1073C>G,missense_variant,,1,109240,9.15415598681802E-06,0,0,0,7162,0,0,0,17024,0,0,0,2316,0,0,0,9038,0,0,0,13394,0,0,0,42754,0,0,0,1912,0,0,1,15640,0,0
10,94267953,rs77824934,T,C,gnomAD Exomes,PASS,NA,p.Asn357Ser,p.Asn357Ser,c.1070A>G,missense_variant,,3,109246,2.74609596690039E-05,0,0,1,7162,0,0,0,17022,0,0,0,2318,0,0,0,9044,0,0,0,13394,0,0,2,42754,0,0,0,1912,0,0,0,15640,0,0
10,94267962,rs761093948,C,T,gnomAD Exomes,PASS,NA,p.Gly354Asp,p.Gly354Asp,c.1061G>A,missense_variant,,1,108068,9.25343302365177E-06,0,0,0,7148,0,0,1,16562,0,0,0,2290,0,0,0,9038,0,0,0,13392,0,0,0,42620,0,0,0,1894,0,0,0,15124,0,0
10,94268493,rs748050024,T,A,gnomAD Exomes,PASS,NA,p.Lys351Met,p.Lys351Met,c.1052A>T,missense_variant,,1,109402,9.14060072027934E-06,0,0,0,7164,0,0,0,17110,0,0,0,2320,0,0,0,9042,0,0,0,13394,0,0,0,42768,0,0,0,1914,0,0,1,15690,0,0
10,94268515,rs1313463148,C,T,gnomAD Exomes,PASS,NA,p.Gly344Arg,p.Gly344Arg,c.1030G>A,missense_variant,,1,109404,9.14043362217103E-06,0,0,0,7164,0,0,0,17110,0,0,0,2320,0,0,0,9044,0,0,0,13394,0,0,0,42768,0,0,1,1914,0,0,0,15690,0,0
10,94268527,rs770550960,G,A,gnomAD Exomes,PASS,NA,p.His340Tyr,p.His340Tyr,c.1018C>T,missense_variant,,1,109406,9.14026653017202E-06,0,0,0,7164,0,0,0,17110,0,0,0,2320,0,0,0,9046,0,0,0,13394,0,0,1,42768,0,0,0,1914,0,0,0,15690,0,0
10,94268564,rs1485466691,T,G,gnomAD Exomes,PASS,NA,p.Lys327Asn,p.Lys327Asn,c.981A>C,missense_variant,,1,109402,9.14060072027934E-06,0,0,0,7164,0,0,0,17110,0,0,0,2320,0,0,0,9042,0,0,0,13394,0,0,0,42768,0,0,1,1914,0,0,0,15690,0,0
10,94268565,rs761072265,T,C,gnomAD Exomes,PASS,NA,p.Lys327Arg,p.Lys327Arg,c.980A>G,missense_variant,,1,109402,9.14060072027934E-06,0,0,0,7164,0,0,0,17110,0,0,0,2320,0,0,0,9042,0,0,0,13394,0,0,1,42768,0,0,0,1914,0,0,0,15690,0,0
10,94268566,rs769120186,T,C,gnomAD Exomes,PASS,NA,p.Lys327Glu,p.Lys327Glu,c.979A>G,missense_variant,,1,109402,9.14060072027934E-06,0,0,0,7164,0,0,1,17110,0,0,0,2320,0,0,0,9042,0,0,0,13394,0,0,0,42768,0,0,0,1914,0,0,0,15690,0,0
10,94268568,rs777343062,T,C,gnomAD Exomes,PASS,NA,p.Tyr326Cys,p.Tyr326Cys,c.977A>G,missense_variant,,1,109404,9.14043362217103E-06,0,0,0,7164,0,0,1,17110,0,0,0,2320,0,0,0,9044,0,0,0,13394,0,0,0,42768,0,0,0,1914,0,0,0,15690,0,0
10,94268574,rs572543538,T,C,gnomAD Exomes,PASS,NA,p.Lys324Arg,p.Lys324Arg,c.971A>G,missense_variant,,5,109406,4.57013326508601E-05,0,0,0,7164,0,0,0,17110,0,0,0,2320,0,0,0,9046,0,0,0,13394,0,0,0,42768,0,0,0,1914,0,0,5,15690,0,0
10,94268574,rs572543538,T,G,gnomAD Exomes,PASS,NA,p.Lys324Thr,p.Lys324Thr,c.971A>C,missense_variant,,1,109406,9.14026653017202E-06,0,0,0,7164,0,0,0,17110,0,0,0,2320,0,0,0,9046,0,0,0,13394,0,0,1,42768,0,0,0,1914,0,0,0,15690,0,0
10,94268593,rs201437960,G,C,gnomAD Exomes,PASS,NA,p.Pro318Ala,p.Pro318Ala,c.952C>G,missense_variant,,3,109406,2.74207995905161E-05,0,0,0,7164,0,0,1,17112,0,0,0,2320,0,0,0,9046,0,0,1,13394,0,0,0,42768,0,0,1,1914,0,0,0,15688,0,0
10,94268624,rs767300122,A,C,gnomAD Exomes,PASS,NA,p.Ile307Met,p.Ile307Met,c.921T>G,missense_variant,,1,109398,9.14093493482513E-06,0,0,0,7164,0,0,1,17110,0,0,0,2320,0,0,0,9044,0,0,0,13392,0,0,0,42766,0,0,0,1914,0,0,0,15688,0,0
10,94269820,rs756832605,T,C,gnomAD Exomes,PASS,NA,p.Glu295Gly,p.Glu295Gly,c.884A>G,missense_variant,,1,107296,9.32001192961527E-06,0,0,1,7122,0,0,0,16272,0,0,0,2290,0,0,0,8984,0,0,0,13192,0,0,0,42606,0,0,0,1872,0,0,0,14958,0,0
10,94269847,rs781713012,G,A,gnomAD Exomes,PASS,NA,p.Pro286Leu,p.Pro286Leu,c.857C>T,missense_variant,,1,108492,9.2172694760904E-06,0,0,0,7146,0,0,1,16798,0,0,0,2306,0,0,0,9014,0,0,0,13262,0,0,0,42694,0,0,0,1902,0,0,0,15370,0,0
10,94269864,rs772558670,G,C,gnomAD Exomes,PASS,NA,p.Asn280Lys,p.Asn280Lys,c.840C>G,missense_variant,mnv,3,108616,2.7620240111954E-05,0,0,1,7144,0,0,0,16824,0,0,0,2312,0,0,0,9014,0,0,0,13282,0,0,2,42702,0,0,0,1898,0,0,0,15440,0,0
10,94269866,rs760626892,T,C,gnomAD Exomes,PASS,NA,p.Asn280Asp,p.Asn280Asp,c.838A>G,missense_variant,mnv,2,108672,1.84040047114252E-05,0,0,0,7152,0,0,0,16866,0,0,0,2312,0,0,0,9018,0,0,0,13282,0,0,2,42700,0,0,0,1902,0,0,0,15440,0,0
10,94269869,rs759762324,C,G,gnomAD Exomes,PASS,NA,p.Glu279Gln,p.Glu279Gln,c.835G>C,missense_variant,,1,108630,9.20556015833563E-06,0,0,0,7144,0,0,0,16848,0,0,0,2304,0,0,0,9018,0,0,0,13280,0,0,1,42692,0,0,0,1898,0,0,0,15446,0,0
10,94269879,rs767688483,A,C,gnomAD Exomes,PASS,NA,p.Phe275Leu,p.Phe275Leu,c.825T>G,missense_variant,,1,108380,9.22679461155195E-06,0,0,0,7144,0,0,0,16802,0,0,0,2302,0,0,0,9018,0,0,0,13266,0,0,1,42656,0,0,0,1900,0,0,0,15292,0,0
10,94269913,rs775287873,A,G,gnomAD Exomes,PASS,NA,p.Leu264Ser,p.Leu264Ser,c.791T>C,missense_variant,,5,105938,4.71974173573222E-05,0,0,0,7114,0,0,5,15798,0,0,0,2242,0,0,0,8974,0,0,0,13038,0,0,0,42382,0,0,0,1864,0,0,0,14526,0,0
10,94269918,rs1211121852,T,G,gnomAD Exomes,PASS,NA,p.Glu262Asp,p.Glu262Asp,c.786A>C,missense_variant,,1,104910,9.53197979220284E-06,0,0,1,7086,0,0,0,15386,0,0,0,2222,0,0,0,8940,0,0,0,12936,0,0,0,42252,0,0,0,1842,0,0,0,14246,0,0
10,94269919,rs1245304033,T,A,gnomAD Exomes,PASS,NA,p.Glu262Val,p.Glu262Val,c.785A>T,missense_variant,,1,104632,9.55730560440401E-06,0,0,0,7076,0,0,0,15276,0,0,0,2214,0,0,0,8930,0,0,0,12910,0,0,0,42212,0,0,0,1834,0,0,1,14180,0,0
10,94274677,rs1398827931,C,T,gnomAD Genomes,NA,PASS,p.Glu262Lys,p.Glu262Lys,c.784G>A,missense_variant,,1,10866,9.20301859009755E-05,0,0,0,2574,0,0,0,246,0,0,0,38,0,0,0,916,0,0,0,1158,0,0,1,5512,0,0,0,422,0,0,0,0,0,0
10,94274679,rs776221550,C,T,gnomAD Exomes,PASS,NA,p.Arg261Gln,p.Arg261Gln,c.782G>A,missense_variant,,2,107926,1.85312158330708E-05,0,0,1,7152,0,0,0,16566,0,0,0,2296,0,0,0,9040,0,0,0,13378,0,0,1,42598,0,0,0,1900,0,0,0,14996,0,0
10,94274683,rs192563243,C,A,gnomAD Exomes,PASS,NA,p.Gly260Cys,p.Gly260Cys,c.778G>T,missense_variant,,1,108386,9.22628383739597E-06,0,0,0,7146,0,0,0,16744,0,0,0,2304,0,0,0,9040,0,0,0,13380,0,0,0,42656,0,0,1,1908,0,0,0,15208,0,0
10,94274683,rs192563243,C,T,"gnomAD Exomes,gnomAD Genomes",PASS,PASS,p.Gly260Ser,p.Gly260Ser,c.778G>A,missense_variant,,19,119258,0.000159318452431,0,0,0,9720,0,0,0,16990,0,0,0,2342,0,0,18,9956,0,0,0,14542,0,0,0,48170,0,0,0,2330,0,0,1,15208,0,0
10,94274691,rs189181823,C,G,gnomAD Exomes,PASS,NA,p.Cys257Ser,p.Cys257Ser,c.770G>C,missense_variant,,2,108788,1.83843806302166E-05,0,0,0,7152,0,0,0,16868,0,0,0,2310,0,0,0,9042,0,0,0,13380,0,0,2,42702,0,0,0,1906,0,0,0,15428,0,0
10,94274700,rs200118524,A,G,gnomAD Exomes,PASS,NA,p.Met254Thr,p.Met254Thr,c.761T>C,missense_variant,,7,109120,6.4149560117302E-05,0,0,0,7160,0,0,0,16980,0,0,0,2318,0,0,0,9040,0,0,0,13382,0,0,7,42742,0,0,0,1906,0,0,0,15592,0,0
10,94274721,rs374765950,G,T,gnomAD Exomes,PASS,NA,p.Ala247Asp,p.Ala247Asp,c.740C>A,missense_variant,,1,109358,9.14427842498948E-06,0,0,0,7164,0,0,0,17084,0,0,0,2320,0,0,0,9042,0,0,0,13386,0,0,1,42762,0,0,0,1912,0,0,0,15688,0,0
10,94274742,rs772207605,T,A,gnomAD Genomes,NA,PASS,p.Glu240Val,p.Glu240Val,c.719A>T,missense_variant,,1,10878,9.19286633572348E-05,0,0,0,2574,0,0,0,246,0,0,0,38,0,0,0,916,0,0,0,1162,0,0,0,5520,0,0,1,422,0,0,0,0,0,0
10,94274742,rs772207605,T,G,gnomAD Exomes,PASS,NA,p.Glu240Ala,p.Glu240Ala,c.719A>C,missense_variant,,1,109336,9.1461183873564E-06,0,0,0,7162,0,0,0,17070,0,0,0,2320,0,0,0,9044,0,0,0,13390,0,0,1,42760,0,0,0,1910,0,0,0,15680,0,0
10,94274757,rs776506140,A,G,"gnomAD Exomes,gnomAD Genomes",PASS,PASS,p.Ile235Thr,p.Ile235Thr,c.704T>C,missense_variant,,5,120072,4.16416816576721E-05,0,0,1,9732,0,0,0,17234,0,0,0,2358,0,0,0,9952,0,0,0,14552,0,0,4,48270,0,0,0,2328,0,0,0,15646,0,0
10,94274766,rs139878071,T,C,gnomAD Exomes,PASS,NA,p.Gln232Arg,p.Gln232Arg,c.695A>G,missense_variant,,1,109232,9.15482642449099E-06,0,0,1,7160,0,0,0,17012,0,0,0,2320,0,0,0,9038,0,0,0,13392,0,0,0,42750,0,0,0,1910,0,0,0,15650,0,0
10,94274788,rs961874330,T,C,"gnomAD Exomes,gnomAD Genomes",PASS,PASS,p.Thr225Ala,p.Thr225Ala,c.673A>G,missense_variant,,2,115152,1.73683479227456E-05,0,0,2,9646,0,0,0,15170,0,0,0,2244,0,0,0,9910,0,0,0,14536,0,0,0,47610,0,0,0,2230,0,0,0,13806,0,0
10,94274793,rs371393455,T,C,gnomAD Exomes,PASS,NA,p.Lys223Arg,p.Lys223Arg,c.668A>G,missense_variant,,2,102478,1.95163840043717E-05,0,0,1,7052,0,0,0,14098,0,0,0,2158,0,0,0,8970,0,0,0,13342,0,0,0,41790,0,0,0,1758,0,0,1,13310,0,0
10,94291519,rs770956046,C,T,gnomAD Exomes,PASS,NA,p.Ser216Asn,p.Ser216Asn,c.647G>A,missense_variant,,1,106080,9.42684766214178E-06,0,0,0,6940,0,0,0,15928,0,0,0,2282,0,0,0,8726,0,0,0,13382,0,0,1,41946,0,0,0,1792,0,0,0,15084,0,0
10,94291525,rs773938511,G,A,gnomAD Exomes,PASS,NA,p.Pro214Leu,p.Pro214Leu,c.641C>T,missense_variant,,1,106644,9.37699261092982E-06,0,0,0,6978,0,0,0,16120,0,0,0,2288,0,0,0,8796,0,0,0,13384,0,0,0,42110,0,0,0,1818,0,0,1,15150,0,0
10,94291530,rs116003953,T,A,"gnomAD Exomes,gnomAD Genomes",PASS,PASS,p.Lys212Asn,p.Lys212Asn,c.636A>T,missense_variant,,135,118360,0.001140588036499,1,0,120,9614,1,0,15,16642,0,0,0,2340,0,0,0,9790,0,0,0,14528,0,0,0,47866,0,0,0,2266,0,0,0,15314,0,0
10,94291548,rs1226125426,T,G,gnomAD Exomes,PASS,NA,p.Lys206Asn,p.Lys206Asn,c.618A>C,missense_variant,,3,108338,2.76911148442836E-05,0,0,0,7084,0,0,0,16694,0,0,0,2312,0,0,0,8960,0,0,3,13390,0,0,0,42564,0,0,0,1864,0,0,0,15470,0,0
10,94291559,rs374309910,G,A,gnomAD Exomes,PASS,NA,p.Gln203Ter,p.Gln203Ter,c.607C>T,stop_gained,,1,108462,9.21981892275636E-06,0,0,0,7102,0,0,0,16734,0,0,0,2312,0,0,0,8964,0,0,0,13388,0,0,1,42586,0,0,0,1872,0,0,0,15504,0,0
10,94291562,rs1262278903,A,C,gnomAD Exomes,PASS,NA,p.Phe202Val,p.Phe202Val,c.604T>G,missense_variant,,1,108538,9.21336306178481E-06,0,0,0,7114,0,0,0,16734,0,0,0,2310,0,0,0,8976,0,0,0,13392,0,0,1,42608,0,0,0,1872,0,0,0,15532,0,0
10,94291568,rs1188230076,T,C,gnomAD Exomes,PASS,NA,p.Arg200Gly,p.Arg200Gly,c.598A>G,missense_variant,,1,108956,9.1780168141268E-06,0,0,0,7136,0,0,1,16920,0,0,0,2318,0,0,0,9010,0,0,0,13390,0,0,0,42680,0,0,0,1888,0,0,0,15614,0,0
10,94291579,rs758927481,T,C,gnomAD Exomes,PASS,NA,p.Asn196Ser,p.Asn196Ser,c.587A>G,missense_variant,,1,108992,9.17498532002349E-06,0,0,0,7146,0,0,0,16932,0,0,0,2318,0,0,0,9002,0,0,0,13392,0,0,1,42678,0,0,0,1894,0,0,0,15630,0,0
10,94291582,rs1430230327,A,T,gnomAD Exomes,PASS,NA,p.Met195Lys,p.Met195Lys,c.584T>A,missense_variant,,1,109022,9.1724606042817E-06,0,0,0,7144,0,0,0,16946,0,0,0,2320,0,0,0,9008,0,0,0,13394,0,0,0,42684,0,0,0,1894,0,0,1,15632,0,0
10,94291607,rs201014275,C,T,gnomAD Exomes,PASS,NA,p.Asp187Asn,p.Asp187Asn,c.559G>A,missense_variant,,2,106274,1.88192784688635E-05,0,0,0,6856,0,0,0,16202,0,0,0,2286,0,0,0,8692,0,0,1,13386,0,0,0,41826,0,0,1,1800,0,0,0,15226,0,0
10,94291632,rs539131694,G,C,gnomAD Exomes,PASS,NA,p.Cys178Trp,p.Cys178Trp,c.534C>G,missense_variant,,1,103346,9.67623323592592E-06,0,0,0,6576,0,0,1,15516,0,0,0,2258,0,0,0,8260,0,0,0,13366,0,0,0,40942,0,0,0,1662,0,0,0,14766,0,0
10,94291639,rs1282342931,T,C,gnomAD Exomes,PASS,NA,p.Glu176Gly,p.Glu176Gly,c.527A>G,missense_variant,,1,102620,9.74468914441629E-06,0,0,1,6530,0,0,0,15308,0,0,0,2244,0,0,0,8174,0,0,0,13370,0,0,0,40702,0,0,0,1638,0,0,0,14654,0,0
10,94291651,rs139454255,G,T,gnomAD Exomes,PASS,NA,p.Pro172His,p.Pro172His,c.515C>A,missense_variant,,2,100728,1.98554523072036E-05,0,0,0,6350,0,0,0,14940,0,0,0,2222,0,0,0,7862,0,0,2,13348,0,0,0,40038,0,0,0,1588,0,0,0,14380,0,0
10,94291667,rs771541753,G,A,gnomAD Exomes,PASS,NA,p.Gln167Ter,p.Gln167Ter,c.499C>T,stop_gained,,1,99158,1.00849149841667E-05,0,0,1,6188,0,0,0,14528,0,0,0,2204,0,0,0,7696,0,0,0,13308,0,0,0,39670,0,0,0,1560,0,0,0,14004,0,0
10,94294339,rs1354696851,C,T,gnomAD Exomes,PASS,NA,p.Asp163Asn,p.Asp163Asn,c.487G>A,missense_variant,,1,109292,9.14980053434835E-06,0,0,0,7160,0,0,0,17076,0,0,0,2314,0,0,0,9046,0,0,0,13362,0,0,0,42744,0,0,0,1914,0,0,1,15676,0,0
10,94294354,rs1056004069,G,C,gnomAD Genomes,NA,PASS,p.Leu158Val,p.Leu158Val,c.472C>G,missense_variant,,1,10870,9.19963201471941E-05,0,0,0,2568,0,0,0,246,0,0,0,38,0,0,0,912,0,0,0,1162,0,0,1,5520,0,0,0,424,0,0,0,0,0,0
10,94294356,rs776329082,T,C,gnomAD Exomes,PASS,NA,p.His157Arg,p.His157Arg,c.470A>G,missense_variant,,1,109372,9.14310792524595E-06,0,0,0,7162,0,0,0,17098,0,0,0,2320,0,0,0,9046,0,0,0,13380,0,0,1,42768,0,0,0,1914,0,0,0,15684,0,0
10,94294357,rs761437950,G,A,gnomAD Exomes,PASS,NA,p.His157Tyr,p.His157Tyr,c.469C>T,missense_variant,,1,109374,9.14294073545815E-06,0,0,0,7162,0,0,0,17100,0,0,0,2320,0,0,0,9046,0,0,0,13378,0,0,1,42768,0,0,0,1914,0,0,0,15686,0,0
10,94294389,rs776433498,T,A,gnomAD Exomes,PASS,NA,p.His146Leu,p.His146Leu,c.437A>T,missense_variant,,1,109388,9.14177057812557E-06,0,0,0,7162,0,0,0,17110,0,0,0,2320,0,0,0,9044,0,0,0,13380,0,0,0,42768,0,0,1,1914,0,0,0,15690,0,0
10,94294392,rs771210561,T,C,gnomAD Exomes,PASS,NA,p.Glu145Gly,p.Glu145Gly,c.434A>G,missense_variant,,1,109390,9.14160343724289E-06,0,0,0,7162,0,0,0,17110,0,0,0,2320,0,0,1,9044,0,0,0,13382,0,0,0,42768,0,0,0,1914,0,0,0,15690,0,0
10,94294443,rs528804574,C,T,gnomAD Exomes,PASS,NA,p.Ser128Asn,p.Ser128Asn,c.383G>A,missense_variant,,29,109380,0.000265130736881,0,0,1,7164,0,0,0,17112,0,0,0,2320,0,0,0,9046,0,0,0,13374,0,0,0,42764,0,0,0,1914,0,0,28,15686,0,0
10,94294478,rs760486739,C,CA,gnomAD Exomes,PASS,NA,p.Leu116PhefsTer8,p.Leu116PhefsTer8,c.347dupT,frameshift_variant,,2,109216,1.83123351889833E-05,0,0,2,7162,0,0,0,17086,0,0,0,2320,0,0,0,9046,0,0,0,13286,0,0,0,42750,0,0,0,1912,0,0,0,15654,0,0
10,94294483,rs764266352,A,G,gnomAD Exomes,PASS,NA,p.Phe115Leu,p.Phe115Leu,c.343T>C,missense_variant,,1,109354,9.14461290853558E-06,0,0,0,7164,0,0,0,17110,0,0,0,2320,0,0,0,9046,0,0,0,13346,0,0,0,42768,0,0,0,1912,0,0,1,15688,0,0
10,94294488,rs1014380832,A,G,gnomAD Exomes,PASS,NA,p.Met113Thr,p.Met113Thr,c.338T>C,missense_variant,,1,109338,9.14595108745358E-06,0,0,0,7164,0,0,0,17110,0,0,0,2320,0,0,0,9046,0,0,0,13334,0,0,1,42766,0,0,0,1912,0,0,0,15686,0,0
10,94294520,rs778579326,A,C,gnomAD Exomes,PASS,NA,p.Asn102Lys,p.Asn102Lys,c.306T>G,missense_variant,,1,109130,9.16338312104829E-06,0,0,0,7164,0,0,0,17106,0,0,0,2318,0,0,0,9044,0,0,0,13144,0,0,1,42760,0,0,0,1912,0,0,0,15682,0,0
10,94294522,rs750183140,T,C,gnomAD Exomes,PASS,NA,p.Asn102Asp,p.Asn102Asp,c.304A>G,missense_variant,,1,109120,9.16422287390029E-06,0,0,0,7164,0,0,0,17104,0,0,0,2318,0,0,0,9044,0,0,0,13134,0,0,1,42762,0,0,0,1912,0,0,0,15682,0,0
10,94294533,rs780006450,G,A,gnomAD Genomes,NA,PASS,p.Ser98Leu,p.Ser98Leu,c.293C>T,missense_variant,,1,10878,9.19286633572348E-05,0,0,0,2572,0,0,0,246,0,0,0,38,0,0,0,916,0,0,0,1162,0,0,1,5520,0,0,0,424,0,0,0,0,0,0
10,94294536,rs369496161,A,G,gnomAD Exomes,PASS,NA,p.Leu97Ser,p.Leu97Ser,c.290T>C,missense_variant,,3,108708,2.75968649961364E-05,0,0,0,7156,0,0,0,17080,0,0,0,2314,0,0,0,9038,0,0,0,12788,0,0,0,42744,0,0,0,1912,0,0,3,15676,0,0
10,94297127,rs1360005887,G,C,gnomAD Exomes,PASS,NA,p.His93Gln,p.His93Gln,c.279C>G,missense_variant,,1,104054,9.61039460280239E-06,0,0,0,7104,0,0,1,14870,0,0,0,2170,0,0,0,9036,0,0,0,13356,0,0,0,41930,0,0,0,1848,0,0,0,13740,0,0
10,94297132,rs1299405253,C,T,gnomAD Genomes,NA,PASS,p.Val92Met,p.Val92Met,c.274G>A,missense_variant,,1,10872,9.19793966151582E-05,0,0,0,2568,0,0,0,246,0,0,0,38,0,0,1,914,0,0,0,1162,0,0,0,5522,0,0,0,422,0,0,0,0,0,0
10,94297134,rs1338414047,T,C,gnomAD Genomes,NA,PASS,p.Asp91Gly,p.Asp91Gly,c.272A>G,missense_variant,,1,10874,9.19624793084421E-05,0,0,0,2572,0,0,0,246,0,0,0,38,0,0,0,914,0,0,0,1160,0,0,1,5520,0,0,0,424,0,0,0,0,0,0
10,94297138,rs755560154,G,A,gnomAD Exomes,PASS,NA,p.Leu90Phe,p.Leu90Phe,c.268C>T,missense_variant,,3,105908,2.83264720323299E-05,0,0,0,7120,0,0,0,15692,0,0,0,2224,0,0,0,9040,0,0,0,13378,0,0,3,42296,0,0,0,1870,0,0,0,14288,0,0
10,94297141,rs772624145,C,A,gnomAD Exomes,PASS,NA,p.Ala89Ser,p.Ala89Ser,c.265G>T,missense_variant,,1,106096,9.42542602925652E-06,0,0,0,7122,0,0,0,15770,0,0,0,2230,0,0,0,9042,0,0,0,13372,0,0,0,42324,0,0,0,1880,0,0,1,14356,0,0
10,94297158,rs747523770,G,A,gnomAD Exomes,PASS,NA,p.Thr83Met,p.Thr83Met,c.248C>T,missense_variant,,2,108550,1.84246890833717E-05,0,0,1,7160,0,0,0,16756,0,0,0,2294,0,0,0,9042,0,0,0,13392,0,0,0,42690,0,0,0,1908,0,0,1,15308,0,0
10,94297165,rs1266310103,G,C,gnomAD Exomes,PASS,NA,p.Pro81Ala,p.Pro81Ala,c.241C>G,missense_variant,,1,108954,9.17818528920462E-06,0,0,0,7164,0,0,0,16926,0,0,0,2306,0,0,0,9046,0,0,0,13394,0,0,0,42736,0,0,0,1910,0,0,1,15472,0,0
10,94297188,rs1182176138,A,G,gnomAD Exomes,PASS,NA,p.Ile73Thr,p.Ile73Thr,c.218T>C,missense_variant,,1,109356,9.14444566370387E-06,0,0,0,7164,0,0,0,17076,0,0,0,2320,0,0,1,9046,0,0,0,13394,0,0,0,42766,0,0,0,1914,0,0,0,15676,0,0
10,94297189,rs776980415,T,A,gnomAD Exomes,PASS,NA,p.Ile73Phe,p.Ile73Phe,c.217A>T,missense_variant,,3,109352,2.74343404784549E-05,0,0,0,7164,0,0,3,17076,0,0,0,2320,0,0,0,9046,0,0,0,13394,0,0,0,42762,0,0,0,1914,0,0,0,15676,0,0
10,94297192,rs761991077,C,T,"gnomAD Exomes,gnomAD Genomes",PASS,PASS,p.Gly72Ser,p.Gly72Ser,c.214G>A,missense_variant,,5,120238,4.15841913538149E-05,0,0,0,9734,0,0,0,17326,0,0,0,2358,0,0,0,9960,0,0,0,14556,0,0,5,48286,0,0,0,2338,0,0,0,15680,0,0
10,94297204,rs375882742,C,G,gnomAD Exomes,PASS,NA,p.Glu68Gln,p.Glu68Gln,c.202G>C,missense_variant,,1,109396,9.1411020512633E-06,0,0,1,7164,0,0,0,17100,0,0,0,2320,0,0,0,9046,0,0,0,13394,0,0,0,42768,0,0,0,1914,0,0,0,15690,0,0
10,94297212,rs142209574,C,T,gnomAD Exomes,PASS,NA,p.Arg65Gln,p.Arg65Gln,c.194G>A,missense_variant,,2,109384,1.82842097564543E-05,0,0,0,7164,0,0,0,17098,0,0,0,2320,0,0,0,9046,0,0,0,13394,0,0,2,42766,0,0,0,1914,0,0,0,15682,0,0
10,94297213,rs751312151,G,A,gnomAD Exomes,PASS,NA,p.Arg65Ter,p.Arg65Ter,c.193C>T,stop_gained,,6,109390,5.48496206234573E-05,0,0,0,7164,0,0,0,17102,0,0,0,2320,0,0,0,9046,0,0,6,13394,0,0,0,42766,0,0,0,1914,0,0,0,15684,0,0
10,94297222,rs867308054,G,A,gnomAD Exomes,PASS,NA,p.Arg62Ter,p.Arg62Ter,c.184C>T,stop_gained,,1,109386,9.14193772512022E-06,0,0,0,7164,0,0,0,17098,0,0,0,2320,0,0,1,9046,0,0,0,13394,0,0,0,42768,0,0,0,1914,0,0,0,15682,0,0
10,94297224,rs754929229,T,A,gnomAD Exomes,PASS,NA,p.Lys61Met,p.Lys61Met,c.182A>T,missense_variant,,1,109390,9.14160343724289E-06,0,0,0,7164,0,0,0,17102,0,0,0,2320,0,0,0,9046,0,0,0,13394,0,0,0,42768,0,0,0,1914,0,0,1,15682,0,0
10,94297234,rs1445075843,G,C,gnomAD Exomes,PASS,NA,p.Pro58Ala,p.Pro58Ala,c.172C>G,missense_variant,,1,109364,9.14377674554698E-06,0,0,0,7164,0,0,0,17096,0,0,0,2320,0,0,1,9044,0,0,0,13394,0,0,0,42764,0,0,0,1914,0,0,0,15668,0,0
10,94297243,rs374132274,T,C,gnomAD Exomes,PASS,NA,p.Thr55Ala,p.Thr55Ala,c.163A>G,missense_variant,,1,109316,9.14779172307805E-06,0,0,1,7164,0,0,0,17074,0,0,0,2320,0,0,0,9046,0,0,0,13394,0,0,0,42764,0,0,0,1912,0,0,0,15642,0,0
10,94297249,rs756904522,G,A,gnomAD Exomes,PASS,NA,p.His53Tyr,p.His53Tyr,c.157C>T,missense_variant,,1,109168,9.16019346328594E-06,0,0,0,7162,0,0,0,17024,0,0,0,2316,0,0,0,9046,0,0,0,13394,0,0,1,42752,0,0,0,1908,0,0,0,15566,0,0
10,94297257,rs780598235,A,G,"gnomAD Exomes,gnomAD Genomes",PASS,PASS,p.Ile50Thr,p.Ile50Thr,c.149T>C,missense_variant,,14,119732,0.000116927805432,0,0,1,9734,0,0,0,17150,0,0,0,2348,0,0,13,9962,0,0,0,14552,0,0,0,48208,0,0,0,2326,0,0,0,15452,0,0
10,94297263,rs151208561,T,C,"gnomAD Exomes,gnomAD Genomes",PASS,PASS,p.Lys48Arg,p.Lys48Arg,c.143A>G,missense_variant,,5,118762,4.21010087401694E-05,0,0,5,9720,0,0,0,16754,0,0,0,2322,0,0,0,9962,0,0,0,14552,0,0,0,48110,0,0,0,2322,0,0,0,15020,0,0
10,94297267,rs1177851736,T,C,gnomAD Exomes,PASS,NA,p.Ile47Val,p.Ile47Val,c.139A>G,missense_variant,,1,105512,9.47759496550155E-06,0,0,0,7118,0,0,0,15484,0,0,0,2254,0,0,0,9040,0,0,1,13372,0,0,0,42238,0,0,0,1858,0,0,0,14148,0,0
10,94297270,rs1243665568,C,T,gnomAD Exomes,PASS,NA,p.Ala46Thr,p.Ala46Thr,c.136G>A,missense_variant,,1,104682,9.55274068130146E-06,0,0,0,7114,0,0,1,15034,0,0,0,2228,0,0,0,9040,0,0,0,13364,0,0,0,42146,0,0,0,1840,0,0,0,13916,0,0
10,94297278,rs140287132,T,G,gnomAD Genomes,NA,PASS,p.Asn43Thr,p.Asn43Thr,c.128A>C,missense_variant,,1,10882,9.18948722661275E-05,0,0,1,2574,0,0,0,246,0,0,0,38,0,0,0,916,0,0,0,1162,0,0,0,5522,0,0,0,424,0,0,0,0,0,0
10,94297285,rs769927196,T,C,gnomAD Exomes,PASS,NA,p.Lys41Glu,p.Lys41Glu,c.121A>G,missense_variant,,1,103024,9.70647616089455E-06,0,0,0,7092,0,0,0,14224,0,0,0,2162,0,0,0,9032,0,0,0,13334,0,0,1,41882,0,0,0,1818,0,0,0,13480,0,0
10,94297302,rs150222032,T,C,"gnomAD Exomes,gnomAD Genomes",PASS,PASS,p.Gln35Arg,p.Gln35Arg,c.104A>G,missense_variant,,33,112532,0.000293249920023,0,0,0,9652,0,0,1,13826,0,0,21,2140,0,0,0,9952,0,0,0,14462,0,0,8,47084,0,0,3,2198,0,0,0,13218,0,0
10,94301053,rs1486159728,A,C,gnomAD Exomes,PASS,NA,c.56+2T>G,,c.56+2T>G,splice_donor_variant,,1,64314,1.55487141213422E-05,0,0,0,2854,0,0,0,12052,0,0,0,1480,0,0,0,4166,0,0,0,11328,0,0,0,19978,0,0,0,1368,0,0,1,11088,0,0
10,94301055,rs992969484,C,G,gnomAD Genomes,NA,PASS,p.Ser19Thr,p.Ser19Thr,c.56G>C,missense_variant,,1,10874,9.19624793084421E-05,0,0,1,2572,0,0,0,246,0,0,0,38,0,0,0,916,0,0,0,1162,0,0,0,5518,0,0,0,422,0,0,0,0,0,0
10,94301056,rs1024349422,T,C,gnomAD Exomes,PASS,NA,p.Ser19Gly,p.Ser19Gly,c.55A>G,missense_variant,,0,64378,0,0,0,0,2862,0,0,0,12060,0,0,0,1480,0,0,0,4172,0,0,0,11336,0,0,0,20010,0,0,0,1368,0,0,0,11090,0,0
10,94301061,rs781353734,G,A,gnomAD Exomes,PASS,NA,p.Ser17Phe,p.Ser17Phe,c.50C>T,missense_variant,,1,64346,1.55409815683959E-05,0,0,0,2866,0,0,0,12054,0,0,0,1482,0,0,0,4164,0,0,0,11318,0,0,0,20004,0,0,0,1376,0,0,1,11082,0,0
10,94301070,rs538942956,A,G,gnomAD Exomes,PASS,NA,p.Leu14Pro,p.Leu14Pro,c.41T>C,missense_variant,,1,64524,1.54981092306739E-05,0,0,0,2880,0,0,0,12106,0,0,0,1484,0,0,0,4178,0,0,0,11314,0,0,0,20080,0,0,0,1374,0,0,1,11108,0,0
10,94301079,rs1435274842,C,T,gnomAD Exomes,PASS,NA,p.Ser11Asn,p.Ser11Asn,c.32G>A,missense_variant,,1,64504,1.5502914547935E-05,0,0,0,2854,0,0,0,12120,0,0,0,1482,0,0,1,4178,0,0,0,11306,0,0,0,20070,0,0,0,1380,0,0,0,11114,0,0
10,94301095,rs1174472811,C,T,gnomAD Exomes,PASS,NA,p.Gly6Arg,p.Gly6Arg,c.16G>A,missense_variant,,1,64448,1.55163853028798E-05,0,0,0,2854,0,0,1,12102,0,0,0,1478,0,0,0,4172,0,0,0,11282,0,0,0,20058,0,0,0,1386,0,0,0,11116,0,0
10,94301098,rs1028385435,T,C,gnomAD Exomes,PASS,NA,p.Arg5Gly,p.Arg5Gly,c.13A>G,missense_variant,,2,64294,3.11071017513298E-05,0,0,0,2836,0,0,2,12060,0,0,0,1476,0,0,0,4174,0,0,0,11268,0,0,0,20034,0,0,0,1372,0,0,0,11074,0,0
10,94301100,rs1008183660,A,C,gnomAD Exomes,PASS,NA,p.Ile4Ser,p.Ile4Ser,c.11T>G,missense_variant,,2,64370,3.10703743980115E-05,0,0,0,2836,0,0,2,12092,0,0,0,1478,0,0,0,4178,0,0,0,11272,0,0,0,20028,0,0,0,1378,0,0,0,11108,0,0
10,94301100,rs1008183660,A,G,gnomAD Exomes,PASS,NA,p.Ile4Thr,p.Ile4Thr,c.11T>C,missense_variant,,1,64370,1.55351871990057E-05,0,0,0,2836,0,0,0,12092,0,0,0,1478,0,0,0,4178,0,0,0,11272,0,0,1,20028,0,0,0,1378,0,0,0,11108,0,0
10,94333683,rs893964286,A,T,gnomAD Exomes,PASS,NA,p.Cys32Ser,p.Cys32Ser,c.94T>A,missense_variant,,1,33448,2.98971537909591E-05,0,0,0,384,0,0,1,3610,0,0,0,1112,0,0,0,782,0,0,0,8750,0,0,0,11252,0,0,0,542,0,0,0,7016,0,0
10,94333724,rs774625174,C,A,"gnomAD Exomes,gnomAD Genomes",PASS,PASS,p.Arg18Leu,p.Arg18Leu,c.53G>T,missense_variant,,1,49766,2.0094040107704E-05,0,0,0,3156,0,0,0,6394,0,0,0,1226,0,0,0,2066,0,0,1,9420,0,0,0,18144,0,0,0,1114,0,0,0,8246,0,0
10,94333724,rs774625174,C,T,gnomAD Exomes,PASS,NA,p.Arg18His,p.Arg18His,c.53G>A,missense_variant,,0,38892,0,0,0,0,582,0,0,0,6148,0,0,0,1188,0,0,0,1150,0,0,0,8258,0,0,0,12630,0,0,0,690,0,0,0,8246,0,0
10,94333748,rs1163606692,T,TGCAGAAGCCACGCTAGCCGGTACC,gnomAD Genomes,NA,PASS,p.Arg2_Leu9dup,p.Arg2_Leu9dup,c.5_28dupGGTACCGGCTAGCGTGGCTTCTGC,inframe_insertion,,1,10838,9.22679461155195E-05,0,0,0,2566,0,0,0,246,0,0,0,36,0,0,0,914,0,0,0,1162,0,0,1,5492,0,0,0,422,0,0,0,0,0,0
10,94333755,rs775081692,G,A,gnomAD Exomes,PASS,NA,p.Leu8Phe,p.Leu8Phe,c.22C>T,missense_variant,,1,45540,2.19587176108915E-05,0,0,0,916,0,0,0,9028,0,0,0,1288,0,0,0,1910,0,0,0,7304,0,0,0,14658,0,0,0,884,0,0,1,9552,0,0
10,94333763,rs543210281,A,G,gnomAD Exomes,PASS,NA,p.Leu5Pro,p.Leu5Pro,c.14T>C,missense_variant,,1,47272,2.115417160264E-05,0,0,0,996,0,0,1,9520,0,0,0,1296,0,0,0,2200,0,0,0,7498,0,0,0,15054,0,0,0,916,0,0,0,9792,0,0
10,94333763,rs543210281,AG,A,"gnomAD Exomes,gnomAD Genomes",PASS,PASS,p.Leu5Ter,p.Leu5Ter,c.13delC,frameshift_variant,,52,58144,0.000894331315355,0,0,1,3568,0,0,10,9766,0,0,0,1334,0,0,0,3116,0,0,0,8660,0,0,24,20570,0,0,3,1338,0,0,14,9792,0,0
10,94333764,rs949668773,G,C,gnomAD Exomes,PASS,NA,p.Leu5Val,p.Leu5Val,c.13C>G,missense_variant,,0,47130,0,0,0,0,1002,0,0,0,9512,0,0,0,1290,0,0,0,2216,0,0,0,7354,0,0,0,15044,0,0,0,920,0,0,0,9792,0,0
10,94333764,rs949668773,G,T,gnomAD Exomes,PASS,NA,p.Leu5Ile,p.Leu5Ile,c.13C>A,missense_variant,,7,47130,0.0001485253554,0,0,0,1002,0,0,7,9512,0,0,0,1290,0,0,0,2216,0,0,0,7354,0,0,0,15044,0,0,0,920,0,0,0,9792,0,0
10,94333767,rs760699587,G,A,gnomAD Exomes,PASS,NA,p.Arg4Trp,p.Arg4Trp,c.10C>T,missense_variant,,7,47258,0.00014812306911,0,0,0,1000,0,0,0,9630,0,0,0,1294,0,0,0,2230,0,0,0,7276,0,0,0,15082,0,0,0,928,0,0,7,9818,0,0
