Chromosome,Position,rsID,Reference,Alternate,Source,Filters - exomes,Filters - genomes,Consequence,Protein Consequence,Transcript Consequence,Annotation,Flags,Allele Count,Allele Number,Allele Frequency,Homozygote Count,Hemizygote Count,Allele Count African,Allele Number African,Homozygote Count African,Hemizygote Count African,Allele Count Latino,Allele Number Latino,Homozygote Count Latino,Hemizygote Count Latino,Allele Count Ashkenazi Jewish,Allele Number Ashkenazi Jewish,Homozygote Count Ashkenazi Jewish,Hemizygote Count Ashkenazi Jewish,Allele Count East Asian,Allele Number East Asian,Homozygote Count East Asian,Hemizygote Count East Asian,Allele Count European (Finnish),Allele Number European (Finnish),Homozygote Count European (Finnish),Hemizygote Count European (Finnish),Allele Count European (non-Finnish),Allele Number European (non-Finnish),Homozygote Count European (non-Finnish),Hemizygote Count European (non-Finnish),Allele Count Other,Allele Number Other,Homozygote Count Other,Hemizygote Count Other,Allele Count South Asian,Allele Number South Asian,Homozygote Count South Asian,Hemizygote Count South Asian
4,25125561,rs552593582,A,C,gnomAD Exomes,PASS,NA,p.Ser500Ala,p.Ser500Ala,c.1498T>G,missense_variant,,1,109358,9.14427842498948E-06,0,0,0,7160,0,0,1,17096,0,0,0,2320,0,0,0,9042,0,0,0,13376,0,0,0,42762,0,0,0,1914,0,0,0,15688,0,0
4,25125563,rs41267445,G,C,gnomAD Exomes,PASS,NA,p.Ala499Gly,p.Ala499Gly,c.1496C>G,missense_variant,,1,109354,9.14461290853558E-06,0,0,0,7160,0,0,0,17096,0,0,0,2320,0,0,1,9040,0,0,0,13374,0,0,0,42762,0,0,0,1914,0,0,0,15688,0,0
4,25125563,rs41267445,G,A,gnomAD Exomes,PASS,NA,p.Ala499Val,p.Ala499Val,c.1496C>T,missense_variant,,9,109354,8.23015161768202E-05,0,0,0,7160,0,0,0,17096,0,0,0,2320,0,0,0,9040,0,0,0,13374,0,0,9,42762,0,0,0,1914,0,0,0,15688,0,0
4,25125566,rs1255079103,T,A,gnomAD Exomes,PASS,NA,p.Asp498Val,p.Asp498Val,c.1493A>T,missense_variant,,1,109364,9.14377674554698E-06,0,0,1,7162,0,0,0,17096,0,0,0,2320,0,0,0,9044,0,0,0,13378,0,0,0,42762,0,0,0,1912,0,0,0,15690,0,0
4,25125568,rs1440143815,C,G,gnomAD Exomes,PASS,NA,p.Gln497His,p.Gln497His,c.1491G>C,missense_variant,,1,109358,9.14427842498948E-06,0,0,0,7162,0,0,0,17096,0,0,0,2320,0,0,0,9042,0,0,1,13374,0,0,0,42762,0,0,0,1912,0,0,0,15690,0,0
4,25125569,rs368529568,T,C,gnomAD Genomes,NA,PASS,p.Gln497Arg,p.Gln497Arg,c.1490A>G,missense_variant,,1,10882,9.18948722661275E-05,0,0,0,2572,0,0,0,246,0,0,0,38,0,0,0,916,0,0,0,1162,0,0,1,5524,0,0,0,424,0,0,0,0,0,0
4,25125575,rs745781240,G,A,gnomAD Exomes,PASS,NA,p.Thr495Ile,p.Thr495Ile,c.1484C>T,missense_variant,,1,109364,9.14377674554698E-06,0,0,0,7160,0,0,0,17098,0,0,0,2320,0,0,0,9044,0,0,1,13380,0,0,0,42760,0,0,0,1912,0,0,0,15690,0,0
4,25125579,rs574446965,C,T,gnomAD Exomes,PASS,NA,p.Asp494Asn,p.Asp494Asn,c.1480G>A,missense_variant,,1,109368,9.14344232316582E-06,0,0,0,7160,0,0,0,17100,0,0,1,2320,0,0,0,9042,0,0,0,13382,0,0,0,42762,0,0,0,1912,0,0,0,15690,0,0
4,25125585,rs1400394247,G,A,gnomAD Exomes,PASS,NA,p.Leu492Phe,p.Leu492Phe,c.1474C>T,missense_variant,,1,109368,9.14344232316582E-06,0,0,0,7160,0,0,0,17102,0,0,0,2320,0,0,1,9042,0,0,0,13378,0,0,0,42764,0,0,0,1912,0,0,0,15690,0,0
4,25125590,rs768293332,T,C,gnomAD Exomes,PASS,NA,p.Asn490Ser,p.Asn490Ser,c.1469A>G,missense_variant,,2,109378,1.82852127484503E-05,0,0,0,7162,0,0,2,17104,0,0,0,2320,0,0,0,9042,0,0,0,13384,0,0,0,42764,0,0,0,1912,0,0,0,15690,0,0
4,25125593,rs773876739,T,C,gnomAD Exomes,PASS,NA,p.Asp489Gly,p.Asp489Gly,c.1466A>G,missense_variant,,1,109382,9.14227203744674E-06,0,0,0,7162,0,0,0,17104,0,0,0,2320,0,0,1,9042,0,0,0,13390,0,0,0,42762,0,0,0,1912,0,0,0,15690,0,0
4,25125594,rs555804311,C,T,gnomAD Exomes,PASS,NA,p.Asp489Asn,p.Asp489Asn,c.1465G>A,missense_variant,,1,109378,9.14260637422516E-06,0,0,0,7162,0,0,0,17102,0,0,0,2320,0,0,0,9042,0,0,0,13386,0,0,0,42764,0,0,0,1912,0,0,1,15690,0,0
4,25125615,rs371913199,C,A,gnomAD Exomes,PASS,NA,p.Glu482Ter,p.Glu482Ter,c.1444G>T,stop_gained,lc_lof,1,109366,9.14360953129857E-06,0,0,0,7160,0,0,0,17102,0,0,0,2320,0,0,0,9042,0,0,0,13390,0,0,1,42758,0,0,0,1912,0,0,0,15682,0,0
4,25125621,rs755019680,C,T,gnomAD Exomes,PASS,NA,p.Asp480Asn,p.Asp480Asn,c.1438G>A,missense_variant,,1,109358,9.14427842498948E-06,0,0,0,7160,0,0,0,17096,0,0,0,2320,0,0,0,9042,0,0,0,13386,0,0,1,42762,0,0,0,1912,0,0,0,15680,0,0
4,25125627,rs569305247,C,T,gnomAD Exomes,PASS,NA,p.Asp478Asn,p.Asp478Asn,c.1432G>A,missense_variant,,1,109370,9.1432751211484E-06,0,0,1,7160,0,0,0,17102,0,0,0,2320,0,0,0,9042,0,0,0,13388,0,0,0,42760,0,0,0,1914,0,0,0,15684,0,0
4,25125632,rs758700521,G,A,gnomAD Exomes,PASS,NA,p.Thr476Ile,p.Thr476Ile,c.1427C>T,missense_variant,,1,109360,9.1441111923921E-06,0,0,0,7162,0,0,0,17100,0,0,0,2320,0,0,0,9038,0,0,0,13386,0,0,1,42762,0,0,0,1912,0,0,0,15680,0,0
4,25125633,rs781107013,T,A,gnomAD Exomes,PASS,NA,p.Thr476Ser,p.Thr476Ser,c.1426A>T,missense_variant,,1,109366,9.14360953129857E-06,0,0,0,7162,0,0,0,17100,0,0,0,2320,0,0,0,9040,0,0,0,13390,0,0,1,42762,0,0,0,1912,0,0,0,15680,0,0
4,25125641,rs745692962,T,A,gnomAD Exomes,PASS,NA,p.Tyr473Phe,p.Tyr473Phe,c.1418A>T,missense_variant,,1,109378,9.14260637422516E-06,0,0,1,7162,0,0,0,17102,0,0,0,2320,0,0,0,9042,0,0,0,13390,0,0,0,42766,0,0,0,1912,0,0,0,15684,0,0
4,25125653,rs756069519,C,A,gnomAD Exomes,PASS,NA,p.Ser469Ile,p.Ser469Ile,c.1406G>T,missense_variant,,1,109378,9.14260637422516E-06,0,0,0,7162,0,0,1,17104,0,0,0,2320,0,0,0,9042,0,0,0,13388,0,0,0,42764,0,0,0,1912,0,0,0,15686,0,0
4,25125653,rs756069519,C,T,gnomAD Exomes,PASS,NA,p.Ser469Asn,p.Ser469Asn,c.1406G>A,missense_variant,,1,109378,9.14260637422516E-06,0,0,0,7162,0,0,0,17104,0,0,0,2320,0,0,0,9042,0,0,0,13388,0,0,1,42764,0,0,0,1912,0,0,0,15686,0,0
4,25125665,rs115959591,C,A,gnomAD Exomes,PASS,NA,p.Arg465Leu,p.Arg465Leu,c.1394G>T,missense_variant,,1,109366,9.14360953129857E-06,0,0,0,7162,0,0,0,17104,0,0,0,2320,0,0,0,9042,0,0,0,13380,0,0,1,42760,0,0,0,1912,0,0,0,15686,0,0
4,25125665,rs115959591,C,T,"gnomAD Exomes,gnomAD Genomes",PASS,PASS,p.Arg465Gln,p.Arg465Gln,c.1394G>A,missense_variant,,290,120244,0.002411762749077,0,0,225,9734,0,0,32,17350,0,0,2,2358,0,0,4,9958,0,0,2,14542,0,0,15,48282,0,0,1,2334,0,0,9,15686,0,0
4,25125666,rs773969315,G,A,gnomAD Exomes,PASS,NA,p.Arg465Ter,p.Arg465Ter,c.1393C>T,stop_gained,lc_lof,2,109366,1.82872190625971E-05,0,0,0,7162,0,0,1,17100,0,0,0,2320,0,0,0,9042,0,0,0,13382,0,0,1,42760,0,0,0,1912,0,0,0,15688,0,0
4,25125669,rs747732980,C,A,gnomAD Exomes,PASS,NA,p.Glu464Ter,p.Glu464Ter,c.1390G>T,stop_gained,lc_lof,3,109376,2.7428320655354E-05,0,0,0,7162,0,0,1,17104,0,0,0,2320,0,0,0,9042,0,0,0,13386,0,0,2,42762,0,0,0,1912,0,0,0,15688,0,0
4,25125681,rs761042301,C,T,gnomAD Exomes,PASS,NA,p.Ala460Thr,p.Ala460Thr,c.1378G>A,missense_variant,,1,109380,9.1424392027793E-06,0,0,0,7162,0,0,0,17106,0,0,0,2320,0,0,0,9042,0,0,0,13392,0,0,1,42758,0,0,0,1914,0,0,0,15686,0,0
4,25125701,rs1265637599,C,G,gnomAD Exomes,PASS,NA,p.Arg453Thr,p.Arg453Thr,c.1358G>C,missense_variant,,1,109378,9.14260637422516E-06,0,0,0,7162,0,0,0,17100,0,0,0,2320,0,0,0,9040,0,0,0,13392,0,0,0,42762,0,0,1,1914,0,0,0,15688,0,0
4,25125703,rs2302566,C,G,"gnomAD Exomes,gnomAD Genomes",PASS,PASS,p.Lys452Asn,p.Lys452Asn,c.1356G>C,missense_variant,mnv,8193,120238,0.068139855952361,355,0,1401,9728,100,0,1239,17346,50,0,75,2356,0,0,1218,9954,86,0,737,14552,24,0,2172,48278,42,0,147,2338,6,0,1204,15686,47,0
4,25125705,rs758657106,T,C,gnomAD Exomes,PASS,NA,p.Lys452Glu,p.Lys452Glu,c.1354A>G,missense_variant,mnv,1,109376,9.14277355178467E-06,0,0,0,7160,0,0,0,17104,0,0,0,2320,0,0,0,9044,0,0,0,13386,0,0,1,42762,0,0,0,1914,0,0,0,15686,0,0
4,25125708,rs764436131,T,C,gnomAD Exomes,PASS,NA,p.Ile451Val,p.Ile451Val,c.1351A>G,missense_variant,,1,109378,9.14260637422516E-06,0,0,0,7160,0,0,1,17104,0,0,0,2320,0,0,0,9042,0,0,0,13392,0,0,0,42760,0,0,0,1914,0,0,0,15686,0,0
4,25125715,rs147623769,G,T,"gnomAD Exomes,gnomAD Genomes",PASS,PASS,p.Asp448Glu,p.Asp448Glu,c.1344C>A,missense_variant,,8,120260,6.65225345085648E-05,0,0,8,9734,0,0,0,17352,0,0,0,2358,0,0,0,9960,0,0,0,14552,0,0,0,48280,0,0,0,2338,0,0,0,15686,0,0
4,25125717,rs575049079,C,T,gnomAD Exomes,PASS,NA,p.Asp448Asn,p.Asp448Asn,c.1342G>A,missense_variant,,1,109384,9.14210487822716E-06,0,0,0,7162,0,0,0,17106,0,0,0,2320,0,0,0,9044,0,0,0,13390,0,0,0,42762,0,0,0,1914,0,0,1,15686,0,0
4,25125733,rs753701192,C,T,gnomAD Exomes,PASS,NA,p.Met442Ile,p.Met442Ile,c.1326G>A,missense_variant,,1,109364,9.14377674554698E-06,0,0,0,7160,0,0,0,17096,0,0,0,2320,0,0,0,9044,0,0,0,13388,0,0,1,42756,0,0,0,1914,0,0,0,15686,0,0
4,25125738,rs754992211,C,T,gnomAD Exomes,PASS,NA,p.Gly441Arg,p.Gly441Arg,c.1321G>A,missense_variant,,2,109364,1.8287553491094E-05,0,0,0,7162,0,0,0,17096,0,0,0,2320,0,0,1,9044,0,0,0,13390,0,0,1,42754,0,0,0,1914,0,0,0,15684,0,0
4,25125741,rs368519815,T,C,gnomAD Exomes,PASS,NA,p.Ile440Val,p.Ile440Val,c.1318A>G,missense_variant,,2,109366,1.82872190625971E-05,0,0,0,7162,0,0,0,17096,0,0,0,2320,0,0,2,9044,0,0,0,13392,0,0,0,42756,0,0,0,1912,0,0,0,15684,0,0
4,25125743,rs747723830,G,T,gnomAD Exomes,PASS,NA,p.Ala439Asp,p.Ala439Asp,c.1316C>A,missense_variant,,0,109354,0,0,0,0,7162,0,0,0,17090,0,0,0,2320,0,0,0,9044,0,0,0,13384,0,0,0,42754,0,0,0,1914,0,0,0,15686,0,0
4,25125755,rs771661746,T,C,gnomAD Exomes,PASS,NA,p.Asn435Ser,p.Asn435Ser,c.1304A>G,missense_variant,,0,109332,0,0,0,0,7160,0,0,0,17086,0,0,0,2320,0,0,0,9034,0,0,0,13388,0,0,0,42748,0,0,0,1912,0,0,0,15684,0,0
4,25125759,rs1264230973,G,A,gnomAD Exomes,PASS,NA,p.Leu434Phe,p.Leu434Phe,c.1300C>T,missense_variant,,2,109332,1.82929060110489E-05,0,0,0,7160,0,0,0,17082,0,0,0,2320,0,0,0,9036,0,0,0,13388,0,0,2,42750,0,0,0,1912,0,0,0,15684,0,0
4,25125768,rs572892329,A,C,"gnomAD Exomes,gnomAD Genomes",PASS,PASS,p.Cys431Gly,p.Cys431Gly,c.1291T>G,missense_variant,,41,120200,0.000341098169717,0,0,0,9732,0,0,41,17322,0,0,0,2358,0,0,0,9954,0,0,0,14548,0,0,0,48270,0,0,0,2332,0,0,0,15684,0,0
4,25125772,rs201427786,G,T,"gnomAD Exomes,gnomAD Genomes",PASS,PASS,p.Tyr429Ter,p.Tyr429Ter,c.1287C>A,stop_gained,,49,120178,0.000407728536005,0,0,0,9734,0,0,0,17318,0,0,0,2358,0,0,0,9952,0,0,49,14544,0,0,0,48256,0,0,0,2334,0,0,0,15682,0,0
4,25125783,rs142133435,T,C,"gnomAD Exomes,gnomAD Genomes",PASS,PASS,p.Thr426Ala,p.Thr426Ala,c.1276A>G,missense_variant,,48,120164,0.000399454079425,0,0,0,9730,0,0,5,17308,0,0,0,2358,0,0,0,9952,0,0,1,14542,0,0,42,48258,0,0,0,2334,0,0,0,15682,0,0
4,25125790,rs770368768,C,T,gnomAD Exomes,PASS,NA,p.Met423Ile,p.Met423Ile,c.1269G>A,missense_variant,,1,109300,9.14913083257091E-06,0,0,0,7160,0,0,0,17066,0,0,0,2320,0,0,0,9032,0,0,0,13380,0,0,1,42746,0,0,0,1912,0,0,0,15684,0,0
4,25125797,rs1421257558,C,T,gnomAD Exomes,PASS,NA,p.Gly421Asp,p.Gly421Asp,c.1262G>A,missense_variant,,1,109300,9.14913083257091E-06,0,0,1,7160,0,0,0,17066,0,0,0,2320,0,0,0,9032,0,0,0,13388,0,0,0,42742,0,0,0,1910,0,0,0,15682,0,0
4,25125806,rs1397687036,G,A,gnomAD Exomes,PASS,NA,p.Thr418Ile,p.Thr418Ile,c.1253C>T,missense_variant,,1,109288,9.15013542200424E-06,0,0,1,7160,0,0,0,17060,0,0,0,2320,0,0,0,9030,0,0,0,13380,0,0,0,42748,0,0,0,1912,0,0,0,15678,0,0
4,25125809,rs762180254,T,C,gnomAD Exomes,PASS,NA,p.Tyr417Cys,p.Tyr417Cys,c.1250A>G,missense_variant,,2,109292,1.82996010686967E-05,0,0,0,7160,0,0,0,17064,0,0,1,2320,0,0,0,9030,0,0,0,13378,0,0,1,42746,0,0,0,1910,0,0,0,15684,0,0
4,25125813,rs1379206427,C,T,gnomAD Exomes,PASS,NA,p.Gly416Ser,p.Gly416Ser,c.1246G>A,missense_variant,,1,109278,9.15097274840316E-06,0,0,0,7160,0,0,1,17064,0,0,0,2320,0,0,0,9030,0,0,0,13372,0,0,0,42740,0,0,0,1912,0,0,0,15680,0,0
4,25125824,rs768156339,T,G,gnomAD Exomes,PASS,NA,p.Gln412Pro,p.Gln412Pro,c.1235A>C,missense_variant,,2,109234,1.83093176117326E-05,0,0,0,7160,0,0,0,17058,0,0,0,2320,0,0,0,9026,0,0,0,13344,0,0,2,42740,0,0,0,1908,0,0,0,15678,0,0
4,25125827,rs753706371,A,G,gnomAD Exomes,PASS,NA,p.Met411Thr,p.Met411Thr,c.1232T>C,missense_variant,,1,109228,9.15516168015527E-06,0,0,0,7158,0,0,0,17058,0,0,0,2320,0,0,0,9026,0,0,0,13338,0,0,0,42740,0,0,0,1908,0,0,1,15680,0,0
4,25125828,rs1285688043,T,C,gnomAD Exomes,PASS,NA,p.Met411Val,p.Met411Val,c.1231A>G,missense_variant,,1,109210,9.15667063455727E-06,0,0,0,7158,0,0,0,17056,0,0,0,2320,0,0,0,9022,0,0,0,13336,0,0,0,42734,0,0,0,1908,0,0,1,15676,0,0
4,25125830,rs778931501,G,C,gnomAD Exomes,PASS,NA,p.Ser410Cys,p.Ser410Cys,c.1229C>G,missense_variant,,1,109178,9.15935444869846E-06,0,0,0,7158,0,0,0,17056,0,0,0,2320,0,0,0,9024,0,0,0,13312,0,0,1,42722,0,0,0,1908,0,0,0,15678,0,0
4,25125845,rs762459321,AC,A,gnomAD Exomes,PASS,NA,p.Val405LeufsTer10,p.Val405LeufsTer10,c.1213delG,frameshift_variant,,1,109002,9.17414359369553E-06,0,0,0,7156,0,0,0,17034,0,0,0,2316,0,0,0,9016,0,0,0,13232,0,0,0,42678,0,0,0,1906,0,0,1,15664,0,0
4,25125847,rs1180234415,C,A,gnomAD Exomes,PASS,NA,p.Arg404Ser,p.Arg404Ser,c.1212G>T,missense_variant,,1,108954,9.17818528920462E-06,0,0,0,7150,0,0,0,17038,0,0,0,2316,0,0,0,9016,0,0,0,13200,0,0,1,42666,0,0,0,1906,0,0,0,15662,0,0
4,25125849,rs777323383,T,C,gnomAD Exomes,PASS,NA,c.1212-2A>G,,c.1212-2A>G,splice_acceptor_variant,,1,108884,9.18408581609786E-06,0,0,1,7154,0,0,0,17030,0,0,0,2316,0,0,0,9020,0,0,0,13144,0,0,0,42656,0,0,0,1904,0,0,0,15660,0,0
4,25127316,rs1211024374,C,G,gnomAD Genomes,NA,PASS,p.Arg404Thr,p.Arg404Thr,c.1211G>C,missense_variant,,1,10880,9.19117647058823E-05,0,0,1,2574,0,0,0,246,0,0,0,38,0,0,0,916,0,0,0,1162,0,0,0,5520,0,0,0,424,0,0,0,0,0,0
4,25127320,rs748528815,C,G,gnomAD Exomes,PASS,NA,p.Ala403Pro,p.Ala403Pro,c.1207G>C,missense_variant,,1,108572,9.21047783959032E-06,0,0,0,7060,0,0,0,17034,0,0,0,2264,0,0,0,9016,0,0,0,13358,0,0,1,42396,0,0,0,1886,0,0,0,15558,0,0
4,25127322,rs746155941,C,T,gnomAD Exomes,PASS,NA,p.Gly402Glu,p.Gly402Glu,c.1205G>A,missense_variant,,2,108650,1.84077312471238E-05,0,0,0,7074,0,0,0,17036,0,0,0,2266,0,0,0,9014,0,0,0,13368,0,0,0,42432,0,0,0,1886,0,0,2,15574,0,0
4,25127335,rs1465713961,T,C,gnomAD Exomes,PASS,NA,p.Arg398Gly,p.Arg398Gly,c.1192A>G,missense_variant,,1,108954,9.17818528920462E-06,0,0,0,7112,0,0,0,17042,0,0,0,2290,0,0,0,9022,0,0,1,13376,0,0,0,42592,0,0,0,1898,0,0,0,15622,0,0
4,25127346,rs527970470,A,G,gnomAD Exomes,PASS,NA,p.Met394Thr,p.Met394Thr,c.1181T>C,missense_variant,,1,109008,9.17363863202701E-06,0,0,1,7116,0,0,0,17046,0,0,0,2290,0,0,0,9024,0,0,0,13380,0,0,0,42616,0,0,0,1896,0,0,0,15640,0,0
4,25127353,rs1367362454,CAAGCT,C,gnomAD Exomes,PASS,NA,p.Gln390ArgfsTer37,p.Gln390ArgfsTer37,c.1169_1173delAGCTT,frameshift_variant,,1,109072,9.16825583101071E-06,0,0,0,7126,0,0,1,17064,0,0,0,2298,0,0,0,9028,0,0,0,13380,0,0,0,42636,0,0,0,1898,0,0,0,15642,0,0
4,25127368,rs769326317,C,T,gnomAD Exomes,PASS,NA,p.Ala387Thr,p.Ala387Thr,c.1159G>A,missense_variant,,1,109046,9.17044183188746E-06,0,0,0,7116,0,0,0,17066,0,0,1,2298,0,0,0,9028,0,0,0,13378,0,0,0,42626,0,0,0,1896,0,0,0,15638,0,0
4,25127376,rs774532491,C,T,gnomAD Exomes,PASS,NA,p.Arg384His,p.Arg384His,c.1151G>A,missense_variant,,4,108930,3.67208298907555E-05,0,0,0,7102,0,0,0,17058,0,0,0,2294,0,0,1,9024,0,0,0,13372,0,0,1,42558,0,0,1,1898,0,0,1,15624,0,0
4,25127380,rs748259254,G,A,gnomAD Exomes,PASS,NA,p.His383Tyr,p.His383Tyr,c.1147C>T,missense_variant,,1,108856,9.18644815168663E-06,0,0,0,7094,0,0,0,17052,0,0,0,2294,0,0,0,9020,0,0,0,13370,0,0,1,42526,0,0,0,1896,0,0,0,15604,0,0
4,25127382,rs1223475878,T,C,gnomAD Genomes,NA,PASS,p.Glu382Gly,p.Glu382Gly,c.1145A>G,missense_variant,,1,10882,9.18948722661275E-05,0,0,0,2574,0,0,0,246,0,0,0,38,0,0,0,916,0,0,0,1162,0,0,1,5522,0,0,0,424,0,0,0,0,0,0
4,25127383,rs190476418,C,T,gnomAD Exomes,PASS,NA,p.Glu382Lys,p.Glu382Lys,c.1144G>A,missense_variant,,3,108844,2.75623828598728E-05,0,0,0,7082,0,0,0,17050,0,0,0,2292,0,0,3,9018,0,0,0,13370,0,0,0,42524,0,0,0,1896,0,0,0,15612,0,0
4,25127397,rs1196779660,A,G,gnomAD Exomes,PASS,NA,p.Leu377Pro,p.Leu377Pro,c.1130T>C,missense_variant,,1,108440,9.22168941350055E-06,0,0,0,7038,0,0,1,17012,0,0,0,2272,0,0,0,8998,0,0,0,13362,0,0,0,42332,0,0,0,1890,0,0,0,15536,0,0
4,25127400,rs373005588,G,A,gnomAD Exomes,PASS,NA,p.Thr376Ile,p.Thr376Ile,c.1127C>T,missense_variant,,1,108206,9.24163170249339E-06,0,0,1,7020,0,0,0,16992,0,0,0,2262,0,0,0,8998,0,0,0,13364,0,0,0,42174,0,0,0,1890,0,0,0,15506,0,0
4,25127402,rs1169424857,C,T,gnomAD Exomes,PASS,NA,p.Met375Ile,p.Met375Ile,c.1125G>A,missense_variant,,1,108054,9.25463194328762E-06,0,0,0,7012,0,0,0,16986,0,0,0,2256,0,0,0,8996,0,0,0,13358,0,0,1,42084,0,0,0,1882,0,0,0,15480,0,0
4,25127404,rs760866613,T,C,gnomAD Exomes,PASS,NA,p.Met375Val,p.Met375Val,c.1123A>G,missense_variant,,2,107908,1.85343070022612E-05,0,0,0,6984,0,0,0,16976,0,0,0,2242,0,0,1,8990,0,0,0,13356,0,0,1,42014,0,0,0,1876,0,0,0,15470,0,0
4,25128888,rs772180060,A,G,gnomAD Exomes,PASS,NA,p.Leu373Ser,p.Leu373Ser,c.1118T>C,missense_variant,,1,109084,9.16724725899307E-06,0,0,0,7158,0,0,0,17074,0,0,1,2320,0,0,0,9040,0,0,0,13162,0,0,0,42744,0,0,0,1902,0,0,0,15684,0,0
4,25128894,rs773216141,A,G,gnomAD Exomes,PASS,NA,p.Ile371Thr,p.Ile371Thr,c.1112T>C,missense_variant,,1,109154,9.16136834197556E-06,0,0,0,7158,0,0,0,17092,0,0,0,2320,0,0,0,9040,0,0,0,13208,0,0,1,42748,0,0,0,1904,0,0,0,15684,0,0
4,25128895,rs377440128,T,G,gnomAD Exomes,PASS,NA,p.Ile371Leu,p.Ile371Leu,c.1111A>C,missense_variant,,1,109162,9.16069694582364E-06,0,0,0,7158,0,0,0,17094,0,0,0,2320,0,0,0,9038,0,0,0,13214,0,0,1,42750,0,0,0,1904,0,0,0,15684,0,0
4,25128898,,G,A,gnomAD Genomes,NA,PASS,p.Pro370Ser,p.Pro370Ser,c.1108C>T,missense_variant,,1,10872,9.19793966151582E-05,0,0,0,2572,0,0,0,244,0,0,0,38,0,0,0,916,0,0,0,1160,0,0,1,5518,0,0,0,424,0,0,0,0,0,0
4,25128901,rs762754446,T,C,gnomAD Exomes,PASS,NA,p.Asn369Asp,p.Asn369Asp,c.1105A>G,missense_variant,,1,109196,9.15784460969266E-06,0,0,0,7158,0,0,1,17094,0,0,0,2320,0,0,0,9038,0,0,0,13244,0,0,0,42750,0,0,0,1904,0,0,0,15688,0,0
4,25128909,rs370101229,G,A,gnomAD Exomes,PASS,NA,p.Thr366Ile,p.Thr366Ile,c.1097C>T,missense_variant,,2,109222,1.8311329219388E-05,0,0,1,7160,0,0,0,17096,0,0,0,2320,0,0,0,9040,0,0,0,13262,0,0,0,42750,0,0,0,1906,0,0,1,15688,0,0
4,25128927,rs749937137,T,C,gnomAD Exomes,PASS,NA,p.Asn360Ser,p.Asn360Ser,c.1079A>G,missense_variant,,2,109250,1.83066361556064E-05,0,0,0,7160,0,0,0,17098,0,0,0,2320,0,0,1,9042,0,0,0,13280,0,0,0,42754,0,0,0,1908,0,0,1,15688,0,0
4,25128928,rs542031330,T,C,gnomAD Exomes,PASS,NA,p.Asn360Asp,p.Asn360Asp,c.1078A>G,missense_variant,,1,109252,9.15315051440706E-06,0,0,0,7160,0,0,0,17102,0,0,0,2320,0,0,0,9042,0,0,0,13282,0,0,1,42750,0,0,0,1908,0,0,0,15688,0,0
4,25128943,rs1166010521,ACTT,A,gnomAD Exomes,PASS,NA,p.Lys354del,p.Lys354del,c.1060_1062delAAG,inframe_deletion,,2,109254,1.83059659142915E-05,0,0,0,7160,0,0,0,17096,0,0,0,2318,0,0,0,9040,0,0,0,13292,0,0,0,42754,0,0,0,1906,0,0,2,15688,0,0
4,25128979,rs1157027285,C,T,gnomAD Exomes,PASS,NA,p.Glu343Lys,p.Glu343Lys,c.1027G>A,missense_variant,,1,109018,9.17279715276376E-06,0,0,0,7160,0,0,1,17072,0,0,0,2320,0,0,0,9034,0,0,0,13126,0,0,0,42720,0,0,0,1902,0,0,0,15684,0,0
4,25146428,rs1266283735,T,C,gnomAD Genomes,NA,PASS,p.Asn332Asp,p.Asn332Asp,c.994A>G,missense_variant,,1,10870,9.19963201471941E-05,0,0,1,2568,0,0,0,246,0,0,0,38,0,0,0,914,0,0,0,1162,0,0,0,5518,0,0,0,424,0,0,0,0,0,0
4,25146434,rs778727132,C,G,gnomAD Exomes,PASS,NA,p.Gly330Arg,p.Gly330Arg,c.988G>C,missense_variant,,1,109364,9.14377674554698E-06,0,0,0,7160,0,0,0,17108,0,0,0,2320,0,0,0,9046,0,0,0,13364,0,0,1,42764,0,0,0,1914,0,0,0,15688,0,0
4,25146448,rs1461368206,G,C,"gnomAD Exomes,gnomAD Genomes",PASS,PASS,p.Thr325Ser,p.Thr325Ser,c.974C>G,missense_variant,,6,120220,4.99085010813509E-05,0,0,0,9728,0,0,0,17356,0,0,0,2358,0,0,0,9960,0,0,6,14514,0,0,0,48278,0,0,0,2338,0,0,0,15688,0,0
4,25146475,rs551551280,G,A,gnomAD Exomes,PASS,NA,p.Ala316Val,p.Ala316Val,c.947C>T,missense_variant,,1,109290,9.14996797511209E-06,0,0,1,7158,0,0,0,17090,0,0,0,2318,0,0,0,9038,0,0,0,13342,0,0,0,42744,0,0,0,1914,0,0,0,15686,0,0
4,25146485,rs770543320,T,C,gnomAD Exomes,PASS,NA,p.Arg313Gly,p.Arg313Gly,c.937A>G,missense_variant,,2,109242,1.83079767854854E-05,0,0,0,7156,0,0,0,17084,0,0,0,2318,0,0,0,9030,0,0,0,13314,0,0,0,42742,0,0,1,1914,0,0,1,15684,0,0
4,25146641,rs150309842,T,C,"gnomAD Exomes,gnomAD Genomes",PASS,PASS,p.Ser307Gly,p.Ser307Gly,c.919A>G,missense_variant,,26,120260,0.000216198237153,0,0,22,9730,0,0,2,17346,0,0,0,2358,0,0,0,9962,0,0,0,14556,0,0,1,48284,0,0,0,2338,0,0,1,15686,0,0
4,25146641,rs150309842,T,G,gnomAD Exomes,PASS,NA,p.Ser307Arg,p.Ser307Arg,c.919A>C,missense_variant,,1,109382,9.14227203744674E-06,0,0,0,7160,0,0,1,17100,0,0,0,2320,0,0,0,9046,0,0,0,13394,0,0,0,42762,0,0,0,1914,0,0,0,15686,0,0
4,25146648,rs774815439,C,G,gnomAD Exomes,PASS,NA,p.Gln304His,p.Gln304His,c.912G>C,missense_variant,,1,109382,9.14227203744674E-06,0,0,0,7160,0,0,0,17098,0,0,0,2320,0,0,0,9046,0,0,0,13394,0,0,1,42762,0,0,0,1914,0,0,0,15688,0,0
4,25146653,rs755041716,T,C,gnomAD Exomes,PASS,NA,p.Ile303Val,p.Ile303Val,c.907A>G,missense_variant,,2,109386,1.82838754502404E-05,0,0,0,7160,0,0,0,17102,0,0,0,2320,0,0,0,9046,0,0,0,13394,0,0,2,42762,0,0,0,1914,0,0,0,15688,0,0
4,25146668,rs768032387,A,G,gnomAD Exomes,PASS,NA,p.Phe298Leu,p.Phe298Leu,c.892T>C,missense_variant,,1,109384,9.14210487822716E-06,0,0,0,7160,0,0,0,17102,0,0,0,2320,0,0,0,9044,0,0,0,13394,0,0,1,42762,0,0,0,1914,0,0,0,15688,0,0
4,25146673,rs1005218976,G,A,gnomAD Exomes,PASS,NA,p.Ala296Val,p.Ala296Val,c.887C>T,missense_variant,,1,109388,9.14177057812557E-06,0,0,0,7160,0,0,1,17104,0,0,0,2320,0,0,0,9046,0,0,0,13394,0,0,0,42762,0,0,0,1914,0,0,0,15688,0,0
4,25146680,rs756188805,T,G,gnomAD Exomes,PASS,NA,p.Ile294Leu,p.Ile294Leu,c.880A>C,missense_variant,,1,109388,9.14177057812557E-06,0,0,0,7160,0,0,0,17104,0,0,0,2320,0,0,0,9046,0,0,0,13394,0,0,1,42762,0,0,0,1914,0,0,0,15688,0,0
4,25146688,rs1450986293,C,T,gnomAD Exomes,PASS,NA,p.Gly291Asp,p.Gly291Asp,c.872G>A,missense_variant,,1,109382,9.14227203744674E-06,0,0,0,7158,0,0,0,17100,0,0,0,2320,0,0,0,9046,0,0,1,13394,0,0,0,42762,0,0,0,1914,0,0,0,15688,0,0
4,25146694,rs1308946680,G,A,gnomAD Genomes,NA,PASS,p.Pro289Leu,p.Pro289Leu,c.866C>T,missense_variant,,1,10868,9.20132499079868E-05,0,0,0,2568,0,0,0,244,0,0,0,38,0,0,0,916,0,0,0,1160,0,0,1,5518,0,0,0,424,0,0,0,0,0,0
4,25146724,rs761035878,AC,A,gnomAD Exomes,PASS,NA,p.Val279PhefsTer12,p.Val279PhefsTer12,c.835delG,frameshift_variant,,1,109394,9.14126917381209E-06,0,0,0,7162,0,0,0,17104,0,0,0,2320,0,0,0,9046,0,0,0,13394,0,0,1,42766,0,0,0,1914,0,0,0,15688,0,0
4,25146731,rs777391592,C,T,gnomAD Exomes,PASS,NA,p.Ala277Thr,p.Ala277Thr,c.829G>A,missense_variant,,2,109392,1.82828726049437E-05,0,0,0,7164,0,0,0,17104,0,0,0,2320,0,0,0,9042,0,0,0,13394,0,0,0,42766,0,0,0,1914,0,0,2,15688,0,0
4,25146734,rs1256598588,C,G,gnomAD Exomes,PASS,NA,p.Asp276His,p.Asp276His,c.826G>C,missense_variant,,1,109390,9.14160343724289E-06,0,0,0,7162,0,0,0,17104,0,0,0,2320,0,0,0,9042,0,0,1,13394,0,0,0,42766,0,0,0,1914,0,0,0,15688,0,0
4,25146748,rs573577287,C,T,gnomAD Exomes,PASS,NA,p.Arg271Gln,p.Arg271Gln,c.812G>A,missense_variant,,1,109384,9.14210487822716E-06,0,0,0,7162,0,0,0,17098,0,0,0,2320,0,0,0,9044,0,0,0,13392,0,0,0,42766,0,0,0,1914,0,0,1,15688,0,0
4,25146749,rs745870736,G,A,gnomAD Genomes,NA,PASS,p.Arg271Ter,p.Arg271Ter,c.811C>T,stop_gained,,1,10866,9.20301859009755E-05,0,0,0,2570,0,0,0,246,0,0,0,38,0,0,1,916,0,0,0,1158,0,0,0,5514,0,0,0,424,0,0,0,0,0,0
4,25146751,rs374529844,G,GC,gnomAD Exomes,PASS,NA,p.Ala270GlyfsTer5,p.Ala270GlyfsTer5,c.808dupG,frameshift_variant,,1,109382,9.14227203744674E-06,0,0,0,7162,0,0,1,17098,0,0,0,2320,0,0,0,9042,0,0,0,13392,0,0,0,42766,0,0,0,1914,0,0,0,15688,0,0
4,25146752,rs775118151,C,A,gnomAD Exomes,PASS,NA,p.Ala270Ser,p.Ala270Ser,c.808G>T,missense_variant,,1,109384,9.14210487822716E-06,0,0,0,7162,0,0,0,17096,0,0,0,2320,0,0,0,9044,0,0,0,13394,0,0,1,42766,0,0,0,1914,0,0,0,15688,0,0
4,25153590,rs750500193,TGA,T,gnomAD Exomes,PASS,NA,p.Leu265HisfsTer9,p.Leu265HisfsTer9,c.794_795delTC,frameshift_variant,,1,109384,9.14210487822716E-06,0,0,0,7160,0,0,0,17104,0,0,0,2320,0,0,0,9046,0,0,0,13392,0,0,1,42762,0,0,0,1914,0,0,0,15686,0,0
4,25153595,rs377197666,T,A,gnomAD Exomes,PASS,NA,p.His264Leu,p.His264Leu,c.791A>T,missense_variant,,1,109388,9.14177057812557E-06,0,0,0,7160,0,0,0,17104,0,0,0,2320,0,0,0,9046,0,0,0,13392,0,0,1,42764,0,0,0,1914,0,0,0,15688,0,0
4,25153595,rs377197666,T,C,gnomAD Genomes,NA,PASS,p.His264Arg,p.His264Arg,c.791A>G,missense_variant,,1,10864,9.20471281296024E-05,0,0,0,2570,0,0,0,246,0,0,0,38,0,0,0,916,0,0,0,1162,0,0,1,5508,0,0,0,424,0,0,0,0,0,0
4,25153602,rs781193506,A,T,gnomAD Exomes,PASS,NA,p.Cys262Ser,p.Cys262Ser,c.784T>A,missense_variant,,1,109396,9.1411020512633E-06,0,0,0,7160,0,0,0,17108,0,0,0,2320,0,0,0,9046,0,0,0,13392,0,0,1,42768,0,0,0,1914,0,0,0,15688,0,0
4,25153619,rs1439114425,C,A,gnomAD Exomes,PASS,NA,p.Gly256Val,p.Gly256Val,c.767G>T,missense_variant,,2,109400,1.82815356489945E-05,0,0,0,7164,0,0,0,17106,0,0,0,2320,0,0,0,9046,0,0,0,13394,0,0,1,42768,0,0,1,1914,0,0,0,15688,0,0
4,25153620,rs779387647,C,A,gnomAD Exomes,PASS,NA,p.Gly256Ter,p.Gly256Ter,c.766G>T,stop_gained,,2,109400,1.82815356489945E-05,0,0,2,7164,0,0,0,17106,0,0,0,2320,0,0,0,9046,0,0,0,13394,0,0,0,42768,0,0,0,1914,0,0,0,15688,0,0
4,25153671,rs267607035,C,T,gnomAD Exomes,PASS,NA,p.Ala239Thr,p.Ala239Thr,c.715G>A,missense_variant,,2,109356,1.82888913274077E-05,0,0,0,7160,0,0,1,17092,0,0,1,2320,0,0,0,9044,0,0,0,13392,0,0,0,42752,0,0,0,1914,0,0,0,15682,0,0
4,25153684,rs372486102,T,A,gnomAD Exomes,PASS,NA,p.Arg234Ser,p.Arg234Ser,c.702A>T,missense_variant,,2,109328,1.82935752963559E-05,0,0,2,7160,0,0,0,17088,0,0,0,2320,0,0,0,9044,0,0,0,13386,0,0,0,42736,0,0,0,1912,0,0,0,15682,0,0
4,25156639,rs778450376,C,A,gnomAD Exomes,PASS,NA,p.Ala228Ser,p.Ala228Ser,c.682G>T,missense_variant,,2,109404,1.82808672443421E-05,0,0,0,7164,0,0,0,17112,0,0,0,2320,0,0,0,9046,0,0,0,13394,0,0,2,42766,0,0,0,1912,0,0,0,15690,0,0
4,25156650,rs1385996197,G,A,gnomAD Exomes,PASS,NA,p.Thr224Ile,p.Thr224Ile,c.671C>T,missense_variant,,1,109400,9.14076782449726E-06,0,0,0,7162,0,0,1,17112,0,0,0,2320,0,0,0,9046,0,0,0,13394,0,0,0,42764,0,0,0,1914,0,0,0,15688,0,0
4,25156651,rs771751698,T,C,gnomAD Exomes,PASS,NA,p.Thr224Ala,p.Thr224Ala,c.670A>G,missense_variant,,2,109400,1.82815356489945E-05,0,0,0,7162,0,0,0,17112,0,0,0,2320,0,0,0,9046,0,0,0,13394,0,0,0,42764,0,0,0,1914,0,0,2,15688,0,0
4,25156677,rs747414263,T,A,gnomAD Exomes,PASS,NA,p.Asp215Val,p.Asp215Val,c.644A>T,missense_variant,,1,109396,9.1411020512633E-06,0,0,0,7164,0,0,0,17112,0,0,0,2320,0,0,0,9046,0,0,0,13394,0,0,1,42758,0,0,0,1914,0,0,0,15688,0,0
4,25156683,rs1460767485,C,A,gnomAD Genomes,NA,PASS,p.Gly213Val,p.Gly213Val,c.638G>T,missense_variant,,1,10876,9.19455682236116E-05,0,0,1,2572,0,0,0,246,0,0,0,38,0,0,0,912,0,0,0,1162,0,0,0,5524,0,0,0,422,0,0,0,0,0,0
4,25156687,rs202043298,G,C,"gnomAD Exomes,gnomAD Genomes",PASS,PASS,p.Leu212Val,p.Leu212Val,c.634C>G,missense_variant,,27,120286,0.000224465025024,0,0,1,9738,0,0,1,17358,0,0,2,2358,0,0,0,9962,0,0,2,14556,0,0,13,48288,0,0,0,2338,0,0,8,15688,0,0
4,25156688,rs746421570,T,A,gnomAD Exomes,PASS,NA,p.Glu211Asp,p.Glu211Asp,c.633A>T,missense_variant,,2,109404,1.82808672443421E-05,0,0,0,7164,0,0,2,17112,0,0,0,2320,0,0,0,9046,0,0,0,13394,0,0,0,42766,0,0,0,1914,0,0,0,15688,0,0
4,25156693,rs769975711,G,A,gnomAD Exomes,PASS,NA,p.Gln210Ter,p.Gln210Ter,c.628C>T,stop_gained,,1,109402,9.14060072027934E-06,0,0,0,7160,0,0,0,17112,0,0,0,2320,0,0,0,9046,0,0,0,13394,0,0,1,42768,0,0,0,1914,0,0,0,15688,0,0
4,25156707,rs764429832,A,G,gnomAD Exomes,PASS,NA,p.Val205Ala,p.Val205Ala,c.614T>C,missense_variant,,2,109398,1.82818698696503E-05,0,0,0,7158,0,0,2,17112,0,0,0,2320,0,0,0,9046,0,0,0,13394,0,0,0,42766,0,0,0,1914,0,0,0,15688,0,0
4,25156711,rs772821993,C,T,gnomAD Exomes,PASS,NA,p.Ala204Thr,p.Ala204Thr,c.610G>A,missense_variant,,2,109396,1.82822041025266E-05,0,0,0,7160,0,0,0,17112,0,0,0,2320,0,0,0,9046,0,0,0,13394,0,0,0,42762,0,0,0,1914,0,0,2,15688,0,0
4,25156725,rs546059546,C,T,gnomAD Exomes,PASS,NA,p.Arg199His,p.Arg199His,c.596G>A,missense_variant,,1,109392,9.14143630247184E-06,0,0,0,7160,0,0,0,17112,0,0,0,2320,0,0,0,9046,0,0,0,13394,0,0,0,42758,0,0,0,1914,0,0,1,15688,0,0
4,25156725,rs546059546,C,G,gnomAD Exomes,PASS,NA,p.Arg199Pro,p.Arg199Pro,c.596G>C,missense_variant,,1,109392,9.14143630247184E-06,0,0,0,7160,0,0,1,17112,0,0,0,2320,0,0,0,9046,0,0,0,13394,0,0,0,42758,0,0,0,1914,0,0,0,15688,0,0
4,25156726,rs753799069,G,A,gnomAD Exomes,PASS,NA,p.Arg199Cys,p.Arg199Cys,c.595C>T,missense_variant,,3,109392,2.74243089074155E-05,0,0,0,7160,0,0,0,17112,0,0,0,2320,0,0,1,9046,0,0,0,13392,0,0,2,42762,0,0,0,1912,0,0,0,15688,0,0
4,25156728,rs754956032,A,G,gnomAD Exomes,PASS,NA,p.Leu198Pro,p.Leu198Pro,c.593T>C,missense_variant,,3,109396,2.74233061537899E-05,0,0,0,7162,0,0,0,17110,0,0,0,2320,0,0,0,9046,0,0,0,13394,0,0,0,42762,0,0,0,1914,0,0,3,15688,0,0
4,25156731,rs562844123,T,A,gnomAD Exomes,PASS,NA,p.Glu197Val,p.Glu197Val,c.590A>T,missense_variant,,1,109392,9.14143630247184E-06,0,0,0,7162,0,0,0,17110,0,0,0,2320,0,0,1,9046,0,0,0,13394,0,0,0,42758,0,0,0,1914,0,0,0,15688,0,0
4,25156732,rs1469760421,C,T,gnomAD Exomes,PASS,NA,p.Glu197Lys,p.Glu197Lys,c.589G>A,missense_variant,,1,109384,9.14210487822716E-06,0,0,0,7162,0,0,0,17112,0,0,0,2320,0,0,0,9046,0,0,0,13390,0,0,1,42754,0,0,0,1912,0,0,0,15688,0,0
4,25156737,rs139718374,C,T,"gnomAD Exomes,gnomAD Genomes",PASS,PASS,p.Gly195Asp,p.Gly195Asp,c.584G>A,missense_variant,,3,120276,2.4942631946523E-05,0,0,3,9734,0,0,0,17358,0,0,0,2358,0,0,0,9962,0,0,0,14556,0,0,0,48284,0,0,0,2336,0,0,0,15688,0,0
4,25156758,rs542097910,A,G,gnomAD Exomes,PASS,NA,p.Val188Ala,p.Val188Ala,c.563T>C,missense_variant,,1,109384,9.14210487822716E-06,0,0,0,7162,0,0,0,17108,0,0,0,2320,0,0,0,9046,0,0,0,13388,0,0,0,42760,0,0,0,1912,0,0,1,15688,0,0
4,25156759,rs757630688,C,A,gnomAD Exomes,PASS,NA,p.Val188Leu,p.Val188Leu,c.562G>T,missense_variant,,3,109382,2.74268161123402E-05,0,0,0,7162,0,0,0,17108,0,0,0,2320,0,0,0,9046,0,0,0,13386,0,0,0,42760,0,0,0,1912,0,0,3,15688,0,0
4,25156759,rs757630688,C,T,gnomAD Exomes,PASS,NA,p.Val188Met,p.Val188Met,c.562G>A,missense_variant,,1,109382,9.14227203744674E-06,0,0,1,7162,0,0,0,17108,0,0,0,2320,0,0,0,9046,0,0,0,13386,0,0,0,42760,0,0,0,1912,0,0,0,15688,0,0
4,25156769,rs781462134,A,C,gnomAD Exomes,PASS,NA,p.Phe184Leu,p.Phe184Leu,c.552T>G,missense_variant,,1,109366,9.14360953129857E-06,0,0,0,7162,0,0,0,17112,0,0,0,2320,0,0,0,9046,0,0,0,13370,0,0,1,42758,0,0,0,1912,0,0,0,15686,0,0
4,25156774,rs200041461,C,T,"gnomAD Exomes,gnomAD Genomes",PASS,PASS,c.548-1G>A,,c.548-1G>A,splice_acceptor_variant,,44,120204,0.000366044391202,0,0,0,9730,0,0,0,17358,0,0,0,2358,0,0,0,9958,0,0,43,14522,0,0,0,48262,0,0,1,2334,0,0,0,15682,0,0
4,25157671,rs372778114,T,C,gnomAD Exomes,PASS,NA,p.Met179Val,p.Met179Val,c.535A>G,missense_variant,,1,109392,9.14143630247184E-06,0,0,0,7162,0,0,0,17108,0,0,0,2320,0,0,0,9046,0,0,0,13386,0,0,1,42768,0,0,0,1914,0,0,0,15688,0,0
4,25157678,rs756902956,A,C,gnomAD Exomes,PASS,NA,p.Phe176Leu,p.Phe176Leu,c.528T>G,missense_variant,,1,109396,9.1411020512633E-06,0,0,0,7162,0,0,0,17110,0,0,0,2320,0,0,1,9046,0,0,0,13388,0,0,0,42768,0,0,0,1914,0,0,0,15688,0,0
4,25157695,rs746262164,C,G,gnomAD Exomes,PASS,NA,p.Asp171His,p.Asp171His,c.511G>C,missense_variant,,1,109402,9.14060072027934E-06,0,0,0,7164,0,0,0,17110,0,0,0,2320,0,0,0,9046,0,0,1,13392,0,0,0,42768,0,0,0,1914,0,0,0,15688,0,0
4,25157704,rs1339108558,G,A,gnomAD Exomes,PASS,NA,p.Pro168Ser,p.Pro168Ser,c.502C>T,missense_variant,,1,109404,9.14043362217103E-06,0,0,0,7164,0,0,1,17112,0,0,0,2320,0,0,0,9046,0,0,0,13394,0,0,0,42766,0,0,0,1914,0,0,0,15688,0,0
4,25157708,rs1271307749,T,C,gnomAD Exomes,PASS,NA,p.Ile166Met,p.Ile166Met,c.498A>G,missense_variant,,1,109406,9.14026653017202E-06,0,0,0,7164,0,0,0,17112,0,0,0,2320,0,0,0,9046,0,0,0,13394,0,0,1,42768,0,0,0,1914,0,0,0,15688,0,0
4,25157722,rs778906671,C,A,gnomAD Exomes,PASS,NA,p.Ala162Ser,p.Ala162Ser,c.484G>T,missense_variant,,1,109406,9.14026653017202E-06,0,0,0,7164,0,0,0,17112,0,0,0,2320,0,0,0,9046,0,0,0,13394,0,0,1,42768,0,0,0,1914,0,0,0,15688,0,0
4,25157727,rs748370095,G,T,gnomAD Exomes,PASS,NA,p.Pro160Gln,p.Pro160Gln,c.479C>A,missense_variant,,1,109404,9.14043362217103E-06,0,0,0,7164,0,0,1,17110,0,0,0,2320,0,0,0,9046,0,0,0,13394,0,0,0,42768,0,0,0,1914,0,0,0,15688,0,0
4,25157739,rs776438003,C,T,gnomAD Exomes,PASS,NA,p.Arg156Gln,p.Arg156Gln,c.467G>A,missense_variant,,1,109404,9.14043362217103E-06,0,0,0,7164,0,0,0,17112,0,0,0,2320,0,0,0,9046,0,0,0,13392,0,0,0,42768,0,0,0,1914,0,0,1,15688,0,0
4,25157765,rs1424858281,A,C,gnomAD Exomes,PASS,NA,p.Ser147Arg,p.Ser147Arg,c.441T>G,missense_variant,,1,109406,9.14026653017202E-06,0,0,0,7164,0,0,0,17112,0,0,0,2320,0,0,0,9046,0,0,0,13394,0,0,1,42768,0,0,0,1914,0,0,0,15688,0,0
4,25157770,,T,G,gnomAD Genomes,NA,PASS,p.Met146Leu,p.Met146Leu,c.436A>C,missense_variant,,1,10876,9.19455682236116E-05,0,0,0,2570,0,0,0,246,0,0,0,38,0,0,0,916,0,0,0,1158,0,0,1,5524,0,0,0,424,0,0,0,0,0,0
4,25157770,,TA,T,gnomAD Exomes,PASS,NA,p.Met146Ter,p.Met146Ter,c.435delT,frameshift_variant,,1,109406,9.14026653017202E-06,0,0,0,7164,0,0,0,17112,0,0,0,2320,0,0,0,9046,0,0,0,13394,0,0,1,42768,0,0,0,1914,0,0,0,15688,0,0
4,25157781,rs762928872,A,G,gnomAD Exomes,PASS,NA,p.Met142Thr,p.Met142Thr,c.425T>C,missense_variant,,3,109406,2.74207995905161E-05,0,0,1,7164,0,0,0,17112,0,0,0,2320,0,0,0,9046,0,0,0,13394,0,0,2,42768,0,0,0,1914,0,0,0,15688,0,0
4,25157782,rs79599769,T,A,gnomAD Exomes,PASS,NA,p.Met142Leu,p.Met142Leu,c.424A>T,missense_variant,,1,109406,9.14026653017202E-06,0,0,0,7164,0,0,0,17112,0,0,0,2320,0,0,0,9046,0,0,0,13394,0,0,1,42768,0,0,0,1914,0,0,0,15688,0,0
4,25157782,rs79599769,T,C,"gnomAD Exomes,gnomAD Genomes",PASS,PASS,p.Met142Val,p.Met142Val,c.424A>G,missense_variant,,9,120272,7.48303844618864E-05,0,0,2,9730,0,0,2,17358,0,0,0,2358,0,0,0,9962,0,0,0,14552,0,0,5,48286,0,0,0,2338,0,0,0,15688,0,0
4,25157799,rs767085246,T,C,gnomAD Exomes,PASS,NA,p.Asn136Ser,p.Asn136Ser,c.407A>G,missense_variant,,1,109404,9.14043362217103E-06,0,0,0,7164,0,0,0,17112,0,0,0,2320,0,0,1,9046,0,0,0,13392,0,0,0,42768,0,0,0,1914,0,0,0,15688,0,0
4,25157814,rs142338876,A,G,"gnomAD Exomes,gnomAD Genomes",PASS,PASS,p.Val131Ala,p.Val131Ala,c.392T>C,missense_variant,,13,120270,0.00010809013054,0,0,13,9728,0,0,0,17358,0,0,0,2358,0,0,0,9962,0,0,0,14548,0,0,0,48290,0,0,0,2338,0,0,0,15688,0,0
4,25157814,rs142338876,A,T,gnomAD Exomes,PASS,NA,p.Val131Asp,p.Val131Asp,c.392T>A,missense_variant,,1,109400,9.14076782449726E-06,0,0,0,7164,0,0,0,17112,0,0,0,2320,0,0,0,9046,0,0,0,13388,0,0,1,42768,0,0,0,1914,0,0,0,15688,0,0
4,25157817,rs1004182733,C,T,gnomAD Exomes,PASS,NA,p.Gly130Asp,p.Gly130Asp,c.389G>A,missense_variant,,1,109400,9.14076782449726E-06,0,0,0,7164,0,0,0,17112,0,0,0,2320,0,0,0,9046,0,0,0,13388,0,0,1,42768,0,0,0,1914,0,0,0,15688,0,0
4,25158487,rs779779366,T,C,gnomAD Exomes,PASS,NA,p.Lys127Glu,p.Lys127Glu,c.379A>G,missense_variant,,1,109392,9.14143630247184E-06,0,0,1,7164,0,0,0,17110,0,0,0,2320,0,0,0,9046,0,0,0,13386,0,0,0,42768,0,0,0,1914,0,0,0,15684,0,0
4,25158493,rs749054120,T,G,gnomAD Exomes,PASS,NA,p.Ile125Leu,p.Ile125Leu,c.373A>C,missense_variant,,5,109396,4.57055102563165E-05,0,0,0,7162,0,0,5,17110,0,0,0,2320,0,0,0,9046,0,0,0,13390,0,0,0,42768,0,0,0,1914,0,0,0,15686,0,0
4,25158502,rs1461670232,C,T,gnomAD Exomes,PASS,NA,p.Val122Ile,p.Val122Ile,c.364G>A,missense_variant,,1,109402,9.14060072027934E-06,0,0,1,7162,0,0,0,17112,0,0,0,2320,0,0,0,9046,0,0,0,13392,0,0,0,42768,0,0,0,1914,0,0,0,15688,0,0
4,25158508,rs748171942,A,G,gnomAD Exomes,PASS,NA,p.Ser120Pro,p.Ser120Pro,c.358T>C,missense_variant,,1,109406,9.14026653017202E-06,0,0,0,7164,0,0,0,17112,0,0,0,2320,0,0,0,9046,0,0,0,13392,0,0,0,42768,0,0,0,1914,0,0,1,15690,0,0
4,25158510,rs1481503880,T,A,gnomAD Exomes,PASS,NA,p.Asn119Ile,p.Asn119Ile,c.356A>T,missense_variant,,1,109408,9.14009944428195E-06,0,0,0,7164,0,0,0,17112,0,0,0,2320,0,0,0,9046,0,0,0,13394,0,0,1,42768,0,0,0,1914,0,0,0,15690,0,0
4,25158515,rs771457920,A,C,gnomAD Exomes,PASS,NA,p.Ile117Met,p.Ile117Met,c.351T>G,missense_variant,,1,109406,9.14026653017202E-06,0,0,0,7164,0,0,0,17112,0,0,0,2320,0,0,1,9046,0,0,0,13392,0,0,0,42768,0,0,0,1914,0,0,0,15690,0,0
4,25158544,,C,T,gnomAD Exomes,PASS,NA,p.Ala108Thr,p.Ala108Thr,c.322G>A,missense_variant,,1,109388,9.14177057812557E-06,0,0,0,7164,0,0,0,17112,0,0,0,2320,0,0,0,9046,0,0,0,13374,0,0,1,42768,0,0,0,1914,0,0,0,15690,0,0
4,25158551,rs1356620262,T,G,gnomAD Exomes,PASS,NA,p.Gln105His,p.Gln105His,c.315A>C,missense_variant,,3,109408,2.74202983328459E-05,0,0,0,7164,0,0,3,17112,0,0,0,2320,0,0,0,9046,0,0,0,13394,0,0,0,42768,0,0,0,1914,0,0,0,15690,0,0
4,25158553,rs753121056,G,A,gnomAD Exomes,PASS,NA,p.Gln105Ter,p.Gln105Ter,c.313C>T,stop_gained,,4,109398,3.65637397393005E-05,0,0,0,7164,0,0,0,17112,0,0,0,2320,0,0,0,9046,0,0,2,13384,0,0,2,42768,0,0,0,1914,0,0,0,15690,0,0
4,25158559,rs1371526602,C,A,gnomAD Exomes,PASS,NA,p.Ala103Ser,p.Ala103Ser,c.307G>T,missense_variant,,1,109408,9.14009944428195E-06,0,0,0,7164,0,0,0,17112,0,0,0,2320,0,0,0,9046,0,0,0,13394,0,0,1,42768,0,0,0,1914,0,0,0,15690,0,0
4,25158567,rs758982247,T,C,gnomAD Exomes,PASS,NA,p.Asp100Gly,p.Asp100Gly,c.299A>G,missense_variant,,4,109404,3.65617344886841E-05,0,0,1,7164,0,0,0,17112,0,0,0,2320,0,0,0,9046,0,0,0,13390,0,0,3,42768,0,0,0,1914,0,0,0,15690,0,0
4,25158571,rs764116710,C,A,gnomAD Exomes,PASS,NA,p.Gly99Cys,p.Gly99Cys,c.295G>T,missense_variant,,1,109392,9.14143630247184E-06,0,0,0,7164,0,0,0,17112,0,0,0,2320,0,0,0,9046,0,0,0,13378,0,0,0,42768,0,0,1,1914,0,0,0,15690,0,0
4,25158583,rs1205037339,T,C,gnomAD Exomes,PASS,NA,p.Ile95Val,p.Ile95Val,c.283A>G,missense_variant,,3,109396,2.74233061537899E-05,0,0,0,7164,0,0,0,17112,0,0,0,2320,0,0,0,9046,0,0,0,13384,0,0,0,42766,0,0,0,1914,0,0,3,15690,0,0
4,25158589,rs151255181,G,A,gnomAD Exomes,PASS,NA,p.His93Tyr,p.His93Tyr,c.277C>T,missense_variant,,1,109386,9.14193772512022E-06,0,0,0,7164,0,0,0,17110,0,0,0,2320,0,0,0,9046,0,0,0,13376,0,0,1,42766,0,0,0,1914,0,0,0,15690,0,0
4,25160570,rs767645681,G,A,gnomAD Exomes,PASS,NA,p.Leu177Phe,p.Leu177Phe,c.529C>T,missense_variant,,1,108520,9.21489126428308E-06,0,0,0,7136,0,0,0,17048,0,0,0,2320,0,0,0,8638,0,0,0,13298,0,0,0,42510,0,0,0,1894,0,0,1,15676,0,0
4,25160572,rs773849459,T,C,gnomAD Exomes,PASS,NA,p.Tyr176Cys,p.Tyr176Cys,c.527A>G,missense_variant,,1,108520,9.21489126428308E-06,0,0,0,7136,0,0,1,17046,0,0,0,2320,0,0,0,8638,0,0,0,13298,0,0,0,42512,0,0,0,1894,0,0,0,15676,0,0
4,25160580,rs756402081,A,T,gnomAD Exomes,PASS,NA,p.His88Gln,p.His88Gln,c.264T>A,missense_variant,,1,108524,9.21455161991818E-06,0,0,0,7136,0,0,0,17050,0,0,0,2320,0,0,0,8638,0,0,0,13300,0,0,1,42512,0,0,0,1894,0,0,0,15674,0,0
4,25160584,,C,T,gnomAD Exomes,PASS,NA,p.Arg87His,p.Arg87His,c.260G>A,missense_variant,,1,108526,9.21438180712456E-06,0,0,0,7136,0,0,1,17050,0,0,0,2320,0,0,0,8638,0,0,0,13300,0,0,0,42512,0,0,0,1894,0,0,0,15676,0,0
4,25160596,rs1403661966,A,G,gnomAD Exomes,PASS,NA,p.Leu83Pro,p.Leu83Pro,c.248T>C,missense_variant,,1,108530,9.21404220031328E-06,0,0,0,7136,0,0,0,17054,0,0,0,2320,0,0,0,8638,0,0,0,13300,0,0,0,42512,0,0,0,1894,0,0,1,15676,0,0
4,25160602,rs1296811065,G,C,gnomAD Exomes,PASS,NA,p.Ser81Cys,p.Ser81Cys,c.242C>G,missense_variant,,1,108530,9.21404220031328E-06,0,0,0,7136,0,0,0,17054,0,0,0,2320,0,0,0,8638,0,0,0,13300,0,0,1,42512,0,0,0,1894,0,0,0,15676,0,0
4,25160618,rs1247983324,C,T,gnomAD Exomes,PASS,NA,p.Glu76Lys,p.Glu76Lys,c.226G>A,missense_variant,,1,108528,9.21421200058971E-06,0,0,0,7136,0,0,0,17052,0,0,0,2320,0,0,0,8638,0,0,0,13300,0,0,0,42512,0,0,0,1894,0,0,1,15676,0,0
4,25160627,rs777858037,C,T,gnomAD Exomes,PASS,NA,p.Gly73Arg,p.Gly73Arg,c.217G>A,missense_variant,,1,108530,9.21404220031328E-06,0,0,0,7136,0,0,0,17054,0,0,0,2320,0,0,0,8638,0,0,0,13300,0,0,0,42512,0,0,1,1894,0,0,0,15676,0,0
4,25160638,rs1226264587,T,C,gnomAD Exomes,PASS,NA,p.Asn69Ser,p.Asn69Ser,c.206A>G,missense_variant,,2,108530,1.84280844006266E-05,0,0,0,7136,0,0,1,17054,0,0,0,2320,0,0,0,8638,0,0,0,13300,0,0,1,42512,0,0,0,1894,0,0,0,15676,0,0
4,25160650,rs747000475,T,C,gnomAD Exomes,PASS,NA,p.Asn65Ser,p.Asn65Ser,c.194A>G,missense_variant,,2,108530,1.84280844006266E-05,0,0,0,7136,0,0,0,17054,0,0,0,2320,0,0,2,8638,0,0,0,13300,0,0,0,42512,0,0,0,1894,0,0,0,15676,0,0
4,25160666,rs780793316,T,C,gnomAD Exomes,PASS,NA,p.Ile60Val,p.Ile60Val,c.178A>G,missense_variant,,1,108530,9.21404220031328E-06,0,0,0,7136,0,0,1,17054,0,0,0,2320,0,0,0,8638,0,0,0,13300,0,0,0,42512,0,0,0,1894,0,0,0,15676,0,0
4,25160668,rs193096404,G,C,gnomAD Exomes,PASS,NA,p.Ala59Gly,p.Ala59Gly,c.176C>G,missense_variant,,1,108530,9.21404220031328E-06,0,0,0,7136,0,0,1,17054,0,0,0,2320,0,0,0,8638,0,0,0,13300,0,0,0,42512,0,0,0,1894,0,0,0,15676,0,0
4,25160679,rs1471893777,TAA,T,gnomAD Exomes,PASS,NA,p.Leu55ThrfsTer2,p.Leu55ThrfsTer2,c.163_164delTT,frameshift_variant,,2,108508,1.84318206952483E-05,0,0,0,7132,0,0,1,17054,0,0,0,2318,0,0,0,8638,0,0,0,13300,0,0,0,42496,0,0,0,1894,0,0,1,15676,0,0
4,25160680,rs1160544672,A,G,gnomAD Exomes,PASS,NA,p.Leu55Ser,p.Leu55Ser,c.164T>C,missense_variant,,1,108530,9.21404220031328E-06,0,0,0,7136,0,0,0,17054,0,0,0,2320,0,0,0,8638,0,0,0,13300,0,0,1,42512,0,0,0,1894,0,0,0,15676,0,0
4,25160687,rs763307962,G,C,gnomAD Exomes,PASS,NA,p.Leu53Val,p.Leu53Val,c.157C>G,missense_variant,,1,108474,9.21879897486955E-06,0,0,0,7130,0,0,0,17046,0,0,0,2318,0,0,0,8638,0,0,0,13298,0,0,1,42476,0,0,0,1894,0,0,0,15674,0,0
4,25160692,rs1386436555,A,G,gnomAD Exomes,PASS,NA,p.Leu51Pro,p.Leu51Pro,c.152T>C,missense_variant,,1,108504,9.2162500921625E-06,0,0,0,7136,0,0,1,17040,0,0,0,2320,0,0,0,8636,0,0,0,13300,0,0,0,42504,0,0,0,1894,0,0,0,15674,0,0
4,25160704,rs774829549,T,C,gnomAD Genomes,NA,PASS,p.Asp47Gly,p.Asp47Gly,c.140A>G,missense_variant,,5,10570,0.000473036896878,0,0,5,2512,0,0,0,242,0,0,0,36,0,0,0,912,0,0,0,1120,0,0,0,5344,0,0,0,404,0,0,0,0,0,0
4,25160710,rs762359156,C,A,gnomAD Exomes,PASS,NA,p.Gly45Val,p.Gly45Val,c.134G>T,missense_variant,,1,108030,9.25668795704897E-06,0,0,0,7126,0,0,0,16976,0,0,0,2302,0,0,0,8620,0,0,0,13284,0,0,1,42320,0,0,0,1884,0,0,0,15518,0,0
4,25160711,rs1445299367,C,T,gnomAD Exomes,PASS,NA,p.Gly45Ser,p.Gly45Ser,c.133G>A,missense_variant,,1,108042,9.25565983598971E-06,0,0,0,7122,0,0,0,16976,0,0,0,2302,0,0,0,8614,0,0,0,13288,0,0,1,42336,0,0,0,1884,0,0,0,15520,0,0
4,25160720,rs760762353,G,T,gnomAD Exomes,PASS,NA,p.Pro42Thr,p.Pro42Thr,c.124C>A,missense_variant,,2,103920,1.92455735180908E-05,0,0,0,6966,0,0,2,15888,0,0,0,2194,0,0,0,8500,0,0,0,13206,0,0,0,41512,0,0,0,1782,0,0,0,13872,0,0
4,25160730,rs1204867394,C,A,gnomAD Exomes,PASS,NA,c.115-1G>T,,c.115-1G>T,splice_acceptor_variant,lcr,0,78292,0,0,0,0,4420,0,0,0,9894,0,0,0,1518,0,0,0,6260,0,0,0,12048,0,0,0,31946,0,0,0,1356,0,0,0,10850,0,0
4,25160730,rs1204867394,C,T,gnomAD Exomes,PASS,NA,c.115-1G>A,,c.115-1G>A,splice_acceptor_variant,lcr,1,78292,1.2772697082716E-05,0,0,0,4420,0,0,0,9894,0,0,0,1518,0,0,0,6260,0,0,1,12048,0,0,0,31946,0,0,0,1356,0,0,0,10850,0,0
4,25161143,rs1377071374,G,A,gnomAD Exomes,PASS,NA,p.Arg120Trp,p.Arg120Trp,c.358C>T,missense_variant,,0,40398,0,0,0,0,1368,0,0,0,9854,0,0,0,1078,0,0,0,2738,0,0,0,1332,0,0,0,13736,0,0,0,952,0,0,0,9340,0,0
4,25161154,rs772657717,A,T,gnomAD Exomes,PASS,NA,p.Phe116Tyr,p.Phe116Tyr,c.347T>A,missense_variant,,2,41204,4.85389767983691E-05,0,0,0,1330,0,0,0,9974,0,0,0,1118,0,0,0,2634,0,0,0,1378,0,0,0,14082,0,0,0,990,0,0,2,9698,0,0
4,25161162,rs1248247401,G,T,gnomAD Genomes,NA,PASS,p.Phe113Leu,p.Phe113Leu,c.339C>A,missense_variant,,1,10878,9.19286633572348E-05,0,0,0,2572,0,0,0,246,0,0,0,38,0,0,1,916,0,0,0,1162,0,0,0,5520,0,0,0,424,0,0,0,0,0,0
4,25161172,rs544841745,T,C,gnomAD Exomes,PASS,NA,p.Asp110Gly,p.Asp110Gly,c.329A>G,missense_variant,,37,41476,0.000892082168001,0,0,0,1258,0,0,0,10084,0,0,0,1162,0,0,0,2458,0,0,0,1424,0,0,0,14222,0,0,0,942,0,0,37,9926,0,0
4,25161178,rs1047702507,GA,G,"gnomAD Exomes,gnomAD Genomes",PASS,PASS,p.Ser108GlnfsTer45,p.Ser108GlnfsTer45,c.322delT,frameshift_variant,lof_flag,9,52516,0.000171376342448,0,0,0,3814,0,0,0,10388,0,0,0,1224,0,0,8,3338,0,0,0,2604,0,0,0,19772,0,0,1,1372,0,0,0,10004,0,0
4,25161257,rs7676783,G,T,"gnomAD Exomes,gnomAD Genomes",PASS,PASS,p.His82Asn,p.His82Asn,c.244C>A,missense_variant,,179,35028,0.005110197556241,4,0,142,3320,4,0,20,7160,0,0,7,542,0,0,0,2474,0,0,0,1992,0,0,3,12910,0,0,5,1058,0,0,2,5572,0,0
4,25161265,rs897711643,G,A,gnomAD Exomes,PASS,NA,p.Ala79Val,p.Ala79Val,c.236C>T,missense_variant,,1,19454,5.1403310373188E-05,0,0,0,644,0,0,0,6148,0,0,0,338,0,0,0,1364,0,0,0,578,0,0,1,5430,0,0,0,526,0,0,0,4426,0,0
4,25161271,rs1367123478,G,A,"gnomAD Exomes,gnomAD Genomes",PASS,PASS,p.Thr77Ile,p.Thr77Ile,c.230C>T,missense_variant,,9,27498,0.000327296530657,0,0,0,3154,0,0,0,5608,0,0,0,262,0,0,0,2142,0,0,8,1626,0,0,1,10004,0,0,0,886,0,0,0,3816,0,0
4,25161272,rs1424916975,T,C,gnomAD Exomes,PASS,NA,p.Thr77Ala,p.Thr77Ala,c.229A>G,missense_variant,,0,14068,0,0,0,0,474,0,0,0,4556,0,0,0,160,0,0,0,1010,0,0,0,416,0,0,0,3796,0,0,0,384,0,0,0,3272,0,0
4,25161280,rs574623800,G,A,"gnomAD Exomes,gnomAD Genomes",PASS,PASS,p.Ala74Val,p.Ala74Val,c.221C>T,missense_variant,,74,21944,0.003372220196865,2,0,11,2932,0,0,0,3842,0,0,0,158,0,0,1,1710,0,0,0,1472,0,0,0,8420,0,0,1,734,0,0,61,2676,2,0
4,25161281,rs887422477,C,T,gnomAD Exomes,PASS,NA,p.Ala74Thr,p.Ala74Thr,c.220G>A,missense_variant,,3,10730,0.000279589934762,0,0,0,332,0,0,3,3500,0,0,0,120,0,0,0,718,0,0,0,324,0,0,0,2806,0,0,0,304,0,0,0,2626,0,0
4,25161286,rs759877745,C,T,gnomAD Exomes,PASS,NA,p.Arg72Gln,p.Arg72Gln,c.215G>A,missense_variant,,4,8598,0.000465224470807,0,0,0,252,0,0,0,2722,0,0,3,104,0,0,0,584,0,0,0,250,0,0,1,2256,0,0,0,242,0,0,0,2188,0,0
4,25161289,rs1017744178,G,A,gnomAD Exomes,PASS,NA,p.Ser71Phe,p.Ser71Phe,c.212C>T,missense_variant,,0,7914,0,0,0,0,234,0,0,0,2446,0,0,0,100,0,0,0,524,0,0,0,252,0,0,0,2098,0,0,0,214,0,0,0,2046,0,0
4,25161295,rs901612017,G,A,gnomAD Exomes,PASS,NA,p.Ser69Leu,p.Ser69Leu,c.206C>T,missense_variant,,0,8114,0,0,0,0,238,0,0,0,2558,0,0,0,98,0,0,0,546,0,0,0,244,0,0,0,2088,0,0,0,230,0,0,0,2112,0,0
4,25161329,rs865924403,G,GGCTGCAGTGAGCCGAGATCGTCAC,"gnomAD Exomes,gnomAD Genomes",PASS,PASS,p.Val50_Ser57dup,p.Val50_Ser57dup,c.148_171dupGTGACGATCTCGGCTCACTGCAGC,inframe_insertion,,0,17388,0,0,0,0,2746,0,0,0,1954,0,0,0,110,0,0,0,1336,0,0,0,1404,0,0,0,7658,0,0,0,588,0,0,0,1592,0,0
4,25161384,rs1032581186,ACT,A,gnomAD Exomes,PASS,NA,p.Leu40ArgfsTer62,p.Leu40ArgfsTer62,c.115_116delAG,frameshift_variant,lof_flag,1,5958,0.00016784155757,0,0,0,406,0,0,0,1576,0,0,0,44,0,0,0,810,0,0,0,26,0,0,1,1510,0,0,0,184,0,0,0,1402,0,0
4,25161883,rs1174327606,C,G,gnomAD Exomes,PASS,NA,p.Glu37Gln,p.Glu37Gln,c.109G>C,missense_variant,,1,67828,1.47431739104794E-05,0,0,0,3040,0,0,1,12842,0,0,0,1508,0,0,0,4854,0,0,0,11464,0,0,0,21002,0,0,0,1374,0,0,0,11744,0,0
4,25161898,rs369863497,T,C,"gnomAD Exomes,gnomAD Genomes",PASS,PASS,p.Ile32Val,p.Ile32Val,c.94A>G,missense_variant,,9,79270,0.000113536016147,0,0,3,5668,0,0,3,13126,0,0,0,1548,0,0,0,5900,0,0,0,12650,0,0,2,26798,0,0,1,1800,0,0,0,11780,0,0
4,25161908,rs532571185,A,G,gnomAD Exomes,PASS,NA,p.Met1?,p.Met1?,c.2T>C,start_lost,,10,67144,0.000148933635172,0,0,0,2986,0,0,0,12698,0,0,0,1496,0,0,0,4794,0,0,0,11450,0,0,0,20698,0,0,0,1370,0,0,10,11652,0,0
4,25161909,rs776881142,T,C,gnomAD Exomes,PASS,NA,p.Met1?,p.Met1?,c.1A>G,start_lost,,2,66932,2.98810733281539E-05,0,0,0,2964,0,0,0,12684,0,0,0,1494,0,0,0,4758,0,0,0,11436,0,0,1,20600,0,0,1,1364,0,0,0,11632,0,0
4,25161912,rs1025671757,G,A,gnomAD Exomes,PASS,NA,p.Ser27Leu,p.Ser27Leu,c.80C>T,missense_variant,,0,65290,0,0,0,0,2792,0,0,0,12426,0,0,0,1474,0,0,0,4396,0,0,0,11382,0,0,0,19984,0,0,0,1348,0,0,0,11488,0,0
4,25161912,rs1025671757,G,C,gnomAD Exomes,PASS,NA,p.Ser27Trp,p.Ser27Trp,c.80C>G,missense_variant,,0,65290,0,0,0,0,2792,0,0,0,12426,0,0,0,1474,0,0,0,4396,0,0,0,11382,0,0,0,19984,0,0,0,1348,0,0,0,11488,0,0
4,25161915,rs759782354,C,T,gnomAD Exomes,PASS,NA,p.Arg26His,p.Arg26His,c.77G>A,missense_variant,,0,64804,0,0,0,0,2732,0,0,0,12370,0,0,0,1468,0,0,0,4332,0,0,0,11364,0,0,0,19764,0,0,0,1344,0,0,0,11430,0,0
4,25161918,rs564871717,C,T,gnomAD Exomes,PASS,NA,p.Arg25His,p.Arg25His,c.74G>A,missense_variant,,1,64618,1.54755640843109E-05,0,0,0,2718,0,0,1,12366,0,0,0,1466,0,0,0,4294,0,0,0,11360,0,0,0,19682,0,0,0,1346,0,0,0,11386,0,0
4,25161918,rs564871717,C,A,gnomAD Exomes,PASS,NA,p.Arg25Leu,p.Arg25Leu,c.74G>T,missense_variant,,4,64618,6.19022563372435E-05,0,0,1,2718,0,0,3,12366,0,0,0,1466,0,0,0,4294,0,0,0,11360,0,0,0,19682,0,0,0,1346,0,0,0,11386,0,0
4,25161921,rs1481785686,G,A,gnomAD Exomes,PASS,NA,p.Ala24Val,p.Ala24Val,c.71C>T,missense_variant,,1,64308,1.55501648317472E-05,0,0,0,2672,0,0,0,12330,0,0,0,1462,0,0,0,4248,0,0,0,11344,0,0,0,19574,0,0,0,1344,0,0,1,11334,0,0
4,25161931,rs1246798934,C,A,gnomAD Exomes,PASS,NA,p.Gly21Cys,p.Gly21Cys,c.61G>T,missense_variant,,1,63666,1.57069707536205E-05,0,0,0,2610,0,0,0,12244,0,0,0,1454,0,0,0,4184,0,0,0,11298,0,0,1,19332,0,0,0,1336,0,0,0,11208,0,0
4,25161933,rs1023002702,T,C,gnomAD Exomes,PASS,NA,p.Gln20Arg,p.Gln20Arg,c.59A>G,missense_variant,,1,63522,1.57425773747678E-05,0,0,0,2600,0,0,1,12214,0,0,0,1454,0,0,0,4176,0,0,0,11284,0,0,0,19280,0,0,0,1332,0,0,0,11182,0,0
4,25161936,rs1450522568,C,G,gnomAD Exomes,PASS,NA,p.Arg19Pro,p.Arg19Pro,c.56G>C,missense_variant,,1,63404,1.57718755914453E-05,0,0,0,2572,0,0,0,12202,0,0,0,1454,0,0,0,4158,0,0,0,11262,0,0,0,19250,0,0,0,1336,0,0,1,11170,0,0
4,25161937,rs1168191667,G,A,gnomAD Exomes,PASS,NA,p.Arg19Trp,p.Arg19Trp,c.55C>T,missense_variant,,0,63358,0,0,0,0,2568,0,0,0,12192,0,0,0,1454,0,0,0,4156,0,0,0,11248,0,0,0,19244,0,0,0,1336,0,0,0,11160,0,0
4,25161940,rs1388610221,C,T,gnomAD Exomes,PASS,NA,p.Val18Met,p.Val18Met,c.52G>A,missense_variant,,1,63260,1.58077774264938E-05,0,0,0,2554,0,0,1,12176,0,0,0,1452,0,0,0,4144,0,0,0,11242,0,0,0,19232,0,0,0,1332,0,0,0,11128,0,0
4,25161942,rs1324206876,T,G,gnomAD Exomes,PASS,NA,p.Tyr17Ser,p.Tyr17Ser,c.50A>C,missense_variant,,1,63352,1.57848213158227E-05,0,0,0,2558,0,0,0,12194,0,0,0,1454,0,0,0,4154,0,0,0,11276,0,0,1,19242,0,0,0,1336,0,0,0,11138,0,0
4,25161946,rs1349398235,C,G,gnomAD Exomes,PASS,NA,p.Ala16Pro,p.Ala16Pro,c.46G>C,missense_variant,,1,63298,1.57982874656387E-05,0,0,0,2560,0,0,0,12180,0,0,0,1454,0,0,1,4156,0,0,0,11256,0,0,0,19238,0,0,0,1338,0,0,0,11116,0,0
4,25161948,rs756050406,G,A,gnomAD Exomes,PASS,NA,p.Pro15Leu,p.Pro15Leu,c.44C>T,missense_variant,,2,63270,3.16105579263474E-05,0,0,0,2562,0,0,0,12190,0,0,0,1452,0,0,0,4152,0,0,2,11242,0,0,0,19226,0,0,0,1338,0,0,0,11108,0,0
4,25161960,rs963475810,C,G,"gnomAD Exomes,gnomAD Genomes",PASS,PASS,p.Arg11Pro,p.Arg11Pro,c.32G>C,missense_variant,,5,74504,6.71104907119081E-05,0,0,0,5216,0,0,5,12474,0,0,0,1490,0,0,0,5102,0,0,0,12510,0,0,0,24752,0,0,0,1760,0,0,0,11200,0,0
4,25161984,rs536515375,C,A,gnomAD Exomes,PASS,NA,p.Arg3Leu,p.Arg3Leu,c.8G>T,missense_variant,,1,64142,1.55904087805182E-05,0,0,0,2726,0,0,0,12280,0,0,0,1454,0,0,1,4348,0,0,0,11388,0,0,0,19332,0,0,0,1342,0,0,0,11272,0,0
4,25161990,rs1188260847,A,C,gnomAD Exomes,PASS,NA,p.Met1?,p.Met1?,c.2T>G,start_lost,,1,64102,1.56001372812081E-05,0,0,0,2714,0,0,0,12262,0,0,0,1454,0,0,0,4342,0,0,1,11392,0,0,0,19326,0,0,0,1344,0,0,0,11268,0,0
4,25161991,rs1025711998,T,C,gnomAD Exomes,PASS,NA,p.Met1?,p.Met1?,c.1A>G,start_lost,,2,64076,3.12129346401149E-05,0,0,0,2712,0,0,0,12258,0,0,0,1454,0,0,0,4336,0,0,0,11386,0,0,2,19324,0,0,0,1346,0,0,0,11260,0,0
