Chromosome,Position,rsID,Reference,Alternate,Source,Filters - exomes,Filters - genomes,Consequence,Protein Consequence,Transcript Consequence,Annotation,Flags,Allele Count,Allele Number,Allele Frequency,Homozygote Count,Hemizygote Count,Allele Count African,Allele Number African,Homozygote Count African,Hemizygote Count African,Allele Count Latino,Allele Number Latino,Homozygote Count Latino,Hemizygote Count Latino,Allele Count Ashkenazi Jewish,Allele Number Ashkenazi Jewish,Homozygote Count Ashkenazi Jewish,Hemizygote Count Ashkenazi Jewish,Allele Count East Asian,Allele Number East Asian,Homozygote Count East Asian,Hemizygote Count East Asian,Allele Count European (Finnish),Allele Number European (Finnish),Homozygote Count European (Finnish),Hemizygote Count European (Finnish),Allele Count European (non-Finnish),Allele Number European (non-Finnish),Homozygote Count European (non-Finnish),Hemizygote Count European (non-Finnish),Allele Count Other,Allele Number Other,Homozygote Count Other,Hemizygote Count Other,Allele Count South Asian,Allele Number South Asian,Homozygote Count South Asian,Hemizygote Count South Asian
3,49061827,rs763525578,G,A,gnomAD Exomes,PASS,NA,p.Arg512Trp,p.Arg512Trp,c.1534C>T,missense_variant,,2,109402,1.82812014405587E-05,0,0,0,7162,0,0,0,17108,0,0,0,2320,0,0,1,9046,0,0,0,13394,0,0,0,42768,0,0,0,1914,0,0,1,15690,0,0
3,49061927,rs748863433,C,T,gnomAD Exomes,PASS,NA,c.1523+1G>A,,c.1523+1G>A,splice_donor_variant,,1,109406,9.14026653017202E-06,0,0,0,7164,0,0,1,17110,0,0,0,2320,0,0,0,9046,0,0,0,13394,0,0,0,42768,0,0,0,1914,0,0,0,15690,0,0
3,49061928,rs750101189,G,A,gnomAD Exomes,PASS,NA,p.Ser508Leu,p.Ser508Leu,c.1523C>T,missense_variant,,1,109408,9.14009944428195E-06,0,0,0,7164,0,0,0,17112,0,0,0,2320,0,0,0,9046,0,0,0,13394,0,0,1,42768,0,0,0,1914,0,0,0,15690,0,0
3,49061935,rs1210637527,G,T,gnomAD Exomes,PASS,NA,p.Leu506Ile,p.Leu506Ile,c.1516C>A,missense_variant,,1,109408,9.14009944428195E-06,0,0,1,7164,0,0,0,17112,0,0,0,2320,0,0,0,9046,0,0,0,13394,0,0,0,42768,0,0,0,1914,0,0,0,15690,0,0
3,49061944,rs201681745,C,T,gnomAD Exomes,PASS,NA,p.Val503Ile,p.Val503Ile,c.1507G>A,missense_variant,,1,109408,9.14009944428195E-06,0,0,0,7164,0,0,0,17112,0,0,0,2320,0,0,1,9046,0,0,0,13394,0,0,0,42768,0,0,0,1914,0,0,0,15690,0,0
3,49061990,rs746104988,C,G,gnomAD Exomes,PASS,NA,p.Glu487Asp,p.Glu487Asp,c.1461G>C,missense_variant,,1,109406,9.14026653017202E-06,0,0,0,7164,0,0,0,17112,0,0,0,2320,0,0,0,9046,0,0,0,13392,0,0,1,42768,0,0,0,1914,0,0,0,15690,0,0
3,49062092,rs1310249336,C,T,gnomAD Exomes,PASS,NA,p.Arg480Gln,p.Arg480Gln,c.1439G>A,missense_variant,,1,109402,9.14060072027934E-06,0,0,0,7164,0,0,0,17112,0,0,0,2320,0,0,0,9046,0,0,0,13390,0,0,1,42766,0,0,0,1914,0,0,0,15690,0,0
3,49062093,rs761159150,G,A,gnomAD Genomes,NA,PASS,p.Arg480Ter,p.Arg480Ter,c.1438C>T,stop_gained,,1,10872,9.19793966151582E-05,0,0,0,2568,0,0,0,246,0,0,0,38,0,0,0,916,0,0,0,1162,0,0,0,5518,0,0,1,424,0,0,0,0,0,0
3,49062096,rs764359655,C,T,gnomAD Exomes,PASS,NA,p.Val479Ile,p.Val479Ile,c.1435G>A,missense_variant,,1,109404,9.14043362217103E-06,0,0,0,7164,0,0,0,17112,0,0,0,2320,0,0,0,9046,0,0,0,13394,0,0,1,42764,0,0,0,1914,0,0,0,15690,0,0
3,49062106,rs754372656,G,T,gnomAD Exomes,PASS,NA,p.Ser475Arg,p.Ser475Arg,c.1425C>A,missense_variant,,1,109408,9.14009944428195E-06,0,0,0,7164,0,0,1,17112,0,0,0,2320,0,0,0,9046,0,0,0,13394,0,0,0,42768,0,0,0,1914,0,0,0,15690,0,0
3,49062146,rs1254463673,G,C,gnomAD Exomes,PASS,NA,p.Ala462Gly,p.Ala462Gly,c.1385C>G,missense_variant,,1,109408,9.14009944428195E-06,0,0,0,7164,0,0,0,17112,0,0,0,2320,0,0,0,9046,0,0,0,13394,0,0,1,42768,0,0,0,1914,0,0,0,15690,0,0
3,49062149,rs753191118,A,G,gnomAD Exomes,PASS,NA,p.Ile461Thr,p.Ile461Thr,c.1382T>C,missense_variant,,1,109408,9.14009944428195E-06,0,0,0,7164,0,0,0,17112,0,0,0,2320,0,0,1,9046,0,0,0,13394,0,0,0,42768,0,0,0,1914,0,0,0,15690,0,0
3,49062164,rs1422557723,A,C,gnomAD Exomes,PASS,NA,p.Phe456Cys,p.Phe456Cys,c.1367T>G,missense_variant,,1,109408,9.14009944428195E-06,0,0,0,7164,0,0,0,17112,0,0,0,2320,0,0,0,9046,0,0,0,13394,0,0,1,42768,0,0,0,1914,0,0,0,15690,0,0
3,49062182,rs758445136,T,C,gnomAD Exomes,PASS,NA,p.Lys450Arg,p.Lys450Arg,c.1349A>G,missense_variant,,1,109408,9.14009944428195E-06,0,0,0,7164,0,0,0,17112,0,0,0,2320,0,0,1,9046,0,0,0,13394,0,0,0,42768,0,0,0,1914,0,0,0,15690,0,0
3,49062185,rs746338560,TC,T,gnomAD Exomes,PASS,NA,p.Asp449ThrfsTer12,p.Asp449ThrfsTer12,c.1345delG,frameshift_variant,,1,109408,9.14009944428195E-06,0,0,0,7164,0,0,0,17112,0,0,0,2320,0,0,0,9046,0,0,0,13394,0,0,1,42768,0,0,0,1914,0,0,0,15690,0,0
3,49062205,rs758844297,TC,T,gnomAD Exomes,PASS,NA,p.Gly442GlufsTer19,p.Gly442GlufsTer19,c.1325delG,frameshift_variant,,1,109404,9.14043362217103E-06,0,0,0,7164,0,0,0,17110,0,0,0,2320,0,0,1,9046,0,0,0,13392,0,0,0,42768,0,0,0,1914,0,0,0,15690,0,0
3,49062212,rs748137103,G,A,gnomAD Exomes,PASS,NA,p.Ala440Val,p.Ala440Val,c.1319C>T,missense_variant,,1,109398,9.14093493482513E-06,0,0,0,7164,0,0,0,17108,0,0,0,2320,0,0,0,9046,0,0,0,13390,0,0,0,42766,0,0,0,1914,0,0,1,15690,0,0
3,49062230,rs773248565,G,A,gnomAD Exomes,PASS,NA,p.Ala434Val,p.Ala434Val,c.1301C>T,missense_variant,,1,109386,9.14193772512022E-06,0,0,0,7164,0,0,0,17106,0,0,1,2318,0,0,0,9046,0,0,0,13394,0,0,0,42758,0,0,0,1914,0,0,0,15686,0,0
3,49062235,rs748856103,A,T,gnomAD Exomes,PASS,NA,p.Ser432Arg,p.Ser432Arg,c.1296T>A,missense_variant,,1,109390,9.14160343724289E-06,0,0,0,7164,0,0,0,17106,0,0,0,2320,0,0,0,9046,0,0,0,13392,0,0,1,42758,0,0,0,1914,0,0,0,15690,0,0
3,49062357,rs886943512,G,A,gnomAD Exomes,PASS,NA,p.His423Tyr,p.His423Tyr,c.1267C>T,missense_variant,,2,109406,1.8280533060344E-05,0,0,0,7164,0,0,0,17112,0,0,0,2320,0,0,0,9046,0,0,0,13394,0,0,0,42768,0,0,0,1914,0,0,2,15688,0,0
3,49062372,rs1035592036,C,T,gnomAD Exomes,PASS,NA,p.Asp418Asn,p.Asp418Asn,c.1252G>A,missense_variant,,1,109408,9.14009944428195E-06,0,0,0,7164,0,0,0,17112,0,0,0,2320,0,0,0,9046,0,0,0,13394,0,0,0,42768,0,0,0,1914,0,0,1,15690,0,0
3,49062390,rs779322486,G,A,gnomAD Exomes,PASS,NA,p.Arg412Cys,p.Arg412Cys,c.1234C>T,missense_variant,,1,109406,9.14026653017202E-06,0,0,0,7164,0,0,0,17110,0,0,0,2320,0,0,0,9046,0,0,0,13394,0,0,0,42768,0,0,0,1914,0,0,1,15690,0,0
3,49062404,rs1362538015,CG,C,gnomAD Exomes,PASS,NA,p.Arg407GlyfsTer2,p.Arg407GlyfsTer2,c.1219delC,frameshift_variant,,1,109406,9.14026653017202E-06,0,0,1,7164,0,0,0,17110,0,0,0,2320,0,0,0,9046,0,0,0,13394,0,0,0,42768,0,0,0,1914,0,0,0,15690,0,0
3,49062453,rs751550077,C,T,gnomAD Exomes,PASS,NA,p.Ala391Thr,p.Ala391Thr,c.1171G>A,missense_variant,,1,109404,9.14043362217103E-06,0,0,0,7164,0,0,0,17110,0,0,0,2320,0,0,0,9046,0,0,0,13394,0,0,1,42766,0,0,0,1914,0,0,0,15690,0,0
3,49062559,rs774897225,C,G,gnomAD Genomes,NA,PASS,p.Val384Leu,p.Val384Leu,c.1150G>C,missense_variant,,1,10870,9.19963201471941E-05,0,0,1,2574,0,0,0,246,0,0,0,38,0,0,0,916,0,0,0,1162,0,0,0,5512,0,0,0,422,0,0,0,0,0,0
3,49062580,rs1208158386,AG,A,gnomAD Genomes,NA,PASS,p.Leu377TrpfsTer9,p.Leu377TrpfsTer9,c.1128delC,frameshift_variant,,1,10872,9.19793966151582E-05,0,0,0,2574,0,0,0,246,0,0,0,38,0,0,0,914,0,0,0,1160,0,0,1,5518,0,0,0,422,0,0,0,0,0,0
3,49062582,rs201535692,G,C,gnomAD Exomes,PASS,NA,p.Ala376Gly,p.Ala376Gly,c.1127C>G,missense_variant,,7,109408,6.39806961099737E-05,0,0,0,7164,0,0,6,17112,0,0,0,2320,0,0,0,9046,0,0,0,13394,0,0,1,42768,0,0,0,1914,0,0,0,15690,0,0
3,49062588,rs1275707815,G,A,gnomAD Exomes,PASS,NA,p.Ala374Val,p.Ala374Val,c.1121C>T,missense_variant,,1,109408,9.14009944428195E-06,0,0,0,7164,0,0,0,17112,0,0,0,2320,0,0,0,9046,0,0,0,13394,0,0,1,42768,0,0,0,1914,0,0,0,15690,0,0
3,49062592,rs764002692,T,C,gnomAD Exomes,PASS,NA,p.Ile373Val,p.Ile373Val,c.1117A>G,missense_variant,,2,109408,1.82801988885639E-05,0,0,0,7164,0,0,1,17112,0,0,0,2320,0,0,0,9046,0,0,0,13394,0,0,0,42768,0,0,0,1914,0,0,1,15690,0,0
3,49062629,rs112185030,CG,C,gnomAD Exomes,PASS,NA,p.Pro360ArgfsTer26,p.Pro360ArgfsTer26,c.1079delC,frameshift_variant,,2,109408,1.82801988885639E-05,0,0,0,7164,0,0,0,17112,0,0,0,2320,0,0,0,9046,0,0,0,13394,0,0,2,42768,0,0,0,1914,0,0,0,15690,0,0
3,49062655,rs769310936,C,CT,gnomAD Exomes,PASS,NA,p.Glu352ArgfsTer13,p.Glu352ArgfsTer13,c.1053dupA,frameshift_variant,,2,109408,1.82801988885639E-05,0,0,0,7164,0,0,0,17112,0,0,0,2320,0,0,1,9046,0,0,0,13394,0,0,1,42768,0,0,0,1914,0,0,0,15690,0,0
3,49062656,rs772607601,TG,T,"gnomAD Exomes,gnomAD Genomes",PASS,PASS,p.Ser351Ter,p.Ser351Ter,c.1052delC,frameshift_variant,,2,120272,1.66289743248636E-05,0,0,1,9734,0,0,0,17358,0,0,0,2358,0,0,0,9960,0,0,1,14554,0,0,0,48282,0,0,0,2336,0,0,0,15690,0,0
3,49062694,rs1173661177,A,G,gnomAD Exomes,PASS,NA,p.Cys339Arg,p.Cys339Arg,c.1015T>C,missense_variant,,1,109406,9.14026653017202E-06,0,0,0,7164,0,0,0,17112,0,0,0,2320,0,0,0,9046,0,0,0,13392,0,0,0,42768,0,0,0,1914,0,0,1,15690,0,0
3,49062703,rs778767476,C,T,gnomAD Exomes,PASS,NA,c.1007-1G>A,,c.1007-1G>A,splice_acceptor_variant,,1,109402,9.14060072027934E-06,0,0,0,7164,0,0,0,17108,0,0,0,2320,0,0,0,9046,0,0,0,13392,0,0,0,42768,0,0,0,1914,0,0,1,15690,0,0
3,49063427,rs1039081952,C,T,gnomAD Exomes,PASS,NA,c.872+1G>A,,c.872+1G>A,splice_donor_variant,,1,53482,1.86978796604465E-05,0,0,1,2494,0,0,0,12180,0,0,0,1456,0,0,0,4014,0,0,0,1532,0,0,0,19348,0,0,0,1300,0,0,0,11158,0,0
3,49063437,rs752181047,C,A,gnomAD Exomes,PASS,NA,p.Gly289Cys,p.Gly289Cys,c.863G>T,missense_variant,,0,53526,0,0,0,0,2494,0,0,0,12182,0,0,0,1460,0,0,0,4014,0,0,0,1532,0,0,0,19384,0,0,0,1300,0,0,0,11160,0,0
3,49063439,rs1028324206,G,T,gnomAD Exomes,PASS,NA,p.Thr288Lys,p.Thr288Lys,c.861C>A,missense_variant,,1,53574,1.86657707096726E-05,0,0,0,2506,0,0,1,12186,0,0,0,1460,0,0,0,4018,0,0,0,1534,0,0,0,19410,0,0,0,1300,0,0,0,11160,0,0
3,49063439,rs1028324206,G,A,gnomAD Exomes,PASS,NA,p.Thr288Met,p.Thr288Met,c.861C>T,missense_variant,,1,53574,1.86657707096726E-05,0,0,0,2506,0,0,1,12186,0,0,0,1460,0,0,0,4018,0,0,0,1534,0,0,0,19410,0,0,0,1300,0,0,0,11160,0,0
3,49063446,rs535859682,T,C,"gnomAD Exomes,gnomAD Genomes",PASS,PASS,p.Thr286Ala,p.Thr286Ala,c.854A>G,missense_variant,,2,64476,3.10192940008685E-05,0,0,0,5084,0,0,0,12432,0,0,0,1498,0,0,0,4930,0,0,0,2698,0,0,2,24950,0,0,0,1724,0,0,0,11160,0,0
3,49063446,rs535859682,T,G,gnomAD Exomes,PASS,NA,p.Thr286Pro,p.Thr286Pro,c.854A>C,missense_variant,,1,53600,1.86567164179104E-05,0,0,0,2510,0,0,0,12186,0,0,0,1460,0,0,0,4014,0,0,0,1536,0,0,0,19434,0,0,0,1300,0,0,1,11160,0,0
3,49063452,rs761572435,G,A,gnomAD Exomes,PASS,NA,p.Pro284Ser,p.Pro284Ser,c.848C>T,missense_variant,,2,53626,3.72953418118077E-05,0,0,0,2522,0,0,0,12186,0,0,0,1462,0,0,1,4018,0,0,0,1534,0,0,1,19444,0,0,0,1300,0,0,0,11160,0,0
3,49063452,rs761572435,G,T,gnomAD Exomes,PASS,NA,p.Pro284Thr,p.Pro284Thr,c.848C>A,missense_variant,,1,53626,1.86476709059038E-05,0,0,0,2522,0,0,0,12186,0,0,0,1462,0,0,0,4018,0,0,0,1534,0,0,0,19444,0,0,0,1300,0,0,1,11160,0,0
3,49063454,rs750335122,C,G,gnomAD Exomes,PASS,NA,p.Cys283Ser,p.Cys283Ser,c.846G>C,missense_variant,,2,53620,3.72995151063036E-05,0,0,0,2518,0,0,0,12188,0,0,0,1462,0,0,0,4020,0,0,0,1536,0,0,0,19436,0,0,0,1300,0,0,2,11160,0,0
3,49063467,rs758302896,G,A,gnomAD Exomes,PASS,NA,p.His279Tyr,p.His279Tyr,c.833C>T,missense_variant,,1,53626,1.86476709059038E-05,0,0,0,2516,0,0,0,12194,0,0,0,1462,0,0,0,4034,0,0,0,1534,0,0,0,19420,0,0,0,1302,0,0,1,11164,0,0
3,49063469,rs761197973,G,T,"gnomAD Exomes,gnomAD Genomes",PASS,PASS,p.Ser278Tyr,p.Ser278Tyr,c.831C>A,missense_variant,,2,64498,3.1008713448479E-05,0,0,0,5090,0,0,0,12440,0,0,0,1500,0,0,0,4948,0,0,0,2696,0,0,1,24938,0,0,0,1724,0,0,1,11162,0,0
3,49063471,rs35855647,CT,C,gnomAD Exomes,PASS,NA,p.Lys277SerfsTer65,p.Lys277SerfsTer65,c.828delA,frameshift_variant,,2,53616,3.73022978215458E-05,0,0,0,2514,0,0,2,12196,0,0,0,1462,0,0,0,4036,0,0,0,1528,0,0,0,19414,0,0,0,1302,0,0,0,11164,0,0
3,49063472,rs900829198,T,G,gnomAD Exomes,PASS,NA,p.Lys277Thr,p.Lys277Thr,c.828A>C,missense_variant,,1,53638,1.86434990118945E-05,0,0,0,2520,0,0,1,12196,0,0,0,1462,0,0,0,4034,0,0,0,1534,0,0,0,19430,0,0,0,1300,0,0,0,11162,0,0
3,49063473,rs1391630768,T,TGC,gnomAD Exomes,PASS,NA,p.Lys277AlafsTer66,p.Lys277AlafsTer66,c.826_827insGC,frameshift_variant,,1,53598,1.8657412590022E-05,0,0,0,2518,0,0,1,12186,0,0,0,1462,0,0,0,4038,0,0,0,1532,0,0,0,19398,0,0,0,1298,0,0,0,11166,0,0
3,49063479,rs1005539460,C,G,gnomAD Exomes,PASS,NA,p.Asp275His,p.Asp275His,c.821G>C,missense_variant,,4,53516,7.4744001793856E-05,0,0,0,2512,0,0,4,12190,0,0,0,1462,0,0,0,4048,0,0,0,1526,0,0,0,19314,0,0,0,1290,0,0,0,11174,0,0
3,49063765,rs1489042065,G,A,gnomAD Exomes,PASS,NA,p.Thr333Met,p.Thr333Met,c.998C>T,missense_variant,,2,107272,1.86441941979268E-05,0,0,0,6934,0,0,1,16854,0,0,0,2246,0,0,0,8932,0,0,1,13326,0,0,0,41764,0,0,0,1882,0,0,0,15334,0,0
3,49063769,rs1022726129,T,C,gnomAD Exomes,PASS,NA,p.Ile332Val,p.Ile332Val,c.994A>G,missense_variant,,1,107888,9.26887142221563E-06,0,0,0,6996,0,0,1,16930,0,0,0,2260,0,0,0,8994,0,0,0,13356,0,0,0,42058,0,0,0,1892,0,0,0,15402,0,0
3,49063775,rs766349102,T,C,gnomAD Exomes,PASS,NA,p.Ile330Val,p.Ile330Val,c.988A>G,missense_variant,,1,108286,9.23480412980441E-06,0,0,0,7046,0,0,0,16970,0,0,0,2286,0,0,1,9016,0,0,0,13358,0,0,0,42244,0,0,0,1896,0,0,0,15470,0,0
3,49063786,rs1465495210,C,G,gnomAD Exomes,PASS,NA,p.Gly326Ala,p.Gly326Ala,c.977G>C,missense_variant,,1,108742,9.19607879200309E-06,0,0,0,7110,0,0,0,17026,0,0,0,2294,0,0,0,9028,0,0,0,13380,0,0,0,42462,0,0,0,1904,0,0,1,15538,0,0
3,49063793,rs751483549,C,T,gnomAD Exomes,PASS,NA,p.Gly324Ser,p.Gly324Ser,c.970G>A,missense_variant,,1,108902,9.1825678132633E-06,0,0,0,7122,0,0,1,17036,0,0,0,2292,0,0,0,9024,0,0,0,13384,0,0,0,42558,0,0,0,1906,0,0,0,15580,0,0
3,49063798,rs754546292,C,T,gnomAD Exomes,PASS,NA,p.Arg322Gln,p.Arg322Gln,c.965G>A,missense_variant,,0,108956,0,0,0,0,7132,0,0,0,17042,0,0,0,2296,0,0,0,9024,0,0,0,13382,0,0,0,42584,0,0,0,1908,0,0,0,15588,0,0
3,49063799,rs766946451,G,A,gnomAD Exomes,PASS,NA,p.Arg322Trp,p.Arg322Trp,c.964C>T,missense_variant,,0,108916,0,0,0,0,7132,0,0,0,17044,0,0,0,2294,0,0,0,9026,0,0,0,13376,0,0,0,42566,0,0,0,1908,0,0,0,15570,0,0
3,49063807,rs752303460,T,C,gnomAD Exomes,PASS,NA,p.Asp319Gly,p.Asp319Gly,c.956A>G,missense_variant,,1,109110,9.16506278068005E-06,0,0,0,7144,0,0,0,17062,0,0,0,2302,0,0,0,9044,0,0,0,13388,0,0,0,42648,0,0,0,1910,0,0,1,15612,0,0
3,49063822,rs368466461,A,G,gnomAD Exomes,PASS,NA,p.Ile314Thr,p.Ile314Thr,c.941T>C,missense_variant,,3,109124,2.74916608628716E-05,0,0,0,7128,0,0,1,17062,0,0,0,2306,0,0,0,9040,0,0,0,13390,0,0,2,42670,0,0,0,1908,0,0,0,15620,0,0
3,49063827,rs758814432,G,T,gnomAD Exomes,PASS,NA,p.Asn312Lys,p.Asn312Lys,c.936C>A,missense_variant,,1,109082,9.16741533891934E-06,0,0,0,7128,0,0,1,17062,0,0,0,2310,0,0,0,9034,0,0,0,13388,0,0,0,42640,0,0,0,1910,0,0,0,15610,0,0
3,49063846,rs554810586,G,C,gnomAD Exomes,PASS,NA,p.Thr306Ser,p.Thr306Ser,c.917C>G,missense_variant,,1,108922,9.18088173188153E-06,0,0,0,7122,0,0,0,17024,0,0,0,2302,0,0,0,9026,0,0,0,13380,0,0,1,42580,0,0,0,1908,0,0,0,15580,0,0
3,49063961,rs1167229574,C,T,gnomAD Exomes,PASS,NA,p.Gly301Arg,p.Gly301Arg,c.901G>A,missense_variant,,1,109400,9.14076782449726E-06,0,0,0,7164,0,0,0,17108,0,0,0,2320,0,0,1,9046,0,0,0,13392,0,0,0,42768,0,0,0,1914,0,0,0,15688,0,0
3,49063963,rs145018320,A,G,gnomAD Exomes,PASS,NA,p.Ile300Thr,p.Ile300Thr,c.899T>C,missense_variant,,11,109402,0.000100546607923,0,0,0,7164,0,0,0,17108,0,0,0,2320,0,0,0,9046,0,0,0,13394,0,0,11,42768,0,0,0,1914,0,0,0,15688,0,0
3,49063976,rs780501815,T,A,gnomAD Exomes,PASS,NA,p.Asn296Tyr,p.Asn296Tyr,c.886A>T,missense_variant,,1,109402,9.14060072027934E-06,0,0,0,7164,0,0,0,17110,0,0,0,2320,0,0,0,9046,0,0,0,13392,0,0,1,42768,0,0,0,1914,0,0,0,15688,0,0
3,49063976,rs780501815,T,C,gnomAD Exomes,PASS,NA,p.Asn296Asp,p.Asn296Asp,c.886A>G,missense_variant,,1,109402,9.14060072027934E-06,0,0,0,7164,0,0,0,17110,0,0,0,2320,0,0,0,9046,0,0,0,13392,0,0,1,42768,0,0,0,1914,0,0,0,15688,0,0
3,49063992,rs974680675,G,C,gnomAD Exomes,PASS,NA,p.Ile290Met,p.Ile290Met,c.870C>G,missense_variant,,1,109402,9.14060072027934E-06,0,0,1,7164,0,0,0,17110,0,0,0,2320,0,0,0,9046,0,0,0,13392,0,0,0,42768,0,0,0,1914,0,0,0,15688,0,0
3,49063993,rs748304890,A,G,gnomAD Exomes,PASS,NA,p.Ile290Thr,p.Ile290Thr,c.869T>C,missense_variant,,3,109404,2.74213008665131E-05,0,0,0,7164,0,0,0,17110,0,0,0,2320,0,0,0,9046,0,0,0,13394,0,0,0,42768,0,0,0,1914,0,0,3,15688,0,0
3,49063994,rs1333518939,T,C,gnomAD Exomes,PASS,NA,p.Ile290Val,p.Ile290Val,c.868A>G,missense_variant,,2,109402,1.82812014405587E-05,0,0,0,7164,0,0,0,17110,0,0,0,2320,0,0,0,9046,0,0,0,13392,0,0,0,42768,0,0,0,1914,0,0,2,15688,0,0
3,49064127,rs757430074,A,C,gnomAD Exomes,PASS,NA,p.Val271Gly,p.Val271Gly,c.812T>G,missense_variant,,1,109378,9.14260637422516E-06,0,0,0,7164,0,0,0,17112,0,0,0,2320,0,0,0,9046,0,0,0,13364,0,0,0,42768,0,0,0,1914,0,0,1,15690,0,0
3,49064128,rs151081203,C,G,gnomAD Exomes,PASS,NA,p.Val271Leu,p.Val271Leu,c.811G>C,missense_variant,,4,109370,3.65731004845936E-05,0,0,0,7164,0,0,4,17112,0,0,0,2320,0,0,0,9046,0,0,0,13356,0,0,0,42768,0,0,0,1914,0,0,0,15690,0,0
3,49064128,rs151081203,C,A,gnomAD Exomes,PASS,NA,p.Val271Leu,p.Val271Leu,c.811G>T,missense_variant,,1,109370,9.1432751211484E-06,0,0,0,7164,0,0,1,17112,0,0,0,2320,0,0,0,9046,0,0,0,13356,0,0,0,42768,0,0,0,1914,0,0,0,15690,0,0
3,49064149,rs370664735,C,T,gnomAD Exomes,PASS,NA,p.Ala264Thr,p.Ala264Thr,c.790G>A,missense_variant,,1,109390,9.14160343724289E-06,0,0,0,7164,0,0,0,17112,0,0,0,2320,0,0,0,9046,0,0,0,13376,0,0,0,42768,0,0,0,1914,0,0,1,15690,0,0
3,49064165,rs776234281,A,C,gnomAD Exomes,PASS,NA,p.Tyr258Ter,p.Tyr258Ter,c.774T>G,stop_gained,,1,109406,9.14026653017202E-06,0,0,0,7164,0,0,0,17112,0,0,0,2320,0,0,1,9046,0,0,0,13392,0,0,0,42768,0,0,0,1914,0,0,0,15690,0,0
3,49064169,rs1219770046,T,C,gnomAD Genomes,NA,PASS,p.Lys257Arg,p.Lys257Arg,c.770A>G,missense_variant,,2,10874,0.000183924958617,0,0,2,2572,0,0,0,246,0,0,0,38,0,0,0,916,0,0,0,1162,0,0,0,5516,0,0,0,424,0,0,0,0,0,0
3,49064173,rs765026618,C,T,gnomAD Exomes,PASS,NA,p.Asp256Asn,p.Asp256Asn,c.766G>A,missense_variant,,2,109406,1.8280533060344E-05,0,0,0,7164,0,0,0,17112,0,0,0,2320,0,0,2,9046,0,0,0,13392,0,0,0,42768,0,0,0,1914,0,0,0,15690,0,0
3,49064189,rs760008447,A,C,gnomAD Exomes,PASS,NA,p.Ile250Met,p.Ile250Met,c.750T>G,missense_variant,,4,109408,3.65603977771278E-05,0,0,0,7164,0,0,4,17112,0,0,0,2320,0,0,0,9046,0,0,0,13394,0,0,0,42768,0,0,0,1914,0,0,0,15690,0,0
3,49064190,rs767704477,A,C,gnomAD Exomes,PASS,NA,p.Ile250Ser,p.Ile250Ser,c.749T>G,missense_variant,,1,109408,9.14009944428195E-06,0,0,0,7164,0,0,0,17112,0,0,1,2320,0,0,0,9046,0,0,0,13394,0,0,0,42768,0,0,0,1914,0,0,0,15690,0,0
3,49064191,rs753258609,T,C,gnomAD Exomes,PASS,NA,p.Ile250Val,p.Ile250Val,c.748A>G,missense_variant,,1,109408,9.14009944428195E-06,0,0,0,7164,0,0,0,17112,0,0,0,2320,0,0,0,9046,0,0,0,13394,0,0,1,42768,0,0,0,1914,0,0,0,15690,0,0
3,49064203,rs779164229,A,G,gnomAD Exomes,PASS,NA,p.Cys246Arg,p.Cys246Arg,c.736T>C,missense_variant,,2,109408,1.82801988885639E-05,0,0,0,7164,0,0,0,17112,0,0,0,2320,0,0,0,9046,0,0,0,13394,0,0,2,42768,0,0,0,1914,0,0,0,15690,0,0
3,49064265,rs1351616696,G,C,gnomAD Exomes,PASS,NA,p.Thr225Arg,p.Thr225Arg,c.674C>G,missense_variant,,1,109408,9.14009944428195E-06,0,0,0,7164,0,0,0,17112,0,0,0,2320,0,0,0,9046,0,0,0,13394,0,0,1,42768,0,0,0,1914,0,0,0,15690,0,0
3,49064273,,A,C,gnomAD Exomes,PASS,NA,p.Ile222Met,p.Ile222Met,c.666T>G,missense_variant,,1,109408,9.14009944428195E-06,0,0,0,7164,0,0,0,17112,0,0,0,2320,0,0,0,9046,0,0,0,13394,0,0,1,42768,0,0,0,1914,0,0,0,15690,0,0
3,49064287,rs747713257,G,A,gnomAD Exomes,PASS,NA,p.Leu218Phe,p.Leu218Phe,c.652C>T,missense_variant,,2,109408,1.82801988885639E-05,0,0,0,7164,0,0,2,17112,0,0,0,2320,0,0,0,9046,0,0,0,13394,0,0,0,42768,0,0,0,1914,0,0,0,15690,0,0
3,49064288,rs758571773,CTCA,C,gnomAD Exomes,PASS,NA,p.Asp216del,p.Asp216del,c.648_650delTGA,inframe_deletion,,1,109408,9.14009944428195E-06,0,0,0,7164,0,0,0,17112,0,0,0,2320,0,0,0,9046,0,0,0,13394,0,0,0,42768,0,0,0,1914,0,0,1,15690,0,0
3,49064308,rs780697969,TG,T,gnomAD Exomes,PASS,NA,p.Ile211LeufsTer2,p.Ile211LeufsTer2,c.630delC,frameshift_variant,,1,109408,9.14009944428195E-06,0,0,0,7164,0,0,0,17112,0,0,0,2320,0,0,0,9046,0,0,0,13394,0,0,0,42768,0,0,0,1914,0,0,1,15690,0,0
3,49064392,rs1357553007,C,G,gnomAD Exomes,PASS,NA,c.619+1G>C,,c.619+1G>C,splice_donor_variant,,1,109404,9.14043362217103E-06,0,0,0,7164,0,0,0,17112,0,0,0,2320,0,0,0,9046,0,0,0,13390,0,0,0,42768,0,0,0,1914,0,0,1,15690,0,0
3,49064398,rs140737786,T,C,gnomAD Exomes,PASS,NA,p.Lys205Arg,p.Lys205Arg,c.614A>G,missense_variant,,5,109404,4.57021681108552E-05,0,0,0,7164,0,0,0,17112,0,0,0,2320,0,0,0,9046,0,0,0,13390,0,0,5,42768,0,0,0,1914,0,0,0,15690,0,0
3,49064404,rs761002300,C,T,gnomAD Exomes,PASS,NA,p.Arg203His,p.Arg203His,c.608G>A,missense_variant,,1,109404,9.14043362217103E-06,0,0,0,7164,0,0,0,17112,0,0,0,2320,0,0,0,9046,0,0,0,13390,0,0,0,42768,0,0,0,1914,0,0,1,15690,0,0
3,49064405,rs769004042,G,A,gnomAD Exomes,PASS,NA,p.Arg203Cys,p.Arg203Cys,c.607C>T,missense_variant,,1,109400,9.14076782449726E-06,0,0,0,7164,0,0,0,17112,0,0,0,2320,0,0,0,9046,0,0,0,13386,0,0,1,42768,0,0,0,1914,0,0,0,15690,0,0
3,49064411,rs1194381242,G,C,gnomAD Genomes,NA,PASS,p.Leu201Val,p.Leu201Val,c.601C>G,missense_variant,,2,10870,0.000183992640294,0,0,0,2570,0,0,0,246,0,0,0,38,0,0,0,914,0,0,0,1162,0,0,2,5516,0,0,0,424,0,0,0,0,0,0
3,49064471,rs1372369639,T,C,gnomAD Exomes,PASS,NA,p.Lys181Glu,p.Lys181Glu,c.541A>G,missense_variant,,1,109392,9.14143630247184E-06,0,0,0,7164,0,0,0,17112,0,0,0,2320,0,0,0,9046,0,0,0,13378,0,0,1,42768,0,0,0,1914,0,0,0,15690,0,0
3,49064473,rs375196719,G,C,gnomAD Exomes,PASS,NA,p.Thr180Arg,p.Thr180Arg,c.539C>G,missense_variant,,1,109378,9.14260637422516E-06,0,0,0,7164,0,0,0,17112,0,0,0,2320,0,0,0,9046,0,0,1,13364,0,0,0,42768,0,0,0,1914,0,0,0,15690,0,0
3,49065147,rs755365956,TC,T,gnomAD Exomes,PASS,NA,p.Glu176LysfsTer3,p.Glu176LysfsTer3,c.526delG,frameshift_variant,,1,109404,9.14043362217103E-06,0,0,0,7164,0,0,0,17108,0,0,0,2320,0,0,0,9046,0,0,0,13394,0,0,1,42768,0,0,0,1914,0,0,0,15690,0,0
3,49065153,rs143297725,A,G,gnomAD Exomes,PASS,NA,p.Phe174Ser,p.Phe174Ser,c.521T>C,missense_variant,,1,109406,9.14026653017202E-06,0,0,1,7164,0,0,0,17110,0,0,0,2320,0,0,0,9046,0,0,0,13394,0,0,0,42768,0,0,0,1914,0,0,0,15690,0,0
3,49065153,rs143297725,A,C,gnomAD Exomes,PASS,NA,p.Phe174Cys,p.Phe174Cys,c.521T>G,missense_variant,,3,109406,2.74207995905161E-05,0,0,0,7164,0,0,0,17110,0,0,0,2320,0,0,0,9046,0,0,0,13394,0,0,0,42768,0,0,0,1914,0,0,3,15690,0,0
3,49065154,rs781716231,AAC,A,gnomAD Exomes,PASS,NA,p.Cys173PhefsTer26,p.Cys173PhefsTer26,c.518_519delGT,frameshift_variant,,2,109406,1.8280533060344E-05,0,0,0,7164,0,0,0,17110,0,0,0,2320,0,0,1,9046,0,0,0,13394,0,0,0,42768,0,0,0,1914,0,0,1,15690,0,0
3,49065156,rs763952299,C,G,gnomAD Exomes,PASS,NA,p.Cys173Ser,p.Cys173Ser,c.518G>C,missense_variant,,2,109406,1.8280533060344E-05,0,0,0,7164,0,0,0,17110,0,0,0,2320,0,0,2,9046,0,0,0,13394,0,0,0,42768,0,0,0,1914,0,0,0,15690,0,0
3,49065159,rs756784308,T,A,gnomAD Exomes,PASS,NA,p.Asp172Val,p.Asp172Val,c.515A>T,missense_variant,,1,109408,9.14009944428195E-06,0,0,0,7164,0,0,0,17112,0,0,0,2320,0,0,0,9046,0,0,1,13394,0,0,0,42768,0,0,0,1914,0,0,0,15690,0,0
3,49065162,rs912929177,T,C,gnomAD Exomes,PASS,NA,p.His171Arg,p.His171Arg,c.512A>G,missense_variant,,7,109408,6.39806961099737E-05,0,0,0,7164,0,0,7,17112,0,0,0,2320,0,0,0,9046,0,0,0,13394,0,0,0,42768,0,0,0,1914,0,0,0,15690,0,0
3,49065172,rs747776756,C,CT,gnomAD Exomes,PASS,NA,p.Glu168ArgfsTer5,p.Glu168ArgfsTer5,c.501dupA,frameshift_variant,,1,109408,9.14009944428195E-06,0,0,0,7164,0,0,1,17112,0,0,0,2320,0,0,0,9046,0,0,0,13394,0,0,0,42768,0,0,0,1914,0,0,0,15690,0,0
3,49065172,rs747776756,CTT,C,gnomAD Exomes,PASS,NA,p.Lys167ArgfsTer5,p.Lys167ArgfsTer5,c.500_501delAA,frameshift_variant,,3,109408,2.74202983328459E-05,0,0,0,7164,0,0,0,17112,0,0,0,2320,0,0,0,9046,0,0,0,13394,0,0,0,42768,0,0,0,1914,0,0,3,15690,0,0
3,49065186,rs563716357,A,G,gnomAD Exomes,PASS,NA,p.Ile163Thr,p.Ile163Thr,c.488T>C,missense_variant,,15,109408,0.000137101491664,0,0,0,7164,0,0,7,17112,0,0,0,2320,0,0,8,9046,0,0,0,13394,0,0,0,42768,0,0,0,1914,0,0,0,15690,0,0
3,49065216,rs376606970,C,T,gnomAD Exomes,PASS,NA,p.Arg153His,p.Arg153His,c.458G>A,missense_variant,,1,109408,9.14009944428195E-06,0,0,0,7164,0,0,0,17112,0,0,0,2320,0,0,0,9046,0,0,0,13394,0,0,1,42768,0,0,0,1914,0,0,0,15690,0,0
3,49065217,rs369552560,G,A,"gnomAD Exomes,gnomAD Genomes",PASS,PASS,p.Arg153Cys,p.Arg153Cys,c.457C>T,missense_variant,,19,120278,0.00015796737558,0,0,1,9734,0,0,4,17358,0,0,0,2358,0,0,0,9962,0,0,0,14556,0,0,13,48282,0,0,1,2338,0,0,0,15690,0,0
3,49065228,rs757196571,C,T,gnomAD Exomes,PASS,NA,p.Arg149Gln,p.Arg149Gln,c.446G>A,missense_variant,,1,109406,9.14026653017202E-06,0,0,0,7164,0,0,1,17112,0,0,0,2320,0,0,0,9046,0,0,0,13392,0,0,0,42768,0,0,0,1914,0,0,0,15690,0,0
3,49065234,rs749965056,G,A,gnomAD Exomes,PASS,NA,p.Thr147Ile,p.Thr147Ile,c.440C>T,missense_variant,,3,109408,2.74202983328459E-05,0,0,0,7164,0,0,0,17112,0,0,0,2320,0,0,0,9046,0,0,0,13394,0,0,3,42768,0,0,0,1914,0,0,0,15690,0,0
3,49065267,rs570950750,C,T,gnomAD Exomes,PASS,NA,p.Arg136Gln,p.Arg136Gln,c.407G>A,missense_variant,,74,109406,0.000676379723233,2,0,0,7162,0,0,1,17112,0,0,0,2320,0,0,1,9046,0,0,0,13394,0,0,1,42768,0,0,0,1914,0,0,71,15690,2,0
3,49065268,rs945274890,G,A,gnomAD Exomes,PASS,NA,p.Arg136Trp,p.Arg136Trp,c.406C>T,missense_variant,,1,109406,9.14026653017202E-06,0,0,0,7164,0,0,0,17110,0,0,0,2320,0,0,0,9046,0,0,0,13394,0,0,1,42768,0,0,0,1914,0,0,0,15690,0,0
3,49065288,rs1414715836,T,C,gnomAD Genomes,NA,PASS,p.Asp129Gly,p.Asp129Gly,c.386A>G,missense_variant,,1,10878,9.19286633572348E-05,0,0,0,2574,0,0,0,246,0,0,0,38,0,0,0,916,0,0,0,1162,0,0,1,5518,0,0,0,424,0,0,0,0,0,0
3,49065291,rs745959513,C,T,"gnomAD Exomes,gnomAD Genomes",PASS,PASS,p.Arg128Gln,p.Arg128Gln,c.383G>A,missense_variant,,6,120274,4.98860934200243E-05,0,0,1,9738,0,0,0,17352,0,0,0,2358,0,0,0,9960,0,0,4,14554,0,0,1,48286,0,0,0,2336,0,0,0,15690,0,0
3,49065295,rs370186875,C,T,gnomAD Exomes,PASS,NA,p.Val127Met,p.Val127Met,c.379G>A,missense_variant,,4,109398,3.65637397393005E-05,0,0,0,7164,0,0,1,17104,0,0,0,2320,0,0,0,9046,0,0,0,13392,0,0,2,42768,0,0,1,1914,0,0,0,15690,0,0
3,49065295,rs370186875,C,A,gnomAD Exomes,PASS,NA,p.Val127Leu,p.Val127Leu,c.379G>T,missense_variant,,1,109398,9.14093493482513E-06,0,0,0,7164,0,0,1,17104,0,0,0,2320,0,0,0,9046,0,0,0,13392,0,0,0,42768,0,0,0,1914,0,0,0,15690,0,0
3,49065295,rs370186875,C,G,gnomAD Exomes,PASS,NA,p.Val127Leu,p.Val127Leu,c.379G>C,missense_variant,,1,109398,9.14093493482513E-06,0,0,0,7164,0,0,0,17104,0,0,0,2320,0,0,1,9046,0,0,0,13392,0,0,0,42768,0,0,0,1914,0,0,0,15690,0,0
3,49065297,rs772212935,C,A,gnomAD Genomes,NA,PASS,p.Arg126Leu,p.Arg126Leu,c.377G>T,missense_variant,,1,10876,9.19455682236116E-05,0,0,0,2574,0,0,0,246,0,0,0,38,0,0,1,914,0,0,0,1162,0,0,0,5522,0,0,0,420,0,0,0,0,0,0
3,49065297,rs772212935,C,T,gnomAD Exomes,PASS,NA,p.Arg126His,p.Arg126His,c.377G>A,missense_variant,,4,109386,3.65677509004809E-05,0,0,2,7164,0,0,1,17104,0,0,0,2320,0,0,0,9046,0,0,0,13392,0,0,1,42758,0,0,0,1914,0,0,0,15688,0,0
3,49065298,rs775921073,G,C,gnomAD Exomes,PASS,NA,p.Arg126Gly,p.Arg126Gly,c.376C>G,missense_variant,,1,109390,9.14160343724289E-06,0,0,0,7164,0,0,0,17100,0,0,0,2320,0,0,0,9046,0,0,0,13392,0,0,1,42764,0,0,0,1914,0,0,0,15690,0,0
3,49065298,rs775921073,G,A,gnomAD Exomes,PASS,NA,p.Arg126Cys,p.Arg126Cys,c.376C>T,missense_variant,,6,109390,5.48496206234573E-05,0,0,0,7164,0,0,4,17100,0,0,0,2320,0,0,1,9046,0,0,0,13392,0,0,0,42764,0,0,0,1914,0,0,1,15690,0,0
3,49065306,rs142797363,G,A,gnomAD Exomes,PASS,NA,p.Pro123Leu,p.Pro123Leu,c.368C>T,missense_variant,,1,109388,9.14177057812557E-06,0,0,0,7162,0,0,0,17102,0,0,0,2320,0,0,0,9046,0,0,0,13392,0,0,0,42764,0,0,0,1914,0,0,1,15688,0,0
3,49065306,rs142797363,G,C,gnomAD Exomes,PASS,NA,p.Pro123Arg,p.Pro123Arg,c.368C>G,missense_variant,,1,109388,9.14177057812557E-06,0,0,1,7162,0,0,0,17102,0,0,0,2320,0,0,0,9046,0,0,0,13392,0,0,0,42764,0,0,0,1914,0,0,0,15688,0,0
3,49065696,rs758924957,T,A,gnomAD Exomes,PASS,NA,p.Glu103Asp,p.Glu103Asp,c.309A>T,missense_variant,,1,109402,9.14060072027934E-06,0,0,0,7162,0,0,0,17110,0,0,0,2320,0,0,0,9046,0,0,0,13392,0,0,1,42768,0,0,0,1914,0,0,0,15690,0,0
3,49065700,rs752225800,T,C,"gnomAD Exomes,gnomAD Genomes",PASS,PASS,p.Asn102Ser,p.Asn102Ser,c.305A>G,missense_variant,,3,120280,2.49418024609245E-05,0,0,0,9734,0,0,0,17356,0,0,0,2358,0,0,1,9962,0,0,0,14556,0,0,2,48286,0,0,0,2338,0,0,0,15690,0,0
3,49065712,rs757708139,T,A,gnomAD Exomes,PASS,NA,p.Glu98Val,p.Glu98Val,c.293A>T,missense_variant,,1,109404,9.14043362217103E-06,0,0,0,7162,0,0,0,17110,0,0,0,2320,0,0,0,9046,0,0,0,13394,0,0,1,42768,0,0,0,1914,0,0,0,15690,0,0
3,49065721,rs748730953,CA,C,gnomAD Exomes,PASS,NA,p.Cys95ValfsTer13,p.Cys95ValfsTer13,c.283delT,frameshift_variant,,2,109404,1.82808672443421E-05,0,0,0,7162,0,0,0,17110,0,0,0,2320,0,0,0,9046,0,0,0,13394,0,0,2,42768,0,0,0,1914,0,0,0,15690,0,0
3,49065728,rs780665514,G,A,gnomAD Exomes,PASS,NA,p.His93Tyr,p.His93Tyr,c.277C>T,missense_variant,,1,109394,9.14126917381209E-06,0,0,0,7158,0,0,0,17110,0,0,0,2320,0,0,0,9046,0,0,0,13392,0,0,0,42764,0,0,0,1914,0,0,1,15690,0,0
3,49065734,rs747133983,T,C,gnomAD Exomes,PASS,NA,p.Ile91Val,p.Ile91Val,c.271A>G,missense_variant,,1,109386,9.14193772512022E-06,0,0,0,7154,0,0,0,17108,0,0,0,2320,0,0,1,9046,0,0,0,13394,0,0,0,42760,0,0,0,1914,0,0,0,15690,0,0
3,49065756,rs781479360,C,G,gnomAD Exomes,PASS,NA,c.250-1G>C,,c.250-1G>C,splice_acceptor_variant,,1,109404,9.14043362217103E-06,0,0,0,7164,0,0,0,17110,0,0,0,2320,0,0,0,9046,0,0,0,13392,0,0,1,42768,0,0,0,1914,0,0,0,15690,0,0
3,49065757,rs748310026,T,C,gnomAD Exomes,PASS,NA,c.250-2A>G,,c.250-2A>G,splice_acceptor_variant,,2,109406,1.8280533060344E-05,0,0,0,7164,0,0,0,17110,0,0,0,2320,0,0,2,9046,0,0,0,13394,0,0,0,42768,0,0,0,1914,0,0,0,15690,0,0
3,49065910,rs1179509686,G,C,gnomAD Exomes,PASS,NA,p.Ser68Cys,p.Ser68Cys,c.203C>G,missense_variant,,1,109400,9.14076782449726E-06,0,0,0,7164,0,0,1,17104,0,0,0,2320,0,0,0,9046,0,0,0,13394,0,0,0,42768,0,0,0,1914,0,0,0,15690,0,0
3,49065920,rs748447933,G,T,gnomAD Exomes,PASS,NA,p.Leu65Met,p.Leu65Met,c.193C>A,missense_variant,,1,109396,9.1411020512633E-06,0,0,0,7162,0,0,0,17102,0,0,0,2320,0,0,0,9046,0,0,0,13394,0,0,1,42768,0,0,0,1914,0,0,0,15690,0,0
3,49066195,rs1253759791,T,C,gnomAD Exomes,PASS,NA,p.Gln48Arg,p.Gln48Arg,c.143A>G,missense_variant,,1,109386,9.14193772512022E-06,0,0,0,7162,0,0,0,17104,0,0,0,2320,0,0,0,9046,0,0,0,13390,0,0,0,42762,0,0,0,1914,0,0,1,15688,0,0
3,49066662,rs766610871,CAGGTGAGCCCCATAGGCCCGCACTTGT,C,gnomAD Exomes,PASS,NA,c.95_98+23delACAAGTGCGGGCCTATGGGGCTCACCT,,c.95_98+23delACAAGTGCGGGCCTATGGGGCTCACCT,splice_donor_variant,,2,82496,2.42435996896819E-05,0,0,0,4464,0,0,0,13782,0,0,0,1700,0,0,0,6460,0,0,0,11418,0,0,0,30196,0,0,0,1570,0,0,2,12906,0,0
3,49066685,rs748960798,C,T,gnomAD Exomes,PASS,NA,c.98+1G>A,,c.98+1G>A,splice_donor_variant,,1,97490,1.0257462303826E-05,0,0,0,5690,0,0,0,15578,0,0,0,1986,0,0,1,7940,0,0,0,12458,0,0,0,37858,0,0,0,1752,0,0,0,14228,0,0
3,49066687,rs1330462697,TGTAG,T,gnomAD Exomes,PASS,NA,p.Tyr32MetfsTer19,p.Tyr32MetfsTer19,c.93_96delCTAC,frameshift_variant,,1,98286,1.01743890279389E-05,0,0,0,5768,0,0,0,15668,0,0,0,2022,0,0,0,8026,0,0,1,12528,0,0,0,38218,0,0,0,1754,0,0,0,14302,0,0
3,49066689,rs931273434,T,C,gnomAD Exomes,PASS,NA,p.Tyr32Cys,p.Tyr32Cys,c.95A>G,missense_variant,,1,98920,1.01091791346543E-05,0,0,0,5842,0,0,1,15766,0,0,0,2026,0,0,0,8076,0,0,0,12586,0,0,0,38494,0,0,0,1772,0,0,0,14358,0,0
3,49066692,rs775059356,G,C,gnomAD Exomes,PASS,NA,p.Thr31Ser,p.Thr31Ser,c.92C>G,missense_variant,,1,99794,1.00206425235986E-05,0,0,0,5914,0,0,0,15912,0,0,0,2056,0,0,0,8164,0,0,0,12622,0,0,1,38886,0,0,0,1784,0,0,0,14456,0,0
3,49066692,rs775059356,G,A,gnomAD Exomes,PASS,NA,p.Thr31Ile,p.Thr31Ile,c.92C>T,missense_variant,,0,99794,0,0,0,0,5914,0,0,0,15912,0,0,0,2056,0,0,0,8164,0,0,0,12622,0,0,0,38886,0,0,0,1784,0,0,0,14456,0,0
3,49066710,rs1456655982,T,C,gnomAD Exomes,PASS,NA,p.Asn25Ser,p.Asn25Ser,c.74A>G,missense_variant,,1,103732,9.64022673813288E-06,0,0,0,6258,0,0,1,16396,0,0,0,2130,0,0,0,8534,0,0,0,12964,0,0,0,40668,0,0,0,1834,0,0,0,14948,0,0
3,49066719,rs777063764,T,A,gnomAD Exomes,PASS,NA,p.Gln22Leu,p.Gln22Leu,c.65A>T,missense_variant,,1,103846,9.62964389576873E-06,0,0,0,6264,0,0,0,16386,0,0,0,2132,0,0,0,8588,0,0,0,12992,0,0,0,40684,0,0,0,1832,0,0,1,14968,0,0
3,49066726,rs755567324,C,A,gnomAD Exomes,PASS,NA,p.Ala20Ser,p.Ala20Ser,c.58G>T,missense_variant,,1,103936,9.62130541871921E-06,0,0,0,6258,0,0,0,16400,0,0,0,2146,0,0,0,8604,0,0,0,12972,0,0,0,40756,0,0,0,1828,0,0,1,14972,0,0
3,49066726,rs755567324,CTG,C,gnomAD Exomes,PASS,NA,p.Thr19SerfsTer15,p.Thr19SerfsTer15,c.56_57delCA,frameshift_variant,,3,103936,2.88639162561576E-05,0,0,0,6258,0,0,2,16400,0,0,1,2146,0,0,0,8604,0,0,0,12972,0,0,0,40756,0,0,0,1828,0,0,0,14972,0,0
3,49066728,rs765355167,G,A,gnomAD Exomes,PASS,NA,p.Thr19Ile,p.Thr19Ile,c.56C>T,missense_variant,,1,103908,9.62389806367171E-06,0,0,0,6256,0,0,1,16410,0,0,0,2144,0,0,0,8580,0,0,0,12958,0,0,0,40762,0,0,0,1828,0,0,0,14970,0,0
3,49066765,rs569560092,T,A,gnomAD Exomes,PASS,NA,p.Ser7Cys,p.Ser7Cys,c.19A>T,missense_variant,,1,97898,1.02147132729984E-05,0,0,1,5626,0,0,0,15616,0,0,0,2010,0,0,0,7980,0,0,0,12524,0,0,0,38156,0,0,0,1738,0,0,0,14248,0,0
