Chromosome,Position,rsID,Reference,Alternate,Source,Filters - exomes,Filters - genomes,Consequence,Protein Consequence,Transcript Consequence,Annotation,Flags,Allele Count,Allele Number,Allele Frequency,Homozygote Count,Hemizygote Count,Allele Count African,Allele Number African,Homozygote Count African,Hemizygote Count African,Allele Count Latino,Allele Number Latino,Homozygote Count Latino,Hemizygote Count Latino,Allele Count Ashkenazi Jewish,Allele Number Ashkenazi Jewish,Homozygote Count Ashkenazi Jewish,Hemizygote Count Ashkenazi Jewish,Allele Count East Asian,Allele Number East Asian,Homozygote Count East Asian,Hemizygote Count East Asian,Allele Count European (Finnish),Allele Number European (Finnish),Homozygote Count European (Finnish),Hemizygote Count European (Finnish),Allele Count European (non-Finnish),Allele Number European (non-Finnish),Homozygote Count European (non-Finnish),Hemizygote Count European (non-Finnish),Allele Count Other,Allele Number Other,Homozygote Count Other,Hemizygote Count Other,Allele Count South Asian,Allele Number South Asian,Homozygote Count South Asian,Hemizygote Count South Asian
8,42033518,rs765807814,C,T,gnomAD Exomes,PASS,NA,p.Arg561Gln,p.Arg561Gln,c.1682G>A,missense_variant,,2,109348,1.82902293594762E-05,0,0,0,7162,0,0,0,17080,0,0,0,2316,0,0,1,9046,0,0,1,13392,0,0,0,42752,0,0,0,1914,0,0,0,15686,0,0
8,42033519,rs1804182,G,A,"gnomAD Exomes,gnomAD Genomes",PASS,PASS,p.Arg561Ter,p.Arg561Ter,c.1681C>T,stop_gained,lc_lof,242,120214,0.002013076679921,1,0,210,9734,1,0,23,17322,0,0,0,2356,0,0,2,9960,0,0,0,14552,0,0,3,48270,0,0,3,2334,0,0,1,15686,0,0
8,42033520,rs148219340,C,T,gnomAD Exomes,PASS,NA,p.Met560Ile,p.Met560Ile,c.1680G>A,missense_variant,,1,109370,9.1432751211484E-06,0,0,1,7162,0,0,0,17088,0,0,0,2320,0,0,0,9044,0,0,0,13394,0,0,0,42758,0,0,0,1914,0,0,0,15690,0,0
8,42033521,rs766660607,A,G,gnomAD Exomes,PASS,NA,p.Met560Thr,p.Met560Thr,c.1679T>C,missense_variant,,1,109376,9.14277355178467E-06,0,0,0,7162,0,0,0,17090,0,0,0,2320,0,0,1,9046,0,0,0,13394,0,0,0,42764,0,0,0,1914,0,0,0,15686,0,0
8,42033527,rs758615075,TCA,T,gnomAD Exomes,PASS,NA,p.Asp558GlnfsTer16,p.Asp558GlnfsTer16,c.1671_1672delTG,frameshift_variant,lc_lof,1,109390,9.14160343724289E-06,0,0,0,7162,0,0,0,17098,0,0,0,2320,0,0,0,9046,0,0,0,13394,0,0,0,42766,0,0,0,1914,0,0,1,15690,0,0
8,42033530,rs62001884,C,T,"gnomAD Exomes,gnomAD Genomes",PASS,PASS,p.Arg557His,p.Arg557His,c.1670G>A,missense_variant,,4,120254,3.32629268049296E-05,0,0,3,9734,0,0,0,17350,0,0,0,2358,0,0,0,9958,0,0,0,14556,0,0,0,48276,0,0,0,2338,0,0,1,15684,0,0
8,42033531,rs781175247,G,T,gnomAD Exomes,PASS,NA,p.Arg557Ser,p.Arg557Ser,c.1669C>A,missense_variant,,1,109392,9.14143630247184E-06,0,0,0,7162,0,0,0,17100,0,0,0,2320,0,0,0,9046,0,0,0,13394,0,0,1,42766,0,0,0,1914,0,0,0,15690,0,0
8,42033531,rs781175247,G,A,gnomAD Exomes,PASS,NA,p.Arg557Cys,p.Arg557Cys,c.1669C>T,missense_variant,,1,109392,9.14143630247184E-06,0,0,0,7162,0,0,0,17100,0,0,0,2320,0,0,0,9046,0,0,0,13394,0,0,1,42766,0,0,0,1914,0,0,0,15690,0,0
8,42033533,rs1290979120,A,G,gnomAD Exomes,PASS,NA,p.Ile556Thr,p.Ile556Thr,c.1667T>C,missense_variant,,1,109394,9.14126917381209E-06,0,0,0,7162,0,0,0,17104,0,0,0,2320,0,0,0,9046,0,0,0,13394,0,0,0,42766,0,0,0,1914,0,0,1,15688,0,0
8,42033536,rs756106385,C,T,gnomAD Exomes,PASS,NA,p.Trp555Ter,p.Trp555Ter,c.1664G>A,stop_gained,lc_lof,1,109392,9.14143630247184E-06,0,0,0,7162,0,0,0,17100,0,0,0,2320,0,0,0,9046,0,0,0,13394,0,0,1,42766,0,0,0,1914,0,0,0,15690,0,0
8,42033551,rs772059968,G,A,gnomAD Exomes,PASS,NA,p.Thr550Ile,p.Thr550Ile,c.1649C>T,missense_variant,,1,109396,9.1411020512633E-06,0,0,0,7160,0,0,0,17108,0,0,0,2320,0,0,0,9046,0,0,0,13392,0,0,1,42766,0,0,0,1914,0,0,0,15690,0,0
8,42033566,rs768323925,A,G,gnomAD Exomes,PASS,NA,p.Val545Ala,p.Val545Ala,c.1634T>C,missense_variant,,1,109386,9.14193772512022E-06,0,0,0,7160,0,0,0,17104,0,0,0,2320,0,0,0,9046,0,0,0,13394,0,0,0,42762,0,0,0,1912,0,0,1,15688,0,0
8,42033567,rs776112395,C,T,gnomAD Exomes,PASS,NA,p.Val545Met,p.Val545Met,c.1633G>A,missense_variant,,10,109372,9.14310792524595E-05,0,0,0,7154,0,0,10,17104,0,0,0,2320,0,0,0,9046,0,0,0,13394,0,0,0,42760,0,0,0,1910,0,0,0,15684,0,0
8,42033572,rs966869491,G,A,gnomAD Exomes,PASS,NA,p.Pro543Leu,p.Pro543Leu,c.1628C>T,missense_variant,,2,109356,1.82888913274077E-05,0,0,0,7160,0,0,1,17096,0,0,0,2320,0,0,0,9046,0,0,0,13392,0,0,1,42750,0,0,0,1910,0,0,0,15682,0,0
8,42033584,rs773710353,T,C,gnomAD Exomes,PASS,NA,p.Gln539Arg,p.Gln539Arg,c.1616A>G,missense_variant,,1,109342,9.14561650600867E-06,0,0,0,7156,0,0,0,17092,0,0,0,2316,0,0,0,9046,0,0,0,13390,0,0,1,42748,0,0,0,1914,0,0,0,15680,0,0
8,42033590,rs376281296,C,T,gnomAD Exomes,PASS,NA,p.Cys537Tyr,p.Cys537Tyr,c.1610G>A,missense_variant,,1,109310,9.14829384319824E-06,0,0,0,7152,0,0,0,17086,0,0,0,2316,0,0,0,9046,0,0,0,13386,0,0,1,42738,0,0,0,1912,0,0,0,15674,0,0
8,42033596,rs766783310,A,G,"gnomAD Exomes,gnomAD Genomes",PASS,PASS,p.Leu535Pro,p.Leu535Pro,c.1604T>C,missense_variant,,7,120144,5.82634172326541E-05,0,0,0,9716,0,0,0,17330,0,0,0,2356,0,0,7,9956,0,0,0,14550,0,0,0,48248,0,0,0,2336,0,0,0,15652,0,0
8,42033614,rs759716991,C,G,gnomAD Exomes,PASS,NA,p.Gly529Ala,p.Gly529Ala,c.1586G>C,missense_variant,,1,109070,9.16842394792335E-06,0,0,0,7118,0,0,0,17070,0,0,0,2314,0,0,0,9026,0,0,0,13376,0,0,0,42626,0,0,0,1908,0,0,1,15632,0,0
8,42033629,rs201967222,C,T,"gnomAD Exomes,gnomAD Genomes",PASS,PASS,p.Arg524His,p.Arg524His,c.1571G>A,missense_variant,,4,119798,3.33895390574133E-05,0,0,1,9650,0,0,1,17294,0,0,0,2344,0,0,1,9944,0,0,0,14530,0,0,0,48072,0,0,0,2332,0,0,1,15632,0,0
8,42033635,rs756230433,T,C,gnomAD Exomes,PASS,NA,p.Asp522Gly,p.Asp522Gly,c.1565A>G,missense_variant,,1,109148,9.16187195367758E-06,0,0,0,7108,0,0,0,17076,0,0,0,2312,0,0,0,9038,0,0,0,13384,0,0,1,42664,0,0,0,1908,0,0,0,15658,0,0
8,42033636,rs1320916062,C,T,gnomAD Exomes,PASS,NA,p.Asp522Asn,p.Asp522Asn,c.1564G>A,missense_variant,,1,109074,9.16808772026331E-06,0,0,0,7102,0,0,0,17060,0,0,0,2314,0,0,0,9030,0,0,0,13382,0,0,1,42628,0,0,0,1910,0,0,0,15648,0,0
8,42033645,rs147341517,A,G,gnomAD Exomes,PASS,NA,p.Cys519Arg,p.Cys519Arg,c.1555T>C,missense_variant,,1,109052,9.16993727762902E-06,0,0,1,7084,0,0,0,17048,0,0,0,2308,0,0,0,9034,0,0,0,13378,0,0,0,42636,0,0,0,1908,0,0,0,15656,0,0
8,42033654,rs754683892,G,A,gnomAD Exomes,PASS,NA,p.Pro516Ser,p.Pro516Ser,c.1546C>T,missense_variant,,0,108898,0,0,0,0,7076,0,0,0,17014,0,0,0,2302,0,0,0,9028,0,0,0,13370,0,0,0,42578,0,0,0,1900,0,0,0,15630,0,0
8,42033660,,C,G,gnomAD Exomes,PASS,NA,p.Gly514Arg,p.Gly514Arg,c.1540G>C,missense_variant,,1,108588,9.20912071315431E-06,0,0,0,7048,0,0,0,16944,0,0,0,2288,0,0,0,8988,0,0,0,13364,0,0,1,42462,0,0,0,1898,0,0,0,15596,0,0
8,42033662,rs747692088,G,A,gnomAD Exomes,PASS,NA,p.Ser513Leu,p.Ser513Leu,c.1538C>T,missense_variant,,2,108408,1.84488229650948E-05,0,0,0,7014,0,0,0,16932,0,0,0,2290,0,0,2,8980,0,0,0,13360,0,0,0,42360,0,0,0,1898,0,0,0,15574,0,0
8,42036423,rs774851580,C,T,"gnomAD Exomes,gnomAD Genomes",PASS,PASS,p.Ala508Thr,p.Ala508Thr,c.1522G>A,missense_variant,,7,120124,5.82731177782958E-05,0,0,0,9736,0,0,0,17338,0,0,0,2352,0,0,0,9956,0,0,0,14536,0,0,2,48190,0,0,0,2338,0,0,5,15678,0,0
8,42036425,rs1186671359,T,C,gnomAD Exomes,PASS,NA,p.Asp507Gly,p.Asp507Gly,c.1520A>G,missense_variant,,1,109340,9.14578379367112E-06,0,0,0,7164,0,0,0,17094,0,0,0,2318,0,0,0,9044,0,0,0,13384,0,0,0,42738,0,0,0,1914,0,0,1,15684,0,0
8,42036426,rs368496765,C,T,gnomAD Exomes,PASS,NA,p.Asp507Asn,p.Asp507Asn,c.1519G>A,missense_variant,,2,109338,1.82919021749072E-05,0,0,0,7164,0,0,0,17096,0,0,0,2318,0,0,0,9042,0,0,0,13380,0,0,2,42742,0,0,0,1914,0,0,0,15682,0,0
8,42036427,rs184239040,G,T,gnomAD Exomes,PASS,NA,p.His506Gln,p.His506Gln,c.1518C>A,missense_variant,,1,109342,9.14561650600867E-06,0,0,0,7162,0,0,0,17098,0,0,0,2318,0,0,0,9044,0,0,0,13384,0,0,0,42740,0,0,0,1914,0,0,1,15682,0,0
8,42036440,rs76464116,TGGGGCCCGCCGCTCCGA,T,gnomAD Exomes,PASS,NA,p.Arg497GlyfsTer56,p.Arg497GlyfsTer56,c.1488_1504delTCGGAGCGGCGGGCCCC,frameshift_variant,,1,109366,9.14360953129857E-06,0,0,0,7162,0,0,0,17100,0,0,0,2320,0,0,0,9044,0,0,0,13392,0,0,0,42750,0,0,0,1914,0,0,1,15684,0,0
8,42036444,rs762002120,G,T,gnomAD Exomes,PASS,NA,p.Pro501Thr,p.Pro501Thr,c.1501C>A,missense_variant,,1,109346,9.14528194904249E-06,0,0,0,7152,0,0,0,17104,0,0,0,2320,0,0,1,9038,0,0,0,13386,0,0,0,42744,0,0,0,1914,0,0,0,15688,0,0
8,42036444,rs762002120,G,A,gnomAD Exomes,PASS,NA,p.Pro501Ser,p.Pro501Ser,c.1501C>T,missense_variant,,1,109346,9.14528194904249E-06,0,0,0,7152,0,0,0,17104,0,0,0,2320,0,0,0,9038,0,0,0,13386,0,0,0,42744,0,0,0,1914,0,0,1,15688,0,0
8,42036447,rs549342605,C,T,"gnomAD Exomes,gnomAD Genomes",PASS,PASS,p.Gly500Arg,p.Gly500Arg,c.1498G>A,missense_variant,,13,120238,0.00010811889752,0,0,1,9732,0,0,6,17350,0,0,0,2358,0,0,1,9960,0,0,1,14552,0,0,1,48260,0,0,3,2338,0,0,0,15688,0,0
8,42036450,rs555186256,C,T,"gnomAD Exomes,gnomAD Genomes",PASS,PASS,p.Gly499Ser,p.Gly499Ser,c.1495G>A,missense_variant,,2,120248,1.66322932605948E-05,0,0,0,9734,0,0,0,17348,0,0,0,2358,0,0,0,9958,0,0,0,14556,0,0,2,48268,0,0,0,2336,0,0,0,15690,0,0
8,42036455,rs201002244,C,T,gnomAD Exomes,PASS,NA,p.Arg497Gln,p.Arg497Gln,c.1490G>A,missense_variant,,5,109374,4.57147036772908E-05,0,0,0,7164,0,0,1,17096,0,0,0,2320,0,0,2,9044,0,0,0,13394,0,0,2,42752,0,0,0,1914,0,0,0,15690,0,0
8,42036456,rs538933951,G,A,gnomAD Exomes,PASS,NA,p.Arg497Trp,p.Arg497Trp,c.1489C>T,missense_variant,,6,109386,5.48516263507213E-05,0,0,0,7164,0,0,0,17100,0,0,0,2320,0,0,0,9044,0,0,0,13394,0,0,0,42762,0,0,0,1914,0,0,6,15688,0,0
8,42036459,rs778389030,T,C,gnomAD Exomes,PASS,NA,p.Thr496Ala,p.Thr496Ala,c.1486A>G,missense_variant,,1,109390,9.14160343724289E-06,0,0,0,7164,0,0,0,17100,0,0,0,2320,0,0,0,9046,0,0,0,13392,0,0,1,42766,0,0,0,1914,0,0,0,15688,0,0
8,42036464,rs61755432,C,G,"gnomAD Exomes,gnomAD Genomes",PASS,PASS,p.Gly494Ala,p.Gly494Ala,c.1481G>C,missense_variant,,110,120272,0.000914593587868,0,0,3,9734,0,0,10,17354,0,0,0,2358,0,0,0,9958,0,0,0,14556,0,0,71,48286,0,0,2,2336,0,0,24,15690,0,0
8,42036483,rs534863394,C,A,gnomAD Exomes,PASS,NA,p.Asp488Tyr,p.Asp488Tyr,c.1462G>T,missense_variant,,6,109408,5.48405966656917E-05,0,0,0,7164,0,0,6,17112,0,0,0,2320,0,0,0,9046,0,0,0,13394,0,0,0,42768,0,0,0,1914,0,0,0,15690,0,0
8,42036483,rs534863394,C,T,gnomAD Exomes,PASS,NA,p.Asp488Asn,p.Asp488Asn,c.1462G>A,missense_variant,,3,109408,2.74202983328459E-05,0,0,1,7164,0,0,0,17112,0,0,0,2320,0,0,0,9046,0,0,1,13394,0,0,1,42768,0,0,0,1914,0,0,0,15690,0,0
8,42036505,rs781771661,ATGT,A,gnomAD Exomes,PASS,NA,p.Gln479del,p.Gln479del,c.1437_1439delACA,inframe_deletion,,5,109406,4.57013326508601E-05,0,0,0,7164,0,0,3,17110,0,0,0,2320,0,0,1,9046,0,0,0,13394,0,0,1,42768,0,0,0,1914,0,0,0,15690,0,0
8,42036521,rs773140572,C,T,gnomAD Exomes,PASS,NA,p.Arg475His,p.Arg475His,c.1424G>A,missense_variant,,1,109404,9.14043362217103E-06,0,0,0,7164,0,0,0,17110,0,0,0,2320,0,0,0,9046,0,0,0,13394,0,0,0,42766,0,0,0,1914,0,0,1,15690,0,0
8,42036522,rs1305019827,G,A,"gnomAD Exomes,gnomAD Genomes",PASS,PASS,p.Arg475Cys,p.Arg475Cys,c.1423C>T,missense_variant,,4,120272,3.32579486497273E-05,0,0,0,9732,0,0,0,17356,0,0,0,2358,0,0,0,9962,0,0,0,14556,0,0,1,48280,0,0,0,2338,0,0,3,15690,0,0
8,42036534,rs114534719,A,G,"gnomAD Exomes,gnomAD Genomes",PASS,PASS,p.Tyr471His,p.Tyr471His,c.1411T>C,missense_variant,,65,120272,0.000540441665558,1,0,0,9732,0,0,0,17354,0,0,0,2358,0,0,62,9960,1,0,0,14556,0,0,0,48284,0,0,1,2338,0,0,2,15690,0,0
8,42036536,rs116109429,A,G,gnomAD Exomes,PASS,NA,p.Leu470Pro,p.Leu470Pro,c.1409T>C,missense_variant,,1,109366,9.14360953129857E-06,0,0,0,7162,0,0,0,17094,0,0,0,2320,0,0,1,9040,0,0,0,13394,0,0,0,42758,0,0,0,1914,0,0,0,15684,0,0
8,42036543,rs557377668,C,T,gnomAD Exomes,PASS,NA,p.Val468Ile,p.Val468Ile,c.1402G>A,missense_variant,,1,109386,9.14193772512022E-06,0,0,0,7164,0,0,0,17100,0,0,0,2320,0,0,0,9044,0,0,0,13394,0,0,1,42762,0,0,0,1914,0,0,0,15688,0,0
8,42036544,rs753553474,A,C,gnomAD Exomes,PASS,NA,p.His467Gln,p.His467Gln,c.1401T>G,missense_variant,,3,109390,2.74248103117287E-05,0,0,0,7164,0,0,0,17100,0,0,0,2320,0,0,0,9046,0,0,0,13394,0,0,3,42764,0,0,0,1912,0,0,0,15690,0,0
8,42036548,rs756882853,G,A,gnomAD Exomes,PASS,NA,p.Ala466Val,p.Ala466Val,c.1397C>T,missense_variant,,1,109352,9.14478015948497E-06,0,0,0,7164,0,0,0,17084,0,0,0,2320,0,0,0,9046,0,0,0,13394,0,0,1,42748,0,0,0,1912,0,0,0,15684,0,0
8,42036549,rs1436665928,C,T,gnomAD Exomes,PASS,NA,p.Ala466Thr,p.Ala466Thr,c.1396G>A,missense_variant,,1,109344,9.14544922446591E-06,0,0,0,7160,0,0,1,17082,0,0,0,2320,0,0,0,9044,0,0,0,13394,0,0,0,42752,0,0,0,1910,0,0,0,15682,0,0
8,42036553,rs745318874,CTTCAGCCGCT,C,gnomAD Exomes,PASS,NA,p.Glu461GlyfsTer57,p.Glu461GlyfsTer57,c.1382_1391delAGCGGCTGAA,frameshift_variant,,1,109364,9.14377674554698E-06,0,0,0,7162,0,0,0,17088,0,0,0,2320,0,0,0,9046,0,0,0,13394,0,0,1,42754,0,0,0,1912,0,0,0,15688,0,0
8,42036556,rs1470413670,C,A,gnomAD Exomes,PASS,NA,p.Ter294LeuextTer57,p.Ter294LeuextTer57,c.881G>T,stop_lost,,1,109362,9.14394396591138E-06,0,0,0,7162,0,0,0,17086,0,0,0,2318,0,0,1,9046,0,0,0,13394,0,0,0,42756,0,0,0,1914,0,0,0,15686,0,0
8,42036560,rs199540133,C,T,gnomAD Exomes,PASS,NA,p.Arg462Gln,p.Arg462Gln,c.1385G>A,missense_variant,,35,109298,0.000320225438709,1,0,0,7160,0,0,4,17048,0,0,0,2318,0,0,0,9046,0,0,1,13394,0,0,1,42748,0,0,0,1910,0,0,29,15674,1,0
8,42036560,rs199540133,C,G,gnomAD Exomes,PASS,NA,p.Arg462Pro,p.Arg462Pro,c.1385G>C,missense_variant,,1,109298,9.14929824882432E-06,0,0,0,7160,0,0,0,17048,0,0,0,2318,0,0,0,9046,0,0,0,13394,0,0,1,42748,0,0,0,1910,0,0,0,15674,0,0
8,42036561,rs545287158,G,A,"gnomAD Exomes,gnomAD Genomes",PASS,PASS,p.Arg462Trp,p.Arg462Trp,c.1384C>T,missense_variant,,9,119956,7.50275100870319E-05,0,0,0,9732,0,0,0,17206,0,0,0,2352,0,0,0,9950,0,0,1,14550,0,0,1,48220,0,0,1,2332,0,0,6,15614,0,0
8,42036565,rs769212083,C,G,"gnomAD Exomes,gnomAD Genomes",PASS,PASS,p.Arg291Pro,p.Arg291Pro,c.872G>C,missense_variant,,26,120050,0.000216576426489,0,0,0,9732,0,0,2,17244,0,0,0,2358,0,0,0,9952,0,0,0,14556,0,0,21,48230,0,0,2,2330,0,0,1,15648,0,0
8,42036566,rs564988743,G,A,gnomAD Exomes,PASS,NA,p.Ser460Leu,p.Ser460Leu,c.1379C>T,missense_variant,,4,109194,3.66320493800026E-05,0,0,0,7160,0,0,0,17006,0,0,0,2318,0,0,0,9044,0,0,0,13390,0,0,1,42740,0,0,0,1910,0,0,3,15626,0,0
8,42036569,rs748426960,T,A,gnomAD Exomes,PASS,NA,p.Tyr459Phe,p.Tyr459Phe,c.1376A>T,missense_variant,,1,109112,9.16489478700784E-06,0,0,0,7162,0,0,0,16968,0,0,0,2318,0,0,0,9044,0,0,0,13394,0,0,1,42730,0,0,0,1910,0,0,0,15586,0,0
8,42036570,rs62001885,A,G,gnomAD Exomes,PASS,NA,p.Tyr459His,p.Tyr459His,c.1375T>C,missense_variant,,13,109042,0.000119220117019,0,0,0,7160,0,0,1,16942,0,0,0,2314,0,0,0,9044,0,0,0,13394,0,0,12,42716,0,0,0,1906,0,0,0,15566,0,0
8,42036577,rs1136159,A,G,"gnomAD Exomes,gnomAD Genomes",PASS,PASS,p.Leu287Pro,p.Leu287Pro,c.860T>C,missense_variant,,15178,119320,0.127204156889038,1132,0,255,9720,3,0,854,16938,26,0,297,2334,14,0,1909,9956,173,0,2515,14550,223,0,6276,48126,403,0,321,2322,22,0,2751,15374,268,0
8,42036580,rs770984249,C,T,gnomAD Exomes,PASS,NA,p.Cys286Tyr,p.Cys286Tyr,c.857G>A,missense_variant,,1,108142,9.2471010338259E-06,0,0,0,7148,0,0,0,16566,0,0,0,2284,0,0,0,9038,0,0,0,13384,0,0,1,42544,0,0,0,1892,0,0,0,15286,0,0
8,42037447,rs538663869,C,A,gnomAD Exomes,PASS,NA,p.Ala454Ser,p.Ala454Ser,c.1360G>T,missense_variant,,13,100958,0.000128766417718,2,0,0,6454,0,0,1,16194,0,0,0,1924,0,0,0,8874,0,0,0,12932,0,0,0,38630,0,0,0,1760,0,0,12,14190,2,0
8,42037448,rs375776561,C,G,gnomAD Exomes,PASS,NA,p.Glu453Asp,p.Glu453Asp,c.1359G>C,missense_variant,,3,101170,2.96530592072749E-05,0,0,0,6444,0,0,0,16186,0,0,0,1966,0,0,0,8846,0,0,0,12948,0,0,0,38736,0,0,0,1766,0,0,3,14278,0,0
8,42037448,rs375776561,C,T,gnomAD Exomes,PASS,NA,p.Arg284Lys,p.Arg284Lys,c.851G>A,missense_variant,,2,101170,1.97687061381833E-05,0,0,1,6444,0,0,1,16186,0,0,0,1966,0,0,0,8846,0,0,0,12948,0,0,0,38736,0,0,0,1766,0,0,0,14278,0,0
8,42037459,rs1043243956,C,T,gnomAD Exomes,PASS,NA,p.Gly450Ser,p.Gly450Ser,c.1348G>A,missense_variant,,1,103198,9.69011027345491E-06,0,0,0,6456,0,0,0,16396,0,0,0,2058,0,0,0,8864,0,0,0,13052,0,0,1,39796,0,0,0,1792,0,0,0,14784,0,0
8,42037466,rs762658699,G,A,"gnomAD Exomes,gnomAD Genomes",PASS,PASS,p.Pro278Leu,p.Pro278Leu,c.833C>T,missense_variant,,4,114486,3.49387698059151E-05,0,0,0,8954,0,0,0,16694,0,0,0,2118,0,0,0,9720,0,0,0,14244,0,0,3,45554,0,0,0,2230,0,0,1,14972,0,0
8,42037469,rs1325566918,G,A,gnomAD Exomes,PASS,NA,p.Ser277Phe,p.Ser277Phe,c.830C>T,missense_variant,,1,103936,9.62130541871921E-06,0,0,0,6382,0,0,0,16470,0,0,0,2108,0,0,0,8786,0,0,0,13108,0,0,1,40270,0,0,0,1814,0,0,0,14998,0,0
8,42037479,rs756918378,T,G,gnomAD Exomes,PASS,NA,p.Glu443Ala,p.Glu443Ala,c.1328A>C,missense_variant,,9,103396,8.70439862277071E-05,0,0,1,6300,0,0,0,16496,0,0,0,2118,0,0,0,8674,0,0,0,13080,0,0,8,39912,0,0,0,1792,0,0,0,15024,0,0
8,42037481,rs996264302,C,T,gnomAD Exomes,PASS,NA,p.Arg273Gln,p.Arg273Gln,c.818G>A,missense_variant,,1,103712,9.64208577599506E-06,0,0,0,6336,0,0,1,16510,0,0,0,2136,0,0,0,8694,0,0,0,13096,0,0,0,40108,0,0,0,1790,0,0,0,15042,0,0
8,42037483,rs201544156,T,C,gnomAD Exomes,PASS,NA,p.Thr442Ala,p.Thr442Ala,c.1324A>G,missense_variant,,1,104058,9.61002517826597E-06,0,0,0,6374,0,0,0,16554,0,0,0,2136,0,0,1,8720,0,0,0,13092,0,0,0,40280,0,0,0,1808,0,0,0,15094,0,0
8,42037487,rs751078708,G,A,gnomAD Exomes,PASS,NA,p.Thr271Ile,p.Thr271Ile,c.812C>T,missense_variant,,1,104144,9.60208941465663E-06,0,0,0,6414,0,0,1,16534,0,0,0,2128,0,0,0,8730,0,0,0,13100,0,0,0,40290,0,0,0,1808,0,0,0,15140,0,0
8,42037489,rs572343119,C,G,gnomAD Exomes,PASS,NA,p.Asp440His,p.Asp440His,c.1318G>C,missense_variant,,1,103956,9.61945438454731E-06,0,0,0,6392,0,0,0,16496,0,0,0,2132,0,0,0,8708,0,0,0,13112,0,0,0,40196,0,0,0,1808,0,0,1,15112,0,0
8,42037489,rs572343119,C,T,gnomAD Exomes,PASS,NA,p.Asp440Asn,p.Asp440Asn,c.1318G>A,missense_variant,,1,103956,9.61945438454731E-06,0,0,0,6392,0,0,0,16496,0,0,0,2132,0,0,0,8708,0,0,0,13112,0,0,1,40196,0,0,0,1808,0,0,0,15112,0,0
8,42037490,rs753194160,C,T,gnomAD Exomes,PASS,NA,p.Arg270Gln,p.Arg270Gln,c.809G>A,missense_variant,,1,104062,9.60965578212988E-06,0,0,0,6420,0,0,0,16496,0,0,0,2130,0,0,0,8704,0,0,0,13118,0,0,1,40238,0,0,0,1812,0,0,0,15144,0,0
8,42037492,rs756437559,G,A,gnomAD Exomes,PASS,NA,p.Pro439Ser,p.Pro439Ser,c.1315C>T,missense_variant,,0,103734,0,0,0,0,6356,0,0,0,16474,0,0,0,2122,0,0,0,8654,0,0,0,13120,0,0,0,40096,0,0,0,1814,0,0,0,15098,0,0
8,42037492,rs756437559,G,C,gnomAD Exomes,PASS,NA,p.Pro439Ala,p.Pro439Ala,c.1315C>G,missense_variant,,3,103734,2.89201226213199E-05,0,0,0,6356,0,0,0,16474,0,0,0,2122,0,0,0,8654,0,0,0,13120,0,0,0,40096,0,0,0,1814,0,0,3,15098,0,0
8,42037493,rs1427887957,C,A,gnomAD Exomes,PASS,NA,p.Cys269Phe,p.Cys269Phe,c.806G>T,missense_variant,,0,103568,0,0,0,0,6354,0,0,0,16464,0,0,0,2108,0,0,0,8640,0,0,0,13114,0,0,0,39988,0,0,0,1808,0,0,0,15092,0,0
8,42037506,rs778193644,G,A,gnomAD Exomes,PASS,NA,p.Ala434Val,p.Ala434Val,c.1301C>T,missense_variant,,0,104266,0,0,0,0,6486,0,0,0,16510,0,0,0,2164,0,0,0,8646,0,0,0,13144,0,0,0,40308,0,0,0,1824,0,0,0,15184,0,0
8,42037506,rs778193644,G,C,gnomAD Genomes,NA,PASS,p.Ala434Gly,p.Ala434Gly,c.1301C>G,missense_variant,,1,10878,9.19286633572348E-05,0,0,0,2572,0,0,0,246,0,0,0,38,0,0,0,916,0,0,0,1162,0,0,1,5520,0,0,0,424,0,0,0,0,0,0
8,42037506,rs778193644,G,T,gnomAD Exomes,PASS,NA,p.Ala434Glu,p.Ala434Glu,c.1301C>A,missense_variant,,3,104266,2.87725624844149E-05,0,0,0,6486,0,0,1,16510,0,0,0,2164,0,0,0,8646,0,0,0,13144,0,0,2,40308,0,0,0,1824,0,0,0,15184,0,0
8,42037533,rs773041100,A,C,gnomAD Exomes,PASS,NA,p.Val425Gly,p.Val425Gly,c.1274T>G,missense_variant,,3,105690,2.83848992336077E-05,0,0,0,6718,0,0,1,16548,0,0,0,2212,0,0,0,8724,0,0,0,13226,0,0,2,41118,0,0,0,1844,0,0,0,15300,0,0
8,42037534,rs762557505,C,A,gnomAD Exomes,PASS,NA,p.Val425Leu,p.Val425Leu,c.1273G>T,missense_variant,,3,105822,2.83494925440835E-05,0,0,0,6704,0,0,3,16638,0,0,0,2230,0,0,0,8696,0,0,0,13222,0,0,0,41144,0,0,0,1858,0,0,0,15330,0,0
8,42037534,rs762557505,C,T,gnomAD Genomes,NA,PASS,p.Val425Met,p.Val425Met,c.1273G>A,missense_variant,,1,10874,9.19624793084421E-05,0,0,1,2570,0,0,0,246,0,0,0,38,0,0,0,916,0,0,0,1162,0,0,0,5518,0,0,0,424,0,0,0,0,0,0
8,42037541,rs540586282,C,A,gnomAD Exomes,PASS,NA,p.Glu422Asp,p.Glu422Asp,c.1266G>T,missense_variant,,1,106472,9.39214065669847E-06,0,0,0,6868,0,0,0,16702,0,0,0,2240,0,0,0,8758,0,0,0,13244,0,0,1,41424,0,0,0,1864,0,0,0,15372,0,0
8,42037541,rs540586282,C,G,gnomAD Exomes,PASS,NA,p.Glu422Asp,p.Glu422Asp,c.1266G>C,missense_variant,,5,106472,4.69607032834924E-05,0,0,0,6868,0,0,0,16702,0,0,0,2240,0,0,0,8758,0,0,0,13244,0,0,0,41424,0,0,0,1864,0,0,5,15372,0,0
8,42037549,rs774094781,C,T,gnomAD Exomes,PASS,NA,p.Ala420Thr,p.Ala420Thr,c.1258G>A,missense_variant,,1,106430,9.39584703561026E-06,0,0,0,6900,0,0,1,16664,0,0,0,2240,0,0,0,8752,0,0,0,13232,0,0,0,41398,0,0,0,1856,0,0,0,15388,0,0
8,42037554,rs753320550,C,T,gnomAD Exomes,PASS,NA,p.Arg418His,p.Arg418His,c.1253G>A,missense_variant,,2,106114,1.88476544094088E-05,0,0,0,6892,0,0,0,16606,0,0,0,2226,0,0,0,8756,0,0,0,13236,0,0,2,41210,0,0,0,1854,0,0,0,15334,0,0
8,42037555,rs761230661,G,A,gnomAD Exomes,PASS,NA,p.Arg418Cys,p.Arg418Cys,c.1252C>T,missense_variant,,4,106608,3.75206363499925E-05,0,0,0,6936,0,0,0,16674,0,0,0,2248,0,0,4,8778,0,0,0,13232,0,0,0,41488,0,0,0,1856,0,0,0,15396,0,0
8,42037557,rs1380594436,G,A,gnomAD Exomes,PASS,NA,p.Ser417Phe,p.Ser417Phe,c.1250C>T,missense_variant,,0,106694,0,0,0,0,6966,0,0,0,16672,0,0,0,2242,0,0,0,8800,0,0,0,13246,0,0,0,41504,0,0,0,1862,0,0,0,15402,0,0
8,42037567,rs1436518833,A,G,gnomAD Exomes,PASS,NA,p.Ser414Pro,p.Ser414Pro,c.1240T>C,missense_variant,,1,106946,9.35051334318254E-06,0,0,0,7046,0,0,0,16700,0,0,0,2228,0,0,0,8888,0,0,0,13252,0,0,0,41564,0,0,0,1860,0,0,1,15408,0,0
8,42037578,rs750578383,A,C,gnomAD Exomes,PASS,NA,p.Leu410Arg,p.Leu410Arg,c.1229T>G,missense_variant,mnv,1,106372,9.40097018012259E-06,0,0,0,7066,0,0,0,16746,0,0,0,2184,0,0,0,8926,0,0,0,13192,0,0,0,41152,0,0,0,1850,0,0,1,15256,0,0
8,42037579,rs758543259,G,C,gnomAD Exomes,PASS,NA,p.Leu410Val,p.Leu410Val,c.1228C>G,missense_variant,mnv,1,106094,9.42560370991762E-06,0,0,0,7072,0,0,0,16722,0,0,0,2174,0,0,0,8928,0,0,0,13164,0,0,0,40978,0,0,0,1848,0,0,1,15208,0,0
8,42037768,rs149824937,T,C,gnomAD Exomes,PASS,NA,p.Asn405Ser,p.Asn405Ser,c.1214A>G,missense_variant,,1,109406,9.14026653017202E-06,0,0,0,7164,0,0,0,17112,0,0,0,2320,0,0,0,9046,0,0,0,13394,0,0,1,42766,0,0,0,1914,0,0,0,15690,0,0
8,42037772,rs1336968585,CGTAA,C,gnomAD Exomes,PASS,NA,p.Tyr403ThrfsTer9,p.Tyr403ThrfsTer9,c.1206_1209delTTAC,frameshift_variant,,1,109400,9.14076782449726E-06,0,0,0,7164,0,0,0,17112,0,0,0,2318,0,0,0,9046,0,0,0,13394,0,0,1,42764,0,0,0,1914,0,0,0,15688,0,0
8,42037773,rs767986898,G,C,gnomAD Genomes,NA,PASS,p.Tyr403Ter,p.Tyr403Ter,c.1209C>G,stop_gained,,1,10880,9.19117647058823E-05,0,0,0,2574,0,0,0,246,0,0,0,38,0,0,0,916,0,0,0,1162,0,0,1,5520,0,0,0,424,0,0,0,0,0,0
8,42037773,rs767986898,G,T,gnomAD Exomes,PASS,NA,p.Tyr403Ter,p.Tyr403Ter,c.1209C>A,stop_gained,,1,109408,9.14009944428195E-06,0,0,0,7164,0,0,0,17112,0,0,0,2320,0,0,0,9046,0,0,0,13394,0,0,1,42768,0,0,0,1914,0,0,0,15690,0,0
8,42037774,rs777263586,T,A,gnomAD Exomes,PASS,NA,p.Tyr403Phe,p.Tyr403Phe,c.1208A>T,missense_variant,,3,109408,2.74202983328459E-05,0,0,1,7164,0,0,0,17112,0,0,0,2320,0,0,0,9046,0,0,0,13394,0,0,2,42768,0,0,0,1914,0,0,0,15690,0,0
8,42037779,rs759543775,GTCA,G,gnomAD Exomes,PASS,NA,p.Asp401del,p.Asp401del,c.1200_1202delTGA,inframe_deletion,,1,109408,9.14009944428195E-06,0,0,0,7164,0,0,0,17112,0,0,0,2320,0,0,0,9046,0,0,0,13394,0,0,1,42768,0,0,0,1914,0,0,0,15690,0,0
8,42037787,rs1214661511,C,T,gnomAD Exomes,PASS,NA,p.Asp399Asn,p.Asp399Asn,c.1195G>A,missense_variant,,1,109408,9.14009944428195E-06,0,0,0,7164,0,0,0,17112,0,0,1,2320,0,0,0,9046,0,0,0,13394,0,0,0,42768,0,0,0,1914,0,0,0,15690,0,0
8,42037790,rs1282581788,A,C,gnomAD Genomes,NA,PASS,p.Phe398Val,p.Phe398Val,c.1192T>G,missense_variant,,1,10880,9.19117647058823E-05,0,0,0,2574,0,0,0,246,0,0,0,38,0,0,0,916,0,0,0,1162,0,0,1,5520,0,0,0,424,0,0,0,0,0,0
8,42037798,rs548902992,T,C,gnomAD Exomes,PASS,NA,p.His395Arg,p.His395Arg,c.1184A>G,missense_variant,,1,109408,9.14009944428195E-06,0,0,1,7164,0,0,0,17112,0,0,0,2320,0,0,0,9046,0,0,0,13394,0,0,0,42768,0,0,0,1914,0,0,0,15690,0,0
8,42037806,rs1425633140,G,T,gnomAD Exomes,PASS,NA,p.Tyr392Ter,p.Tyr392Ter,c.1176C>A,stop_gained,,1,109408,9.14009944428195E-06,0,0,0,7164,0,0,0,17112,0,0,0,2320,0,0,1,9046,0,0,0,13394,0,0,0,42768,0,0,0,1914,0,0,0,15690,0,0
8,42037822,rs968701455,A,G,gnomAD Exomes,PASS,NA,p.Phe387Ser,p.Phe387Ser,c.1160T>C,missense_variant,,1,109408,9.14009944428195E-06,0,0,0,7164,0,0,0,17112,0,0,0,2320,0,0,0,9046,0,0,0,13394,0,0,1,42768,0,0,0,1914,0,0,0,15690,0,0
8,42037832,rs148523981,C,G,gnomAD Exomes,PASS,NA,p.Glu384Gln,p.Glu384Gln,c.1150G>C,missense_variant,,4,109408,3.65603977771278E-05,0,0,0,7164,0,0,0,17112,0,0,0,2320,0,0,0,9046,0,0,0,13394,0,0,4,42768,0,0,0,1914,0,0,0,15690,0,0
8,42037833,rs570954622,C,G,gnomAD Exomes,PASS,NA,p.Glu383Asp,p.Glu383Asp,c.1149G>C,missense_variant,,1,109408,9.14009944428195E-06,0,0,0,7164,0,0,0,17112,0,0,0,2320,0,0,1,9046,0,0,0,13394,0,0,0,42768,0,0,0,1914,0,0,0,15690,0,0
8,42037852,rs1267567357,C,A,gnomAD Exomes,PASS,NA,p.Arg377Leu,p.Arg377Leu,c.1130G>T,missense_variant,,1,109408,9.14009944428195E-06,0,0,0,7164,0,0,0,17112,0,0,0,2320,0,0,0,9046,0,0,0,13394,0,0,0,42768,0,0,1,1914,0,0,0,15690,0,0
8,42037862,rs763316163,T,C,"gnomAD Exomes,gnomAD Genomes",PASS,PASS,p.Arg374Gly,p.Arg374Gly,c.1120A>G,missense_variant,,23,120286,0.000191210947242,0,0,0,9738,0,0,0,17358,0,0,0,2358,0,0,23,9962,0,0,0,14556,0,0,0,48286,0,0,0,2338,0,0,0,15690,0,0
8,42037864,rs116381625,C,G,"gnomAD Exomes,gnomAD Genomes",PASS,PASS,p.Gly373Ala,p.Gly373Ala,c.1118G>C,missense_variant,,6,120278,4.98844343936547E-05,0,0,6,9738,0,0,0,17358,0,0,0,2358,0,0,0,9962,0,0,0,14554,0,0,0,48280,0,0,0,2338,0,0,0,15690,0,0
8,42037864,rs116381625,C,T,gnomAD Exomes,PASS,NA,p.Gly373Asp,p.Gly373Asp,c.1118G>A,missense_variant,,1,109406,9.14026653017202E-06,0,0,0,7164,0,0,0,17112,0,0,0,2320,0,0,0,9046,0,0,0,13392,0,0,1,42768,0,0,0,1914,0,0,0,15690,0,0
8,42037865,rs1156577922,C,T,gnomAD Exomes,PASS,NA,p.Gly373Ser,p.Gly373Ser,c.1117G>A,missense_variant,,1,109406,9.14026653017202E-06,0,0,0,7164,0,0,1,17112,0,0,0,2320,0,0,0,9046,0,0,0,13392,0,0,0,42768,0,0,0,1914,0,0,0,15690,0,0
8,42037876,rs752793328,G,A,gnomAD Exomes,PASS,NA,p.Thr369Met,p.Thr369Met,c.1106C>T,missense_variant,,1,109400,9.14076782449726E-06,0,0,0,7164,0,0,0,17112,0,0,0,2320,0,0,0,9046,0,0,0,13394,0,0,1,42762,0,0,0,1912,0,0,0,15690,0,0
8,42037888,rs1332158066,G,A,gnomAD Exomes,PASS,NA,p.Pro365Leu,p.Pro365Leu,c.1094C>T,missense_variant,,1,109386,9.14193772512022E-06,0,0,0,7164,0,0,0,17110,0,0,0,2320,0,0,1,9046,0,0,0,13394,0,0,0,42748,0,0,0,1914,0,0,0,15690,0,0
8,42037889,rs547017710,G,T,gnomAD Exomes,PASS,NA,p.Pro365Thr,p.Pro365Thr,c.1093C>A,missense_variant,,5,109376,4.57138677589233E-05,0,0,0,7164,0,0,0,17110,0,0,0,2320,0,0,0,9044,0,0,0,13392,0,0,0,42744,0,0,0,1912,0,0,5,15690,0,0
8,42037891,rs758336862,G,A,gnomAD Exomes,PASS,NA,p.Pro364Leu,p.Pro364Leu,c.1091C>T,missense_variant,,1,109372,9.14310792524595E-06,0,0,0,7164,0,0,0,17110,0,0,0,2320,0,0,0,9046,0,0,0,13388,0,0,1,42742,0,0,0,1912,0,0,0,15690,0,0
8,42038012,rs1202773758,C,T,gnomAD Exomes,PASS,NA,p.Glu361Lys,p.Glu361Lys,c.1081G>A,missense_variant,,1,109170,9.16002564807182E-06,0,0,0,7160,0,0,0,17108,0,0,0,2320,0,0,0,9042,0,0,0,13184,0,0,1,42760,0,0,0,1910,0,0,0,15686,0,0
8,42038013,rs762779874,C,G,gnomAD Exomes,PASS,NA,p.Gln360His,p.Gln360His,c.1080G>C,missense_variant,,3,109186,2.74760500430458E-05,0,0,0,7160,0,0,3,17110,0,0,0,2320,0,0,0,9042,0,0,0,13194,0,0,0,42764,0,0,0,1910,0,0,0,15686,0,0
8,42038014,rs377384171,T,C,gnomAD Exomes,PASS,NA,p.Gln360Arg,p.Gln360Arg,c.1079A>G,missense_variant,,1,109182,9.15901888589694E-06,0,0,1,7160,0,0,0,17110,0,0,0,2320,0,0,0,9044,0,0,0,13192,0,0,0,42764,0,0,0,1908,0,0,0,15684,0,0
8,42038027,rs140012141,C,T,gnomAD Exomes,PASS,NA,p.Ala356Thr,p.Ala356Thr,c.1066G>A,missense_variant,,4,109166,3.66414451385963E-05,0,0,1,7162,0,0,0,17108,0,0,0,2318,0,0,0,9044,0,0,0,13168,0,0,0,42768,0,0,0,1912,0,0,3,15686,0,0
8,42038044,rs536873409,C,T,gnomAD Exomes,PASS,NA,p.Cys350Tyr,p.Cys350Tyr,c.1049G>A,missense_variant,,4,109280,3.66032210834553E-05,0,0,0,7164,0,0,0,17112,0,0,0,2320,0,0,0,9046,0,0,0,13270,0,0,0,42768,0,0,0,1912,0,0,4,15688,0,0
8,42038048,rs749841798,A,C,gnomAD Exomes,PASS,NA,p.Ser349Ala,p.Ser349Ala,c.1045T>G,missense_variant,,1,109308,9.14846122882131E-06,0,0,0,7164,0,0,0,17112,0,0,0,2320,0,0,1,9046,0,0,0,13296,0,0,0,42768,0,0,0,1912,0,0,0,15690,0,0
8,42038050,rs771310491,C,T,gnomAD Exomes,PASS,NA,p.Ser348Asn,p.Ser348Asn,c.1043G>A,missense_variant,,1,109300,9.14913083257091E-06,0,0,0,7160,0,0,0,17112,0,0,0,2320,0,0,1,9046,0,0,0,13292,0,0,0,42768,0,0,0,1912,0,0,0,15690,0,0
8,42038053,rs779434594,A,T,gnomAD Exomes,PASS,NA,p.Ile347Asn,p.Ile347Asn,c.1040T>A,missense_variant,,1,109324,9.1471223153196E-06,0,0,0,7164,0,0,0,17112,0,0,0,2320,0,0,0,9046,0,0,0,13312,0,0,1,42768,0,0,0,1912,0,0,0,15690,0,0
8,42038077,rs760967419,C,T,"gnomAD Exomes,gnomAD Genomes",PASS,PASS,p.Arg339Gln,p.Arg339Gln,c.1016G>A,missense_variant,,5,120202,4.15966456464951E-05,0,0,1,9738,0,0,0,17350,0,0,0,2356,0,0,0,9962,0,0,0,14486,0,0,4,48282,0,0,0,2338,0,0,0,15690,0,0
8,42038084,rs766253640,C,T,"gnomAD Exomes,gnomAD Genomes",PASS,PASS,p.Gly337Arg,p.Gly337Arg,c.1009G>A,missense_variant,,6,120176,4.99267740647051E-05,0,0,0,9738,0,0,0,17342,0,0,2,2356,0,0,0,9962,0,0,0,14482,0,0,3,48274,0,0,0,2336,0,0,1,15686,0,0
8,42038089,rs576912866,G,A,gnomAD Exomes,PASS,NA,p.Ser335Leu,p.Ser335Leu,c.1004C>T,missense_variant,,1,109300,9.14913083257091E-06,0,0,0,7164,0,0,0,17084,0,0,0,2316,0,0,0,9046,0,0,0,13346,0,0,1,42750,0,0,0,1912,0,0,0,15682,0,0
8,42038092,rs545577699,C,T,gnomAD Exomes,PASS,NA,p.Arg334Lys,p.Arg334Lys,c.1001G>A,missense_variant,,3,109300,2.74473924977127E-05,0,0,0,7164,0,0,0,17072,0,0,0,2316,0,0,0,9046,0,0,0,13356,0,0,0,42746,0,0,0,1914,0,0,3,15686,0,0
8,42038104,rs1478436380,G,A,gnomAD Exomes,PASS,NA,p.Ala330Val,p.Ala330Val,c.989C>T,missense_variant,,0,109106,0,0,0,0,7162,0,0,0,16998,0,0,0,2310,0,0,0,9046,0,0,0,13326,0,0,0,42704,0,0,0,1912,0,0,0,15648,0,0
8,42038111,rs752402331,T,A,gnomAD Exomes,PASS,NA,p.Ile328Phe,p.Ile328Phe,c.982A>T,missense_variant,,1,109172,9.15985783900634E-06,0,0,0,7162,0,0,1,17034,0,0,0,2312,0,0,0,9046,0,0,0,13348,0,0,0,42698,0,0,0,1910,0,0,0,15662,0,0
8,42038120,rs1376306767,G,C,gnomAD Exomes,PASS,NA,p.Gln325Glu,p.Gln325Glu,c.973C>G,missense_variant,,1,109094,9.16640695180303E-06,0,0,0,7164,0,0,0,17044,0,0,0,2312,0,0,1,9046,0,0,0,13334,0,0,0,42642,0,0,0,1906,0,0,0,15646,0,0
8,42038126,rs559353863,G,C,gnomAD Exomes,PASS,NA,p.Pro323Ala,p.Pro323Ala,c.967C>G,missense_variant,,1,109086,9.16707918523E-06,0,0,0,7164,0,0,0,17040,0,0,0,2308,0,0,0,9046,0,0,0,13342,0,0,0,42632,0,0,0,1906,0,0,1,15648,0,0
8,42038138,rs1172842164,T,C,gnomAD Exomes,PASS,NA,p.Ile319Val,p.Ile319Val,c.955A>G,missense_variant,,0,108642,0,0,0,0,7162,0,0,0,16982,0,0,0,2268,0,0,0,9046,0,0,0,13306,0,0,0,42408,0,0,0,1898,0,0,0,15572,0,0
8,42038141,rs777303169,C,T,gnomAD Exomes,PASS,NA,p.Asp318Asn,p.Asp318Asn,c.952G>A,missense_variant,,3,108134,2.77433554663658E-05,0,0,0,7158,0,0,0,16936,0,0,0,2240,0,0,0,9046,0,0,1,13278,0,0,2,42092,0,0,0,1890,0,0,0,15494,0,0
8,42038142,rs763208732,G,GGCGAAGAGCCCTCCTTT,gnomAD Exomes,PASS,NA,p.Asp318LysfsTer57,p.Asp318LysfsTer57,c.934_950dupAAAGGAGGGCTCTTCGC,frameshift_variant,,1,108130,9.24812725423102E-06,0,0,0,7160,0,0,0,16946,0,0,0,2234,0,0,0,9046,0,0,0,13272,0,0,1,42092,0,0,0,1890,0,0,0,15490,0,0
8,42038145,rs116608290,G,C,gnomAD Exomes,PASS,NA,p.Phe316Leu,p.Phe316Leu,c.948C>G,missense_variant,,1,107916,9.26646651099003E-06,0,0,0,7160,0,0,1,16936,0,0,0,2224,0,0,0,9046,0,0,0,13248,0,0,0,41984,0,0,0,1884,0,0,0,15434,0,0
8,42038152,rs1281250868,C,A,gnomAD Exomes,PASS,NA,p.Gly314Val,p.Gly314Val,c.941G>T,missense_variant,,1,106966,9.34876502813978E-06,0,0,0,7158,0,0,0,16852,0,0,0,2156,0,0,1,9046,0,0,0,13192,0,0,0,41444,0,0,0,1860,0,0,0,15258,0,0
8,42038164,rs1233670631,C,T,gnomAD Exomes,PASS,NA,p.Arg310His,p.Arg310His,c.929G>A,missense_variant,,1,103632,9.64952910297977E-06,0,0,0,7158,0,0,1,16542,0,0,0,1976,0,0,0,9046,0,0,0,12918,0,0,0,39776,0,0,0,1790,0,0,0,14426,0,0
8,42038165,rs151006962,G,A,"gnomAD Exomes,gnomAD Genomes",PASS,PASS,p.Arg310Cys,p.Arg310Cys,c.928C>T,missense_variant,,78,114472,0.000681389335383,0,0,2,9732,0,0,15,16792,0,0,0,2018,0,0,0,9962,0,0,0,14086,0,0,58,45238,0,0,3,2208,0,0,0,14436,0,0
8,42038191,rs377575969,A,G,"gnomAD Exomes,gnomAD Genomes",PASS,PASS,p.Leu301Pro,p.Leu301Pro,c.902T>C,missense_variant,,6,104648,5.73350661264429E-05,0,0,6,9702,0,0,0,15254,0,0,0,1582,0,0,0,9932,0,0,0,13422,0,0,0,40998,0,0,0,2034,0,0,0,11724,0,0
8,42038203,rs769849744,G,T,gnomAD Exomes,PASS,NA,p.Ser297Tyr,p.Ser297Tyr,c.890C>A,missense_variant,,0,89120,0,0,0,0,7114,0,0,0,14122,0,0,0,1380,0,0,0,8968,0,0,0,11950,0,0,0,33696,0,0,0,1520,0,0,0,10370,0,0
8,42039457,rs140854602,C,G,"gnomAD Exomes,gnomAD Genomes",PASS,PASS,p.Cys296Ser,p.Cys296Ser,c.887G>C,missense_variant,,4,120194,3.32795314241975E-05,0,0,2,9724,0,0,2,17338,0,0,0,2358,0,0,0,9952,0,0,0,14550,0,0,0,48252,0,0,0,2338,0,0,0,15682,0,0
8,42039457,rs140854602,CAGG,C,gnomAD Exomes,PASS,NA,p.Ser295del,p.Ser295del,c.884_886delCCT,inframe_deletion,,1,109322,9.14728965807431E-06,0,0,0,7152,0,0,0,17092,0,0,0,2320,0,0,0,9038,0,0,0,13388,0,0,0,42736,0,0,0,1914,0,0,1,15682,0,0
8,42039482,rs748392999,A,T,gnomAD Exomes,PASS,NA,p.Trp288Arg,p.Trp288Arg,c.862T>A,missense_variant,,1,109388,9.14177057812557E-06,0,0,0,7158,0,0,0,17108,0,0,0,2318,0,0,1,9046,0,0,0,13394,0,0,0,42762,0,0,0,1914,0,0,0,15688,0,0
8,42039484,rs114878147,G,A,"gnomAD Exomes,gnomAD Genomes",PASS,PASS,p.Thr287Met,p.Thr287Met,c.860C>T,missense_variant,,212,120254,0.001762935120661,1,0,8,9730,0,0,27,17356,0,0,1,2356,0,0,0,9962,0,0,6,14554,0,0,143,48270,0,0,5,2338,0,0,22,15688,1,0
8,42039490,rs186340272,C,T,gnomAD Exomes,PASS,NA,p.Arg285Lys,p.Arg285Lys,c.854G>A,missense_variant,,8,109392,7.31314904197748E-05,0,0,0,7160,0,0,0,17110,0,0,0,2320,0,0,7,9042,0,0,0,13394,0,0,0,42762,0,0,0,1914,0,0,1,15690,0,0
8,42039493,rs750965262,CGGT,C,gnomAD Exomes,PASS,NA,p.Asn283_Arg284delinsSer,p.Asn283_Arg284delinsSer,c.848_850delACC,inframe_deletion,,1,109382,9.14227203744674E-06,0,0,0,7158,0,0,0,17104,0,0,0,2320,0,0,1,9046,0,0,0,13394,0,0,0,42758,0,0,0,1914,0,0,0,15688,0,0
8,42039493,rs750965262,C,T,gnomAD Exomes,PASS,NA,p.Arg284His,p.Arg284His,c.851G>A,missense_variant,,1,109382,9.14227203744674E-06,0,0,0,7158,0,0,0,17104,0,0,0,2320,0,0,0,9046,0,0,0,13394,0,0,0,42758,0,0,0,1914,0,0,1,15688,0,0
8,42039499,rs115367577,T,C,gnomAD Exomes,PASS,NA,p.Lys282Arg,p.Lys282Arg,c.845A>G,missense_variant,,27,109404,0.000246791707799,0,0,0,7162,0,0,0,17112,0,0,0,2320,0,0,27,9046,0,0,0,13394,0,0,0,42766,0,0,0,1914,0,0,0,15690,0,0
8,42039505,,A,C,gnomAD Exomes,PASS,NA,p.Val280Gly,p.Val280Gly,c.839T>G,missense_variant,,1,109402,9.14060072027934E-06,0,0,0,7160,0,0,0,17112,0,0,0,2320,0,0,0,9046,0,0,0,13394,0,0,1,42766,0,0,0,1914,0,0,0,15690,0,0
8,42039506,rs115902460,C,T,"gnomAD Exomes,gnomAD Genomes",PASS,PASS,p.Val280Met,p.Val280Met,c.838G>A,missense_variant,,28,120278,0.00023279402717,0,0,9,9734,0,0,16,17358,0,0,0,2358,0,0,2,9958,0,0,0,14556,0,0,0,48288,0,0,0,2336,0,0,1,15690,0,0
8,42039509,rs761504328,G,A,gnomAD Exomes,PASS,NA,p.His279Tyr,p.His279Tyr,c.835C>T,missense_variant,,1,109398,9.14093493482513E-06,0,0,0,7160,0,0,0,17112,0,0,0,2320,0,0,0,9044,0,0,0,13394,0,0,0,42764,0,0,0,1914,0,0,1,15690,0,0
8,42039510,rs764692184,G,C,gnomAD Exomes,PASS,NA,p.Cys278Trp,p.Cys278Trp,c.834C>G,missense_variant,,1,109398,9.14093493482513E-06,0,0,0,7160,0,0,0,17112,0,0,0,2320,0,0,0,9046,0,0,0,13394,0,0,1,42762,0,0,0,1914,0,0,0,15690,0,0
8,42039518,rs367827951,G,C,"gnomAD Exomes,gnomAD Genomes",PASS,PASS,p.Pro276Ala,p.Pro276Ala,c.826C>G,missense_variant,,3,120282,2.49413877388138E-05,0,0,3,9736,0,0,0,17354,0,0,0,2358,0,0,0,9962,0,0,0,14556,0,0,0,48290,0,0,0,2336,0,0,0,15690,0,0
8,42039533,rs752041491,C,T,gnomAD Exomes,PASS,NA,p.Asp271Asn,p.Asp271Asn,c.811G>A,missense_variant,,1,109386,9.14193772512022E-06,0,0,1,7162,0,0,0,17102,0,0,0,2318,0,0,0,9042,0,0,0,13392,0,0,0,42766,0,0,0,1914,0,0,0,15690,0,0
8,42040237,rs137943008,C,T,gnomAD Exomes,PASS,NA,p.Arg268Gln,p.Arg268Gln,c.803G>A,missense_variant,,1,106134,9.42205136902406E-06,0,0,0,7128,0,0,0,15914,0,0,0,2170,0,0,0,8990,0,0,0,13108,0,0,0,41922,0,0,0,1850,0,0,1,15052,0,0
8,42040237,rs137943008,C,A,gnomAD Exomes,PASS,NA,p.Arg268Leu,p.Arg268Leu,c.803G>T,missense_variant,"lc_lof,os_lof",0,106134,0,0,0,0,7128,0,0,0,15914,0,0,0,2170,0,0,0,8990,0,0,0,13108,0,0,0,41922,0,0,0,1850,0,0,0,15052,0,0
8,42040238,rs1339172365,G,A,gnomAD Exomes,PASS,NA,p.Arg268Trp,p.Arg268Trp,c.802C>T,missense_variant,,1,106324,9.40521425078063E-06,0,0,0,7114,0,0,0,15898,0,0,0,2182,0,0,0,8970,0,0,0,13132,0,0,1,42040,0,0,0,1856,0,0,0,15132,0,0
8,42040243,rs1245405304,T,A,gnomAD Genomes,NA,PASS,p.Tyr266Phe,p.Tyr266Phe,c.797A>T,missense_variant,,1,10796,9.26268988514264E-05,0,0,0,2566,0,0,0,246,0,0,0,38,0,0,0,916,0,0,0,1160,0,0,1,5452,0,0,0,418,0,0,0,0,0,0
8,42040249,rs200026039,T,C,gnomAD Exomes,PASS,NA,p.His264Arg,p.His264Arg,c.791A>G,missense_variant,,1,107396,9.31133375544713E-06,0,0,0,7126,0,0,0,16206,0,0,0,2230,0,0,0,8996,0,0,0,13232,0,0,0,42364,0,0,0,1874,0,0,1,15368,0,0
8,42040256,rs778071235,C,G,gnomAD Exomes,PASS,NA,p.Gly262Arg,p.Gly262Arg,c.784G>C,missense_variant,,1,107582,9.29523526240449E-06,0,0,1,7108,0,0,0,16372,0,0,0,2244,0,0,0,8972,0,0,0,13246,0,0,0,42370,0,0,0,1874,0,0,0,15396,0,0
8,42040267,rs778940973,G,A,"gnomAD Exomes,gnomAD Genomes",PASS,PASS,p.Ala258Val,p.Ala258Val,c.773C>T,missense_variant,,3,119406,2.51243656097684E-05,0,0,0,9694,0,0,0,17020,0,0,0,2328,0,0,3,9934,0,0,0,14474,0,0,0,48062,0,0,0,2312,0,0,0,15582,0,0
8,42040273,rs768669023,G,A,"gnomAD Exomes,gnomAD Genomes",PASS,PASS,p.Ala256Val,p.Ala256Val,c.767C>T,missense_variant,,4,119714,3.3412967572715E-05,0,0,0,9704,0,0,0,17146,0,0,0,2350,0,0,0,9938,0,0,0,14504,0,0,4,48128,0,0,0,2324,0,0,0,15620,0,0
8,42040279,rs747985978,G,T,gnomAD Exomes,PASS,NA,p.Pro254His,p.Pro254His,c.761C>A,missense_variant,,1,108982,9.17582720082215E-06,0,0,0,7152,0,0,0,16924,0,0,0,2312,0,0,0,9024,0,0,0,13346,0,0,1,42694,0,0,0,1904,0,0,0,15626,0,0
8,42040291,rs1425518634,G,A,gnomAD Exomes,PASS,NA,p.Thr250Ile,p.Thr250Ile,c.749C>T,missense_variant,,1,109356,9.14444566370387E-06,0,0,0,7164,0,0,0,17098,0,0,0,2320,0,0,0,9044,0,0,0,13366,0,0,0,42760,0,0,0,1914,0,0,1,15690,0,0
8,42040299,rs773970600,C,G,gnomAD Exomes,PASS,NA,p.Lys247Asn,p.Lys247Asn,c.741G>C,missense_variant,,1,109362,9.14394396591138E-06,0,0,0,7162,0,0,0,17104,0,0,0,2320,0,0,0,9046,0,0,0,13362,0,0,0,42764,0,0,0,1914,0,0,1,15690,0,0
8,42040306,rs377138710,A,G,"gnomAD Exomes,gnomAD Genomes",PASS,PASS,p.Ile245Thr,p.Ile245Thr,c.734T>C,missense_variant,,6,120212,4.99118224470103E-05,0,0,5,9732,0,0,1,17350,0,0,0,2358,0,0,0,9960,0,0,0,14536,0,0,0,48248,0,0,0,2338,0,0,0,15690,0,0
8,42040313,rs768094705,T,C,gnomAD Exomes,PASS,NA,p.Ile243Val,p.Ile243Val,c.727A>G,missense_variant,,1,109382,9.14227203744674E-06,0,0,1,7162,0,0,0,17108,0,0,0,2320,0,0,0,9046,0,0,0,13382,0,0,0,42762,0,0,0,1912,0,0,0,15690,0,0
8,42040315,rs753090202,A,G,gnomAD Exomes,PASS,NA,p.Met242Thr,p.Met242Thr,c.725T>C,missense_variant,,1,109392,9.14143630247184E-06,0,0,0,7162,0,0,0,17110,0,0,0,2320,0,0,0,9046,0,0,0,13386,0,0,0,42764,0,0,0,1914,0,0,1,15690,0,0
8,42040316,rs761107755,T,C,gnomAD Exomes,PASS,NA,p.Met242Val,p.Met242Val,c.724A>G,missense_variant,,3,109384,2.74263146346815E-05,0,0,0,7162,0,0,0,17108,0,0,0,2320,0,0,0,9046,0,0,0,13384,0,0,0,42762,0,0,0,1912,0,0,3,15690,0,0
8,42040327,rs148365121,G,A,"gnomAD Exomes,gnomAD Genomes",PASS,PASS,p.Pro238Leu,p.Pro238Leu,c.713C>T,missense_variant,,22,120240,0.000182967398536,0,0,1,9736,0,0,4,17356,0,0,0,2358,0,0,0,9962,0,0,1,14538,0,0,14,48264,0,0,0,2336,0,0,2,15690,0,0
8,42040331,rs757438587,G,A,gnomAD Exomes,PASS,NA,p.Leu237Phe,p.Leu237Phe,c.709C>T,missense_variant,,1,109384,9.14210487822716E-06,0,0,0,7162,0,0,0,17106,0,0,0,2320,0,0,0,9046,0,0,0,13384,0,0,1,42762,0,0,0,1914,0,0,0,15690,0,0
8,42040337,rs201009592,A,G,gnomAD Exomes,PASS,NA,p.Ser235Pro,p.Ser235Pro,c.703T>C,missense_variant,,1,109392,9.14143630247184E-06,0,0,0,7164,0,0,1,17108,0,0,0,2320,0,0,0,9046,0,0,0,13386,0,0,0,42764,0,0,0,1914,0,0,0,15690,0,0
8,42040349,rs868299367,C,T,gnomAD Exomes,PASS,NA,p.Glu231Lys,p.Glu231Lys,c.691G>A,missense_variant,,0,109390,0,0,0,0,7164,0,0,0,17106,0,0,0,2320,0,0,0,9044,0,0,0,13390,0,0,0,42766,0,0,0,1910,0,0,0,15690,0,0
8,42040358,rs1469348626,T,C,gnomAD Exomes,PASS,NA,p.Ser228Gly,p.Ser228Gly,c.682A>G,missense_variant,,1,109214,9.15633526837219E-06,0,0,0,7158,0,0,0,17024,0,0,0,2316,0,0,1,9038,0,0,0,13386,0,0,0,42720,0,0,0,1908,0,0,0,15664,0,0
8,42040363,rs777692567,G,A,gnomAD Exomes,PASS,NA,p.Thr226Met,p.Thr226Met,c.677C>T,missense_variant,,8,109324,7.31769785225568E-05,0,0,0,7158,0,0,0,17076,0,0,0,2320,0,0,2,9040,0,0,0,13388,0,0,0,42752,0,0,0,1908,0,0,6,15682,0,0
8,42040369,rs139316969,C,T,gnomAD Exomes,PASS,NA,p.Arg224His,p.Arg224His,c.671G>A,missense_variant,,22,109212,0.000201443064865,0,0,0,7162,0,0,16,16990,0,0,0,2314,0,0,0,9046,0,0,0,13390,0,0,6,42736,0,0,0,1906,0,0,0,15668,0,0
8,42040370,rs183443805,G,A,gnomAD Exomes,PASS,NA,p.Arg224Cys,p.Arg224Cys,c.670C>T,missense_variant,,6,109204,5.49430423794E-05,0,0,0,7164,0,0,0,16994,0,0,0,2316,0,0,0,9038,0,0,0,13388,0,0,6,42734,0,0,0,1906,0,0,0,15664,0,0
8,42040370,rs183443805,G,T,"gnomAD Exomes,gnomAD Genomes",PASS,PASS,p.Arg224Ser,p.Arg224Ser,c.670C>A,missense_variant,,5,120068,4.16430689276077E-05,1,0,0,9736,0,0,0,17240,0,0,0,2354,0,0,0,9950,0,0,0,14550,0,0,1,48244,0,0,1,2330,0,0,3,15664,1,0
8,42040387,rs771418702,C,T,gnomAD Exomes,PASS,NA,p.Gly218Glu,p.Gly218Glu,c.653G>A,missense_variant,,1,106490,9.3905531035778E-06,0,0,0,7126,0,0,1,15548,0,0,0,2268,0,0,0,9028,0,0,0,13356,0,0,0,42308,0,0,0,1868,0,0,0,14988,0,0
8,42040400,rs142878986,C,T,gnomAD Exomes,PASS,NA,p.Asp214Asn,p.Asp214Asn,c.640G>A,missense_variant,,1,108136,9.24761411555818E-06,0,0,1,7152,0,0,0,16442,0,0,0,2278,0,0,0,9036,0,0,0,13360,0,0,0,42524,0,0,0,1900,0,0,0,15444,0,0
8,42040401,rs1378415030,A,T,gnomAD Genomes,NA,PASS,p.Ser213Arg,p.Ser213Arg,c.639T>A,missense_variant,,1,10878,9.19286633572348E-05,0,0,0,2574,0,0,0,246,0,0,0,38,0,0,0,916,0,0,0,1162,0,0,1,5518,0,0,0,424,0,0,0,0,0,0
8,42040403,rs1446358290,T,C,gnomAD Exomes,PASS,NA,p.Ser213Gly,p.Ser213Gly,c.637A>G,missense_variant,,1,107834,9.2735129921917E-06,0,0,0,7150,0,0,0,16292,0,0,0,2254,0,0,0,9032,0,0,0,13350,0,0,1,42464,0,0,0,1894,0,0,0,15398,0,0
8,42042599,rs1318214159,C,G,gnomAD Exomes,PASS,NA,p.Gly211Arg,p.Gly211Arg,c.631G>C,missense_variant,,1,103836,9.63057128548866E-06,0,0,0,6952,0,0,0,15568,0,0,0,2148,0,0,0,8614,0,0,0,13204,0,0,0,40866,0,0,0,1782,0,0,1,14702,0,0
8,42042616,rs556443869,G,T,"gnomAD Exomes,gnomAD Genomes",PASS,PASS,p.Thr205Asn,p.Thr205Asn,c.614C>A,missense_variant,,113,118758,0.000951514845316,0,0,0,9680,0,0,0,16952,0,0,0,2326,0,0,0,9830,0,0,0,14510,0,0,0,47668,0,0,2,2304,0,0,111,15488,0,0
8,42042617,rs769171693,T,G,gnomAD Exomes,PASS,NA,p.Thr205Pro,p.Thr205Pro,c.613A>C,missense_variant,,1,107700,9.28505106778087E-06,0,0,0,7090,0,0,0,16690,0,0,0,2264,0,0,0,8890,0,0,0,13322,0,0,1,42104,0,0,0,1872,0,0,0,15468,0,0
8,42042631,rs777062125,G,A,gnomAD Exomes,PASS,NA,p.Ser200Leu,p.Ser200Leu,c.599C>T,missense_variant,,1,108708,9.19895499871215E-06,0,0,0,7134,0,0,0,16882,0,0,0,2310,0,0,0,8976,0,0,0,13382,0,0,0,42534,0,0,1,1890,0,0,0,15600,0,0
8,42042644,rs765577929,C,T,gnomAD Exomes,PASS,NA,p.Gly196Arg,p.Gly196Arg,c.586G>A,missense_variant,,5,108740,4.59812396542211E-05,0,0,0,7130,0,0,0,16904,0,0,0,2312,0,0,0,8970,0,0,0,13388,0,0,5,42546,0,0,0,1888,0,0,0,15602,0,0
8,42042646,rs61231575,G,A,"gnomAD Exomes,gnomAD Genomes",PASS,PASS,p.Ala195Val,p.Ala195Val,c.584C>T,missense_variant,,5,119608,4.18032238646244E-05,0,0,0,9692,0,0,0,17188,0,0,0,2346,0,0,4,9880,0,0,0,14546,0,0,1,48030,0,0,0,2312,0,0,0,15614,0,0
8,42042649,rs766524635,T,A,gnomAD Exomes,PASS,NA,p.Lys194Met,p.Lys194Met,c.581A>T,missense_variant,,1,108834,9.1883051252366E-06,0,0,0,7130,0,0,0,16944,0,0,0,2314,0,0,0,8972,0,0,0,13382,0,0,1,42574,0,0,0,1894,0,0,0,15624,0,0
8,42042651,rs751626399,A,C,gnomAD Exomes,PASS,NA,p.Phe193Leu,p.Phe193Leu,c.579T>G,missense_variant,,2,108864,1.83715461493239E-05,0,0,0,7126,0,0,0,16974,0,0,0,2310,0,0,0,8964,0,0,0,13382,0,0,2,42572,0,0,0,1898,0,0,0,15638,0,0
8,42042668,rs368082119,G,A,gnomAD Exomes,PASS,NA,p.Pro188Ser,p.Pro188Ser,c.562C>T,missense_variant,,1,108614,9.20691623547609E-06,0,0,1,7104,0,0,0,16918,0,0,0,2308,0,0,0,8948,0,0,0,13384,0,0,0,42456,0,0,0,1882,0,0,0,15614,0,0
8,42042673,rs1255710200,G,A,gnomAD Exomes,PASS,NA,p.Ser186Leu,p.Ser186Leu,c.557C>T,missense_variant,,1,108564,9.21115655281677E-06,0,0,0,7110,0,0,0,16904,0,0,0,2302,0,0,0,8936,0,0,0,13380,0,0,0,42442,0,0,0,1886,0,0,1,15604,0,0
8,42042678,rs753763001,T,C,gnomAD Exomes,PASS,NA,c.365-2A>G,,c.365-2A>G,splice_acceptor_variant,,1,108198,9.24231501506497E-06,0,0,0,7086,0,0,0,16838,0,0,0,2288,0,0,0,8916,0,0,0,13368,0,0,1,42284,0,0,0,1878,0,0,0,15540,0,0
8,42042679,rs559494707,C,T,gnomAD Exomes,PASS,NA,p.Arg184Gln,p.Arg184Gln,c.551G>A,missense_variant,,2,108210,1.84825801681915E-05,0,0,0,7084,0,0,0,16852,0,0,0,2290,0,0,2,8912,0,0,0,13368,0,0,0,42282,0,0,0,1874,0,0,0,15548,0,0
8,42042680,rs374169548,G,A,gnomAD Exomes,PASS,NA,p.Arg184Ter,p.Arg184Ter,c.550C>T,stop_gained,,0,108110,0,0,0,0,7086,0,0,0,16840,0,0,0,2284,0,0,0,8916,0,0,0,13356,0,0,0,42242,0,0,0,1872,0,0,0,15514,0,0
8,42042680,rs374169548,G,C,gnomAD Exomes,PASS,NA,p.Arg184Gly,p.Arg184Gly,c.550C>G,missense_variant,,1,108110,9.24983812783276E-06,0,0,0,7086,0,0,1,16840,0,0,0,2284,0,0,0,8916,0,0,0,13356,0,0,0,42242,0,0,0,1872,0,0,0,15514,0,0
8,42044926,rs779576157,T,C,gnomAD Exomes,PASS,NA,p.Asn177Asp,p.Asn177Asp,c.529A>G,missense_variant,,1,97078,1.03009950761244E-05,0,0,0,7090,0,0,0,16596,0,0,0,2156,0,0,0,8982,0,0,0,4414,0,0,1,41048,0,0,0,1770,0,0,0,15022,0,0
8,42044934,rs780654710,C,T,gnomAD Exomes,PASS,NA,p.Gly174Glu,p.Gly174Glu,c.521G>A,missense_variant,,0,98368,0,0,0,0,7096,0,0,0,16750,0,0,0,2214,0,0,0,8990,0,0,0,4784,0,0,0,41510,0,0,0,1792,0,0,0,15232,0,0
8,42044941,rs1489560273,C,T,gnomAD Exomes,PASS,NA,p.Gly172Ser,p.Gly172Ser,c.514G>A,missense_variant,,1,99700,1.00300902708124E-05,0,0,0,7112,0,0,1,16900,0,0,0,2262,0,0,0,9000,0,0,0,5214,0,0,0,41968,0,0,0,1822,0,0,0,15422,0,0
8,42044944,rs1049225430,G,T,gnomAD Exomes,PASS,NA,p.Leu171Met,p.Leu171Met,c.511C>A,missense_variant,,1,100272,9.9728737833094E-06,0,0,0,7118,0,0,0,16958,0,0,0,2274,0,0,0,9006,0,0,0,5420,0,0,1,42186,0,0,0,1828,0,0,0,15482,0,0
8,42044949,rs369709932,A,T,gnomAD Exomes,PASS,NA,p.Ile169Asn,p.Ile169Asn,c.506T>A,missense_variant,,24,100986,0.00023765670489,0,0,0,7118,0,0,1,16988,0,0,0,2290,0,0,0,9010,0,0,0,5880,0,0,3,42330,0,0,0,1832,0,0,20,15538,0,0
8,42044950,rs774505410,T,C,gnomAD Exomes,PASS,NA,p.Ile169Val,p.Ile169Val,c.505A>G,missense_variant,,4,101054,3.95827973162863E-05,0,0,0,7118,0,0,0,16990,0,0,0,2288,0,0,0,9008,0,0,0,5938,0,0,4,42338,0,0,0,1830,0,0,0,15544,0,0
8,42044954,rs1058720,G,C,gnomAD Exomes,PASS,NA,p.Asp167Glu,p.Asp167Glu,c.501C>G,missense_variant,,1,101386,9.86329473497327E-06,0,0,1,7114,0,0,0,16996,0,0,0,2296,0,0,0,8998,0,0,0,6202,0,0,0,42370,0,0,0,1842,0,0,0,15568,0,0
8,42044961,rs775681710,C,T,gnomAD Exomes,PASS,NA,p.Arg165Lys,p.Arg165Lys,c.494G>A,missense_variant,,4,102362,3.90770012309255E-05,0,0,0,7136,0,0,4,17044,0,0,0,2310,0,0,0,9018,0,0,0,6818,0,0,0,42556,0,0,0,1852,0,0,0,15628,0,0
8,42044964,rs148679956,C,T,"gnomAD Exomes,gnomAD Genomes",PASS,PASS,p.Arg164Gln,p.Arg164Gln,c.491G>A,missense_variant,,4,113534,3.5231736748463E-05,0,0,0,9714,0,0,0,17296,0,0,0,2350,0,0,0,9932,0,0,0,8228,0,0,3,48094,0,0,0,2276,0,0,1,15644,0,0
8,42044965,rs2020921,G,A,"gnomAD Exomes,gnomAD Genomes",PASS,PASS,p.Arg164Trp,p.Arg164Trp,c.490C>T,missense_variant,,1306,113626,0.011493848238959,12,0,39,9716,0,0,98,17286,0,0,17,2352,0,0,0,9932,0,0,61,8326,1,0,983,48118,11,0,37,2276,0,0,71,15620,0,0
8,42044968,rs1020857645,C,G,gnomAD Exomes,PASS,NA,p.Gly163Arg,p.Gly163Arg,c.487G>C,missense_variant,,2,103412,1.9340115267087E-05,0,0,1,7144,0,0,0,17062,0,0,0,2318,0,0,0,9028,0,0,0,7688,0,0,1,42658,0,0,0,1856,0,0,0,15658,0,0
8,42044977,rs751258988,G,T,gnomAD Exomes,PASS,NA,p.Pro160Thr,p.Pro160Thr,c.478C>A,missense_variant,,0,104644,0,0,0,0,7148,0,0,0,17084,0,0,0,2318,0,0,0,9036,0,0,0,8810,0,0,0,42696,0,0,0,1876,0,0,0,15676,0,0
8,42044986,rs767112401,C,A,gnomAD Exomes,PASS,NA,p.Ala157Ser,p.Ala157Ser,c.469G>T,missense_variant,,1,105434,9.48460648367699E-06,0,0,1,7152,0,0,0,17074,0,0,0,2318,0,0,0,9030,0,0,0,9586,0,0,0,42714,0,0,0,1882,0,0,0,15678,0,0
8,42044991,rs115997172,G,A,"gnomAD Exomes,gnomAD Genomes",PASS,PASS,p.Ala155Val,p.Ala155Val,c.464C>T,missense_variant,,2,116856,1.7115081810091E-05,0,0,0,9722,0,0,0,17330,0,0,0,2358,0,0,0,9950,0,0,0,11278,0,0,2,48234,0,0,0,2300,0,0,0,15684,0,0
8,42044992,rs778150215,C,T,gnomAD Exomes,PASS,NA,p.Ala155Thr,p.Ala155Thr,c.463G>A,missense_variant,,5,106100,4.71253534401508E-05,0,0,0,7156,0,0,1,17084,0,0,0,2320,0,0,0,9036,0,0,0,10214,0,0,4,42722,0,0,0,1884,0,0,0,15684,0,0
8,42044993,rs561637468,G,C,gnomAD Exomes,PASS,NA,p.Ser154Arg,p.Ser154Arg,c.462C>G,missense_variant,,1,106218,9.41460016193112E-06,0,0,0,7156,0,0,0,17082,0,0,0,2320,0,0,0,9036,0,0,0,10334,0,0,0,42720,0,0,0,1888,0,0,1,15682,0,0
8,42045009,rs375982507,G,A,gnomAD Exomes,PASS,NA,p.Thr149Ile,p.Thr149Ile,c.446C>T,missense_variant,,4,107382,3.72501909072284E-05,0,0,0,7160,0,0,2,17090,0,0,0,2320,0,0,0,9038,0,0,0,11450,0,0,2,42740,0,0,0,1896,0,0,0,15688,0,0
8,42045016,rs944715247,C,T,gnomAD Exomes,PASS,NA,p.Glu147Lys,p.Glu147Lys,c.439G>A,missense_variant,,1,107670,9.28763815361754E-06,0,0,0,7156,0,0,0,17086,0,0,0,2320,0,0,1,9036,0,0,0,11750,0,0,0,42738,0,0,0,1904,0,0,0,15680,0,0
8,42045019,rs8178748,C,T,gnomAD Exomes,PASS,NA,p.Ala146Thr,p.Ala146Thr,c.436G>A,missense_variant,,9,107766,8.35142809420411E-05,0,0,6,7158,0,0,0,17080,0,0,0,2320,0,0,0,9040,0,0,1,11840,0,0,2,42748,0,0,0,1902,0,0,0,15678,0,0
8,42045024,rs1475241760,C,T,gnomAD Exomes,PASS,NA,p.Ser144Asn,p.Ser144Asn,c.431G>A,missense_variant,,0,108114,0,0,0,0,7162,0,0,0,17084,0,0,0,2318,0,0,0,9044,0,0,0,12166,0,0,0,42752,0,0,0,1906,0,0,0,15682,0,0
8,42045030,rs199724423,G,A,"gnomAD Exomes,gnomAD Genomes",PASS,PASS,p.Ala142Val,p.Ala142Val,c.425C>T,missense_variant,,7,119150,5.8749475451112E-05,0,0,1,9734,0,0,0,17324,0,0,0,2358,0,0,5,9956,0,0,1,13514,0,0,0,48260,0,0,0,2328,0,0,0,15676,0,0
8,42045036,rs1355493347,C,G,gnomAD Exomes,PASS,NA,p.Ser140Thr,p.Ser140Thr,c.419G>C,missense_variant,,1,108450,9.22083909635777E-06,0,0,0,7162,0,0,1,17072,0,0,0,2320,0,0,0,9042,0,0,0,12540,0,0,0,42736,0,0,0,1912,0,0,0,15666,0,0
8,42045036,rs1355493347,C,T,gnomAD Genomes,NA,PASS,p.Ser140Asn,p.Ser140Asn,c.419G>A,missense_variant,,1,10880,9.19117647058823E-05,0,0,0,2572,0,0,0,246,0,0,0,38,0,0,0,916,0,0,0,1162,0,0,1,5522,0,0,0,424,0,0,0,0,0,0
8,42045047,rs8178747,C,G,gnomAD Exomes,PASS,NA,p.Arg136Ser,p.Arg136Ser,c.408G>C,missense_variant,,5,108492,4.6086347380452E-05,0,0,3,7160,0,0,2,17038,0,0,0,2314,0,0,0,9042,0,0,0,12738,0,0,0,42666,0,0,0,1898,0,0,0,15636,0,0
8,42045060,rs755649494,C,T,gnomAD Genomes,NA,PASS,p.Gly132Asp,p.Gly132Asp,c.395G>A,missense_variant,,1,10884,9.18779860345461E-05,0,0,0,2574,0,0,0,246,0,0,0,38,0,0,0,916,0,0,0,1162,0,0,1,5524,0,0,0,424,0,0,0,0,0,0
8,42045071,rs114679748,G,T,gnomAD Exomes,PASS,NA,p.Tyr128Ter,p.Tyr128Ter,c.384C>A,stop_gained,,0,107022,0,0,0,0,7142,0,0,0,16852,0,0,0,2242,0,0,0,9042,0,0,0,12658,0,0,0,41848,0,0,0,1870,0,0,0,15368,0,0
8,42045074,rs373564770,G,T,"gnomAD Exomes,gnomAD Genomes",PASS,PASS,p.Cys127Ter,p.Cys127Ter,c.381C>A,stop_gained,,2,117798,1.69782169476562E-05,0,0,0,9724,0,0,0,17066,0,0,0,2270,0,0,0,9956,0,0,0,13818,0,0,2,47334,0,0,0,2296,0,0,0,15334,0,0
8,42045076,rs376455032,A,T,gnomAD Exomes,PASS,NA,p.Cys127Ser,p.Cys127Ser,c.379T>A,missense_variant,,4,106776,3.74616018580954E-05,0,0,0,7146,0,0,0,16854,0,0,0,2226,0,0,0,9042,0,0,0,12666,0,0,4,41706,0,0,0,1866,0,0,0,15270,0,0
8,42045078,rs747219199,G,A,gnomAD Exomes,PASS,NA,p.Thr126Met,p.Thr126Met,c.377C>T,missense_variant,,1,106026,9.43164884085036E-06,0,0,0,7140,0,0,0,16810,0,0,0,2194,0,0,1,9022,0,0,0,12520,0,0,0,41324,0,0,0,1858,0,0,0,15158,0,0
8,42045424,rs780540773,C,G,gnomAD Exomes,PASS,NA,p.Asp122His,p.Asp122His,c.364G>C,missense_variant,,2,109276,1.83022804641458E-05,0,0,0,7164,0,0,0,17062,0,0,0,2318,0,0,0,9040,0,0,0,13394,0,0,2,42728,0,0,0,1906,0,0,0,15664,0,0
8,42045450,rs755255849,C,A,gnomAD Genomes,NA,PASS,p.Gly113Val,p.Gly113Val,c.338G>T,missense_variant,,2,10878,0.000183857326714,0,0,0,2574,0,0,0,246,0,0,0,38,0,0,0,916,0,0,0,1162,0,0,1,5518,0,0,1,424,0,0,0,0,0,0
8,42045462,,T,C,gnomAD Genomes,NA,PASS,p.Gln109Arg,p.Gln109Arg,c.326A>G,missense_variant,,1,10882,9.18948722661275E-05,0,0,0,2574,0,0,0,246,0,0,0,38,0,0,0,916,0,0,0,1162,0,0,1,5522,0,0,0,424,0,0,0,0,0,0
8,42045469,rs778893632,C,T,gnomAD Exomes,PASS,NA,p.Val107Met,p.Val107Met,c.319G>A,missense_variant,,3,109364,2.74313302366409E-05,0,0,0,7164,0,0,0,17086,0,0,0,2318,0,0,0,9046,0,0,1,13394,0,0,1,42760,0,0,0,1912,0,0,1,15684,0,0
8,42045489,rs149424073,G,A,"gnomAD Exomes,gnomAD Genomes",PASS,PASS,p.Ala100Val,p.Ala100Val,c.299C>T,missense_variant,,6,120242,4.98993696046307E-05,0,0,5,9732,0,0,1,17334,0,0,0,2358,0,0,0,9962,0,0,0,14556,0,0,0,48280,0,0,0,2338,0,0,0,15682,0,0
8,42045495,rs768378966,T,C,gnomAD Exomes,PASS,NA,p.Gln98Arg,p.Gln98Arg,c.293A>G,missense_variant,,3,109356,2.74333369911116E-05,0,0,0,7162,0,0,0,17080,0,0,0,2320,0,0,0,9042,0,0,0,13390,0,0,0,42766,0,0,0,1914,0,0,3,15682,0,0
8,42045508,rs776079671,C,T,"gnomAD Exomes,gnomAD Genomes",PASS,PASS,p.Gly94Arg,p.Gly94Arg,c.280G>A,missense_variant,,5,120182,4.1603567921985E-05,0,0,1,9732,0,0,0,17318,0,0,0,2352,0,0,0,9958,0,0,2,14538,0,0,2,48276,0,0,0,2336,0,0,0,15672,0,0
8,42045526,rs764826571,C,T,gnomAD Exomes,PASS,NA,p.Glu88Lys,p.Glu88Lys,c.262G>A,missense_variant,,12,109128,0.000109962612712,0,0,0,7146,0,0,8,17030,0,0,0,2314,0,0,0,9046,0,0,0,13324,0,0,3,42712,0,0,0,1910,0,0,1,15646,0,0
8,42046451,rs147730332,C,G,gnomAD Exomes,PASS,NA,c.253+1G>C,,c.253+1G>C,splice_donor_variant,,1,109158,9.16103263159823E-06,0,0,1,7162,0,0,0,17106,0,0,0,2318,0,0,0,9044,0,0,0,13168,0,0,0,42762,0,0,0,1910,0,0,0,15688,0,0
8,42046454,rs1416061528,T,C,gnomAD Exomes,PASS,NA,p.Lys84Arg,p.Lys84Arg,c.251A>G,missense_variant,,1,109198,9.15767688052895E-06,0,0,0,7162,0,0,1,17108,0,0,0,2320,0,0,0,9046,0,0,0,13202,0,0,0,42766,0,0,0,1908,0,0,0,15686,0,0
8,42046461,rs777811623,G,A,gnomAD Exomes,PASS,NA,p.Pro82Ser,p.Pro82Ser,c.244C>T,missense_variant,,1,109220,9.1558322651529E-06,0,0,0,7164,0,0,0,17106,0,0,0,2320,0,0,0,9046,0,0,0,13220,0,0,1,42764,0,0,0,1910,0,0,0,15690,0,0
8,42046479,rs1341904721,C,T,gnomAD Exomes,PASS,NA,p.Ala76Thr,p.Ala76Thr,c.226G>A,missense_variant,,1,109318,9.1476243619532E-06,0,0,0,7164,0,0,1,17112,0,0,0,2320,0,0,0,9046,0,0,0,13306,0,0,0,42768,0,0,0,1912,0,0,0,15690,0,0
8,42046494,rs1243609576,A,C,gnomAD Genomes,NA,PASS,p.Cys71Gly,p.Cys71Gly,c.211T>G,missense_variant,,1,10870,9.19963201471941E-05,0,0,1,2568,0,0,0,246,0,0,0,38,0,0,0,914,0,0,0,1162,0,0,0,5518,0,0,0,424,0,0,0,0,0,0
8,42046509,rs549540182,C,A,gnomAD Exomes,PASS,NA,p.Val66Leu,p.Val66Leu,c.196G>T,missense_variant,,1,109368,9.14344232316582E-06,0,0,0,7164,0,0,1,17112,0,0,0,2320,0,0,0,9046,0,0,0,13356,0,0,0,42768,0,0,0,1912,0,0,0,15690,0,0
8,42046509,rs549540182,C,T,gnomAD Exomes,PASS,NA,p.Val66Met,p.Val66Met,c.196G>A,missense_variant,,1,109368,9.14344232316582E-06,0,0,0,7164,0,0,0,17112,0,0,0,2320,0,0,0,9046,0,0,0,13356,0,0,1,42768,0,0,0,1912,0,0,0,15690,0,0
8,42046511,rs202117167,C,T,gnomAD Exomes,PASS,NA,p.Arg65Gln,p.Arg65Gln,c.194G>A,missense_variant,,6,109372,5.48586475514757E-05,0,0,0,7164,0,0,3,17112,0,0,0,2320,0,0,0,9046,0,0,0,13360,0,0,3,42768,0,0,0,1912,0,0,0,15690,0,0
8,42046517,rs769465426,C,A,gnomAD Exomes,PASS,NA,p.Ser63Ile,p.Ser63Ile,c.188G>T,missense_variant,,1,109388,9.14177057812557E-06,0,0,1,7164,0,0,0,17112,0,0,0,2320,0,0,0,9046,0,0,0,13374,0,0,0,42768,0,0,0,1914,0,0,0,15690,0,0
8,42046526,rs532003804,A,T,gnomAD Exomes,PASS,NA,p.Val60Glu,p.Val60Glu,c.179T>A,missense_variant,,1,109386,9.14193772512022E-06,0,0,1,7164,0,0,0,17112,0,0,0,2320,0,0,0,9046,0,0,0,13374,0,0,0,42768,0,0,0,1912,0,0,0,15690,0,0
8,42046536,rs774656820,G,T,gnomAD Exomes,PASS,NA,p.Leu57Met,p.Leu57Met,c.169C>A,missense_variant,,0,109374,0,0,0,0,7164,0,0,0,17112,0,0,0,2320,0,0,0,9046,0,0,0,13362,0,0,0,42768,0,0,0,1912,0,0,0,15690,0,0
8,42046546,rs1397665499,A,T,gnomAD Exomes,PASS,NA,p.His53Gln,p.His53Gln,c.159T>A,missense_variant,,1,109384,9.14210487822716E-06,0,0,1,7164,0,0,0,17112,0,0,0,2320,0,0,0,9046,0,0,0,13374,0,0,0,42768,0,0,0,1912,0,0,0,15688,0,0
8,42046551,rs1297258678,GCTGGTATATCAT,G,gnomAD Exomes,PASS,NA,p.Met48_Gln51del,p.Met48_Gln51del,c.142_153delATGATATACCAG,inframe_deletion,,1,109368,9.14344232316582E-06,0,0,0,7164,0,0,0,17112,0,0,0,2320,0,0,0,9046,0,0,0,13358,0,0,0,42766,0,0,0,1912,0,0,1,15690,0,0
8,42046557,rs753017094,A,G,"gnomAD Exomes,gnomAD Genomes",PASS,PASS,p.Tyr50His,p.Tyr50His,c.148T>C,missense_variant,,4,120250,3.32640332640333E-05,0,0,4,9736,0,0,0,17358,0,0,0,2358,0,0,0,9958,0,0,0,14526,0,0,0,48288,0,0,0,2336,0,0,0,15690,0,0
8,42046561,rs756298909,C,T,gnomAD Exomes,PASS,NA,p.Met48Ile,p.Met48Ile,c.144G>A,missense_variant,,1,109372,9.14310792524595E-06,0,0,0,7164,0,0,0,17112,0,0,0,2320,0,0,0,9046,0,0,0,13360,0,0,1,42768,0,0,0,1912,0,0,0,15690,0,0
8,42046566,rs1213656235,G,A,gnomAD Exomes,PASS,NA,p.Gln47Ter,p.Gln47Ter,c.139C>T,stop_gained,,1,109356,9.14444566370387E-06,0,0,1,7164,0,0,0,17110,0,0,0,2320,0,0,0,9046,0,0,0,13350,0,0,0,42768,0,0,0,1912,0,0,0,15686,0,0
8,42046568,rs375926300,G,A,gnomAD Exomes,PASS,NA,p.Thr46Met,p.Thr46Met,c.137C>T,missense_variant,,6,109344,5.48726953467954E-05,0,0,0,7164,0,0,0,17112,0,0,0,2320,0,0,0,9046,0,0,1,13332,0,0,3,42768,0,0,0,1912,0,0,2,15690,0,0
8,42046575,rs757271387,C,T,gnomAD Exomes,PASS,NA,p.Glu44Lys,p.Glu44Lys,c.130G>A,missense_variant,,2,109352,1.82895603189699E-05,0,0,0,7164,0,0,2,17112,0,0,0,2320,0,0,0,9046,0,0,0,13338,0,0,0,42768,0,0,0,1914,0,0,0,15690,0,0
8,42048904,rs8178733,G,T,"gnomAD Exomes,gnomAD Genomes",PASS,PASS,p.Ala34Asp,p.Ala34Asp,c.101C>A,missense_variant,,74,120272,0.00061527205002,1,0,64,9738,1,0,7,17358,0,0,0,2358,0,0,0,9960,0,0,0,14554,0,0,0,48276,0,0,1,2338,0,0,2,15690,0,0
8,42048908,rs781130644,C,G,gnomAD Exomes,PASS,NA,p.Gly33Arg,p.Gly33Arg,c.97G>C,missense_variant,,4,109406,3.65610661206881E-05,0,0,0,7164,0,0,0,17112,0,0,0,2320,0,0,0,9046,0,0,0,13392,0,0,0,42768,0,0,0,1914,0,0,4,15690,0,0
8,42050642,rs777690688,G,A,gnomAD Exomes,PASS,NA,p.Ser21Leu,p.Ser21Leu,c.62C>T,missense_variant,,3,109294,2.74488992991381E-05,0,0,0,7164,0,0,0,17112,0,0,0,2320,0,0,0,9046,0,0,0,13284,0,0,1,42768,0,0,0,1910,0,0,2,15690,0,0
8,42050646,rs753589968,C,T,gnomAD Exomes,PASS,NA,p.Val20Ile,p.Val20Ile,c.58G>A,missense_variant,,2,109326,1.82939099573752E-05,0,0,0,7164,0,0,1,17112,0,0,0,2320,0,0,0,9046,0,0,0,13314,0,0,0,42768,0,0,0,1912,0,0,1,15690,0,0
8,42050651,rs745384030,A,G,gnomAD Exomes,PASS,NA,p.Val18Ala,p.Val18Ala,c.53T>C,missense_variant,,7,109338,6.40216576121751E-05,0,0,0,7164,0,0,5,17110,0,0,0,2320,0,0,0,9046,0,0,0,13328,0,0,0,42768,0,0,2,1912,0,0,0,15690,0,0
8,42050657,rs780605910,C,T,gnomAD Exomes,PASS,NA,p.Gly16Glu,p.Gly16Glu,c.47G>A,missense_variant,,1,109350,9.14494741655236E-06,0,0,0,7164,0,0,0,17112,0,0,0,2320,0,0,0,9046,0,0,0,13338,0,0,0,42768,0,0,0,1912,0,0,1,15690,0,0
8,42050670,rs139638584,G,T,"gnomAD Exomes,gnomAD Genomes",PASS,PASS,p.Leu12Met,p.Leu12Met,c.34C>A,missense_variant,,11,120238,9.14852209783929E-05,0,0,11,9734,0,0,0,17358,0,0,0,2358,0,0,0,9962,0,0,0,14510,0,0,0,48288,0,0,0,2338,0,0,0,15690,0,0
8,42050702,rs777010952,A,G,gnomAD Exomes,PASS,NA,p.Met1?,p.Met1?,c.2T>C,start_lost,,1,109344,9.14544922446591E-06,0,0,0,7164,0,0,0,17112,0,0,0,2320,0,0,0,9046,0,0,0,13330,0,0,0,42768,0,0,0,1914,0,0,1,15690,0,0
