Chromosome,Position,rsID,Reference,Alternate,Source,Filters - exomes,Filters - genomes,Consequence,Protein Consequence,Transcript Consequence,Annotation,Flags,Allele Count,Allele Number,Allele Frequency,Homozygote Count,Hemizygote Count,Allele Count African,Allele Number African,Homozygote Count African,Hemizygote Count African,Allele Count Latino,Allele Number Latino,Homozygote Count Latino,Hemizygote Count Latino,Allele Count Ashkenazi Jewish,Allele Number Ashkenazi Jewish,Homozygote Count Ashkenazi Jewish,Hemizygote Count Ashkenazi Jewish,Allele Count East Asian,Allele Number East Asian,Homozygote Count East Asian,Hemizygote Count East Asian,Allele Count European (Finnish),Allele Number European (Finnish),Homozygote Count European (Finnish),Hemizygote Count European (Finnish),Allele Count European (non-Finnish),Allele Number European (non-Finnish),Homozygote Count European (non-Finnish),Hemizygote Count European (non-Finnish),Allele Count Other,Allele Number Other,Homozygote Count Other,Hemizygote Count Other,Allele Count South Asian,Allele Number South Asian,Homozygote Count South Asian,Hemizygote Count South Asian
10,858870,rs765848137,TGAG,T,"gnomAD Exomes,gnomAD Genomes",PASS,PASS,p.Pro737del,p.Pro737del,c.2210_2212delCTC,inframe_deletion,,2,94366,2.11940741368713E-05,0,0,0,9488,0,0,0,10552,0,0,0,1368,0,0,1,9786,0,0,0,12942,0,0,0,39502,0,0,0,1842,0,0,1,8886,0,0
10,858871,rs765732130,G,A,gnomAD Exomes,PASS,NA,p.Gln738Ter,p.Gln738Ter,c.2212C>T,stop_gained,lc_lof,2,83784,2.38709061395971E-05,0,0,0,6924,0,0,0,10328,0,0,0,1342,0,0,0,8870,0,0,0,11778,0,0,2,34136,0,0,0,1430,0,0,0,8976,0,0
10,858882,rs771715315,G,C,"gnomAD Exomes,gnomAD Genomes",PASS,PASS,p.Pro734Arg,p.Pro734Arg,c.2201C>G,missense_variant,,3,97522,3.07622895346691E-05,0,0,1,9494,0,0,0,10880,0,0,0,1482,0,0,0,9790,0,0,0,13104,0,0,1,41018,0,0,0,1906,0,0,1,9848,0,0
10,858883,rs370989515,G,A,gnomAD Exomes,PASS,NA,p.Pro734Ser,p.Pro734Ser,c.2200C>T,missense_variant,,1,87096,1.14815835400018E-05,0,0,1,6930,0,0,0,10668,0,0,0,1472,0,0,0,8898,0,0,0,12044,0,0,0,35654,0,0,0,1498,0,0,0,9932,0,0
10,858889,rs1264856491,T,C,gnomAD Exomes,PASS,NA,p.Thr732Ala,p.Thr732Ala,c.2194A>G,missense_variant,,2,88076,2.2707661565012E-05,0,0,0,6906,0,0,0,10688,0,0,0,1542,0,0,0,8838,0,0,0,12146,0,0,0,36128,0,0,0,1500,0,0,2,10328,0,0
10,858894,rs745342799,T,C,gnomAD Exomes,PASS,NA,p.Gln730Arg,p.Gln730Arg,c.2189A>G,missense_variant,,1,90668,1.10292495698593E-05,0,0,0,6930,0,0,0,11016,0,0,0,1638,0,0,1,8900,0,0,0,12372,0,0,0,37208,0,0,0,1546,0,0,0,11058,0,0
10,858895,rs201343796,G,C,gnomAD Exomes,PASS,NA,p.Gln730Glu,p.Gln730Glu,c.2188C>G,missense_variant,,1,91444,1.09356546082849E-05,0,0,1,6936,0,0,0,11312,0,0,0,1660,0,0,0,8914,0,0,0,12410,0,0,0,37434,0,0,0,1562,0,0,0,11216,0,0
10,858901,rs749039712,G,A,gnomAD Genomes,NA,PASS,p.Arg728Ter,p.Arg728Ter,c.2182C>T,stop_gained,lc_lof,1,10834,9.23020121838656E-05,0,0,0,2556,0,0,1,246,0,0,0,38,0,0,0,916,0,0,0,1162,0,0,0,5496,0,0,0,420,0,0,0,0,0,0
10,858909,rs199947494,C,T,"gnomAD Exomes,gnomAD Genomes",PASS,PASS,p.Arg725His,p.Arg725His,c.2174G>A,missense_variant,,26,106368,0.000244434416366,0,0,0,9482,0,0,2,12056,0,0,0,1876,0,0,19,9814,0,0,0,13946,0,0,3,44820,0,0,2,2052,0,0,0,12322,0,0
10,858910,rs1428231007,G,A,gnomAD Exomes,PASS,NA,p.Arg725Cys,p.Arg725Cys,c.2173C>T,missense_variant,,2,95968,2.08402800933644E-05,0,0,0,6924,0,0,1,11812,0,0,0,1874,0,0,0,8900,0,0,0,12764,0,0,0,39606,0,0,0,1650,0,0,1,12438,0,0
10,858919,rs760957260,T,C,gnomAD Exomes,PASS,NA,p.Met722Val,p.Met722Val,c.2164A>G,missense_variant,,0,97546,0,0,0,0,6908,0,0,0,12264,0,0,0,1940,0,0,0,8882,0,0,0,12896,0,0,0,40246,0,0,0,1682,0,0,0,12728,0,0
10,858924,rs113572102,G,A,gnomAD Exomes,PASS,NA,p.Ser720Leu,p.Ser720Leu,c.2159C>T,missense_variant,,2,98456,2.03136426423986E-05,0,0,0,6902,0,0,0,12592,0,0,0,1978,0,0,1,8870,0,0,0,12906,0,0,1,40654,0,0,0,1694,0,0,0,12860,0,0
10,858927,rs1039711766,G,T,gnomAD Exomes,PASS,NA,p.Pro719His,p.Pro719His,c.2156C>A,missense_variant,,3,100028,2.99916023513416E-05,0,0,0,6904,0,0,0,13354,0,0,0,2028,0,0,0,8868,0,0,0,12994,0,0,3,40898,0,0,0,1728,0,0,0,13254,0,0
10,858928,rs759636549,G,A,gnomAD Exomes,PASS,NA,p.Pro719Ser,p.Pro719Ser,c.2155C>T,missense_variant,,1,100114,9.98861298120143E-06,0,0,0,6908,0,0,0,13398,0,0,0,2024,0,0,0,8872,0,0,0,12986,0,0,0,40938,0,0,0,1728,0,0,1,13260,0,0
10,858930,rs373554864,G,A,"gnomAD Exomes,gnomAD Genomes",PASS,PASS,p.Ser718Leu,p.Ser718Leu,c.2153C>T,missense_variant,,3,111240,2.69687162891046E-05,0,0,1,9462,0,0,1,13644,0,0,0,2084,0,0,0,9794,0,0,0,14192,0,0,1,46584,0,0,0,2156,0,0,0,13324,0,0
10,858933,rs372386187,G,T,gnomAD Exomes,PASS,NA,p.Pro717His,p.Pro717His,c.2150C>A,missense_variant,,3,101602,2.95269778153973E-05,0,0,0,6912,0,0,0,14020,0,0,0,2074,0,0,3,8870,0,0,0,13080,0,0,0,41270,0,0,0,1786,0,0,0,13590,0,0
10,858936,rs1209653477,C,T,gnomAD Genomes,NA,PASS,p.Arg716Gln,p.Arg716Gln,c.2147G>A,missense_variant,,1,10840,9.22509225092251E-05,0,0,0,2560,0,0,0,246,0,0,0,38,0,0,1,916,0,0,0,1158,0,0,0,5500,0,0,0,422,0,0,0,0,0,0
10,858937,rs764501869,G,A,gnomAD Exomes,PASS,NA,p.Arg716Trp,p.Arg716Trp,c.2146C>T,missense_variant,,2,101450,1.9714144898965E-05,0,0,0,6884,0,0,0,14002,0,0,0,2062,0,0,2,8860,0,0,0,13082,0,0,0,41150,0,0,0,1786,0,0,0,13624,0,0
10,858940,rs529378295,C,T,gnomAD Exomes,PASS,NA,p.Gly715Ser,p.Gly715Ser,c.2143G>A,missense_variant,,1,101290,9.87264290650607E-06,0,0,0,6848,0,0,0,14080,0,0,0,2078,0,0,1,8852,0,0,0,13052,0,0,0,40996,0,0,0,1774,0,0,0,13610,0,0
10,858945,rs376208537,G,A,gnomAD Exomes,PASS,NA,p.Ala713Val,p.Ala713Val,c.2138C>T,missense_variant,,5,101788,4.91217039336661E-05,0,0,2,6854,0,0,0,14202,0,0,0,2108,0,0,0,8858,0,0,0,13132,0,0,1,41170,0,0,0,1786,0,0,2,13678,0,0
10,858948,rs375809608,G,A,"gnomAD Exomes,gnomAD Genomes",PASS,PASS,p.Pro712Leu,p.Pro712Leu,c.2135C>T,missense_variant,,5,113160,4.41852244609402E-05,0,0,0,9484,0,0,3,14514,0,0,0,2156,0,0,0,9788,0,0,1,14350,0,0,1,46918,0,0,0,2216,0,0,0,13734,0,0
10,858951,rs1267649166,C,T,gnomAD Exomes,PASS,NA,p.Arg711Gln,p.Arg711Gln,c.2132G>A,missense_variant,,1,102540,9.75229178857031E-06,0,0,0,6952,0,0,0,14300,0,0,0,2120,0,0,0,8886,0,0,1,13238,0,0,0,41538,0,0,0,1794,0,0,0,13712,0,0
10,858956,rs749235227,C,G,gnomAD Exomes,PASS,NA,p.Gln709His,p.Gln709His,c.2127G>C,missense_variant,,1,106312,9.40627586725864E-06,0,0,0,7026,0,0,0,15942,0,0,0,2232,0,0,0,8926,0,0,0,13334,0,0,1,42228,0,0,0,1866,0,0,0,14758,0,0
10,858975,rs771299369,G,C,gnomAD Exomes,PASS,NA,p.Pro703Arg,p.Pro703Arg,c.2108C>G,missense_variant,,1,108928,9.18037602820212E-06,0,0,0,7114,0,0,0,16972,0,0,0,2318,0,0,0,8988,0,0,0,13346,0,0,1,42646,0,0,0,1910,0,0,0,15634,0,0
10,858975,rs771299369,G,A,gnomAD Exomes,PASS,NA,p.Pro703Leu,p.Pro703Leu,c.2108C>T,missense_variant,,3,108928,2.75411280846063E-05,0,0,0,7114,0,0,3,16972,0,0,0,2318,0,0,0,8988,0,0,0,13346,0,0,0,42646,0,0,0,1910,0,0,0,15634,0,0
10,858981,rs776934063,G,T,"gnomAD Exomes,gnomAD Genomes",PASS,PASS,p.Ser701Tyr,p.Ser701Tyr,c.2102C>A,missense_variant,,18,119958,0.000150052518381,0,0,0,9690,0,0,0,17268,0,0,0,2358,0,0,18,9920,0,0,0,14524,0,0,0,48202,0,0,0,2332,0,0,0,15664,0,0
10,859002,rs971595496,C,T,gnomAD Exomes,PASS,NA,p.Arg694Gln,p.Arg694Gln,c.2081G>A,missense_variant,,1,109300,9.14913083257091E-06,0,0,0,7152,0,0,0,17070,0,0,0,2320,0,0,0,9034,0,0,0,13380,0,0,0,42754,0,0,1,1910,0,0,0,15680,0,0
10,859003,rs775911921,G,A,gnomAD Exomes,PASS,NA,p.Arg694Trp,p.Arg694Trp,c.2080C>T,missense_variant,,3,109310,2.74448815295947E-05,0,0,0,7154,0,0,0,17076,0,0,0,2320,0,0,2,9038,0,0,0,13378,0,0,1,42752,0,0,0,1912,0,0,0,15680,0,0
10,859015,rs764549823,C,A,gnomAD Exomes,PASS,NA,p.Ala690Ser,p.Ala690Ser,c.2068G>T,missense_variant,,4,109352,3.65791206379399E-05,0,0,0,7164,0,0,0,17094,0,0,0,2320,0,0,0,9040,0,0,1,13380,0,0,3,42756,0,0,0,1910,0,0,0,15688,0,0
10,859015,rs764549823,C,T,"gnomAD Exomes,gnomAD Genomes",PASS,PASS,p.Ala690Thr,p.Ala690Thr,c.2068G>A,missense_variant,,2,120204,1.66383814182556E-05,0,0,1,9734,0,0,0,17340,0,0,0,2358,0,0,0,9956,0,0,0,14540,0,0,1,48260,0,0,0,2328,0,0,0,15688,0,0
10,859017,rs1007810809,G,A,gnomAD Exomes,PASS,NA,p.Pro689Leu,p.Pro689Leu,c.2066C>T,missense_variant,,1,109372,9.14310792524595E-06,0,0,0,7162,0,0,1,17102,0,0,0,2318,0,0,0,9044,0,0,0,13388,0,0,0,42760,0,0,0,1912,0,0,0,15686,0,0
10,859027,rs762111377,G,T,gnomAD Exomes,PASS,NA,p.Leu686Met,p.Leu686Met,c.2056C>A,missense_variant,,1,109370,9.1432751211484E-06,0,0,0,7164,0,0,0,17094,0,0,0,2320,0,0,0,9044,0,0,0,13388,0,0,1,42760,0,0,0,1912,0,0,0,15688,0,0
10,859047,rs149486902,C,A,"gnomAD Exomes,gnomAD Genomes",PASS,PASS,p.Cys679Phe,p.Cys679Phe,c.2036G>T,missense_variant,,195,120234,0.001621837417037,0,0,6,9730,0,0,27,17340,0,0,1,2358,0,0,0,9962,0,0,15,14554,0,0,138,48268,0,0,6,2336,0,0,2,15686,0,0
10,859051,rs779589915,C,A,"gnomAD Exomes,gnomAD Genomes",PASS,PASS,p.Gly678Cys,p.Gly678Cys,c.2032G>T,missense_variant,,37,120224,0.000307758850146,0,0,0,9732,0,0,0,17332,0,0,0,2358,0,0,0,9962,0,0,35,14554,0,0,2,48266,0,0,0,2338,0,0,0,15682,0,0
10,859057,rs754973950,T,C,gnomAD Exomes,PASS,NA,p.Thr676Ala,p.Thr676Ala,c.2026A>G,missense_variant,,2,109292,1.82996010686967E-05,0,0,0,7162,0,0,0,17062,0,0,0,2320,0,0,0,9046,0,0,0,13394,0,0,2,42754,0,0,0,1910,0,0,0,15644,0,0
10,859080,rs528756735,G,A,gnomAD Exomes,PASS,NA,p.Pro668Leu,p.Pro668Leu,c.2003C>T,missense_variant,,4,109360,3.65764447695684E-05,0,0,0,7164,0,0,0,17078,0,0,0,2320,0,0,0,9044,0,0,0,13394,0,0,0,42764,0,0,0,1914,0,0,4,15682,0,0
10,859080,rs528756735,G,C,gnomAD Exomes,PASS,NA,p.Pro668Arg,p.Pro668Arg,c.2003C>G,missense_variant,,1,109360,9.1441111923921E-06,0,0,0,7164,0,0,0,17078,0,0,0,2320,0,0,1,9044,0,0,0,13394,0,0,0,42764,0,0,0,1914,0,0,0,15682,0,0
10,859086,rs200987137,A,G,gnomAD Exomes,PASS,NA,p.Leu666Ser,p.Leu666Ser,c.1997T>C,missense_variant,,1,109324,9.1471223153196E-06,0,0,0,7164,0,0,0,17046,0,0,0,2320,0,0,0,9044,0,0,1,13394,0,0,0,42758,0,0,0,1914,0,0,0,15684,0,0
10,859092,rs141814873,G,A,gnomAD Exomes,PASS,NA,p.Ser664Phe,p.Ser664Phe,c.1991C>T,missense_variant,,1,109298,9.14929824882432E-06,0,0,0,7164,0,0,0,17046,0,0,0,2318,0,0,0,9046,0,0,0,13394,0,0,1,42750,0,0,0,1910,0,0,0,15670,0,0
10,859096,rs377129130,A,G,"gnomAD Exomes,gnomAD Genomes",PASS,PASS,p.Ser663Pro,p.Ser663Pro,c.1987T>C,missense_variant,,2,120168,1.66433659543306E-05,0,0,2,9736,0,0,0,17298,0,0,0,2356,0,0,0,9960,0,0,0,14556,0,0,0,48260,0,0,0,2332,0,0,0,15670,0,0
10,859113,rs148067710,G,A,gnomAD Exomes,PASS,NA,p.Thr657Met,p.Thr657Met,c.1970C>T,missense_variant,,1,109076,9.16791961568081E-06,0,0,0,7162,0,0,1,16942,0,0,0,2312,0,0,0,9044,0,0,0,13394,0,0,0,42720,0,0,0,1906,0,0,0,15596,0,0
10,859146,rs763520003,C,T,gnomAD Exomes,PASS,NA,p.Arg646Gln,p.Arg646Gln,c.1937G>A,missense_variant,,1,107072,9.33950986252241E-06,0,0,0,7150,0,0,1,16302,0,0,0,2220,0,0,0,9016,0,0,0,13328,0,0,0,42050,0,0,0,1866,0,0,0,15140,0,0
10,860469,rs1362215659,C,T,gnomAD Exomes,PASS,NA,p.Met190Ile,p.Met190Ile,c.569G>A,missense_variant,,1,55504,1.80167195157106E-05,0,0,0,2696,0,0,1,11264,0,0,0,990,0,0,0,4340,0,0,0,10882,0,0,0,15384,0,0,0,1206,0,0,0,8742,0,0
10,860511,rs1406738644,A,C,gnomAD Exomes,PASS,NA,p.Asn176Lys,p.Asn176Lys,c.527T>G,missense_variant,,1,65124,1.53553221546588E-05,0,0,0,2904,0,0,0,12236,0,0,0,1466,0,0,0,4580,0,0,0,11484,0,0,1,19850,0,0,0,1372,0,0,0,11232,0,0
10,860515,rs1397210376,G,A,gnomAD Exomes,PASS,NA,p.Ala175Val,p.Ala175Val,c.523C>T,missense_variant,,1,65240,1.53280196198651E-05,0,0,0,2928,0,0,0,12240,0,0,0,1466,0,0,0,4590,0,0,0,11492,0,0,0,19898,0,0,0,1370,0,0,1,11256,0,0
10,860548,rs1222137288,A,C,gnomAD Exomes,PASS,NA,p.Leu164Trp,p.Leu164Trp,c.490T>G,missense_variant,,1,65930,1.51676020021235E-05,0,0,0,3022,0,0,0,12410,0,0,0,1476,0,0,0,4626,0,0,0,11514,0,0,1,20050,0,0,0,1402,0,0,0,11430,0,0
10,860550,rs963337828,CACAG,C,"gnomAD Exomes,gnomAD Genomes",PASS,PASS,p.Ser162CysfsTer10,p.Ser162CysfsTer10,c.484_487delCTGT,frameshift_variant,lc_lof,59,76800,0.000768229166667,0,0,1,5590,0,0,1,12656,0,0,0,1512,0,0,0,5540,0,0,11,12678,0,0,44,25564,0,0,2,1822,0,0,0,11438,0,0
10,860552,rs1262987948,C,T,gnomAD Exomes,PASS,NA,p.Val163Met,p.Val163Met,c.486G>A,missense_variant,,2,65886,3.03554624654707E-05,0,0,0,3000,0,0,0,12408,0,0,0,1470,0,0,0,4624,0,0,0,11518,0,0,2,20030,0,0,0,1400,0,0,0,11436,0,0
10,860560,rs373027720,C,A,"gnomAD Exomes,gnomAD Genomes",PASS,PASS,p.Arg160Leu,p.Arg160Leu,c.478G>T,missense_variant,,2,76760,2.60552371026576E-05,0,0,0,5568,0,0,0,12664,0,0,0,1508,0,0,0,5542,0,0,0,12686,0,0,2,25530,0,0,0,1820,0,0,0,11442,0,0
10,860560,rs373027720,C,T,"gnomAD Exomes,gnomAD Genomes",PASS,PASS,p.Arg160His,p.Arg160His,c.478G>A,missense_variant,,211,76760,0.00274882751433,6,0,1,5568,0,0,0,12664,0,0,0,1508,0,0,1,5542,0,0,0,12686,0,0,1,25530,0,0,1,1820,0,0,207,11442,6,0
10,860561,rs538602810,G,A,gnomAD Exomes,PASS,NA,p.Arg160Cys,p.Arg160Cys,c.477C>T,missense_variant,,4,65866,6.07293596089029E-05,0,0,0,3000,0,0,4,12414,0,0,0,1470,0,0,0,4626,0,0,0,11520,0,0,0,20004,0,0,0,1394,0,0,0,11438,0,0
10,860566,rs1414555382,TAAA,T,gnomAD Exomes,PASS,NA,p.Phe157del,p.Phe157del,c.469_471delTTT,inframe_deletion,,1,65876,1.51800352176817E-05,0,0,0,3000,0,0,0,12416,0,0,0,1472,0,0,0,4626,0,0,0,11520,0,0,1,20002,0,0,0,1400,0,0,0,11440,0,0
10,860581,rs958826744,T,A,gnomAD Exomes,PASS,NA,p.Asn153Ile,p.Asn153Ile,c.457A>T,missense_variant,,3,65790,4.55996352029184E-05,0,0,0,3004,0,0,3,12416,0,0,0,1470,0,0,0,4636,0,0,0,11510,0,0,0,19908,0,0,0,1396,0,0,0,11450,0,0
10,860599,rs767737617,C,A,gnomAD Exomes,PASS,NA,p.Arg147Leu,p.Arg147Leu,c.439G>T,missense_variant,,1,65856,1.51846452866861E-05,0,0,0,3016,0,0,0,12434,0,0,0,1460,0,0,0,4654,0,0,0,11512,0,0,1,19926,0,0,0,1388,0,0,0,11466,0,0
10,860599,rs767737617,C,T,gnomAD Exomes,PASS,NA,p.Arg147His,p.Arg147His,c.439G>A,missense_variant,,1,65856,1.51846452866861E-05,0,0,0,3016,0,0,0,12434,0,0,0,1460,0,0,0,4654,0,0,0,11512,0,0,1,19926,0,0,0,1388,0,0,0,11466,0,0
10,860600,rs752670686,G,A,gnomAD Exomes,PASS,NA,p.Arg147Cys,p.Arg147Cys,c.438C>T,missense_variant,,1,65972,1.51579457951858E-05,0,0,0,3030,0,0,0,12440,0,0,0,1464,0,0,0,4658,0,0,0,11526,0,0,0,19994,0,0,0,1388,0,0,1,11472,0,0
10,860615,rs565022429,T,A,gnomAD Exomes,PASS,NA,p.Thr142Ser,p.Thr142Ser,c.423A>T,missense_variant,,3,66722,4.49626809747909E-05,0,0,0,3104,0,0,0,12512,0,0,0,1478,0,0,0,4708,0,0,0,11540,0,0,3,20476,0,0,0,1388,0,0,0,11516,0,0
10,860617,rs746785354,C,T,gnomAD Exomes,PASS,NA,p.Arg141His,p.Arg141His,c.421G>A,missense_variant,,2,66924,2.98846452692606E-05,0,0,1,3122,0,0,0,12524,0,0,0,1482,0,0,0,4710,0,0,0,11554,0,0,1,20610,0,0,0,1390,0,0,0,11532,0,0
10,860618,rs1403425225,G,A,gnomAD Exomes,PASS,NA,p.Arg141Cys,p.Arg141Cys,c.420C>T,missense_variant,,1,67136,1.48951382268827E-05,0,0,0,3154,0,0,0,12540,0,0,0,1482,0,0,0,4718,0,0,0,11552,0,0,1,20740,0,0,0,1394,0,0,0,11556,0,0
10,860623,rs1041753355,G,A,gnomAD Exomes,PASS,NA,p.Thr139Met,p.Thr139Met,c.415C>T,missense_variant,,2,68392,2.92431863375833E-05,0,0,0,3278,0,0,0,12638,0,0,0,1522,0,0,1,4810,0,0,0,11600,0,0,1,21466,0,0,0,1414,0,0,0,11664,0,0
10,860623,rs1041753355,G,C,gnomAD Genomes,NA,PASS,p.Thr139Arg,p.Thr139Arg,c.415C>G,missense_variant,,1,10880,9.19117647058823E-05,0,0,0,2572,0,0,0,246,0,0,0,38,0,0,1,916,0,0,0,1162,0,0,0,5522,0,0,0,424,0,0,0,0,0,0
10,860624,rs1250186828,T,C,gnomAD Exomes,PASS,NA,p.Thr139Ala,p.Thr139Ala,c.414A>G,missense_variant,,0,68668,0,0,0,0,3308,0,0,0,12668,0,0,0,1524,0,0,0,4834,0,0,0,11606,0,0,0,21630,0,0,0,1418,0,0,0,11680,0,0
10,860638,rs780084568,A,G,gnomAD Exomes,PASS,NA,p.Leu134Pro,p.Leu134Pro,c.400T>C,missense_variant,,0,71274,0,0,0,0,3572,0,0,0,12956,0,0,0,1566,0,0,0,5054,0,0,0,11690,0,0,0,23048,0,0,0,1446,0,0,0,11942,0,0
10,860641,rs749393780,C,T,gnomAD Exomes,PASS,NA,p.Arg133Lys,p.Arg133Lys,c.397G>A,missense_variant,,1,72050,1.38792505204719E-05,0,0,0,3666,0,0,0,13036,0,0,0,1580,0,0,0,5130,0,0,0,11708,0,0,0,23458,0,0,0,1460,0,0,1,12012,0,0
10,860644,rs768720030,G,A,gnomAD Exomes,PASS,NA,p.Ala132Val,p.Ala132Val,c.394C>T,missense_variant,,0,73498,0,0,0,0,3780,0,0,0,13208,0,0,0,1618,0,0,0,5256,0,0,0,11760,0,0,0,24264,0,0,0,1478,0,0,0,12134,0,0
10,860645,rs868584400,C,A,gnomAD Exomes,PASS,NA,p.Ala132Ser,p.Ala132Ser,c.393G>T,missense_variant,,1,73884,1.35347301174815E-05,0,0,0,3802,0,0,0,13262,0,0,0,1622,0,0,0,5298,0,0,0,11776,0,0,1,24482,0,0,0,1488,0,0,0,12154,0,0
10,860645,rs868584400,C,T,"gnomAD Exomes,gnomAD Genomes",PASS,PASS,p.Ala132Thr,p.Ala132Thr,c.393G>A,missense_variant,,9,84758,0.000106184666934,0,0,1,6376,0,0,2,13508,0,0,0,1660,0,0,0,6214,0,0,0,12938,0,0,6,29998,0,0,0,1910,0,0,0,12154,0,0
10,860650,rs1169947974,G,C,gnomAD Genomes,NA,PASS,p.Thr130Arg,p.Thr130Arg,c.388C>G,missense_variant,,1,10876,9.19455682236116E-05,0,0,0,2574,0,0,0,246,0,0,0,38,0,0,0,916,0,0,0,1162,0,0,1,5516,0,0,0,424,0,0,0,0,0,0
10,860653,rs1423637748,G,A,gnomAD Exomes,PASS,NA,p.Thr129Met,p.Thr129Met,c.385C>T,missense_variant,,0,77596,0,0,0,0,4094,0,0,0,13750,0,0,0,1678,0,0,0,5738,0,0,0,11874,0,0,0,26478,0,0,0,1518,0,0,0,12466,0,0
10,860659,rs1303420204,G,A,gnomAD Exomes,PASS,NA,p.Ser127Phe,p.Ser127Phe,c.379C>T,missense_variant,,0,80726,0,0,0,0,4368,0,0,0,14198,0,0,0,1730,0,0,0,6046,0,0,0,11976,0,0,0,28136,0,0,0,1556,0,0,0,12716,0,0
10,860671,rs1293979690,G,A,gnomAD Exomes,PASS,NA,p.Ser123Leu,p.Ser123Leu,c.367C>T,missense_variant,,1,86242,1.15952784026344E-05,0,0,0,4798,0,0,0,14856,0,0,0,1846,0,0,0,6596,0,0,0,12194,0,0,1,31112,0,0,0,1640,0,0,0,13200,0,0
10,860677,rs1229172323,C,T,gnomAD Exomes,PASS,NA,p.Arg121His,p.Arg121His,c.361G>A,missense_variant,,1,87700,1.14025085518814E-05,0,0,0,4888,0,0,0,15066,0,0,0,1882,0,0,0,6790,0,0,0,12264,0,0,1,31836,0,0,0,1642,0,0,0,13332,0,0
10,860683,rs141733482,G,A,gnomAD Exomes,PASS,NA,p.Thr643Met,p.Thr643Met,c.1928C>T,missense_variant,,1,90832,1.10093359168575E-05,0,0,0,5102,0,0,0,15390,0,0,0,1956,0,0,0,7198,0,0,0,12382,0,0,0,33466,0,0,0,1676,0,0,1,13662,0,0
10,860687,rs200550169,C,T,"gnomAD Exomes,gnomAD Genomes",PASS,PASS,p.Ala642Thr,p.Ala642Thr,c.1924G>A,missense_variant,,5,102426,4.8815730380958E-05,0,0,4,7674,0,0,0,15704,0,0,0,1990,0,0,0,8220,0,0,0,13588,0,0,1,39416,0,0,0,2104,0,0,0,13730,0,0
10,860707,rs369233947,G,A,gnomAD Exomes,PASS,NA,p.Ser635Leu,p.Ser635Leu,c.1904C>T,missense_variant,,1,99552,1.00450016072003E-05,0,0,1,5878,0,0,0,16262,0,0,0,2098,0,0,0,8182,0,0,0,12880,0,0,0,37978,0,0,0,1774,0,0,0,14500,0,0
10,860713,rs758441572,C,T,gnomAD Exomes,PASS,NA,p.Cys633Tyr,p.Cys633Tyr,c.1898G>A,missense_variant,,6,100812,5.95167241995001E-05,0,0,0,6012,0,0,0,16332,0,0,0,2114,0,0,0,8324,0,0,2,12934,0,0,3,38648,0,0,1,1796,0,0,0,14652,0,0
10,860717,rs1459720343,C,T,gnomAD Exomes,PASS,NA,p.Ala632Thr,p.Ala632Thr,c.1894G>A,missense_variant,,2,101920,1.96232339089482E-05,1,0,0,6116,0,0,0,16456,0,0,0,2140,0,0,0,8442,0,0,0,12980,0,0,0,39178,0,0,0,1804,0,0,2,14804,1,0
10,860722,rs780392696,G,A,gnomAD Exomes,PASS,NA,p.Ala630Val,p.Ala630Val,c.1889C>T,missense_variant,,6,102862,5.83305788337773E-05,0,0,0,6220,0,0,1,16554,0,0,0,2162,0,0,0,8550,0,0,0,13032,0,0,3,39632,0,0,0,1810,0,0,2,14902,0,0
10,860726,rs201513199,T,C,gnomAD Exomes,PASS,NA,p.Thr629Ala,p.Thr629Ala,c.1885A>G,missense_variant,,22,104020,0.000211497788887,0,0,1,6358,0,0,10,16652,0,0,0,2204,0,0,0,8664,0,0,0,13094,0,0,10,40210,0,0,1,1832,0,0,0,15006,0,0
10,860732,rs755096841,C,T,gnomAD Exomes,PASS,NA,p.Ala627Thr,p.Ala627Thr,c.1879G>A,missense_variant,,3,104636,2.86708207500287E-05,0,0,0,6446,0,0,0,16694,0,0,0,2212,0,0,0,8714,0,0,0,13090,0,0,1,40562,0,0,0,1846,0,0,2,15072,0,0
10,860734,rs528200143,G,A,gnomAD Exomes,PASS,NA,p.Ser626Phe,p.Ser626Phe,c.1877C>T,missense_variant,,11,105340,0.000104423770647,0,0,0,6544,0,0,0,16732,0,0,0,2228,0,0,0,8754,0,0,0,13136,0,0,0,40932,0,0,0,1844,0,0,11,15170,0,0
10,860743,rs551452040,C,G,gnomAD Exomes,PASS,NA,p.Arg623Thr,p.Arg623Thr,c.1868G>C,missense_variant,,1,106170,9.41885655081473E-06,0,0,1,6694,0,0,0,16808,0,0,0,2246,0,0,0,8834,0,0,0,13122,0,0,0,41366,0,0,0,1860,0,0,0,15240,0,0
10,860766,rs373303689,C,G,gnomAD Exomes,PASS,NA,p.Gln615His,p.Gln615His,c.1845G>C,missense_variant,,3,106324,2.82156427523419E-05,0,0,0,6880,0,0,0,16710,0,0,0,2230,0,0,0,8912,0,0,0,12990,0,0,2,41538,0,0,1,1862,0,0,0,15202,0,0
10,860776,rs377520251,G,A,"gnomAD Exomes,gnomAD Genomes",PASS,PASS,p.Ala612Val,p.Ala612Val,c.1835C>T,missense_variant,,4,116376,3.43713480442703E-05,0,0,0,9522,0,0,0,16872,0,0,0,2230,0,0,0,9852,0,0,0,13922,0,0,4,46610,0,0,0,2274,0,0,0,15094,0,0
10,860777,rs776396938,C,A,gnomAD Exomes,PASS,NA,p.Ala612Ser,p.Ala612Ser,c.1834G>T,missense_variant,,0,106014,0,0,0,0,6986,0,0,0,16734,0,0,0,2198,0,0,0,8940,0,0,0,12832,0,0,0,41328,0,0,0,1850,0,0,0,15146,0,0
10,860786,rs759233878,G,A,gnomAD Exomes,PASS,NA,p.Pro609Ser,p.Pro609Ser,c.1825C>T,missense_variant,,2,105360,1.89825360668185E-05,0,0,0,7046,0,0,0,16676,0,0,0,2118,0,0,0,8970,0,0,0,12684,0,0,2,41054,0,0,0,1840,0,0,0,14972,0,0
10,860790,rs764944858,A,T,gnomAD Exomes,PASS,NA,p.Asp607Glu,p.Asp607Glu,c.1821T>A,missense_variant,,3,104786,2.86297787872426E-05,0,0,0,7066,0,0,0,16500,0,0,0,2072,0,0,0,8980,0,0,0,12654,0,0,0,40874,0,0,0,1828,0,0,3,14812,0,0
10,860887,rs573099323,C,G,gnomAD Exomes,PASS,NA,p.Asp607His,p.Asp607His,c.1819G>C,missense_variant,,1,102106,9.79374375648836E-06,0,0,0,7152,0,0,0,16142,0,0,0,1966,0,0,0,9022,0,0,0,12684,0,0,0,39488,0,0,0,1786,0,0,1,13866,0,0
10,860887,rs573099323,C,T,gnomAD Exomes,PASS,NA,p.Asp607Asn,p.Asp607Asn,c.1819G>A,missense_variant,,2,102106,1.95874875129767E-05,0,0,0,7152,0,0,0,16142,0,0,0,1966,0,0,0,9022,0,0,0,12684,0,0,0,39488,0,0,0,1786,0,0,2,13866,0,0
10,860890,rs768040309,G,A,gnomAD Exomes,PASS,NA,p.Pro606Ser,p.Pro606Ser,c.1816C>T,missense_variant,,2,103282,1.93644584729188E-05,0,0,0,7154,0,0,0,16462,0,0,0,2024,0,0,0,9032,0,0,0,12730,0,0,1,39890,0,0,1,1816,0,0,0,14174,0,0
10,860898,rs774392995,G,A,gnomAD Exomes,PASS,NA,p.Ala603Val,p.Ala603Val,c.1808C>T,missense_variant,,1,104472,9.57194272149476E-06,0,0,0,7158,0,0,0,16526,0,0,0,2080,0,0,0,9032,0,0,0,12842,0,0,1,40490,0,0,0,1836,0,0,0,14508,0,0
10,860907,rs750237406,G,A,gnomAD Exomes,PASS,NA,p.Pro600Leu,p.Pro600Leu,c.1799C>T,missense_variant,,1,105764,9.45501304791801E-06,0,0,0,7162,0,0,0,16750,0,0,0,2162,0,0,0,9036,0,0,0,12952,0,0,0,41012,0,0,0,1850,0,0,1,14840,0,0
10,860908,rs748447250,G,A,gnomAD Exomes,PASS,NA,p.Pro600Ser,p.Pro600Ser,c.1798C>T,missense_variant,,0,105858,0,0,0,0,7162,0,0,0,16744,0,0,0,2162,0,0,0,9036,0,0,0,12962,0,0,0,41040,0,0,0,1858,0,0,0,14894,0,0
10,860911,rs752909611,A,T,gnomAD Exomes,PASS,NA,p.Ser599Thr,p.Ser599Thr,c.1795T>A,missense_variant,,1,106130,9.42240648261566E-06,0,0,0,7164,0,0,0,16748,0,0,0,2170,0,0,0,9038,0,0,0,12992,0,0,0,41222,0,0,0,1862,0,0,1,14934,0,0
10,860913,rs777685301,C,T,gnomAD Exomes,PASS,NA,p.Arg598Gln,p.Arg598Gln,c.1793G>A,missense_variant,,1,106228,9.4137138984072E-06,0,0,0,7164,0,0,0,16718,0,0,0,2170,0,0,0,9040,0,0,0,13020,0,0,1,41294,0,0,0,1860,0,0,0,14962,0,0
10,860917,rs751619854,C,T,gnomAD Exomes,PASS,NA,p.Glu597Lys,p.Glu597Lys,c.1789G>A,missense_variant,,1,106934,9.35156264611817E-06,0,0,0,7160,0,0,0,16786,0,0,0,2194,0,0,0,9038,0,0,0,13088,0,0,0,41662,0,0,0,1870,0,0,1,15136,0,0
10,860922,rs145450206,G,A,"gnomAD Exomes,gnomAD Genomes",PASS,PASS,p.Thr595Met,p.Thr595Met,c.1784C>T,missense_variant,,13,118398,0.000109799152013,0,0,2,9726,0,0,0,17056,0,0,0,2270,0,0,7,9958,0,0,0,14312,0,0,1,47480,0,0,0,2294,0,0,3,15302,0,0
10,860931,rs1286440655,A,G,gnomAD Genomes,NA,PASS,p.Val592Ala,p.Val592Ala,c.1775T>C,missense_variant,,1,10876,9.19455682236116E-05,0,0,0,2570,0,0,0,246,0,0,0,38,0,0,0,916,0,0,0,1162,0,0,1,5520,0,0,0,424,0,0,0,0,0,0
10,860946,rs147237603,G,A,"gnomAD Exomes,gnomAD Genomes",PASS,PASS,p.Pro587Leu,p.Pro587Leu,c.1760C>T,missense_variant,,97,118772,0.000816690802546,0,0,4,9730,0,0,7,17090,0,0,44,2288,0,0,1,9960,0,0,0,14376,0,0,32,47636,0,0,5,2308,0,0,4,15384,0,0
10,860946,rs147237603,G,C,"gnomAD Exomes,gnomAD Genomes",PASS,PASS,p.Pro587Arg,p.Pro587Arg,c.1760C>G,missense_variant,,20,118772,0.000168389856195,0,0,20,9730,0,0,0,17090,0,0,0,2288,0,0,0,9960,0,0,0,14376,0,0,0,47636,0,0,0,2308,0,0,0,15384,0,0
10,860968,rs760530812,C,A,gnomAD Exomes,PASS,NA,p.Val580Phe,p.Val580Phe,c.1738G>T,missense_variant,,2,107316,1.86365500018637E-05,0,0,2,7162,0,0,0,16804,0,0,0,2218,0,0,0,9040,0,0,0,13150,0,0,0,41806,0,0,0,1880,0,0,0,15256,0,0
10,860970,rs61731095,A,G,"gnomAD Exomes,gnomAD Genomes",PASS,PASS,p.Val579Ala,p.Val579Ala,c.1736T>C,missense_variant,,403,118044,0.003413981227339,2,0,8,9726,0,0,24,16952,1,0,0,2256,0,0,0,9958,0,0,83,14304,0,0,263,47324,1,0,11,2294,0,0,14,15230,0,0
10,860988,rs1451387602,A,T,gnomAD Exomes,PASS,NA,p.Val573Glu,p.Val573Glu,c.1718T>A,missense_variant,,1,104474,9.57175948082777E-06,0,0,0,7152,0,0,0,16218,0,0,0,2086,0,0,0,9042,0,0,0,12944,0,0,1,40580,0,0,0,1832,0,0,0,14620,0,0
10,860989,rs754152920,C,T,gnomAD Exomes,PASS,NA,p.Val573Met,p.Val573Met,c.1717G>A,missense_variant,,1,103910,9.6237128284092E-06,0,0,0,7146,0,0,0,16134,0,0,0,2050,0,0,0,9040,0,0,0,12912,0,0,1,40352,0,0,0,1822,0,0,0,14454,0,0
10,860992,rs1474731804,T,C,gnomAD Exomes,PASS,NA,p.Ser572Gly,p.Ser572Gly,c.1714A>G,missense_variant,,3,102856,2.91669907443416E-05,0,0,0,7140,0,0,2,16078,0,0,0,1996,0,0,0,9034,0,0,0,12804,0,0,0,39816,0,0,0,1812,0,0,1,14176,0,0
10,860995,rs542921073,C,A,gnomAD Exomes,PASS,NA,p.Ala571Ser,p.Ala571Ser,c.1711G>T,missense_variant,,4,100950,3.96235760277365E-05,0,0,0,7134,0,0,0,15714,0,0,0,1914,0,0,0,9042,0,0,0,12704,0,0,1,38988,0,0,0,1782,0,0,3,13672,0,0
10,860995,rs542921073,C,T,"gnomAD Exomes,gnomAD Genomes",PASS,PASS,p.Ala571Thr,p.Ala571Thr,c.1711G>A,missense_variant,,7,111828,6.25961297707193E-05,0,0,5,9704,0,0,2,15960,0,0,0,1952,0,0,0,9958,0,0,0,13866,0,0,0,44510,0,0,0,2206,0,0,0,13672,0,0
10,861007,rs768210630,G,C,gnomAD Exomes,PASS,NA,p.Leu567Val,p.Leu567Val,c.1699C>G,missense_variant,,1,95702,1.04491024221019E-05,0,0,1,7112,0,0,0,14500,0,0,0,1702,0,0,0,9034,0,0,0,12460,0,0,0,36994,0,0,0,1680,0,0,0,12220,0,0
10,863665,rs201148474,C,A,gnomAD Exomes,PASS,NA,p.Arg565Ser,p.Arg565Ser,c.1695G>T,missense_variant,,1,109384,9.14210487822716E-06,0,0,0,7164,0,0,1,17098,0,0,0,2320,0,0,0,9046,0,0,0,13394,0,0,0,42760,0,0,0,1914,0,0,0,15688,0,0
10,863683,rs376152818,T,C,gnomAD Exomes,PASS,NA,p.Ile559Met,p.Ile559Met,c.1677A>G,missense_variant,,4,109404,3.65617344886841E-05,0,0,0,7164,0,0,0,17110,0,0,0,2320,0,0,0,9046,0,0,0,13394,0,0,4,42768,0,0,0,1914,0,0,0,15688,0,0
10,863693,rs747823799,C,T,gnomAD Exomes,PASS,NA,p.Ser556Asn,p.Ser556Asn,c.1667G>A,missense_variant,,1,109402,9.14060072027934E-06,0,0,0,7164,0,0,0,17112,0,0,0,2320,0,0,0,9046,0,0,0,13394,0,0,1,42764,0,0,0,1914,0,0,0,15688,0,0
10,863697,rs567923276,A,G,gnomAD Exomes,PASS,NA,p.Ser555Pro,p.Ser555Pro,c.1663T>C,missense_variant,,17,109406,0.000155384531013,0,0,0,7164,0,0,0,17112,0,0,0,2320,0,0,0,9046,0,0,0,13394,0,0,0,42766,0,0,0,1914,0,0,17,15690,0,0
10,863703,rs770870611,T,C,gnomAD Exomes,PASS,NA,p.Arg553Gly,p.Arg553Gly,c.1657A>G,missense_variant,,2,109408,1.82801988885639E-05,0,0,0,7164,0,0,0,17112,0,0,0,2320,0,0,0,9046,0,0,0,13394,0,0,1,42768,0,0,1,1914,0,0,0,15690,0,0
10,863716,rs533699657,G,C,gnomAD Exomes,PASS,NA,p.Asp548Glu,p.Asp548Glu,c.1644C>G,missense_variant,,17,109408,0.000155381690553,0,0,0,7164,0,0,0,17112,0,0,0,2320,0,0,0,9046,0,0,0,13394,0,0,1,42768,0,0,1,1914,0,0,15,15690,0,0
10,863718,rs774488905,C,T,gnomAD Exomes,PASS,NA,p.Asp548Asn,p.Asp548Asn,c.1642G>A,missense_variant,,4,109408,3.65603977771278E-05,0,0,0,7164,0,0,0,17112,0,0,0,2320,0,0,0,9046,0,0,0,13394,0,0,0,42768,0,0,0,1914,0,0,4,15690,0,0
10,863720,rs1241200849,T,C,gnomAD Genomes,NA,PASS,p.Glu547Gly,p.Glu547Gly,c.1640A>G,missense_variant,,1,10874,9.19624793084421E-05,0,0,0,2572,0,0,0,246,0,0,0,38,0,0,0,914,0,0,0,1162,0,0,1,5518,0,0,0,424,0,0,0,0,0,0
10,863723,rs762066809,G,A,gnomAD Exomes,PASS,NA,p.Thr546Ile,p.Thr546Ile,c.1637C>T,missense_variant,,3,109408,2.74202983328459E-05,0,0,0,7164,0,0,0,17112,0,0,0,2320,0,0,0,9046,0,0,0,13394,0,0,3,42768,0,0,0,1914,0,0,0,15690,0,0
10,863736,rs553851719,C,T,gnomAD Exomes,PASS,NA,p.Gly542Ser,p.Gly542Ser,c.1624G>A,missense_variant,,1,109406,9.14026653017202E-06,0,0,0,7164,0,0,0,17110,0,0,0,2320,0,0,0,9046,0,0,0,13394,0,0,0,42768,0,0,0,1914,0,0,1,15690,0,0
10,863783,rs772625362,C,T,gnomAD Exomes,PASS,NA,p.Ser526Asn,p.Ser526Asn,c.1577G>A,missense_variant,,9,109408,8.22608949985376E-05,0,0,0,7164,0,0,0,17112,0,0,0,2320,0,0,2,9046,0,0,0,13394,0,0,0,42768,0,0,0,1914,0,0,7,15690,0,0
10,863784,rs758070542,T,C,gnomAD Exomes,PASS,NA,p.Ser526Gly,p.Ser526Gly,c.1576A>G,missense_variant,,1,109404,9.14043362217103E-06,0,0,0,7164,0,0,0,17110,0,0,0,2318,0,0,0,9046,0,0,0,13394,0,0,1,42768,0,0,0,1914,0,0,0,15690,0,0
10,863801,rs745800774,G,C,gnomAD Exomes,PASS,NA,p.Pro520Arg,p.Pro520Arg,c.1559C>G,missense_variant,,1,109404,9.14043362217103E-06,0,0,1,7164,0,0,0,17108,0,0,0,2320,0,0,0,9046,0,0,0,13394,0,0,0,42768,0,0,0,1914,0,0,0,15690,0,0
10,863805,rs769519989,G,A,gnomAD Exomes,PASS,NA,p.Pro519Ser,p.Pro519Ser,c.1555C>T,missense_variant,,4,109400,3.6563071297989E-05,0,0,0,7164,0,0,0,17106,0,0,0,2320,0,0,0,9046,0,0,0,13394,0,0,0,42768,0,0,0,1914,0,0,4,15688,0,0
10,863807,rs542552091,G,A,gnomAD Exomes,PASS,NA,p.Thr518Met,p.Thr518Met,c.1553C>T,missense_variant,,4,109382,3.6569088149787E-05,0,0,0,7164,0,0,3,17096,0,0,0,2320,0,0,1,9046,0,0,0,13394,0,0,0,42764,0,0,0,1914,0,0,0,15684,0,0
10,863808,rs749040036,T,C,gnomAD Exomes,PASS,NA,p.Thr518Ala,p.Thr518Ala,c.1552A>G,missense_variant,,1,109388,9.14177057812557E-06,0,0,0,7164,0,0,0,17098,0,0,0,2320,0,0,0,9046,0,0,0,13394,0,0,0,42768,0,0,0,1914,0,0,1,15684,0,0
10,863813,rs144690969,G,A,gnomAD Exomes,PASS,NA,p.Ser516Phe,p.Ser516Phe,c.1547C>T,missense_variant,,1,109380,9.1424392027793E-06,0,0,1,7164,0,0,0,17090,0,0,0,2320,0,0,0,9046,0,0,0,13394,0,0,0,42764,0,0,0,1914,0,0,0,15688,0,0
10,863814,rs1464165413,A,G,gnomAD Genomes,NA,PASS,p.Ser516Pro,p.Ser516Pro,c.1546T>C,missense_variant,,1,10862,9.20640765973117E-05,0,0,0,2570,0,0,1,246,0,0,0,38,0,0,0,916,0,0,0,1162,0,0,0,5506,0,0,0,424,0,0,0,0,0,0
10,863820,rs760901798,T,C,gnomAD Exomes,PASS,NA,p.Thr514Ala,p.Thr514Ala,c.1540A>G,missense_variant,,4,109350,3.65797896662094E-05,0,0,0,7164,0,0,0,17078,0,0,0,2316,0,0,0,9042,0,0,0,13394,0,0,0,42766,0,0,0,1912,0,0,4,15678,0,0
10,866748,rs1319204000,TCTC,T,gnomAD Exomes,PASS,NA,p.Glu507del,p.Glu507del,c.1519_1521delGAG,inframe_deletion,,1,109306,9.14862862056978E-06,0,0,0,7164,0,0,0,17068,0,0,0,2320,0,0,0,9044,0,0,0,13364,0,0,1,42764,0,0,0,1914,0,0,0,15668,0,0
10,866756,rs776803212,C,T,gnomAD Exomes,PASS,NA,p.Arg505Lys,p.Arg505Lys,c.1514G>A,missense_variant,,1,109280,9.15080527086384E-06,0,0,0,7164,0,0,0,17058,0,0,0,2318,0,0,1,9046,0,0,0,13362,0,0,0,42764,0,0,0,1914,0,0,0,15654,0,0
10,866766,rs775974407,G,A,"gnomAD Exomes,gnomAD Genomes",PASS,PASS,p.Arg502Trp,p.Arg502Trp,c.1504C>T,missense_variant,,2,120174,1.66425349909298E-05,0,0,0,9738,0,0,1,17308,0,0,0,2358,0,0,0,9962,0,0,0,14526,0,0,0,48286,0,0,0,2336,0,0,1,15660,0,0
10,871026,rs749767169,G,A,gnomAD Exomes,PASS,NA,p.Ser488Phe,p.Ser488Phe,c.1463C>T,missense_variant,,1,109378,9.14260637422516E-06,0,0,0,7164,0,0,0,17110,0,0,0,2320,0,0,1,9046,0,0,0,13368,0,0,0,42768,0,0,0,1914,0,0,0,15688,0,0
10,871042,rs1257844907,C,G,gnomAD Exomes,PASS,NA,p.Gly483Arg,p.Gly483Arg,c.1447G>C,missense_variant,,1,109400,9.14076782449726E-06,0,0,0,7162,0,0,0,17112,0,0,0,2320,0,0,0,9046,0,0,0,13388,0,0,1,42768,0,0,0,1914,0,0,0,15690,0,0
10,871048,rs1411826767,C,G,gnomAD Exomes,PASS,NA,p.Glu481Gln,p.Glu481Gln,c.1441G>C,missense_variant,,1,109402,9.14060072027934E-06,0,0,0,7160,0,0,0,17112,0,0,0,2320,0,0,0,9046,0,0,0,13392,0,0,0,42768,0,0,0,1914,0,0,1,15690,0,0
10,871053,rs367827564,C,A,gnomAD Exomes,PASS,NA,p.Arg479Leu,p.Arg479Leu,c.1436G>T,missense_variant,,1,109394,9.14126917381209E-06,0,0,0,7160,0,0,0,17112,0,0,0,2320,0,0,0,9046,0,0,0,13384,0,0,0,42768,0,0,0,1914,0,0,1,15690,0,0
10,871053,rs367827564,C,T,gnomAD Exomes,PASS,NA,p.Arg479His,p.Arg479His,c.1436G>A,missense_variant,,1,109394,9.14126917381209E-06,0,0,1,7160,0,0,0,17112,0,0,0,2320,0,0,0,9046,0,0,0,13384,0,0,0,42768,0,0,0,1914,0,0,0,15690,0,0
10,871056,rs765964052,C,T,gnomAD Exomes,PASS,NA,p.Gly478Glu,p.Gly478Glu,c.1433G>A,missense_variant,,1,109406,9.14026653017202E-06,0,0,1,7162,0,0,0,17112,0,0,0,2320,0,0,0,9046,0,0,0,13394,0,0,0,42768,0,0,0,1914,0,0,0,15690,0,0
10,871110,rs140223312,G,C,gnomAD Exomes,PASS,NA,p.Thr460Ser,p.Thr460Ser,c.1379C>G,missense_variant,,17,109408,0.000155381690553,0,0,1,7164,0,0,2,17112,0,0,0,2320,0,0,0,9046,0,0,0,13394,0,0,14,42768,0,0,0,1914,0,0,0,15690,0,0
10,871120,rs1230139030,C,T,gnomAD Exomes,PASS,NA,p.Ala457Thr,p.Ala457Thr,c.1369G>A,missense_variant,,1,109408,9.14009944428195E-06,0,0,0,7164,0,0,0,17112,0,0,0,2320,0,0,1,9046,0,0,0,13394,0,0,0,42768,0,0,0,1914,0,0,0,15690,0,0
10,871137,rs750590095,C,G,gnomAD Exomes,PASS,NA,p.Ser451Thr,p.Ser451Thr,c.1352G>C,missense_variant,,1,109408,9.14009944428195E-06,0,0,0,7164,0,0,0,17112,0,0,0,2320,0,0,0,9046,0,0,0,13394,0,0,1,42768,0,0,0,1914,0,0,0,15690,0,0
10,871146,rs145294175,C,T,gnomAD Exomes,PASS,NA,p.Gly448Asp,p.Gly448Asp,c.1343G>A,missense_variant,,5,109408,4.57004972214098E-05,0,0,0,7164,0,0,0,17112,0,0,0,2320,0,0,0,9046,0,0,1,13394,0,0,4,42768,0,0,0,1914,0,0,0,15690,0,0
10,871149,rs1481888371,T,A,gnomAD Exomes,PASS,NA,p.Asn447Ile,p.Asn447Ile,c.1340A>T,missense_variant,,1,109408,9.14009944428195E-06,0,0,0,7164,0,0,0,17112,0,0,0,2320,0,0,0,9046,0,0,0,13394,0,0,1,42768,0,0,0,1914,0,0,0,15690,0,0
10,871150,rs1181067285,T,G,gnomAD Exomes,PASS,NA,p.Asn447His,p.Asn447His,c.1339A>C,missense_variant,,1,109408,9.14009944428195E-06,0,0,0,7164,0,0,0,17112,0,0,0,2320,0,0,0,9046,0,0,0,13394,0,0,0,42768,0,0,0,1914,0,0,1,15690,0,0
10,871158,rs780140835,C,T,"gnomAD Exomes,gnomAD Genomes",PASS,PASS,p.Arg444Gln,p.Arg444Gln,c.1331G>A,missense_variant,,8,120286,6.65081555625759E-05,0,0,0,9738,0,0,0,17356,0,0,0,2358,0,0,0,9962,0,0,4,14556,0,0,1,48288,0,0,2,2338,0,0,1,15690,0,0
10,871171,rs1473154004,A,G,gnomAD Exomes,PASS,NA,p.Phe440Leu,p.Phe440Leu,c.1318T>C,missense_variant,,1,109408,9.14009944428195E-06,0,0,0,7164,0,0,0,17112,0,0,0,2320,0,0,0,9046,0,0,1,13394,0,0,0,42768,0,0,0,1914,0,0,0,15690,0,0
10,871180,rs372744681,T,A,gnomAD Exomes,PASS,NA,p.Ile437Leu,p.Ile437Leu,c.1309A>T,missense_variant,,8,109408,7.31207955542556E-05,0,0,8,7164,0,0,0,17112,0,0,0,2320,0,0,0,9046,0,0,0,13394,0,0,0,42768,0,0,0,1914,0,0,0,15690,0,0
10,871213,rs1176909949,C,G,gnomAD Exomes,PASS,NA,p.Glu426Gln,p.Glu426Gln,c.1276G>C,missense_variant,,1,109396,9.1411020512633E-06,0,0,0,7164,0,0,1,17110,0,0,0,2320,0,0,0,9044,0,0,0,13390,0,0,0,42766,0,0,0,1914,0,0,0,15688,0,0
10,871216,rs772308241,C,T,gnomAD Exomes,PASS,NA,p.Ala425Thr,p.Ala425Thr,c.1273G>A,missense_variant,,3,109392,2.74243089074155E-05,0,0,0,7164,0,0,0,17112,0,0,0,2320,0,0,3,9044,0,0,0,13388,0,0,0,42762,0,0,0,1914,0,0,0,15688,0,0
10,871227,rs138081905,G,A,gnomAD Exomes,PASS,NA,p.Ala421Val,p.Ala421Val,c.1262C>T,missense_variant,,2,109350,1.82898948331047E-05,0,0,1,7160,0,0,0,17104,0,0,0,2320,0,0,1,9044,0,0,0,13356,0,0,0,42764,0,0,0,1914,0,0,0,15688,0,0
10,871234,rs759058698,G,A,gnomAD Exomes,PASS,NA,p.Arg419Trp,p.Arg419Trp,c.1255C>T,missense_variant,,2,109320,1.82949140139041E-05,0,0,0,7158,0,0,0,17102,0,0,0,2320,0,0,0,9038,0,0,0,13348,0,0,2,42752,0,0,0,1914,0,0,0,15688,0,0
10,871746,rs148251856,G,A,"gnomAD Exomes,gnomAD Genomes",PASS,PASS,p.Ala397Val,p.Ala397Val,c.1190C>T,missense_variant,,15,120008,0.000124991667222,0,0,0,9700,0,0,2,17328,0,0,0,2350,0,0,0,9946,0,0,1,14552,0,0,11,48206,0,0,1,2326,0,0,0,15600,0,0
10,871749,rs765197525,G,A,gnomAD Exomes,PASS,NA,p.Ala396Val,p.Ala396Val,c.1187C>T,missense_variant,mnv,4,109092,3.66663000036666E-05,0,0,0,7132,0,0,4,17070,0,0,0,2316,0,0,0,9020,0,0,0,13386,0,0,0,42658,0,0,0,1906,0,0,0,15604,0,0
10,871750,rs752780372,C,A,gnomAD Exomes,PASS,NA,p.Ala396Ser,p.Ala396Ser,c.1186G>T,missense_variant,mnv,4,109158,3.66441305263929E-05,0,0,0,7134,0,0,4,17088,0,0,0,2314,0,0,0,9034,0,0,0,13388,0,0,0,42688,0,0,0,1906,0,0,0,15606,0,0
10,871753,rs1320677377,G,T,gnomAD Exomes,PASS,NA,p.Pro395Thr,p.Pro395Thr,c.1183C>A,missense_variant,,1,109160,9.16086478563576E-06,0,0,1,7132,0,0,0,17086,0,0,0,2314,0,0,0,9032,0,0,0,13388,0,0,0,42690,0,0,0,1908,0,0,0,15610,0,0
10,871755,rs758850172,T,C,gnomAD Exomes,PASS,NA,p.Lys394Arg,p.Lys394Arg,c.1181A>G,missense_variant,,6,109160,5.49651887138146E-05,0,0,0,7138,0,0,6,17080,0,0,0,2314,0,0,0,9036,0,0,0,13392,0,0,0,42686,0,0,0,1912,0,0,0,15602,0,0
10,871764,rs757684620,G,A,gnomAD Exomes,PASS,NA,p.Pro391Leu,p.Pro391Leu,c.1172C>T,missense_variant,,4,109054,3.66790764208557E-05,0,0,0,7120,0,0,0,17070,0,0,0,2312,0,0,0,9030,0,0,4,13386,0,0,0,42640,0,0,0,1912,0,0,0,15584,0,0
10,871783,rs1384526251,TAA,T,gnomAD Genomes,NA,PASS,p.Phe384TyrfsTer30,p.Phe384TyrfsTer30,c.1151_1152delTT,frameshift_variant,,1,10876,9.19455682236116E-05,0,0,1,2570,0,0,0,246,0,0,0,38,0,0,0,916,0,0,0,1162,0,0,0,5520,0,0,0,424,0,0,0,0,0,0
10,871785,rs1448876605,A,C,gnomAD Exomes,PASS,NA,p.Phe384Cys,p.Phe384Cys,c.1151T>G,missense_variant,,1,108254,9.23753394793726E-06,0,0,0,7026,0,0,0,16990,0,0,0,2290,0,0,0,8974,0,0,0,13370,0,0,0,42300,0,0,0,1898,0,0,1,15406,0,0
10,871786,rs1185689437,A,G,gnomAD Exomes,PASS,NA,p.Phe384Leu,p.Phe384Leu,c.1150T>C,missense_variant,,1,108218,9.24060692306271E-06,0,0,0,7026,0,0,1,16988,0,0,0,2292,0,0,0,8968,0,0,0,13364,0,0,0,42280,0,0,0,1900,0,0,0,15400,0,0
10,871787,rs769532891,TCCAG,T,gnomAD Genomes,NA,PASS,p.Thr382AsnfsTer3,p.Thr382AsnfsTer3,c.1145_1148delCTGG,frameshift_variant,,1,10878,9.19286633572348E-05,0,0,1,2572,0,0,0,246,0,0,0,38,0,0,0,916,0,0,0,1162,0,0,0,5520,0,0,0,424,0,0,0,0,0,0
10,871801,rs534148931,A,G,gnomAD Exomes,PASS,NA,p.Phe379Leu,p.Phe379Leu,c.1135T>C,missense_variant,,1,106580,9.38262338149747E-06,0,0,0,6848,0,0,0,16836,0,0,0,2236,0,0,0,8828,0,0,0,13296,0,0,1,41554,0,0,0,1860,0,0,0,15122,0,0
10,875323,rs1308260081,A,G,gnomAD Exomes,PASS,NA,c.1125+2T>C,,c.1125+2T>C,splice_donor_variant,,0,104288,0,0,0,0,7094,0,0,0,15278,0,0,0,2068,0,0,0,9030,0,0,0,13248,0,0,0,41534,0,0,0,1836,0,0,0,14200,0,0
10,875341,rs1338068822,T,C,gnomAD Exomes,PASS,NA,p.Tyr370Cys,p.Tyr370Cys,c.1109A>G,missense_variant,,1,107914,9.26663824897604E-06,0,0,0,7146,0,0,0,16528,0,0,0,2250,0,0,0,9042,0,0,0,13364,0,0,0,42488,0,0,0,1894,0,0,1,15202,0,0
10,875350,rs144611807,G,A,gnomAD Exomes,PASS,NA,p.Thr367Met,p.Thr367Met,c.1100C>T,missense_variant,,13,108626,0.000119676688822,0,0,0,7152,0,0,0,16792,0,0,0,2292,0,0,0,9044,0,0,0,13374,0,0,13,42602,0,0,0,1906,0,0,0,15464,0,0
10,875362,rs765381459,G,A,"gnomAD Exomes,gnomAD Genomes",PASS,PASS,p.Thr363Met,p.Thr363Met,c.1088C>T,missense_variant,,4,120060,3.33166749958354E-05,0,0,0,9734,0,0,1,17260,0,0,0,2352,0,0,1,9956,0,0,0,14552,0,0,2,48236,0,0,0,2336,0,0,0,15634,0,0
10,875371,rs764203664,G,T,gnomAD Exomes,PASS,NA,p.Thr360Asn,p.Thr360Asn,c.1079C>A,missense_variant,,1,109230,9.15499404925387E-06,0,0,0,7160,0,0,0,17020,0,0,0,2320,0,0,0,9046,0,0,0,13386,0,0,1,42736,0,0,0,1914,0,0,0,15648,0,0
10,875383,rs768082053,T,C,gnomAD Exomes,PASS,NA,p.Tyr356Cys,p.Tyr356Cys,c.1067A>G,missense_variant,,1,109376,9.14277355178467E-06,0,0,0,7164,0,0,0,17100,0,0,0,2320,0,0,0,9044,0,0,0,13392,0,0,1,42754,0,0,0,1914,0,0,0,15688,0,0
10,875413,rs1323546669,A,G,gnomAD Exomes,PASS,NA,p.Met346Thr,p.Met346Thr,c.1037T>C,missense_variant,,3,109404,2.74213008665131E-05,0,0,0,7164,0,0,0,17112,0,0,0,2320,0,0,0,9046,0,0,3,13394,0,0,0,42764,0,0,0,1914,0,0,0,15690,0,0
10,875425,rs778423715,T,C,gnomAD Exomes,PASS,NA,p.Tyr342Cys,p.Tyr342Cys,c.1025A>G,missense_variant,,1,109406,9.14026653017202E-06,0,0,0,7164,0,0,0,17112,0,0,0,2320,0,0,0,9046,0,0,0,13392,0,0,1,42768,0,0,0,1914,0,0,0,15690,0,0
10,875437,rs770738594,G,A,gnomAD Exomes,PASS,NA,p.Ala338Val,p.Ala338Val,c.1013C>T,missense_variant,,2,109408,1.82801988885639E-05,0,0,0,7164,0,0,1,17112,0,0,0,2320,0,0,0,9046,0,0,0,13394,0,0,1,42768,0,0,0,1914,0,0,0,15690,0,0
10,875452,rs1375125088,G,C,gnomAD Exomes,PASS,NA,p.Ala333Gly,p.Ala333Gly,c.998C>G,missense_variant,,2,109406,1.8280533060344E-05,0,0,0,7164,0,0,0,17110,0,0,0,2320,0,0,0,9046,0,0,0,13394,0,0,2,42768,0,0,0,1914,0,0,0,15690,0,0
10,875473,rs1364612839,G,T,gnomAD Exomes,PASS,NA,p.Pro326His,p.Pro326His,c.977C>A,missense_variant,,1,109408,9.14009944428195E-06,0,0,0,7164,0,0,0,17112,0,0,0,2320,0,0,0,9046,0,0,0,13394,0,0,1,42768,0,0,0,1914,0,0,0,15690,0,0
10,875513,rs566465712,T,C,gnomAD Exomes,PASS,NA,p.Ile313Val,p.Ile313Val,c.937A>G,missense_variant,,2,109398,1.82818698696503E-05,0,0,1,7162,0,0,0,17106,0,0,0,2320,0,0,1,9046,0,0,0,13394,0,0,0,42768,0,0,0,1914,0,0,0,15688,0,0
10,875626,rs1413902724,T,C,gnomAD Exomes,PASS,NA,p.Ile304Val,p.Ile304Val,c.910A>G,missense_variant,,1,109372,9.14310792524595E-06,0,0,0,7154,0,0,0,17098,0,0,0,2320,0,0,1,9046,0,0,0,13394,0,0,0,42760,0,0,0,1914,0,0,0,15686,0,0
10,875646,rs532255286,T,C,gnomAD Exomes,PASS,NA,p.Lys297Arg,p.Lys297Arg,c.890A>G,missense_variant,,1,109366,9.14360953129857E-06,0,0,0,7156,0,0,0,17092,0,0,0,2318,0,0,1,9046,0,0,0,13394,0,0,0,42762,0,0,0,1914,0,0,0,15684,0,0
10,875665,rs1253843619,A,G,gnomAD Exomes,PASS,NA,p.Tyr291His,p.Tyr291His,c.871T>C,missense_variant,,1,109358,9.14427842498948E-06,0,0,0,7148,0,0,0,17096,0,0,0,2320,0,0,0,9046,0,0,0,13392,0,0,1,42754,0,0,0,1914,0,0,0,15688,0,0
10,875673,rs1258636968,G,A,gnomAD Exomes,PASS,NA,p.Ala288Val,p.Ala288Val,c.863C>T,missense_variant,,1,109314,9.14795909032695E-06,0,0,0,7142,0,0,1,17074,0,0,0,2320,0,0,0,9046,0,0,0,13390,0,0,0,42744,0,0,0,1914,0,0,0,15684,0,0
10,876826,rs780927561,G,C,gnomAD Exomes,PASS,NA,p.Thr281Arg,p.Thr281Arg,c.842C>G,missense_variant,,1,104532,9.56644855163969E-06,0,0,0,6946,0,0,0,15230,0,0,0,2286,0,0,1,8826,0,0,0,13360,0,0,0,42066,0,0,0,1778,0,0,0,14040,0,0
10,876830,rs745745760,C,T,gnomAD Exomes,PASS,NA,p.Glu280Lys,p.Glu280Lys,c.838G>A,missense_variant,,2,105464,1.89638170370932E-05,0,0,0,6946,0,0,2,15552,0,0,0,2290,0,0,0,8834,0,0,0,13362,0,0,0,42146,0,0,0,1794,0,0,0,14540,0,0
10,876839,rs1208816803,T,C,gnomAD Genomes,NA,PASS,p.Ile277Val,p.Ile277Val,c.829A>G,missense_variant,,1,10884,9.18779860345461E-05,0,0,0,2574,0,0,0,246,0,0,0,38,0,0,1,916,0,0,0,1162,0,0,0,5524,0,0,0,424,0,0,0,0,0,0
10,876859,rs1454681698,G,T,gnomAD Genomes,NA,PASS,p.Ala270Glu,p.Ala270Glu,c.809C>A,missense_variant,,1,10882,9.18948722661275E-05,0,0,0,2574,0,0,0,246,0,0,0,38,0,0,0,916,0,0,0,1162,0,0,1,5522,0,0,0,424,0,0,0,0,0,0
10,876860,rs1327903898,C,A,gnomAD Exomes,PASS,NA,p.Ala270Ser,p.Ala270Ser,c.808G>T,missense_variant,,1,105004,9.52344672583902E-06,0,0,0,6928,0,0,1,15498,0,0,0,2288,0,0,0,8774,0,0,0,13326,0,0,0,41966,0,0,0,1788,0,0,0,14436,0,0
10,876889,rs748345301,T,G,gnomAD Exomes,PASS,NA,p.Asn260Thr,p.Asn260Thr,c.779A>C,missense_variant,,1,105374,9.49000702260519E-06,0,0,1,7006,0,0,0,15610,0,0,0,2282,0,0,0,8854,0,0,0,13236,0,0,0,42138,0,0,0,1810,0,0,0,14438,0,0
10,876908,rs766926610,C,T,gnomAD Exomes,PASS,NA,p.Ala254Thr,p.Ala254Thr,c.760G>A,missense_variant,,1,97544,1.0251783810383E-05,0,0,0,6562,0,0,0,12740,0,0,0,2174,0,0,0,8314,0,0,0,12998,0,0,1,40532,0,0,0,1630,0,0,0,12594,0,0
10,882363,rs1445416939,A,G,gnomAD Exomes,PASS,NA,p.Ser244Pro,p.Ser244Pro,c.730T>C,missense_variant,,1,109250,9.1533180778032E-06,0,0,0,7158,0,0,0,17012,0,0,0,2318,0,0,0,9046,0,0,0,13386,0,0,0,42746,0,0,0,1914,0,0,1,15670,0,0
10,882363,rs1445416939,A,T,gnomAD Exomes,PASS,NA,p.Ser244Thr,p.Ser244Thr,c.730T>A,missense_variant,,1,109250,9.1533180778032E-06,0,0,0,7158,0,0,0,17012,0,0,0,2318,0,0,0,9046,0,0,0,13386,0,0,1,42746,0,0,0,1914,0,0,0,15670,0,0
10,882384,rs1192658556,T,C,gnomAD Exomes,PASS,NA,p.Ile237Val,p.Ile237Val,c.709A>G,missense_variant,,1,109378,9.14260637422516E-06,0,0,0,7160,0,0,0,17100,0,0,0,2320,0,0,0,9046,0,0,0,13390,0,0,1,42762,0,0,0,1914,0,0,0,15686,0,0
10,882389,rs770903779,C,A,gnomAD Exomes,PASS,NA,p.Arg235Leu,p.Arg235Leu,c.704G>T,missense_variant,,1,109370,9.1432751211484E-06,0,0,0,7160,0,0,0,17102,0,0,0,2320,0,0,0,9046,0,0,0,13382,0,0,1,42760,0,0,0,1914,0,0,0,15686,0,0
10,882389,rs770903779,C,T,gnomAD Exomes,PASS,NA,p.Arg235His,p.Arg235His,c.704G>A,missense_variant,,2,109370,1.82865502422968E-05,0,0,0,7160,0,0,1,17102,0,0,0,2320,0,0,0,9046,0,0,0,13382,0,0,1,42760,0,0,0,1914,0,0,0,15686,0,0
10,882390,rs1381139107,G,A,gnomAD Genomes,NA,PASS,p.Arg235Cys,p.Arg235Cys,c.703C>T,missense_variant,,1,10884,9.18779860345461E-05,0,0,0,2574,0,0,0,246,0,0,0,38,0,0,1,916,0,0,0,1162,0,0,0,5524,0,0,0,424,0,0,0,0,0,0
10,888894,rs556205663,G,T,gnomAD Exomes,PASS,NA,p.Asp208Glu,p.Asp208Glu,c.624C>A,missense_variant,,1,109372,9.14310792524595E-06,0,0,0,7162,0,0,0,17094,0,0,0,2318,0,0,1,9046,0,0,0,13394,0,0,0,42764,0,0,0,1914,0,0,0,15680,0,0
10,888899,rs139387430,C,T,"gnomAD Exomes,gnomAD Genomes",PASS,PASS,p.Val207Met,p.Val207Met,c.619G>A,missense_variant,,5,120270,4.15731271306228E-05,0,0,5,9736,0,0,0,17354,0,0,0,2356,0,0,0,9962,0,0,0,14556,0,0,0,48288,0,0,0,2338,0,0,0,15680,0,0
10,888904,rs761398850,G,C,gnomAD Exomes,PASS,NA,p.Thr205Ser,p.Thr205Ser,c.614C>G,missense_variant,,1,109390,9.14160343724289E-06,0,0,0,7162,0,0,0,17106,0,0,0,2320,0,0,0,9044,0,0,0,13394,0,0,0,42764,0,0,0,1914,0,0,1,15686,0,0
10,888907,rs1232370761,C,T,gnomAD Exomes,PASS,NA,p.Ser204Asn,p.Ser204Asn,c.611G>A,missense_variant,,1,109400,9.14076782449726E-06,0,0,0,7164,0,0,0,17110,0,0,0,2320,0,0,1,9046,0,0,0,13394,0,0,0,42766,0,0,0,1914,0,0,0,15686,0,0
10,888916,rs150067638,T,C,"gnomAD Exomes,gnomAD Genomes",PASS,PASS,p.Lys201Arg,p.Lys201Arg,c.602A>G,missense_variant,,26,120280,0.000216162287995,0,0,1,9738,0,0,0,17356,0,0,0,2358,0,0,0,9962,0,0,1,14554,0,0,24,48288,0,0,0,2338,0,0,0,15686,0,0
10,888924,rs1437132090,G,C,"gnomAD Exomes,gnomAD Genomes",PASS,PASS,p.Asp198Glu,p.Asp198Glu,c.594C>G,missense_variant,,3,120286,2.49405583359659E-05,0,0,0,9738,0,0,0,17356,0,0,0,2358,0,0,1,9962,0,0,0,14556,0,0,2,48292,0,0,0,2338,0,0,0,15686,0,0
10,888926,rs555331681,C,T,gnomAD Exomes,PASS,NA,p.Asp198Asn,p.Asp198Asn,c.592G>A,missense_variant,,1,109398,9.14093493482513E-06,0,0,1,7164,0,0,0,17108,0,0,0,2320,0,0,0,9046,0,0,0,13394,0,0,0,42768,0,0,0,1914,0,0,0,15684,0,0
10,888941,rs1239032185,T,C,gnomAD Genomes,NA,PASS,p.Thr193Ala,p.Thr193Ala,c.577A>G,missense_variant,,1,10880,9.19117647058823E-05,0,0,1,2574,0,0,0,246,0,0,0,38,0,0,0,914,0,0,0,1162,0,0,0,5522,0,0,0,424,0,0,0,0,0,0
10,888947,rs752487919,T,C,gnomAD Exomes,PASS,NA,p.Ile191Val,p.Ile191Val,c.571A>G,missense_variant,,1,109372,9.14310792524595E-06,0,0,0,7162,0,0,0,17110,0,0,0,2320,0,0,0,9044,0,0,0,13394,0,0,0,42754,0,0,0,1914,0,0,1,15674,0,0
10,888949,rs781407857,G,C,gnomAD Exomes,PASS,NA,p.Pro190Arg,p.Pro190Arg,c.569C>G,missense_variant,,1,109372,9.14310792524595E-06,0,0,0,7162,0,0,0,17106,0,0,0,2320,0,0,0,9046,0,0,0,13394,0,0,0,42752,0,0,0,1914,0,0,1,15678,0,0
10,888973,rs756170402,T,C,gnomAD Exomes,PASS,NA,p.Gln182Arg,p.Gln182Arg,c.545A>G,missense_variant,,1,109330,9.14662032379036E-06,0,0,0,7158,0,0,0,17086,0,0,0,2318,0,0,0,9038,0,0,0,13394,0,0,1,42746,0,0,0,1914,0,0,0,15676,0,0
10,888978,rs1337549129,T,C,gnomAD Exomes,PASS,NA,p.Ile180Met,p.Ile180Met,c.540A>G,missense_variant,,1,109346,9.14528194904249E-06,0,0,0,7160,0,0,0,17092,0,0,0,2318,0,0,0,9044,0,0,0,13394,0,0,1,42746,0,0,0,1914,0,0,0,15678,0,0
10,889002,rs780585142,G,C,gnomAD Exomes,PASS,NA,p.Asn172Lys,p.Asn172Lys,c.516C>G,missense_variant,,1,108892,9.18341108621386E-06,0,0,0,7148,0,0,0,16906,0,0,0,2296,0,0,0,9042,0,0,0,13392,0,0,0,42692,0,0,0,1912,0,0,1,15504,0,0
10,890956,rs1395308152,C,T,gnomAD Exomes,PASS,NA,p.Arg157Gln,p.Arg157Gln,c.470G>A,missense_variant,,1,107828,9.27402900916274E-06,0,0,0,7158,0,0,0,16874,0,0,0,2304,0,0,0,9036,0,0,0,12206,0,0,0,42684,0,0,1,1894,0,0,0,15672,0,0
10,890969,rs1369169609,G,C,gnomAD Genomes,NA,PASS,p.Gln153Glu,p.Gln153Glu,c.457C>G,missense_variant,,1,10828,9.235315847802E-05,0,0,0,2548,0,0,0,246,0,0,0,38,0,0,0,916,0,0,0,1162,0,0,0,5496,0,0,1,422,0,0,0,0,0,0
10,909689,rs759848917,C,T,gnomAD Exomes,PASS,NA,p.Glu142Lys,p.Glu142Lys,c.424G>A,missense_variant,,2,106716,1.87413321338881E-05,0,0,0,7138,0,0,0,15976,0,0,0,2246,0,0,0,9042,0,0,0,13356,0,0,2,42270,0,0,0,1858,0,0,0,14830,0,0
10,909692,rs778314793,T,C,gnomAD Exomes,PASS,NA,p.Ser141Gly,p.Ser141Gly,c.421A>G,missense_variant,,2,106976,1.86957822315286E-05,0,0,0,7140,0,0,0,16046,0,0,0,2262,0,0,1,9042,0,0,0,13362,0,0,1,42380,0,0,0,1862,0,0,0,14882,0,0
10,909700,rs191648245,G,A,gnomAD Exomes,PASS,NA,p.Pro138Leu,p.Pro138Leu,c.413C>T,missense_variant,,3,108182,2.77310458301751E-05,0,0,0,7154,0,0,1,16596,0,0,0,2298,0,0,0,9042,0,0,0,13384,0,0,0,42572,0,0,0,1888,0,0,2,15248,0,0
10,909704,rs780986495,G,C,gnomAD Exomes,PASS,NA,p.Leu137Val,p.Leu137Val,c.409C>G,missense_variant,,6,108362,5.53699636403905E-05,0,0,0,7158,0,0,4,16656,0,0,0,2304,0,0,0,9040,0,0,0,13386,0,0,0,42622,0,0,0,1888,0,0,2,15308,0,0
10,909706,rs769323354,G,A,gnomAD Exomes,PASS,NA,p.Ser136Phe,p.Ser136Phe,c.407C>T,missense_variant,,1,108564,9.21115655281677E-06,0,0,0,7162,0,0,0,16726,0,0,0,2308,0,0,0,9040,0,0,0,13392,0,0,1,42652,0,0,0,1898,0,0,0,15386,0,0
10,909708,rs1360734553,G,T,gnomAD Exomes,PASS,NA,p.Asp135Glu,p.Asp135Glu,c.405C>A,missense_variant,,1,108886,9.18391712433187E-06,0,0,0,7162,0,0,0,16850,0,0,1,2310,0,0,0,9044,0,0,0,13394,0,0,0,42694,0,0,0,1908,0,0,0,15524,0,0
10,909716,rs561966168,C,G,gnomAD Exomes,PASS,NA,p.Glu133Gln,p.Glu133Gln,c.397G>C,missense_variant,,1,108952,9.17835377046773E-06,0,0,0,7162,0,0,1,16866,0,0,0,2316,0,0,0,9046,0,0,0,13394,0,0,0,42702,0,0,0,1910,0,0,0,15556,0,0
10,909725,rs749276375,C,A,gnomAD Exomes,PASS,NA,p.Gly130Cys,p.Gly130Cys,c.388G>T,missense_variant,,3,109326,2.74408649360628E-05,0,0,0,7164,0,0,0,17050,0,0,0,2320,0,0,0,9044,0,0,0,13394,0,0,0,42754,0,0,0,1914,0,0,3,15686,0,0
10,909731,rs1346666145,C,T,gnomAD Genomes,NA,PASS,p.Ala128Thr,p.Ala128Thr,c.382G>A,missense_variant,,1,10872,9.19793966151582E-05,0,0,1,2574,0,0,0,246,0,0,0,38,0,0,0,914,0,0,0,1162,0,0,0,5516,0,0,0,422,0,0,0,0,0,0
10,909734,rs771213951,G,C,gnomAD Exomes,PASS,NA,p.Leu127Val,p.Leu127Val,c.379C>G,missense_variant,,2,109374,1.82858814709163E-05,0,0,0,7164,0,0,0,17086,0,0,0,2320,0,0,0,9046,0,0,0,13394,0,0,1,42762,0,0,0,1914,0,0,1,15688,0,0
10,909734,rs771213951,G,A,gnomAD Exomes,PASS,NA,p.Leu127Phe,p.Leu127Phe,c.379C>T,missense_variant,,2,109374,1.82858814709163E-05,0,0,0,7164,0,0,0,17086,0,0,0,2320,0,0,2,9046,0,0,0,13394,0,0,0,42762,0,0,0,1914,0,0,0,15688,0,0
10,909745,rs763577710,T,A,gnomAD Exomes,PASS,NA,p.Asp123Val,p.Asp123Val,c.368A>T,missense_variant,,4,109366,3.65744381251943E-05,1,0,0,7164,0,0,2,17084,1,0,1,2318,0,0,0,9046,0,0,0,13394,0,0,1,42764,0,0,0,1914,0,0,0,15682,0,0
10,909752,rs764628358,G,A,gnomAD Exomes,PASS,NA,p.Pro121Ser,p.Pro121Ser,c.361C>T,missense_variant,,1,109372,9.14310792524595E-06,0,0,0,7164,0,0,0,17086,0,0,0,2318,0,0,0,9044,0,0,0,13394,0,0,0,42764,0,0,0,1914,0,0,1,15688,0,0
10,909754,rs752037223,T,C,gnomAD Exomes,PASS,NA,p.Asp120Gly,p.Asp120Gly,c.359A>G,missense_variant,,5,109382,4.57113601872337E-05,0,0,0,7164,0,0,0,17094,0,0,0,2318,0,0,0,9044,0,0,0,13394,0,0,0,42764,0,0,0,1914,0,0,5,15690,0,0
10,909757,rs147982100,G,A,"gnomAD Exomes,gnomAD Genomes",PASS,PASS,p.Ser119Leu,p.Ser119Leu,c.356C>T,missense_variant,,33,120252,0.000274423710209,0,0,31,9736,0,0,1,17340,0,0,0,2356,0,0,0,9958,0,0,0,14554,0,0,1,48280,0,0,0,2338,0,0,0,15690,0,0
10,909759,rs374953582,C,A,gnomAD Genomes,NA,PASS,p.Glu118Asp,p.Glu118Asp,c.354G>T,missense_variant,,1,10878,9.19286633572348E-05,0,0,1,2572,0,0,0,246,0,0,0,38,0,0,0,914,0,0,0,1160,0,0,0,5524,0,0,0,424,0,0,0,0,0,0
10,909766,rs140866892,G,A,"gnomAD Exomes,gnomAD Genomes",PASS,PASS,p.Pro116Leu,p.Pro116Leu,c.347C>T,missense_variant,,85,120256,0.000706825439063,0,0,0,9732,0,0,56,17340,0,0,0,2358,0,0,0,9958,0,0,2,14556,0,0,24,48286,0,0,3,2338,0,0,0,15688,0,0
10,909774,rs1369679179,C,A,gnomAD Genomes,NA,PASS,p.Leu113Phe,p.Leu113Phe,c.339G>T,missense_variant,,1,10872,9.19793966151582E-05,0,0,1,2570,0,0,0,246,0,0,0,38,0,0,0,914,0,0,0,1162,0,0,0,5518,0,0,0,424,0,0,0,0,0,0
10,909779,rs375571598,C,T,"gnomAD Exomes,gnomAD Genomes",PASS,PASS,p.Ala112Thr,p.Ala112Thr,c.334G>A,missense_variant,,10,120216,8.31836028482065E-05,0,0,0,9734,0,0,0,17318,0,0,0,2352,0,0,1,9960,0,0,0,14556,0,0,8,48282,0,0,0,2338,0,0,1,15676,0,0
10,909791,rs771835392,G,A,gnomAD Exomes,PASS,NA,p.His108Tyr,p.His108Tyr,c.322C>T,missense_variant,,6,109332,5.48787180331467E-05,0,0,0,7164,0,0,0,17070,0,0,0,2316,0,0,0,9046,0,0,0,13392,0,0,0,42752,0,0,0,1912,0,0,6,15680,0,0
10,909796,rs1272876892,T,G,gnomAD Exomes,PASS,NA,p.Gln106Pro,p.Gln106Pro,c.317A>C,missense_variant,,1,108924,9.1807131577981E-06,0,0,0,7160,0,0,0,16912,0,0,0,2304,0,0,1,9046,0,0,0,13384,0,0,0,42696,0,0,0,1904,0,0,0,15518,0,0
10,909811,rs776759496,T,C,gnomAD Exomes,PASS,NA,p.Asn101Ser,p.Asn101Ser,c.302A>G,missense_variant,,4,108368,3.69112653181751E-05,0,0,0,7156,0,0,2,16626,0,0,0,2290,0,0,0,9044,0,0,0,13386,0,0,0,42610,0,0,0,1898,0,0,2,15358,0,0
10,909820,rs570525919,G,A,gnomAD Exomes,PASS,NA,p.Ser98Leu,p.Ser98Leu,c.293C>T,missense_variant,,1,107496,9.30267172732009E-06,0,0,0,7148,0,0,1,16254,0,0,0,2276,0,0,0,9044,0,0,0,13380,0,0,0,42488,0,0,0,1866,0,0,0,15040,0,0
10,910063,rs1361498648,C,T,gnomAD Exomes,PASS,NA,p.Gly97Arg,p.Gly97Arg,c.289G>A,missense_variant,,1,109346,9.14528194904249E-06,0,0,0,7154,0,0,0,17100,0,0,0,2320,0,0,0,9038,0,0,0,13388,0,0,0,42750,0,0,0,1914,0,0,1,15682,0,0
10,910066,rs768823716,G,C,gnomAD Exomes,PASS,NA,p.Gln96Glu,p.Gln96Glu,c.286C>G,missense_variant,,1,109348,9.14511467973808E-06,0,0,0,7156,0,0,0,17102,0,0,0,2320,0,0,0,9042,0,0,0,13388,0,0,1,42744,0,0,0,1914,0,0,0,15682,0,0
10,910066,rs768823716,G,T,gnomAD Exomes,PASS,NA,p.Gln96Lys,p.Gln96Lys,c.286C>A,missense_variant,,1,109348,9.14511467973808E-06,0,0,0,7156,0,0,0,17102,0,0,0,2320,0,0,0,9042,0,0,0,13388,0,0,1,42744,0,0,0,1914,0,0,0,15682,0,0
10,910068,rs368826734,G,A,gnomAD Exomes,PASS,NA,p.Pro95Leu,p.Pro95Leu,c.284C>T,missense_variant,,8,109350,7.31595793324188E-05,0,0,0,7154,0,0,2,17098,0,0,0,2320,0,0,3,9038,0,0,0,13388,0,0,3,42754,0,0,0,1914,0,0,0,15684,0,0
10,910074,rs138666135,C,T,gnomAD Exomes,PASS,NA,p.Arg93His,p.Arg93His,c.278G>A,missense_variant,,5,109374,4.57147036772908E-05,0,0,2,7160,0,0,0,17104,0,0,0,2320,0,0,0,9044,0,0,0,13388,0,0,0,42758,0,0,0,1914,0,0,3,15686,0,0
10,910075,rs757969026,G,A,gnomAD Exomes,PASS,NA,p.Arg93Cys,p.Arg93Cys,c.277C>T,missense_variant,,3,109364,2.74313302366409E-05,0,0,0,7160,0,0,1,17100,0,0,0,2320,0,0,0,9040,0,0,0,13388,0,0,2,42754,0,0,0,1914,0,0,0,15688,0,0
10,910081,rs201445617,C,T,gnomAD Exomes,PASS,NA,p.Ala91Thr,p.Ala91Thr,c.271G>A,missense_variant,,4,109382,3.6569088149787E-05,0,0,0,7160,0,0,2,17108,0,0,0,2320,0,0,0,9040,0,0,1,13390,0,0,1,42762,0,0,0,1914,0,0,0,15688,0,0
10,910106,rs749294671,T,TGCAGCACTCACACCGTCA,gnomAD Exomes,PASS,NA,p.Asp77_Ala82dup,p.Asp77_Ala82dup,c.228_245dupTGACGGTGTGAGTGCTGC,inframe_insertion,,6,109396,5.48466123075798E-05,0,0,0,7164,0,0,0,17112,0,0,0,2320,0,0,0,9042,0,0,6,13388,0,0,0,42766,0,0,0,1914,0,0,0,15690,0,0
10,910112,rs147197750,A,T,"gnomAD Exomes,gnomAD Genomes",PASS,PASS,p.Ser80Arg,p.Ser80Arg,c.240T>A,missense_variant,,5,120262,4.15758926344149E-05,0,0,5,9734,0,0,0,17358,0,0,0,2358,0,0,0,9958,0,0,0,14554,0,0,0,48272,0,0,0,2338,0,0,0,15690,0,0
10,910122,rs1469185905,T,C,gnomAD Exomes,PASS,NA,p.Asp77Gly,p.Asp77Gly,c.230A>G,missense_variant,,1,109402,9.14060072027934E-06,0,0,0,7164,0,0,0,17112,0,0,0,2320,0,0,0,9044,0,0,0,13392,0,0,1,42766,0,0,0,1914,0,0,0,15690,0,0
10,910132,rs780461324,T,C,gnomAD Exomes,PASS,NA,p.Ser74Gly,p.Ser74Gly,c.220A>G,missense_variant,,1,109402,9.14060072027934E-06,0,0,0,7162,0,0,1,17112,0,0,0,2320,0,0,0,9044,0,0,0,13392,0,0,0,42768,0,0,0,1914,0,0,0,15690,0,0
10,910140,rs749552065,T,G,gnomAD Exomes,PASS,NA,p.Glu71Ala,p.Glu71Ala,c.212A>C,missense_variant,,1,109404,9.14043362217103E-06,0,0,0,7164,0,0,0,17112,0,0,0,2320,0,0,0,9042,0,0,0,13394,0,0,1,42768,0,0,0,1914,0,0,0,15690,0,0
10,910144,rs201380082,G,C,gnomAD Exomes,PASS,NA,p.Leu70Val,p.Leu70Val,c.208C>G,missense_variant,,8,109402,7.31248057622347E-05,0,0,0,7164,0,0,6,17112,0,0,0,2320,0,0,0,9046,0,0,0,13388,0,0,1,42768,0,0,1,1914,0,0,0,15690,0,0
10,910147,rs748105633,G,T,gnomAD Exomes,PASS,NA,p.His69Asn,p.His69Asn,c.205C>A,missense_variant,,1,109406,9.14026653017202E-06,0,0,0,7164,0,0,0,17112,0,0,0,2320,0,0,0,9046,0,0,0,13392,0,0,0,42768,0,0,0,1914,0,0,1,15690,0,0
10,910153,rs773582565,C,T,gnomAD Exomes,PASS,NA,p.Val67Met,p.Val67Met,c.199G>A,missense_variant,,1,109406,9.14026653017202E-06,0,0,0,7164,0,0,0,17112,0,0,0,2320,0,0,0,9046,0,0,0,13392,0,0,1,42768,0,0,0,1914,0,0,0,15690,0,0
10,910159,rs761154907,C,G,gnomAD Exomes,PASS,NA,p.Ala65Pro,p.Ala65Pro,c.193G>C,missense_variant,,1,109402,9.14060072027934E-06,0,0,0,7164,0,0,0,17110,0,0,0,2320,0,0,0,9046,0,0,0,13392,0,0,1,42768,0,0,0,1914,0,0,0,15688,0,0
10,910159,rs761154907,C,A,gnomAD Exomes,PASS,NA,p.Ala65Ser,p.Ala65Ser,c.193G>T,missense_variant,,2,109402,1.82812014405587E-05,0,0,0,7164,0,0,0,17110,0,0,0,2320,0,0,0,9046,0,0,0,13392,0,0,2,42768,0,0,0,1914,0,0,0,15688,0,0
10,910171,rs899849544,C,T,gnomAD Exomes,PASS,NA,p.Glu61Lys,p.Glu61Lys,c.181G>A,missense_variant,,1,109404,9.14043362217103E-06,0,0,0,7164,0,0,0,17112,0,0,0,2320,0,0,0,9046,0,0,0,13390,0,0,1,42768,0,0,0,1914,0,0,0,15690,0,0
10,910197,rs764813916,T,C,"gnomAD Exomes,gnomAD Genomes",PASS,PASS,p.Lys52Arg,p.Lys52Arg,c.155A>G,missense_variant,,4,120250,3.32640332640333E-05,0,0,0,9738,0,0,0,17346,0,0,0,2358,0,0,0,9962,0,0,0,14552,0,0,4,48268,0,0,0,2338,0,0,0,15688,0,0
10,910200,rs1202044417,G,A,gnomAD Exomes,PASS,NA,p.Thr51Ile,p.Thr51Ile,c.152C>T,missense_variant,,1,109394,9.14126917381209E-06,0,0,1,7164,0,0,0,17104,0,0,0,2320,0,0,0,9046,0,0,0,13390,0,0,0,42766,0,0,0,1914,0,0,0,15690,0,0
10,910206,rs762355395,G,A,gnomAD Exomes,PASS,NA,p.Pro49Leu,p.Pro49Leu,c.146C>T,missense_variant,,1,109376,9.14277355178467E-06,0,0,1,7162,0,0,0,17094,0,0,0,2320,0,0,0,9046,0,0,0,13388,0,0,0,42762,0,0,0,1914,0,0,0,15690,0,0
10,930389,rs763541857,G,C,gnomAD Exomes,PASS,NA,p.Gln47Glu,p.Gln47Glu,c.139C>G,missense_variant,,8,109258,7.32211828882095E-05,0,0,0,7164,0,0,0,17072,0,0,0,2318,0,0,0,9038,0,0,0,13326,0,0,0,42744,0,0,0,1910,0,0,8,15686,0,0
10,930412,rs767491020,G,T,gnomAD Exomes,PASS,NA,p.Thr39Lys,p.Thr39Lys,c.116C>A,missense_variant,,1,109304,9.14879601844397E-06,0,0,0,7164,0,0,0,17102,0,0,0,2320,0,0,0,9044,0,0,0,13318,0,0,0,42762,0,0,0,1908,0,0,1,15686,0,0
10,930421,rs750307609,G,C,gnomAD Exomes,PASS,NA,p.Thr36Ser,p.Thr36Ser,c.107C>G,missense_variant,,1,109284,9.15047033417518E-06,0,0,0,7164,0,0,0,17096,0,0,0,2320,0,0,0,9042,0,0,0,13306,0,0,1,42758,0,0,0,1910,0,0,0,15688,0,0
10,930422,rs755957061,T,C,gnomAD Exomes,PASS,NA,p.Thr36Ala,p.Thr36Ala,c.106A>G,missense_variant,,1,109274,9.15130772187346E-06,0,0,0,7164,0,0,0,17086,0,0,0,2320,0,0,1,9038,0,0,0,13314,0,0,0,42758,0,0,0,1910,0,0,0,15684,0,0
10,930437,rs374750669,G,A,gnomAD Exomes,PASS,NA,p.Pro31Ser,p.Pro31Ser,c.91C>T,missense_variant,,2,109138,1.83254228591325E-05,0,0,0,7160,0,0,0,17052,0,0,0,2318,0,0,0,9038,0,0,0,13264,0,0,1,42740,0,0,0,1904,0,0,1,15662,0,0
10,930439,rs1194962927,C,G,gnomAD Exomes,PASS,NA,p.Gly30Ala,p.Gly30Ala,c.89G>C,missense_variant,,1,109098,9.16607087205998E-06,0,0,0,7158,0,0,0,17030,0,0,0,2318,0,0,0,9036,0,0,0,13258,0,0,1,42742,0,0,0,1908,0,0,0,15648,0,0
10,930440,rs1426438144,C,G,gnomAD Exomes,PASS,NA,p.Gly30Arg,p.Gly30Arg,c.88G>C,missense_variant,,1,109066,9.16876020024572E-06,0,0,0,7154,0,0,0,17026,0,0,0,2318,0,0,0,9036,0,0,0,13252,0,0,1,42730,0,0,0,1906,0,0,0,15644,0,0
10,931584,rs375779341,A,C,gnomAD Exomes,PASS,NA,p.His26Gln,p.His26Gln,c.78T>G,missense_variant,,1,109324,9.1471223153196E-06,0,0,1,7164,0,0,0,17062,0,0,0,2316,0,0,0,9046,0,0,0,13394,0,0,0,42752,0,0,0,1914,0,0,0,15676,0,0
10,931586,rs1380634353,G,A,gnomAD Exomes,PASS,NA,p.His26Tyr,p.His26Tyr,c.76C>T,missense_variant,,1,109316,9.14779172307805E-06,0,0,0,7164,0,0,0,17068,0,0,0,2314,0,0,0,9044,0,0,0,13392,0,0,0,42748,0,0,0,1914,0,0,1,15672,0,0
10,931589,rs760589321,C,T,gnomAD Exomes,PASS,NA,p.Ala25Thr,p.Ala25Thr,c.73G>A,missense_variant,,2,109362,1.82878879318228E-05,0,0,0,7164,0,0,0,17098,0,0,0,2320,0,0,0,9044,0,0,0,13394,0,0,0,42750,0,0,0,1914,0,0,2,15678,0,0
10,931615,rs753623530,T,C,gnomAD Exomes,PASS,NA,p.Gln16Arg,p.Gln16Arg,c.47A>G,missense_variant,,1,109406,9.14026653017202E-06,0,0,0,7164,0,0,0,17112,0,0,0,2320,0,0,0,9046,0,0,0,13394,0,0,0,42766,0,0,1,1914,0,0,0,15690,0,0
10,931618,rs200802734,G,A,gnomAD Exomes,PASS,NA,p.Thr15Met,p.Thr15Met,c.44C>T,missense_variant,,2,109404,1.82808672443421E-05,0,0,1,7164,0,0,1,17112,0,0,0,2320,0,0,0,9046,0,0,0,13394,0,0,0,42766,0,0,0,1914,0,0,0,15688,0,0
10,931619,rs751659043,T,C,gnomAD Exomes,PASS,NA,p.Thr15Ala,p.Thr15Ala,c.43A>G,missense_variant,,4,109408,3.65603977771278E-05,0,0,0,7164,0,0,0,17112,0,0,0,2320,0,0,4,9046,0,0,0,13394,0,0,0,42768,0,0,0,1914,0,0,0,15690,0,0
10,931624,rs781692635,G,A,gnomAD Exomes,PASS,NA,p.Pro13Leu,p.Pro13Leu,c.38C>T,missense_variant,,1,109398,9.14093493482513E-06,0,0,0,7164,0,0,0,17108,0,0,0,2320,0,0,0,9046,0,0,1,13392,0,0,0,42768,0,0,0,1912,0,0,0,15688,0,0
10,931631,rs139101797,C,T,gnomAD Genomes,NA,PASS,p.Ala11Thr,p.Ala11Thr,c.31G>A,missense_variant,,1,10884,9.18779860345461E-05,0,0,1,2574,0,0,0,246,0,0,0,38,0,0,0,916,0,0,0,1162,0,0,0,5524,0,0,0,424,0,0,0,0,0,0
10,931658,,T,C,gnomAD Exomes,PASS,NA,p.Thr2Ala,p.Thr2Ala,c.4A>G,missense_variant,,1,108968,9.17700609353205E-06,0,0,0,7152,0,0,1,16862,0,0,0,2312,0,0,0,9028,0,0,0,13394,0,0,0,42718,0,0,0,1912,0,0,0,15590,0,0
