Chromosome,Position,rsID,Reference,Alternate,Source,Filters - exomes,Filters - genomes,Consequence,Protein Consequence,Transcript Consequence,Annotation,Flags,Allele Count,Allele Number,Allele Frequency,Homozygote Count,Hemizygote Count,Allele Count African,Allele Number African,Homozygote Count African,Hemizygote Count African,Allele Count Latino,Allele Number Latino,Homozygote Count Latino,Hemizygote Count Latino,Allele Count Ashkenazi Jewish,Allele Number Ashkenazi Jewish,Homozygote Count Ashkenazi Jewish,Hemizygote Count Ashkenazi Jewish,Allele Count East Asian,Allele Number East Asian,Homozygote Count East Asian,Hemizygote Count East Asian,Allele Count European (Finnish),Allele Number European (Finnish),Homozygote Count European (Finnish),Hemizygote Count European (Finnish),Allele Count European (non-Finnish),Allele Number European (non-Finnish),Homozygote Count European (non-Finnish),Hemizygote Count European (non-Finnish),Allele Count Other,Allele Number Other,Homozygote Count Other,Hemizygote Count Other,Allele Count South Asian,Allele Number South Asian,Homozygote Count South Asian,Hemizygote Count South Asian
7,102937908,rs756179406,T,TGGC,gnomAD Exomes,PASS,NA,p.Ala6dup,p.Ala6dup,c.6_8dupGGC,inframe_insertion,,3,87768,3.41810226961991E-05,0,0,0,6858,0,0,0,12928,0,0,0,1388,0,0,0,8734,0,0,0,12054,0,0,0,33898,0,0,0,1478,0,0,3,10430,0,0
7,102937911,rs759505735,C,G,"gnomAD Exomes,gnomAD Genomes",PASS,PASS,p.Ala2Gly,p.Ala2Gly,c.5C>G,missense_variant,,2,95416,2.09608451412761E-05,0,0,2,9370,0,0,0,12868,0,0,0,1274,0,0,0,9560,0,0,0,12910,0,0,0,37864,0,0,0,1834,0,0,0,9736,0,0
7,102937911,rs759505735,C,T,gnomAD Exomes,PASS,NA,p.Ala2Val,p.Ala2Val,c.5C>T,missense_variant,,1,84548,1.18276008894356E-05,0,0,0,6798,0,0,0,12622,0,0,0,1236,0,0,1,8644,0,0,0,11748,0,0,0,32352,0,0,0,1412,0,0,0,9736,0,0
7,102937914,rs138251541,C,T,"gnomAD Exomes,gnomAD Genomes",PASS,PASS,p.Ala3Val,p.Ala3Val,c.8C>T,missense_variant,,166,96186,0.001725822884827,1,0,8,9346,0,0,11,12832,1,0,1,1300,0,0,0,9574,0,0,7,12988,0,0,131,38292,0,0,2,1840,0,0,6,10014,0,0
7,102937917,rs577306260,C,T,gnomAD Exomes,PASS,NA,p.Ala4Val,p.Ala4Val,c.11C>T,missense_variant,,4,84782,4.71798259064424E-05,0,0,2,6740,0,0,0,12430,0,0,0,1260,0,0,0,8624,0,0,0,11814,0,0,0,32604,0,0,0,1408,0,0,2,9902,0,0
7,102937920,rs778469917,C,G,gnomAD Exomes,PASS,NA,p.Ala5Gly,p.Ala5Gly,c.14C>G,missense_variant,,1,84900,1.17785630153121E-05,0,0,0,6750,0,0,0,12394,0,0,0,1262,0,0,1,8624,0,0,0,11816,0,0,0,32692,0,0,0,1422,0,0,0,9940,0,0
7,102937923,rs781686213,C,G,gnomAD Exomes,PASS,NA,p.Ala6Gly,p.Ala6Gly,c.17C>G,missense_variant,,7,86018,8.13783161663838E-05,0,0,0,6796,0,0,0,12972,0,0,0,1286,0,0,3,8654,0,0,0,11780,0,0,3,32800,0,0,0,1454,0,0,1,10276,0,0
7,102937925,rs903027246,C,G,gnomAD Exomes,PASS,NA,p.Arg7Gly,p.Arg7Gly,c.19C>G,missense_variant,,1,86680,1.15366866635902E-05,0,0,1,6802,0,0,0,13122,0,0,0,1304,0,0,0,8664,0,0,0,11832,0,0,0,33008,0,0,0,1468,0,0,0,10480,0,0
7,102937929,rs773607958,T,C,gnomAD Exomes,PASS,NA,p.Val8Ala,p.Val8Ala,c.23T>C,missense_variant,,1,87256,1.14605299349042E-05,0,0,0,6722,0,0,0,13552,0,0,0,1322,0,0,0,8524,0,0,0,11844,0,0,0,33084,0,0,0,1460,0,0,1,10748,0,0
7,102937931,rs201283176,G,C,gnomAD Exomes,PASS,NA,p.Val9Leu,p.Val9Leu,c.25G>C,missense_variant,,1,91334,1.0948825191057E-05,0,0,0,6946,0,0,0,14558,0,0,0,1418,0,0,1,8798,0,0,0,12030,0,0,0,34378,0,0,0,1550,0,0,0,11656,0,0
7,102937932,rs774432031,T,C,"gnomAD Exomes,gnomAD Genomes",PASS,PASS,p.Val9Ala,p.Val9Ala,c.26T>C,missense_variant,,4,100876,3.96526428486459E-05,0,0,0,9466,0,0,0,14676,0,0,0,1432,0,0,1,9648,0,0,0,13072,0,0,0,39352,0,0,0,1950,0,0,3,11280,0,0
7,102937934,rs77305684,T,G,"gnomAD Exomes,gnomAD Genomes",PASS,PASS,p.Leu10Val,p.Leu10Val,c.28T>G,missense_variant,,32,103096,0.000310390315822,0,0,2,9522,0,0,0,15112,0,0,0,1476,0,0,20,9716,0,0,1,13250,0,0,9,40160,0,0,0,1984,0,0,0,11876,0,0
7,102937938,rs760746927,C,A,"gnomAD Exomes,gnomAD Genomes",PASS,PASS,p.Ser11Ter,p.Ser11Ter,c.32C>A,stop_gained,,3,104214,2.87869192239047E-05,0,0,0,9524,0,0,3,15248,0,0,0,1508,0,0,0,9746,0,0,0,13324,0,0,0,40686,0,0,0,2018,0,0,0,12160,0,0
7,102937938,rs760746927,C,T,gnomAD Exomes,PASS,NA,p.Ser11Leu,p.Ser11Leu,c.32C>T,missense_variant,,4,93346,4.28513273198637E-05,0,0,1,6952,0,0,1,15002,0,0,0,1470,0,0,1,8830,0,0,0,12162,0,0,1,35174,0,0,0,1596,0,0,0,12160,0,0
7,102937941,rs780130591,C,CCGCGG,gnomAD Exomes,PASS,NA,p.Arg17GlyfsTer12,p.Arg17GlyfsTer12,c.43_47dupCGGCG,frameshift_variant,,1,93960,1.06428267347808E-05,0,0,0,6928,0,0,0,15026,0,0,0,1508,0,0,1,8802,0,0,0,12192,0,0,0,35512,0,0,0,1598,0,0,0,12394,0,0
7,102937947,rs372942056,C,T,gnomAD Exomes,PASS,NA,p.Ala14Val,p.Ala14Val,c.41C>T,missense_variant,,1,95118,1.05132572173511E-05,0,0,1,6924,0,0,0,14808,0,0,0,1578,0,0,0,8778,0,0,0,12334,0,0,0,36314,0,0,0,1630,0,0,0,12752,0,0
7,102937949,rs756873407,C,T,gnomAD Genomes,NA,PASS,p.Arg15Trp,p.Arg15Trp,c.43C>T,missense_variant,,1,10860,9.20810313075506E-05,0,0,1,2570,0,0,0,246,0,0,0,38,0,0,0,912,0,0,0,1162,0,0,0,5508,0,0,0,424,0,0,0,0,0,0
7,102937953,rs1162244086,G,A,gnomAD Exomes,PASS,NA,p.Arg16Gln,p.Arg16Gln,c.47G>A,missense_variant,,1,97526,1.02536759428255E-05,0,0,0,6910,0,0,0,14714,0,0,0,1686,0,0,0,8800,0,0,0,12552,0,0,1,37848,0,0,0,1652,0,0,0,13364,0,0
7,102937955,rs200262738,C,T,gnomAD Exomes,PASS,NA,p.Arg17Trp,p.Arg17Trp,c.49C>T,missense_variant,,6,98534,6.08926867883167E-05,0,0,0,6886,0,0,0,15010,0,0,0,1730,0,0,6,8794,0,0,0,12606,0,0,0,38224,0,0,0,1668,0,0,0,13616,0,0
7,102937956,rs1168405825,G,A,gnomAD Exomes,PASS,NA,p.Arg17Gln,p.Arg17Gln,c.50G>A,missense_variant,,0,99430,0,0,0,0,6908,0,0,0,15086,0,0,0,1780,0,0,0,8814,0,0,0,12664,0,0,0,38630,0,0,0,1684,0,0,0,13864,0,0
7,102937976,rs1297952711,A,C,gnomAD Exomes,PASS,NA,p.Ser24Arg,p.Ser24Arg,c.70A>C,missense_variant,,1,107062,9.34038220843997E-06,0,0,0,7006,0,0,0,16602,0,0,0,2220,0,0,0,8938,0,0,0,13222,0,0,1,41796,0,0,0,1868,0,0,0,15410,0,0
7,102937988,rs1226999830,C,T,gnomAD Exomes,PASS,NA,p.Arg28Ter,p.Arg28Ter,c.82C>T,stop_gained,,1,108204,9.24180252116373E-06,0,0,0,7064,0,0,0,16908,0,0,0,2254,0,0,0,8978,0,0,0,13270,0,0,1,42304,0,0,0,1880,0,0,0,15546,0,0
7,102937989,rs749629917,G,T,gnomAD Exomes,PASS,NA,p.Arg28Leu,p.Arg28Leu,c.83G>T,missense_variant,,1,108312,9.23258734027624E-06,0,0,0,7074,0,0,0,16916,0,0,0,2264,0,0,0,8974,0,0,0,13268,0,0,0,42358,0,0,0,1880,0,0,1,15578,0,0
7,102937991,rs148700021,G,C,"gnomAD Exomes,gnomAD Genomes",PASS,PASS,p.Gly29Arg,p.Gly29Arg,c.85G>C,missense_variant,,14,119162,0.000117487118377,0,0,13,9636,0,0,1,17168,0,0,0,2304,0,0,0,9890,0,0,0,14428,0,0,0,47856,0,0,0,2300,0,0,0,15580,0,0
7,102937994,rs772260124,G,T,gnomAD Exomes,PASS,NA,p.Ala30Ser,p.Ala30Ser,c.88G>T,missense_variant,,1,108204,9.24180252116373E-06,0,0,0,7030,0,0,0,16896,0,0,0,2268,0,0,0,8964,0,0,0,13262,0,0,0,42326,0,0,0,1880,0,0,1,15578,0,0
7,102937995,rs775775729,C,T,gnomAD Exomes,PASS,NA,p.Ala30Val,p.Ala30Val,c.89C>T,missense_variant,,2,108354,1.84580172397881E-05,0,0,0,7052,0,0,0,16938,0,0,0,2270,0,0,2,8984,0,0,0,13262,0,0,0,42368,0,0,0,1882,0,0,0,15598,0,0
7,102938001,rs761543693,G,C,gnomAD Exomes,PASS,NA,p.Gly32Ala,p.Gly32Ala,c.95G>C,missense_variant,,1,108380,9.22679461155195E-06,0,0,0,7044,0,0,0,16950,0,0,0,2278,0,0,0,8992,0,0,0,13278,0,0,1,42346,0,0,0,1880,0,0,0,15612,0,0
7,102938003,rs764893012,C,T,gnomAD Exomes,PASS,NA,p.Arg33Trp,p.Arg33Trp,c.97C>T,missense_variant,,1,108294,9.23412192734593E-06,0,0,0,7032,0,0,0,16938,0,0,0,2278,0,0,0,8982,0,0,0,13272,0,0,1,42312,0,0,0,1884,0,0,0,15596,0,0
7,102939016,rs776285475,CATT,C,gnomAD Exomes,PASS,NA,p.Leu35del,p.Leu35del,c.104_106delTAT,inframe_deletion,,4,109296,3.65978626848192E-05,0,0,0,7160,0,0,0,17068,0,0,0,2318,0,0,0,9040,0,0,0,13388,0,0,1,42740,0,0,0,1912,0,0,3,15670,0,0
7,102939019,rs62622397,T,C,"gnomAD Exomes,gnomAD Genomes",PASS,PASS,p.Leu35Ser,p.Leu35Ser,c.104T>C,missense_variant,,3007,120186,0.025019553026143,384,0,2692,9728,377,0,253,17314,5,0,0,2356,0,0,0,9962,0,0,0,14542,0,0,31,48276,0,0,25,2336,2,0,6,15672,0,0
7,102939037,rs367832736,G,A,gnomAD Exomes,PASS,NA,p.Arg41Lys,p.Arg41Lys,c.122G>A,missense_variant,,2,109394,1.82825383476242E-05,0,0,0,7164,0,0,0,17102,0,0,0,2320,0,0,0,9046,0,0,0,13392,0,0,2,42766,0,0,0,1914,0,0,0,15690,0,0
7,102939046,rs778705385,G,A,gnomAD Exomes,PASS,NA,p.Ser44Asn,p.Ser44Asn,c.131G>A,missense_variant,,1,109396,9.1411020512633E-06,0,0,0,7164,0,0,0,17104,0,0,0,2320,0,0,0,9046,0,0,0,13390,0,0,1,42768,0,0,0,1914,0,0,0,15690,0,0
7,102939051,rs138186996,C,A,"gnomAD Exomes,gnomAD Genomes",PASS,PASS,p.Gln46Lys,p.Gln46Lys,c.136C>A,missense_variant,,3,120274,2.49430467100121E-05,0,0,3,9736,0,0,0,17354,0,0,0,2358,0,0,0,9962,0,0,0,14552,0,0,0,48284,0,0,0,2338,0,0,0,15690,0,0
7,102939065,rs762743960,A,C,gnomAD Exomes,PASS,NA,p.Gln50His,p.Gln50His,c.150A>C,missense_variant,,4,109402,3.65624028811173E-05,0,0,0,7164,0,0,0,17110,0,0,0,2320,0,0,0,9046,0,0,0,13392,0,0,0,42766,0,0,0,1914,0,0,4,15690,0,0
7,102939069,rs1396690526,G,T,gnomAD Exomes,PASS,NA,p.Val52Phe,p.Val52Phe,c.154G>T,missense_variant,,1,109400,9.14076782449726E-06,0,0,0,7164,0,0,0,17112,0,0,0,2320,0,0,1,9046,0,0,0,13388,0,0,0,42766,0,0,0,1914,0,0,0,15690,0,0
7,102939081,rs774018195,C,T,gnomAD Exomes,PASS,NA,p.Pro56Ser,p.Pro56Ser,c.166C>T,missense_variant,,1,109398,9.14093493482513E-06,0,0,0,7164,0,0,0,17112,0,0,0,2320,0,0,0,9046,0,0,0,13390,0,0,0,42766,0,0,0,1912,0,0,1,15688,0,0
7,102939082,rs150553593,C,G,gnomAD Exomes,PASS,NA,p.Pro56Arg,p.Pro56Arg,c.167C>G,missense_variant,,8,109400,7.31261425959781E-05,0,0,0,7164,0,0,0,17112,0,0,0,2320,0,0,0,9046,0,0,0,13390,0,0,8,42764,0,0,0,1914,0,0,0,15690,0,0
7,102939111,rs771850535,G,A,gnomAD Exomes,PASS,NA,p.Gly66Arg,p.Gly66Arg,c.196G>A,missense_variant,,6,109400,5.48446069469835E-05,0,0,0,7164,0,0,0,17110,0,0,0,2320,0,0,0,9046,0,0,1,13392,0,0,5,42764,0,0,0,1914,0,0,0,15690,0,0
7,102939116,rs750775420,C,CA,gnomAD Exomes,PASS,NA,p.Arg68LysfsTer19,p.Arg68LysfsTer19,c.202dupA,frameshift_variant,,1,109400,9.14076782449726E-06,0,0,0,7164,0,0,0,17110,0,0,0,2320,0,0,0,9046,0,0,0,13394,0,0,1,42764,0,0,0,1914,0,0,0,15688,0,0
7,102939127,rs139269263,C,T,gnomAD Exomes,PASS,NA,p.Ser71Leu,p.Ser71Leu,c.212C>T,missense_variant,,8,109388,7.31341646250046E-05,0,0,0,7162,0,0,0,17108,0,0,0,2320,0,0,0,9046,0,0,0,13388,0,0,8,42762,0,0,0,1914,0,0,0,15688,0,0
7,102939136,rs751798654,C,G,gnomAD Exomes,PASS,NA,p.Ser74Cys,p.Ser74Cys,c.221C>G,missense_variant,,1,109360,9.1441111923921E-06,0,0,0,7164,0,0,1,17094,0,0,0,2320,0,0,0,9044,0,0,0,13390,0,0,0,42754,0,0,0,1910,0,0,0,15684,0,0
7,102939138,rs781117880,G,A,gnomAD Exomes,PASS,NA,p.Gly75Arg,p.Gly75Arg,c.223G>A,missense_variant,,5,109360,4.57205559619605E-05,0,0,0,7164,0,0,5,17090,0,0,0,2320,0,0,0,9044,0,0,0,13390,0,0,0,42756,0,0,0,1912,0,0,0,15684,0,0
7,102939144,rs748274168,T,C,"gnomAD Exomes,gnomAD Genomes",PASS,PASS,p.Ser77Pro,p.Ser77Pro,c.229T>C,missense_variant,,5,120126,4.16229625559829E-05,0,0,0,9736,0,0,0,17282,0,0,0,2354,0,0,5,9954,0,0,0,14552,0,0,0,48254,0,0,0,2334,0,0,0,15660,0,0
7,102939150,rs1484750333,T,G,gnomAD Genomes,NA,PASS,p.Cys79Gly,p.Cys79Gly,c.235T>G,missense_variant,,1,10878,9.19286633572348E-05,0,0,0,2572,0,0,0,246,0,0,0,38,0,0,0,916,0,0,0,1162,0,0,1,5522,0,0,0,422,0,0,0,0,0,0
7,102939911,rs777882922,G,A,gnomAD Exomes,PASS,NA,p.Gly88Arg,p.Gly88Arg,c.262G>A,missense_variant,,1,109032,9.17161934111087E-06,0,0,0,7154,0,0,0,16938,0,0,0,2318,0,0,0,9032,0,0,0,13384,0,0,1,42710,0,0,0,1910,0,0,0,15586,0,0
7,102939921,rs749195582,A,G,gnomAD Exomes,PASS,NA,p.Tyr91Cys,p.Tyr91Cys,c.272A>G,missense_variant,,2,109238,1.83086471740603E-05,0,0,0,7154,0,0,0,17026,0,0,0,2320,0,0,0,9034,0,0,0,13386,0,0,2,42748,0,0,0,1914,0,0,0,15656,0,0
7,102939922,rs149259090,C,G,gnomAD Exomes,PASS,NA,p.Tyr91Ter,p.Tyr91Ter,c.273C>G,stop_gained,,1,109212,9.15650294839395E-06,0,0,0,7158,0,0,0,17020,0,0,0,2320,0,0,0,9034,0,0,0,13390,0,0,1,42728,0,0,0,1912,0,0,0,15650,0,0
7,102939924,rs771580457,A,C,gnomAD Exomes,PASS,NA,p.Glu92Ala,p.Glu92Ala,c.275A>C,missense_variant,,1,109244,9.15382080480392E-06,0,0,1,7158,0,0,0,17032,0,0,0,2320,0,0,0,9034,0,0,0,13388,0,0,0,42742,0,0,0,1914,0,0,0,15656,0,0
7,102939927,rs775228225,A,G,gnomAD Exomes,PASS,NA,p.Asn93Ser,p.Asn93Ser,c.278A>G,missense_variant,,1,109270,9.15164271986822E-06,0,0,1,7158,0,0,0,17046,0,0,0,2320,0,0,0,9042,0,0,0,13384,0,0,0,42748,0,0,0,1914,0,0,0,15658,0,0
7,102939929,rs199611544,G,C,gnomAD Exomes,PASS,NA,p.Glu94Gln,p.Glu94Gln,c.280G>C,missense_variant,,1,109250,9.1533180778032E-06,0,0,1,7160,0,0,0,17032,0,0,0,2320,0,0,0,9042,0,0,0,13384,0,0,0,42742,0,0,0,1914,0,0,0,15656,0,0
7,102939936,rs146216056,A,G,"gnomAD Exomes,gnomAD Genomes",PASS,PASS,p.Asn96Ser,p.Asn96Ser,c.287A>G,missense_variant,,6,120140,4.99417346429166E-05,0,0,6,9738,0,0,0,17282,0,0,0,2358,0,0,0,9956,0,0,0,14550,0,0,0,48266,0,0,0,2336,0,0,0,15654,0,0
7,102939939,rs776345549,A,G,gnomAD Exomes,PASS,NA,p.Asn97Ser,p.Asn97Ser,c.290A>G,missense_variant,,2,109232,1.8309652848982E-05,0,0,0,7162,0,0,2,17036,0,0,0,2318,0,0,0,9040,0,0,0,13386,0,0,0,42730,0,0,0,1912,0,0,0,15648,0,0
7,102939960,rs1273913073,A,G,gnomAD Exomes,PASS,NA,p.Glu104Gly,p.Glu104Gly,c.311A>G,missense_variant,,1,108924,9.1807131577981E-06,0,0,0,7154,0,0,0,16912,0,0,0,2316,0,0,0,9036,0,0,0,13382,0,0,0,42668,0,0,0,1904,0,0,1,15552,0,0
7,102940652,rs202239518,C,A,gnomAD Exomes,PASS,NA,p.Leu119Met,p.Leu119Met,c.355C>A,missense_variant,,14,109160,0.000128252106999,0,0,0,7162,0,0,0,16962,0,0,0,2316,0,0,0,9032,0,0,0,13388,0,0,14,42748,0,0,0,1902,0,0,0,15650,0,0
7,102940653,rs199863923,T,C,"gnomAD Exomes,gnomAD Genomes",PASS,PASS,p.Leu119Pro,p.Leu119Pro,c.356T>C,missense_variant,,16,120048,0.000133280021325,0,0,0,9732,0,0,0,17204,0,0,0,2356,0,0,0,9950,0,0,16,14550,0,0,0,48274,0,0,0,2326,0,0,0,15656,0,0
7,102940659,rs200425414,T,A,gnomAD Exomes,PASS,NA,p.Leu121His,p.Leu121His,c.362T>A,missense_variant,,1,109206,9.15700602530996E-06,0,0,0,7158,0,0,0,16980,0,0,0,2318,0,0,0,9034,0,0,0,13390,0,0,1,42754,0,0,0,1908,0,0,0,15664,0,0
7,102940670,rs764318915,A,G,gnomAD Exomes,PASS,NA,p.Asn125Asp,p.Asn125Asp,c.373A>G,missense_variant,,3,109278,2.74529182452095E-05,0,0,0,7162,0,0,0,17016,0,0,0,2318,0,0,0,9044,0,0,0,13390,0,0,3,42760,0,0,0,1914,0,0,0,15674,0,0
7,102940673,rs757348017,A,G,gnomAD Exomes,PASS,NA,p.Met126Val,p.Met126Val,c.376A>G,missense_variant,,2,109286,1.83006057500503E-05,0,0,1,7162,0,0,0,17022,0,0,0,2316,0,0,0,9044,0,0,0,13390,0,0,0,42760,0,0,0,1914,0,0,1,15678,0,0
7,102940674,rs369213197,T,C,gnomAD Exomes,PASS,NA,p.Met126Thr,p.Met126Thr,c.377T>C,missense_variant,,2,109286,1.83006057500503E-05,0,0,1,7160,0,0,1,17022,0,0,0,2318,0,0,0,9042,0,0,0,13388,0,0,0,42760,0,0,0,1914,0,0,0,15682,0,0
7,102940675,rs200124606,G,A,"gnomAD Exomes,gnomAD Genomes",PASS,PASS,p.Met126Ile,p.Met126Ile,c.378G>A,missense_variant,,34,120126,0.000283036145381,0,0,0,9736,0,0,0,17262,0,0,2,2354,0,0,0,9958,0,0,5,14548,0,0,25,48260,0,0,2,2336,0,0,0,15672,0,0
7,102940677,rs377051379,G,A,gnomAD Exomes,PASS,NA,p.Gly127Asp,p.Gly127Asp,c.380G>A,missense_variant,,1,109304,9.14879601844397E-06,0,0,0,7160,0,0,0,17046,0,0,0,2318,0,0,0,9042,0,0,0,13390,0,0,0,42758,0,0,0,1912,0,0,1,15678,0,0
7,102940686,rs202160848,T,G,gnomAD Exomes,PASS,NA,p.Leu130Arg,p.Leu130Arg,c.389T>G,missense_variant,,1,109304,9.14879601844397E-06,0,0,0,7162,0,0,0,17040,0,0,0,2318,0,0,0,9046,0,0,0,13390,0,0,1,42762,0,0,0,1910,0,0,0,15676,0,0
7,102940692,rs369829969,C,T,gnomAD Exomes,PASS,NA,p.Ala132Val,p.Ala132Val,c.395C>T,missense_variant,,1,109278,9.15097274840316E-06,0,0,0,7162,0,0,0,17028,0,0,0,2318,0,0,0,9042,0,0,0,13388,0,0,0,42762,0,0,1,1910,0,0,0,15668,0,0
7,102940695,rs751325165,A,G,gnomAD Exomes,PASS,NA,p.Tyr133Cys,p.Tyr133Cys,c.398A>G,missense_variant,,4,109298,3.65971929952973E-05,0,0,0,7160,0,0,3,17038,0,0,0,2318,0,0,0,9046,0,0,0,13390,0,0,1,42758,0,0,0,1910,0,0,0,15678,0,0
7,102940698,rs1161403152,C,T,gnomAD Exomes,PASS,NA,p.Thr134Ile,p.Thr134Ile,c.401C>T,missense_variant,,1,109278,9.15097274840316E-06,0,0,0,7160,0,0,0,17036,0,0,0,2318,0,0,0,9044,0,0,0,13388,0,0,0,42754,0,0,0,1908,0,0,1,15670,0,0
7,102940713,rs747613494,C,A,gnomAD Exomes,PASS,NA,p.Thr139Asn,p.Thr139Asn,c.416C>A,missense_variant,,1,109126,9.16371900372047E-06,0,0,0,7160,0,0,0,16936,0,0,0,2318,0,0,0,9032,0,0,0,13378,0,0,0,42748,0,0,0,1900,0,0,1,15654,0,0
7,102940721,rs777191022,T,A,gnomAD Exomes,PASS,NA,p.Tyr142Asn,p.Tyr142Asn,c.424T>A,missense_variant,,1,107896,9.26818417735597E-06,0,0,0,7104,0,0,1,16428,0,0,0,2292,0,0,0,8956,0,0,0,13376,0,0,0,42568,0,0,0,1854,0,0,0,15318,0,0
7,102940725,rs1199064396,C,T,gnomAD Genomes,NA,PASS,p.Ala143Val,p.Ala143Val,c.428C>T,missense_variant,,1,10860,9.20810313075506E-05,0,0,0,2568,0,0,0,246,0,0,0,38,0,0,0,912,0,0,1,1162,0,0,0,5514,0,0,0,420,0,0,0,0,0,0
7,102940748,rs374577288,C,T,gnomAD Exomes,PASS,NA,p.Pro151Ser,p.Pro151Ser,c.451C>T,missense_variant,,1,106060,9.42862530643032E-06,0,0,0,7050,0,0,0,15790,0,0,0,2260,0,0,0,8906,0,0,1,13280,0,0,0,42274,0,0,0,1828,0,0,0,14672,0,0
7,102940749,rs768813815,C,T,gnomAD Exomes,PASS,NA,p.Pro151Leu,p.Pro151Leu,c.452C>T,missense_variant,,1,106304,9.40698374473209E-06,0,0,0,7064,0,0,0,15866,0,0,0,2264,0,0,0,8940,0,0,0,13284,0,0,0,42328,0,0,0,1826,0,0,1,14732,0,0
7,102940751,rs776808130,A,G,gnomAD Exomes,PASS,NA,p.Arg152Gly,p.Arg152Gly,c.454A>G,missense_variant,,1,106050,9.42951438000943E-06,0,0,0,7082,0,0,0,15736,0,0,0,2256,0,0,1,8956,0,0,0,13276,0,0,0,42352,0,0,0,1832,0,0,0,14560,0,0
7,102940754,rs762059961,G,A,gnomAD Exomes,PASS,NA,p.Ala153Thr,p.Ala153Thr,c.457G>A,missense_variant,"lc_lof,os_lof",1,104732,9.54818011686972E-06,0,0,0,7048,0,0,0,15264,0,0,0,2220,0,0,0,8894,0,0,0,13250,0,0,1,42058,0,0,0,1812,0,0,0,14186,0,0
7,102944291,rs766291552,G,A,gnomAD Exomes,PASS,NA,p.Val154Ile,p.Val154Ile,c.460G>A,missense_variant,,1,105618,9.46808309189722E-06,0,0,0,6986,0,0,0,16176,0,0,0,2248,0,0,1,8958,0,0,0,13338,0,0,0,41632,0,0,0,1862,0,0,0,14418,0,0
7,102944301,rs777654434,T,G,gnomAD Exomes,PASS,NA,p.Leu157Arg,p.Leu157Arg,c.470T>G,missense_variant,,3,107106,2.80096353145482E-05,0,0,0,7104,0,0,0,16450,0,0,0,2264,0,0,0,9022,0,0,0,13376,0,0,3,42262,0,0,0,1882,0,0,0,14746,0,0
7,102944310,rs148787640,T,G,gnomAD Exomes,PASS,NA,p.Ile160Arg,p.Ile160Arg,c.479T>G,missense_variant,,1,108308,9.23292831554456E-06,0,0,0,7130,0,0,0,16844,0,0,0,2298,0,0,0,9030,0,0,0,13384,0,0,1,42532,0,0,0,1896,0,0,0,15194,0,0
7,102944336,rs755548320,G,C,gnomAD Exomes,PASS,NA,p.Ala169Pro,p.Ala169Pro,c.505G>C,missense_variant,,1,109324,9.1471223153196E-06,0,0,0,7156,0,0,0,17100,0,0,0,2320,0,0,0,9046,0,0,0,13390,0,0,1,42726,0,0,0,1908,0,0,0,15678,0,0
7,102944337,rs1459795553,C,T,gnomAD Exomes,PASS,NA,p.Ala169Val,p.Ala169Val,c.506C>T,missense_variant,,0,109322,0,0,0,0,7154,0,0,0,17094,0,0,0,2320,0,0,0,9046,0,0,0,13390,0,0,0,42728,0,0,0,1910,0,0,0,15680,0,0
7,102944348,rs781469983,C,T,"gnomAD Exomes,gnomAD Genomes",PASS,PASS,p.Arg173Cys,p.Arg173Cys,c.517C>T,missense_variant,,4,120238,3.32673530830519E-05,0,0,0,9730,0,0,0,17350,0,0,0,2358,0,0,0,9962,0,0,0,14554,0,0,3,48264,0,0,0,2334,0,0,1,15686,0,0
7,102944349,rs139362551,G,A,"gnomAD Exomes,gnomAD Genomes",PASS,PASS,p.Arg173His,p.Arg173His,c.518G>A,missense_variant,,2,120230,1.66347833319471E-05,0,0,0,9730,0,0,0,17352,0,0,0,2356,0,0,0,9960,0,0,0,14554,0,0,2,48264,0,0,0,2334,0,0,0,15680,0,0
7,102944349,rs139362551,G,C,gnomAD Exomes,PASS,NA,p.Arg173Pro,p.Arg173Pro,c.518G>C,missense_variant,,1,109354,9.14461290853558E-06,0,0,1,7158,0,0,0,17106,0,0,0,2318,0,0,0,9046,0,0,0,13392,0,0,0,42742,0,0,0,1912,0,0,0,15680,0,0
7,102944354,rs145596167,C,T,gnomAD Exomes,PASS,NA,p.Arg175Cys,p.Arg175Cys,c.523C>T,missense_variant,,2,109360,1.82882223847842E-05,0,0,0,7162,0,0,0,17108,0,0,0,2320,0,0,0,9046,0,0,0,13390,0,0,2,42734,0,0,0,1914,0,0,0,15686,0,0
7,102944355,rs200188353,G,A,"gnomAD Exomes,gnomAD Genomes",PASS,PASS,p.Arg175His,p.Arg175His,c.524G>A,missense_variant,,5,120240,4.1583499667332E-05,0,0,1,9732,0,0,0,17352,0,0,0,2358,0,0,1,9960,0,0,0,14556,0,0,1,48260,0,0,0,2336,0,0,2,15686,0,0
7,102944358,rs770891746,G,A,gnomAD Exomes,PASS,NA,p.Gly176Glu,p.Gly176Glu,c.527G>A,missense_variant,,1,109372,9.14310792524595E-06,0,0,0,7164,0,0,0,17106,0,0,0,2320,0,0,0,9046,0,0,0,13392,0,0,0,42744,0,0,0,1914,0,0,1,15686,0,0
7,102944360,rs1172560320,G,A,gnomAD Exomes,PASS,NA,p.Val177Ile,p.Val177Ile,c.529G>A,missense_variant,,1,109368,9.14344232316582E-06,0,0,1,7160,0,0,0,17104,0,0,0,2320,0,0,0,9046,0,0,0,13390,0,0,0,42746,0,0,0,1914,0,0,0,15688,0,0
7,102944361,rs1436866272,T,G,gnomAD Exomes,PASS,NA,p.Val177Gly,p.Val177Gly,c.530T>G,missense_variant,,1,109364,9.14377674554698E-06,0,0,0,7162,0,0,0,17102,0,0,0,2320,0,0,0,9044,0,0,0,13390,0,0,1,42748,0,0,0,1914,0,0,0,15684,0,0
7,102944366,rs767564337,C,T,gnomAD Exomes,PASS,NA,p.Leu179Phe,p.Leu179Phe,c.535C>T,missense_variant,,4,109352,3.65791206379399E-05,0,0,0,7160,0,0,0,17108,0,0,0,2320,0,0,0,9046,0,0,0,13382,0,0,4,42742,0,0,0,1908,0,0,0,15686,0,0
7,102944368,rs755105367,TAGAG,T,gnomAD Exomes,PASS,NA,p.Glu181CysfsTer40,p.Glu181CysfsTer40,c.541_544delGAGA,frameshift_variant,,1,109356,9.14444566370387E-06,0,0,0,7160,0,0,0,17108,0,0,0,2320,0,0,1,9046,0,0,0,13386,0,0,0,42744,0,0,0,1908,0,0,0,15684,0,0
7,102944370,rs775364630,G,A,gnomAD Exomes,PASS,NA,p.Arg180Lys,p.Arg180Lys,c.539G>A,missense_variant,,1,109368,9.14344232316582E-06,0,0,0,7158,0,0,0,17108,0,0,0,2320,0,0,1,9046,0,0,0,13384,0,0,0,42754,0,0,0,1912,0,0,0,15686,0,0
7,102944394,rs756995826,A,G,gnomAD Exomes,PASS,NA,p.Asn188Ser,p.Asn188Ser,c.563A>G,missense_variant,,2,109388,1.82835411562511E-05,0,0,0,7164,0,0,0,17108,0,0,0,2320,0,0,0,9046,0,0,0,13394,0,0,2,42758,0,0,0,1912,0,0,0,15686,0,0
7,102944414,rs1248350863,G,T,gnomAD Exomes,PASS,NA,p.Asp195Tyr,p.Asp195Tyr,c.583G>T,missense_variant,,0,109392,0,0,0,0,7164,0,0,0,17104,0,0,0,2320,0,0,0,9046,0,0,0,13394,0,0,0,42762,0,0,0,1914,0,0,0,15688,0,0
7,102944424,rs142466486,A,T,gnomAD Exomes,PASS,NA,p.His198Leu,p.His198Leu,c.593A>T,missense_variant,,1,109398,9.14093493482513E-06,0,0,0,7164,0,0,0,17106,0,0,0,2320,0,0,0,9046,0,0,0,13394,0,0,1,42766,0,0,0,1914,0,0,0,15688,0,0
7,102944432,rs146343535,G,C,gnomAD Exomes,PASS,NA,p.Ala201Pro,p.Ala201Pro,c.601G>C,missense_variant,,1,109394,9.14126917381209E-06,0,0,0,7164,0,0,0,17102,0,0,0,2320,0,0,0,9046,0,0,0,13394,0,0,1,42768,0,0,0,1914,0,0,0,15686,0,0
7,102944437,rs748505216,T,A,"gnomAD Exomes,gnomAD Genomes",PASS,PASS,p.Tyr202Ter,p.Tyr202Ter,c.606T>A,stop_gained,,2,120274,1.66286978066748E-05,0,0,1,9738,0,0,0,17346,0,0,0,2358,0,0,0,9962,0,0,0,14554,0,0,1,48292,0,0,0,2338,0,0,0,15686,0,0
7,102944441,rs375620217,A,C,"gnomAD Exomes,gnomAD Genomes",PASS,PASS,p.Asn204His,p.Asn204His,c.610A>C,missense_variant,,3,120262,2.49455355806489E-05,0,0,3,9736,0,0,0,17348,0,0,0,2358,0,0,0,9960,0,0,0,14554,0,0,0,48292,0,0,0,2338,0,0,0,15676,0,0
7,102944448,rs1458432580,C,G,gnomAD Exomes,PASS,NA,p.Ala206Gly,p.Ala206Gly,c.617C>G,missense_variant,,2,109372,1.82862158504919E-05,0,0,0,7162,0,0,0,17092,0,0,0,2320,0,0,1,9046,0,0,0,13392,0,0,0,42768,0,0,0,1914,0,0,1,15678,0,0
7,102944450,rs1370112232,C,A,gnomAD Genomes,NA,PASS,p.Leu207Ile,p.Leu207Ile,c.619C>A,missense_variant,,1,10884,9.18779860345461E-05,0,0,0,2574,0,0,0,246,0,0,0,38,0,0,0,916,0,0,0,1162,0,0,1,5524,0,0,0,424,0,0,0,0,0,0
7,102944456,rs376730233,C,T,"gnomAD Exomes,gnomAD Genomes",PASS,PASS,p.Arg209Trp,p.Arg209Trp,c.625C>T,missense_variant,,10,120240,8.3166999334664E-05,0,0,2,9732,0,0,1,17332,0,0,0,2358,0,0,1,9960,0,0,1,14556,0,0,5,48288,0,0,0,2338,0,0,0,15676,0,0
7,102944457,rs145718159,G,A,"gnomAD Exomes,gnomAD Genomes",PASS,PASS,p.Arg209Gln,p.Arg209Gln,c.626G>A,missense_variant,,11,120076,9.16086478563576E-05,0,0,8,9738,0,0,3,17266,0,0,0,2356,0,0,0,9958,0,0,0,14552,0,0,0,48268,0,0,0,2334,0,0,0,15604,0,0
7,102944463,rs1326082819,T,C,gnomAD Exomes,PASS,NA,p.Ile211Thr,p.Ile211Thr,c.632T>C,missense_variant,,1,109322,9.14728965807431E-06,0,0,0,7162,0,0,0,17076,0,0,0,2320,0,0,0,9046,0,0,0,13392,0,0,0,42768,0,0,0,1914,0,0,1,15644,0,0
7,102944474,rs368361253,A,T,gnomAD Exomes,PASS,NA,p.Thr215Ser,p.Thr215Ser,c.643A>T,missense_variant,,1,109268,9.15181022806311E-06,0,0,0,7162,0,0,0,17056,0,0,0,2316,0,0,0,9046,0,0,0,13394,0,0,1,42760,0,0,0,1914,0,0,0,15620,0,0
7,102944857,rs772260169,G,A,gnomAD Genomes,NA,PASS,c.657-1G>A,,c.657-1G>A,splice_acceptor_variant,,1,10822,9.24043614858621E-05,0,0,1,2574,0,0,0,244,0,0,0,38,0,0,0,916,0,0,0,1158,0,0,0,5472,0,0,0,420,0,0,0,0,0,0
7,102944862,rs149104855,A,G,"gnomAD Exomes,gnomAD Genomes",PASS,PASS,p.Ile221Val,p.Ile221Val,c.661A>G,missense_variant,,5,119504,4.18396036952738E-05,0,0,4,9734,0,0,0,17010,0,0,0,2354,0,0,0,9960,0,0,0,14550,0,0,0,48134,0,0,0,2330,0,0,1,15432,0,0
7,102944868,rs563490637,C,A,gnomAD Exomes,PASS,NA,p.Arg223Ser,p.Arg223Ser,c.667C>A,missense_variant,,1,109182,9.15901888589694E-06,0,0,0,7160,0,0,0,16982,0,0,0,2318,0,0,0,9042,0,0,0,13390,0,0,1,42728,0,0,0,1912,0,0,0,15650,0,0
7,102944868,rs563490637,C,G,gnomAD Exomes,PASS,NA,p.Arg223Gly,p.Arg223Gly,c.667C>G,missense_variant,,1,109182,9.15901888589694E-06,0,0,0,7160,0,0,0,16982,0,0,0,2318,0,0,0,9042,0,0,0,13390,0,0,1,42728,0,0,0,1912,0,0,0,15650,0,0
7,102944868,rs563490637,C,T,gnomAD Exomes,PASS,NA,p.Arg223Cys,p.Arg223Cys,c.667C>T,missense_variant,,3,109182,2.74770566576908E-05,0,0,0,7160,0,0,0,16982,0,0,0,2318,0,0,1,9042,0,0,0,13390,0,0,0,42728,0,0,0,1912,0,0,2,15650,0,0
7,102944869,rs1249244764,G,A,gnomAD Exomes,PASS,NA,p.Arg223His,p.Arg223His,c.668G>A,missense_variant,,1,109246,9.1536532230013E-06,0,0,0,7158,0,0,0,17026,0,0,0,2320,0,0,1,9044,0,0,0,13392,0,0,0,42734,0,0,0,1914,0,0,0,15658,0,0
7,102944883,rs1369398382,G,T,gnomAD Exomes,PASS,NA,p.Asp228Tyr,p.Asp228Tyr,c.682G>T,missense_variant,,1,109370,9.1432751211484E-06,0,0,0,7164,0,0,1,17086,0,0,0,2320,0,0,0,9044,0,0,0,13394,0,0,0,42762,0,0,0,1914,0,0,0,15686,0,0
7,102944901,rs762643807,T,C,gnomAD Exomes,PASS,NA,p.Tyr234His,p.Tyr234His,c.700T>C,missense_variant,,1,109396,9.1411020512633E-06,0,0,0,7164,0,0,0,17102,0,0,0,2320,0,0,0,9046,0,0,0,13394,0,0,0,42768,0,0,0,1914,0,0,1,15688,0,0
7,102944917,rs751146952,T,C,gnomAD Genomes,NA,PASS,p.Ile239Thr,p.Ile239Thr,c.716T>C,missense_variant,,5,10868,0.00046006624954,0,0,0,2570,0,0,0,246,0,0,0,38,0,0,0,916,0,0,0,1160,0,0,4,5516,0,0,1,422,0,0,0,0,0,0
7,102944938,rs754099164,G,T,gnomAD Exomes,PASS,NA,c.736+1G>T,,c.736+1G>T,splice_donor_variant,,1,109384,9.14210487822716E-06,0,0,1,7164,0,0,0,17090,0,0,0,2320,0,0,0,9046,0,0,0,13394,0,0,0,42766,0,0,0,1914,0,0,0,15690,0,0
7,102948043,rs764465517,G,A,gnomAD Exomes,PASS,NA,p.Gly246Asp,p.Gly246Asp,c.737G>A,missense_variant,,1,109354,9.14461290853558E-06,0,0,1,7158,0,0,0,17086,0,0,0,2320,0,0,0,9046,0,0,0,13386,0,0,0,42760,0,0,0,1912,0,0,0,15686,0,0
7,102948063,rs1260336341,C,A,gnomAD Exomes,PASS,NA,p.Leu253Ile,p.Leu253Ile,c.757C>A,missense_variant,,0,109372,0,0,0,0,7160,0,0,0,17104,0,0,0,2320,0,0,0,9046,0,0,0,13380,0,0,0,42762,0,0,0,1914,0,0,0,15686,0,0
7,102948078,rs1468386571,T,C,gnomAD Exomes,PASS,NA,p.Phe258Leu,p.Phe258Leu,c.772T>C,missense_variant,,1,109388,9.14177057812557E-06,0,0,0,7162,0,0,0,17106,0,0,0,2320,0,0,0,9046,0,0,0,13386,0,0,1,42768,0,0,0,1914,0,0,0,15686,0,0
7,102948087,rs751554433,G,A,gnomAD Exomes,PASS,NA,p.Gly261Ser,p.Gly261Ser,c.781G>A,missense_variant,,2,109384,1.82842097564543E-05,0,0,0,7162,0,0,0,17106,0,0,0,2320,0,0,2,9042,0,0,0,13386,0,0,0,42764,0,0,0,1914,0,0,0,15690,0,0
7,102948099,rs1344341762,T,C,gnomAD Exomes,PASS,NA,p.Cys265Arg,p.Cys265Arg,c.793T>C,missense_variant,,1,109396,9.1411020512633E-06,0,0,0,7162,0,0,0,17110,0,0,0,2320,0,0,0,9044,0,0,0,13388,0,0,0,42768,0,0,0,1914,0,0,1,15690,0,0
7,102948105,rs756110770,C,T,gnomAD Exomes,PASS,NA,p.His267Tyr,p.His267Tyr,c.799C>T,missense_variant,,1,109388,9.14177057812557E-06,0,0,0,7162,0,0,0,17108,0,0,0,2320,0,0,0,9044,0,0,0,13382,0,0,1,42768,0,0,0,1914,0,0,0,15690,0,0
7,102948109,rs1330229428,A,T,gnomAD Exomes,PASS,NA,p.Lys268Ile,p.Lys268Ile,c.803A>T,missense_variant,,2,109386,1.82838754502404E-05,0,0,0,7162,0,0,2,17108,0,0,0,2320,0,0,0,9044,0,0,0,13384,0,0,0,42766,0,0,0,1912,0,0,0,15690,0,0
7,102948118,rs77153349,T,C,gnomAD Exomes,PASS,NA,p.Ile271Thr,p.Ile271Thr,c.812T>C,missense_variant,,4,109392,3.65657452098874E-05,0,0,0,7162,0,0,0,17108,0,0,0,2320,0,0,4,9044,0,0,0,13386,0,0,0,42768,0,0,0,1914,0,0,0,15690,0,0
7,102948132,rs774080956,C,G,gnomAD Exomes,PASS,NA,p.Pro276Ala,p.Pro276Ala,c.826C>G,missense_variant,,2,109346,1.8290563898085E-05,0,0,0,7162,0,0,0,17102,0,0,0,2320,0,0,0,9042,0,0,0,13366,0,0,0,42760,0,0,0,1912,0,0,2,15682,0,0
7,102948144,rs145484475,A,T,gnomAD Exomes,PASS,NA,p.Thr280Ser,p.Thr280Ser,c.838A>T,missense_variant,,9,109314,8.23316318129425E-05,0,0,0,7158,0,0,1,17084,0,0,6,2320,0,0,0,9038,0,0,0,13358,0,0,1,42760,0,0,1,1914,0,0,0,15682,0,0
7,102949402,rs771314986,C,T,gnomAD Exomes,PASS,NA,p.Arg285Cys,p.Arg285Cys,c.853C>T,missense_variant,,5,100034,4.99830057780355E-05,0,0,0,6666,0,0,0,13936,0,0,0,2122,0,0,0,8404,0,0,0,13274,0,0,0,40354,0,0,0,1718,0,0,5,13560,0,0
7,102949402,rs771314986,C,A,gnomAD Exomes,PASS,NA,p.Arg285Ser,p.Arg285Ser,c.853C>A,missense_variant,,0,100034,0,0,0,0,6666,0,0,0,13936,0,0,0,2122,0,0,0,8404,0,0,0,13274,0,0,0,40354,0,0,0,1718,0,0,0,13560,0,0
7,102949403,rs774644370,G,A,gnomAD Exomes,PASS,NA,p.Arg285His,p.Arg285His,c.854G>A,missense_variant,,3,101450,2.95712173484475E-05,0,0,0,6680,0,0,0,14392,0,0,0,2176,0,0,1,8448,0,0,0,13308,0,0,1,40792,0,0,0,1718,0,0,1,13936,0,0
7,102949409,rs137928131,G,C,gnomAD Exomes,PASS,NA,p.Arg287Thr,p.Arg287Thr,c.860G>C,missense_variant,,1,102994,9.70930345457017E-06,0,0,0,6754,0,0,0,14938,0,0,0,2216,0,0,0,8520,0,0,0,13332,0,0,1,41158,0,0,0,1768,0,0,0,14308,0,0
7,102949409,rs137928131,G,A,gnomAD Exomes,PASS,NA,p.Arg287Lys,p.Arg287Lys,c.860G>A,missense_variant,,2,102994,1.94186069091403E-05,0,0,0,6754,0,0,2,14938,0,0,0,2216,0,0,0,8520,0,0,0,13332,0,0,0,41158,0,0,0,1768,0,0,0,14308,0,0
7,102949410,rs752723439,G,T,gnomAD Exomes,PASS,NA,p.Arg287Ser,p.Arg287Ser,c.861G>T,missense_variant,,1,103030,9.70591089973794E-06,0,0,0,6748,0,0,0,14960,0,0,0,2220,0,0,0,8514,0,0,0,13342,0,0,1,41140,0,0,0,1764,0,0,0,14342,0,0
7,102949420,rs760772242,A,G,gnomAD Exomes,PASS,NA,p.Met291Val,p.Met291Val,c.871A>G,missense_variant,,0,104368,0,0,0,0,6800,0,0,0,15412,0,0,0,2246,0,0,0,8556,0,0,0,13372,0,0,0,41544,0,0,0,1802,0,0,0,14636,0,0
7,102949423,rs891521710,C,G,gnomAD Genomes,NA,PASS,p.Pro292Ala,p.Pro292Ala,c.874C>G,missense_variant,,1,10876,9.19455682236116E-05,0,0,1,2572,0,0,0,246,0,0,0,38,0,0,0,916,0,0,0,1162,0,0,0,5518,0,0,0,424,0,0,0,0,0,0
7,102949430,rs142471700,C,T,"gnomAD Exomes,gnomAD Genomes",PASS,PASS,p.Ala294Val,p.Ala294Val,c.881C>T,missense_variant,,17,115790,0.000146817514466,0,0,1,9364,0,0,2,15874,0,0,0,2296,0,0,0,9456,0,0,0,14540,0,0,13,47140,0,0,1,2212,0,0,0,14908,0,0
7,102949441,rs757195416,A,G,gnomAD Exomes,PASS,NA,p.Ile298Val,p.Ile298Val,c.892A>G,missense_variant,,2,106364,1.88033545184461E-05,0,0,0,6872,0,0,0,16070,0,0,2,2284,0,0,0,8668,0,0,0,13386,0,0,0,42042,0,0,0,1812,0,0,0,15230,0,0
7,102949445,rs1239496334,C,G,gnomAD Exomes,PASS,NA,p.Ala299Gly,p.Ala299Gly,c.896C>G,missense_variant,,2,106792,1.87279946063375E-05,0,0,0,6908,0,0,0,16238,0,0,0,2278,0,0,0,8714,0,0,0,13388,0,0,0,42142,0,0,0,1806,0,0,2,15318,0,0
7,102949450,rs750202405,G,A,gnomAD Exomes,PASS,NA,p.Glu301Lys,p.Glu301Lys,c.901G>A,missense_variant,,3,107174,2.7991863698285E-05,0,0,0,6940,0,0,3,16380,0,0,0,2292,0,0,0,8748,0,0,0,13388,0,0,0,42228,0,0,0,1818,0,0,0,15380,0,0
7,102949480,rs145931070,A,G,gnomAD Exomes,PASS,NA,p.Ile311Val,p.Ile311Val,c.931A>G,missense_variant,,46,107866,0.000426455046076,0,0,0,7018,0,0,0,16590,0,0,0,2302,0,0,0,8842,0,0,0,13392,0,0,0,42364,0,0,0,1866,0,0,46,15492,0,0
7,102949484,rs1057797,G,A,"gnomAD Exomes,gnomAD Genomes",PASS,PASS,p.Cys312Tyr,p.Cys312Tyr,c.935G>A,missense_variant,,586,118650,0.004938895912347,23,0,9,9590,0,0,552,16800,23,0,0,2340,0,0,19,9766,0,0,0,14550,0,0,0,47852,0,0,6,2290,0,0,0,15462,0,0
7,102949490,rs1360474838,T,C,gnomAD Exomes,PASS,NA,p.Met314Thr,p.Met314Thr,c.941T>C,missense_variant,,1,107456,9.30613460393091E-06,0,0,0,6972,0,0,0,16494,0,0,0,2296,0,0,0,8780,0,0,0,13392,0,0,0,42286,0,0,0,1846,0,0,1,15390,0,0
7,102949502,rs749797383,C,T,"gnomAD Exomes,gnomAD Genomes",PASS,PASS,p.Thr318Met,p.Thr318Met,c.953C>T,missense_variant,,1,116844,8.55841977337304E-06,0,0,1,9404,0,0,0,16274,0,0,0,2314,0,0,0,9536,0,0,0,14548,0,0,0,47412,0,0,0,2238,0,0,0,15118,0,0
7,102949508,rs139463753,T,C,"gnomAD Exomes,gnomAD Genomes",PASS,PASS,p.Ile320Thr,p.Ile320Thr,c.959T>C,missense_variant,,26,118482,0.000219442615756,0,0,0,9584,0,0,0,16748,0,0,0,2338,0,0,0,9770,0,0,0,14552,0,0,14,47880,0,0,0,2294,0,0,12,15316,0,0
7,102949521,rs994269867,T,G,gnomAD Exomes,PASS,NA,p.Asp324Glu,p.Asp324Glu,c.972T>G,missense_variant,,1,106988,9.34684263655737E-06,0,0,0,7016,0,0,1,16244,0,0,0,2284,0,0,0,8856,0,0,0,13386,0,0,0,42250,0,0,0,1860,0,0,0,15092,0,0
7,102949522,rs775655777,C,T,gnomAD Exomes,PASS,NA,p.Arg325Cys,p.Arg325Cys,c.973C>T,missense_variant,,2,106626,1.87571511638812E-05,0,0,1,6980,0,0,0,16154,0,0,0,2274,0,0,0,8800,0,0,0,13386,0,0,1,42132,0,0,0,1836,0,0,0,15064,0,0
7,102949523,rs760931825,G,A,gnomAD Exomes,PASS,NA,p.Arg325His,p.Arg325His,c.974G>A,missense_variant,,1,106160,9.4197437829691E-06,0,0,0,6968,0,0,0,15912,0,0,0,2272,0,0,1,8826,0,0,0,13372,0,0,0,42074,0,0,0,1840,0,0,0,14896,0,0
7,102949526,rs766572508,C,T,gnomAD Exomes,PASS,NA,p.Ser326Phe,p.Ser326Phe,c.977C>T,missense_variant,,1,105726,9.4584113652271E-06,0,0,0,6964,0,0,1,15778,0,0,0,2256,0,0,0,8816,0,0,0,13364,0,0,0,41952,0,0,0,1836,0,0,0,14760,0,0
7,102949526,rs766572508,C,CT,gnomAD Exomes,PASS,NA,p.Gly328TrpfsTer8,p.Gly328TrpfsTer8,c.981dupT,frameshift_variant,,4,105726,3.78336454609084E-05,0,0,0,6964,0,0,2,15778,0,0,0,2256,0,0,0,8816,0,0,0,13364,0,0,0,41952,0,0,0,1836,0,0,2,14760,0,0
7,102949531,rs528116984,G,C,gnomAD Exomes,PASS,NA,p.Gly328Arg,p.Gly328Arg,c.982G>C,missense_variant,,2,105068,1.90352914303118E-05,0,0,0,6950,0,0,0,15538,0,0,0,2238,0,0,0,8762,0,0,0,13348,0,0,2,41846,0,0,0,1820,0,0,0,14566,0,0
7,102949535,rs765111700,G,A,gnomAD Exomes,PASS,NA,p.Gly329Glu,p.Gly329Glu,c.986G>A,missense_variant,,13,104762,0.000124090796281,0,0,0,6942,0,0,0,15412,0,0,0,2242,0,0,0,8738,0,0,0,13354,0,0,0,41790,0,0,0,1814,0,0,13,14470,0,0
7,102949542,rs1475050783,G,A,gnomAD Exomes,PASS,NA,p.Met331Ile,p.Met331Ile,c.993G>A,missense_variant,,0,101216,0,0,0,0,6862,0,0,0,13860,0,0,0,2148,0,0,0,8658,0,0,0,13302,0,0,0,41050,0,0,0,1722,0,0,0,13614,0,0
7,102949543,rs758238478,G,A,gnomAD Exomes,PASS,NA,c.993+1G>A,,c.993+1G>A,splice_donor_variant,,1,101584,9.8440699322728E-06,0,0,0,6884,0,0,1,13936,0,0,0,2152,0,0,0,8716,0,0,0,13306,0,0,0,41184,0,0,0,1742,0,0,0,13664,0,0
7,102949544,rs780045739,T,G,gnomAD Exomes,PASS,NA,c.993+2T>G,,c.993+2T>G,splice_donor_variant,,1,100658,9.93463013372012E-06,0,0,0,6894,0,0,0,13524,0,0,0,2114,0,0,0,8714,0,0,0,13274,0,0,0,40960,0,0,0,1732,0,0,1,13446,0,0
7,102950763,rs1266194339,A,G,gnomAD Exomes,PASS,NA,p.Asn332Ser,p.Asn332Ser,c.995A>G,missense_variant,,1,107140,9.33358222885943E-06,0,0,0,7124,0,0,1,16192,0,0,0,2282,0,0,0,9040,0,0,0,13380,0,0,0,42386,0,0,0,1878,0,0,0,14858,0,0
7,102950773,rs1439147890,C,G,gnomAD Exomes,PASS,NA,p.Ser335Arg,p.Ser335Arg,c.1005C>G,missense_variant,,1,107970,9.26183199036769E-06,0,0,0,7146,0,0,0,16516,0,0,0,2300,0,0,1,9044,0,0,0,13386,0,0,0,42570,0,0,0,1892,0,0,0,15116,0,0
7,102950784,rs371151128,A,G,gnomAD Exomes,PASS,NA,p.Gln339Arg,p.Gln339Arg,c.1016A>G,missense_variant,,1,109164,9.16052911216152E-06,0,0,0,7160,0,0,0,16986,0,0,0,2320,0,0,0,9044,0,0,0,13392,0,0,0,42736,0,0,0,1910,0,0,1,15616,0,0
7,102950790,rs780342063,C,G,gnomAD Exomes,PASS,NA,p.Thr341Ser,p.Thr341Ser,c.1022C>G,missense_variant,,1,109234,9.1546588058663E-06,0,0,0,7160,0,0,0,17010,0,0,0,2320,0,0,0,9046,0,0,0,13392,0,0,1,42750,0,0,0,1912,0,0,0,15644,0,0
7,102950790,rs780342063,C,T,gnomAD Genomes,NA,PASS,p.Thr341Ile,p.Thr341Ile,c.1022C>T,missense_variant,,1,10864,9.20471281296024E-05,0,0,1,2568,0,0,0,246,0,0,0,38,0,0,0,916,0,0,0,1160,0,0,0,5512,0,0,0,424,0,0,0,0,0,0
7,102950793,rs1301328499,G,C,gnomAD Exomes,PASS,NA,p.Cys342Ser,p.Cys342Ser,c.1025G>C,missense_variant,,1,109246,9.1536532230013E-06,0,0,0,7158,0,0,0,17020,0,0,0,2320,0,0,1,9044,0,0,0,13392,0,0,0,42746,0,0,0,1912,0,0,0,15654,0,0
7,102950796,rs768828351,A,G,gnomAD Exomes,PASS,NA,p.His343Arg,p.His343Arg,c.1028A>G,missense_variant,,1,109358,9.14427842498948E-06,0,0,0,7162,0,0,0,17076,0,0,0,2320,0,0,0,9046,0,0,0,13394,0,0,1,42762,0,0,0,1914,0,0,0,15684,0,0
7,102950801,rs776689813,A,C,gnomAD Exomes,PASS,NA,p.Asn345His,p.Asn345His,c.1033A>C,missense_variant,,2,109366,1.82872190625971E-05,0,0,0,7162,0,0,1,17080,0,0,0,2320,0,0,0,9046,0,0,0,13394,0,0,1,42762,0,0,0,1914,0,0,0,15688,0,0
7,102950802,rs763277777,A,G,gnomAD Exomes,PASS,NA,p.Asn345Ser,p.Asn345Ser,c.1034A>G,missense_variant,,18,109366,0.000164584971563,0,0,0,7162,0,0,1,17082,0,0,0,2320,0,0,0,9046,0,0,0,13394,0,0,17,42760,0,0,0,1914,0,0,0,15688,0,0
7,102950814,rs769751924,G,T,gnomAD Exomes,PASS,NA,p.Ser349Ile,p.Ser349Ile,c.1046G>T,missense_variant,,1,109384,9.14210487822716E-06,0,0,0,7164,0,0,0,17096,0,0,0,2320,0,0,0,9046,0,0,0,13392,0,0,1,42764,0,0,0,1914,0,0,0,15688,0,0
7,102950828,rs1360020821,A,G,gnomAD Exomes,PASS,NA,p.Asn354Asp,p.Asn354Asp,c.1060A>G,missense_variant,,1,109390,9.14160343724289E-06,0,0,0,7162,0,0,1,17104,0,0,0,2320,0,0,0,9046,0,0,0,13394,0,0,0,42764,0,0,0,1914,0,0,0,15686,0,0
7,102950829,rs1245184431,A,G,gnomAD Exomes,PASS,NA,p.Asn354Ser,p.Asn354Ser,c.1061A>G,missense_variant,,1,109390,9.14160343724289E-06,0,0,0,7162,0,0,0,17102,0,0,0,2320,0,0,1,9046,0,0,0,13394,0,0,0,42766,0,0,0,1914,0,0,0,15686,0,0
7,102950844,rs767385025,A,G,gnomAD Exomes,PASS,NA,p.Asp359Gly,p.Asp359Gly,c.1076A>G,missense_variant,,1,109400,9.14076782449726E-06,0,0,0,7162,0,0,0,17108,0,0,0,2320,0,0,0,9046,0,0,0,13394,0,0,0,42768,0,0,0,1914,0,0,1,15688,0,0
7,102950847,rs1249456427,C,G,gnomAD Exomes,PASS,NA,p.Thr360Arg,p.Thr360Arg,c.1079C>G,missense_variant,,1,109400,9.14076782449726E-06,0,0,0,7162,0,0,0,17108,0,0,0,2320,0,0,1,9046,0,0,0,13394,0,0,0,42768,0,0,0,1914,0,0,0,15688,0,0
7,102950855,rs752266462,T,C,gnomAD Exomes,PASS,NA,p.Trp363Arg,p.Trp363Arg,c.1087T>C,missense_variant,,2,109392,1.82828726049437E-05,0,0,0,7162,0,0,0,17098,0,0,0,2320,0,0,0,9046,0,0,0,13394,0,0,2,42768,0,0,0,1914,0,0,0,15690,0,0
7,102950882,rs753347444,T,C,gnomAD Exomes,PASS,NA,p.Ser372Pro,p.Ser372Pro,c.1114T>C,missense_variant,,1,109118,9.16439084294067E-06,0,0,0,7160,0,0,0,16968,0,0,0,2316,0,0,1,9038,0,0,0,13394,0,0,0,42718,0,0,0,1906,0,0,0,15618,0,0
7,102950888,rs368351310,G,A,gnomAD Exomes,PASS,NA,p.Val374Ile,p.Val374Ile,c.1120G>A,missense_variant,,2,108740,1.83924958616884E-05,0,0,0,7156,0,0,0,16828,0,0,0,2310,0,0,0,9034,0,0,0,13392,0,0,2,42668,0,0,0,1902,0,0,0,15450,0,0
7,102950891,rs117074402,G,A,"gnomAD Exomes,gnomAD Genomes",PASS,PASS,p.Ala375Thr,p.Ala375Thr,c.1123G>A,missense_variant,,383,119562,0.003203358926749,11,0,0,9722,0,0,0,17066,0,0,0,2348,0,0,328,9946,10,0,0,14554,0,0,5,48180,0,0,3,2324,0,0,47,15422,1,0
7,102950894,rs747559199,G,C,gnomAD Exomes,PASS,NA,p.Asp376His,p.Asp376His,c.1126G>C,missense_variant,,1,108588,9.20912071315431E-06,0,0,1,7144,0,0,0,16788,0,0,0,2310,0,0,0,9032,0,0,0,13394,0,0,0,42634,0,0,0,1902,0,0,0,15384,0,0
7,102950899,rs748314137,G,A,gnomAD Exomes,PASS,NA,p.Met377Ile,p.Met377Ile,c.1131G>A,missense_variant,,2,105688,1.89236242525168E-05,0,0,0,7092,0,0,0,15688,0,0,0,2248,0,0,0,8990,0,0,0,13366,0,0,2,42128,0,0,0,1840,0,0,0,14336,0,0
7,102950903,rs779796307,CATGTTGTTCAAAAAGA,C,gnomAD Exomes,PASS,NA,p.Val380GlyfsTer20,p.Val380GlyfsTer20,c.1139_1154delTTGTTCAAAAAGAATG,frameshift_variant,,1,105156,9.5096808551105E-06,0,0,0,7080,0,0,0,15432,0,0,0,2230,0,0,0,8978,0,0,0,13352,0,0,1,42064,0,0,0,1838,0,0,0,14182,0,0
7,102950917,rs777654918,A,C,gnomAD Exomes,PASS,NA,p.Lys383Asn,p.Lys383Asn,c.1149A>C,missense_variant,,1,103836,9.63057128548866E-06,0,0,0,7042,0,0,0,14810,0,0,0,2198,0,0,0,8942,0,0,0,13338,0,0,1,41844,0,0,0,1806,0,0,0,13856,0,0
7,102950918,rs1227448311,G,C,"gnomAD Exomes,gnomAD Genomes",PASS,PASS,p.Glu384Gln,p.Glu384Gln,c.1150G>C,missense_variant,,2,114386,1.74846572132953E-05,0,0,0,9588,0,0,1,14970,0,0,0,2230,0,0,1,9822,0,0,0,14490,0,0,0,47266,0,0,0,2212,0,0,0,13808,0,0
7,102952094,rs756239393,C,T,gnomAD Exomes,PASS,NA,p.Arg387Ter,p.Arg387Ter,c.1159C>T,stop_gained,,1,108864,9.18577307466197E-06,0,0,0,7150,0,0,0,16894,0,0,0,2316,0,0,0,9042,0,0,0,13390,0,0,1,42704,0,0,0,1900,0,0,0,15468,0,0
7,102952095,rs778169897,G,A,gnomAD Exomes,PASS,NA,p.Arg387Gln,p.Arg387Gln,c.1160G>A,missense_variant,,1,108994,9.1748169624016E-06,0,0,0,7156,0,0,0,16944,0,0,0,2320,0,0,0,9046,0,0,1,13390,0,0,0,42728,0,0,0,1902,0,0,0,15508,0,0
7,102952097,rs1259708576,C,T,gnomAD Exomes,PASS,NA,p.Leu388Phe,p.Leu388Phe,c.1162C>T,missense_variant,,1,109128,9.1635510593065E-06,0,0,0,7160,0,0,0,16978,0,0,0,2320,0,0,0,9046,0,0,0,13392,0,0,1,42742,0,0,0,1910,0,0,0,15580,0,0
7,102952101,rs1481500486,G,C,gnomAD Exomes,PASS,NA,p.Cys389Ser,p.Cys389Ser,c.1166G>C,missense_variant,,1,109312,9.14812646370023E-06,0,0,0,7162,0,0,0,17054,0,0,0,2320,0,0,0,9046,0,0,1,13392,0,0,0,42752,0,0,0,1912,0,0,0,15674,0,0
7,102952113,rs747732233,CAG,C,gnomAD Exomes,PASS,NA,p.Glu394LysfsTer2,p.Glu394LysfsTer2,c.1180_1181delGA,frameshift_variant,,1,109336,9.1461183873564E-06,0,0,0,7162,0,0,0,17064,0,0,0,2320,0,0,0,9046,0,0,0,13392,0,0,0,42758,0,0,0,1914,0,0,1,15680,0,0
7,102952122,rs771111363,A,C,gnomAD Exomes,PASS,NA,p.Glu396Ala,p.Glu396Ala,c.1187A>C,missense_variant,,1,109356,9.14444566370387E-06,0,0,0,7162,0,0,0,17086,0,0,0,2320,0,0,0,9046,0,0,0,13390,0,0,1,42758,0,0,0,1914,0,0,0,15680,0,0
7,102952123,rs3087615,G,T,"gnomAD Exomes,gnomAD Genomes",PASS,PASS,p.Glu396Asp,p.Glu396Asp,c.1188G>T,missense_variant,,11036,120172,0.091835036447758,655,0,224,9732,2,0,2915,17306,278,0,130,2358,4,0,409,9958,3,0,973,14552,29,0,3898,48250,160,0,210,2336,13,0,2277,15680,166,0
7,102952130,rs566295319,C,T,gnomAD Exomes,PASS,NA,p.Arg399Ter,p.Arg399Ter,c.1195C>T,stop_gained,,2,109354,1.82892258170712E-05,0,0,0,7162,0,0,0,17090,0,0,0,2320,0,0,1,9046,0,0,0,13392,0,0,1,42744,0,0,0,1914,0,0,0,15686,0,0
7,102952131,rs951007403,G,A,gnomAD Exomes,PASS,NA,p.Arg399Gln,p.Arg399Gln,c.1196G>A,missense_variant,,1,109362,9.14394396591138E-06,0,0,0,7162,0,0,0,17090,0,0,0,2318,0,0,0,9044,0,0,0,13392,0,0,1,42754,0,0,0,1914,0,0,0,15688,0,0
7,102952156,rs772452461,CAT,C,gnomAD Exomes,PASS,NA,p.Met408ValfsTer5,p.Met408ValfsTer5,c.1222_1223delAT,frameshift_variant,,2,109352,1.82895603189699E-05,0,0,0,7162,0,0,0,17080,0,0,0,2318,0,0,0,9046,0,0,0,13390,0,0,2,42754,0,0,0,1914,0,0,0,15688,0,0
7,102952157,rs984077616,ATGT,A,gnomAD Exomes,PASS,NA,p.Leu410del,p.Leu410del,c.1228_1230delTTG,inframe_deletion,,1,109364,9.14377674554698E-06,0,0,0,7162,0,0,0,17086,0,0,0,2318,0,0,0,9046,0,0,0,13392,0,0,0,42758,0,0,0,1914,0,0,1,15688,0,0
7,102952158,rs1238959451,T,C,gnomAD Exomes,PASS,NA,p.Met408Thr,p.Met408Thr,c.1223T>C,missense_variant,,1,109358,9.14427842498948E-06,0,0,0,7162,0,0,0,17084,0,0,0,2314,0,0,1,9046,0,0,0,13394,0,0,0,42756,0,0,0,1914,0,0,0,15688,0,0
7,102952159,rs760552155,G,A,gnomAD Exomes,PASS,NA,p.Met408Ile,p.Met408Ile,c.1224G>A,missense_variant,,1,109348,9.14511467973808E-06,0,0,0,7162,0,0,0,17084,0,0,0,2314,0,0,0,9044,0,0,0,13394,0,0,0,42752,0,0,0,1912,0,0,1,15686,0,0
7,102952260,rs184313811,A,G,gnomAD Exomes,PASS,NA,p.Thr416Ala,p.Thr416Ala,c.1246A>G,missense_variant,,1,109070,9.16842394792335E-06,0,0,0,7158,0,0,1,16976,0,0,0,2316,0,0,0,9046,0,0,0,13378,0,0,0,42706,0,0,0,1910,0,0,0,15580,0,0
7,102952263,rs746973010,C,T,gnomAD Exomes,PASS,NA,p.Pro417Ser,p.Pro417Ser,c.1249C>T,missense_variant,,2,109036,1.83425657580982E-05,0,0,0,7158,0,0,0,16968,0,0,0,2312,0,0,0,9046,0,0,0,13380,0,0,0,42698,0,0,0,1910,0,0,2,15564,0,0
7,102952264,rs775637308,C,T,gnomAD Exomes,PASS,NA,p.Pro417Leu,p.Pro417Leu,c.1250C>T,missense_variant,,1,109010,9.1734703238235E-06,0,0,0,7158,0,0,0,16950,0,0,0,2312,0,0,0,9046,0,0,0,13376,0,0,1,42694,0,0,0,1910,0,0,0,15564,0,0
7,102952304,rs1329671698,TAGA,T,gnomAD Exomes,PASS,NA,p.Arg432del,p.Arg432del,c.1293_1295delAAG,inframe_deletion,,1,109208,9.1568383268625E-06,0,0,0,7162,0,0,0,17028,0,0,0,2316,0,0,0,9044,0,0,0,13372,0,0,1,42726,0,0,0,1912,0,0,0,15648,0,0
7,102952323,rs1216344061,G,C,gnomAD Exomes,PASS,NA,p.Glu437Gln,p.Glu437Gln,c.1309G>C,missense_variant,,1,108884,9.18408581609786E-06,0,0,0,7162,0,0,0,16904,0,0,0,2308,0,0,0,9042,0,0,0,13356,0,0,0,42690,0,0,0,1904,0,0,1,15518,0,0
7,102952326,rs769451629,C,T,gnomAD Exomes,PASS,NA,p.Leu438Phe,p.Leu438Phe,c.1312C>T,missense_variant,,12,108810,0.000110283981252,0,0,0,7162,0,0,10,16874,0,0,0,2300,0,0,0,9044,0,0,0,13358,0,0,0,42670,0,0,0,1904,0,0,2,15498,0,0
7,102952329,rs772550054,G,A,gnomAD Exomes,PASS,NA,p.Glu439Lys,p.Glu439Lys,c.1315G>A,missense_variant,,1,108766,9.1940496110917E-06,0,0,0,7162,0,0,0,16864,0,0,0,2298,0,0,1,9044,0,0,0,13350,0,0,0,42674,0,0,0,1902,0,0,0,15472,0,0
7,102952344,rs776789685,G,GT,gnomAD Exomes,PASS,NA,c.1329+2dupT,,c.1329+2dupT,splice_donor_variant,,1,108586,9.20929033208701E-06,0,0,0,7156,0,0,0,16840,0,0,0,2288,0,0,0,9044,0,0,0,13320,0,0,0,42588,0,0,0,1902,0,0,1,15448,0,0
7,102952506,rs770460767,G,A,gnomAD Exomes,PASS,NA,p.Val445Met,p.Val445Met,c.1333G>A,missense_variant,,1,109160,9.16086478563576E-06,0,0,0,7160,0,0,0,17010,0,0,0,2314,0,0,0,9046,0,0,0,13324,0,0,0,42732,0,0,0,1912,0,0,1,15662,0,0
7,102952509,rs144744182,A,C,gnomAD Exomes,PASS,NA,p.Asn446His,p.Asn446His,c.1336A>C,missense_variant,,2,109188,1.83170311755871E-05,0,0,0,7158,0,0,2,17014,0,0,0,2314,0,0,0,9044,0,0,0,13346,0,0,0,42736,0,0,0,1912,0,0,0,15664,0,0
7,102952509,rs144744182,A,G,"gnomAD Exomes,gnomAD Genomes",PASS,PASS,p.Asn446Asp,p.Asn446Asp,c.1336A>G,missense_variant,,202,120060,0.00168249208729,0,0,2,9728,0,0,3,17260,0,0,0,2352,0,0,0,9960,0,0,81,14508,0,0,114,48254,0,0,2,2334,0,0,0,15664,0,0
7,102952519,rs764708187,C,A,gnomAD Exomes,PASS,NA,p.Thr449Lys,p.Thr449Lys,c.1346C>A,missense_variant,,2,109250,1.83066361556064E-05,0,0,2,7158,0,0,0,17046,0,0,0,2316,0,0,0,9046,0,0,0,13350,0,0,0,42742,0,0,0,1914,0,0,0,15678,0,0
7,102952524,rs560868240,C,T,gnomAD Exomes,PASS,NA,p.Arg451Ter,p.Arg451Ter,c.1351C>T,stop_gained,,4,109246,3.66146128920052E-05,0,0,0,7158,0,0,0,17042,0,0,0,2314,0,0,0,9046,0,0,0,13352,0,0,4,42742,0,0,0,1914,0,0,0,15678,0,0
7,102952527,rs528158073,G,A,gnomAD Exomes,PASS,NA,p.Glu452Lys,p.Glu452Lys,c.1354G>A,missense_variant,,2,109290,1.82999359502242E-05,0,0,2,7160,0,0,0,17062,0,0,0,2314,0,0,0,9046,0,0,0,13360,0,0,0,42752,0,0,0,1914,0,0,0,15682,0,0
7,102952529,rs758619180,A,T,gnomAD Exomes,PASS,NA,p.Glu452Asp,p.Glu452Asp,c.1356A>T,missense_variant,,2,109322,1.82945793161486E-05,0,0,0,7160,0,0,0,17076,0,0,0,2316,0,0,2,9046,0,0,0,13368,0,0,0,42758,0,0,0,1914,0,0,0,15684,0,0
7,102952530,rs540342273,G,A,gnomAD Exomes,PASS,NA,p.Val453Ile,p.Val453Ile,c.1357G>A,missense_variant,,1,109344,9.14544922446591E-06,0,0,0,7160,0,0,0,17094,0,0,0,2320,0,0,0,9046,0,0,0,13364,0,0,0,42758,0,0,0,1914,0,0,1,15688,0,0
7,102952534,rs1423529709,G,T,gnomAD Exomes,PASS,NA,p.Cys454Phe,p.Cys454Phe,c.1361G>T,missense_variant,,1,109348,9.14511467973808E-06,0,0,0,7164,0,0,0,17096,0,0,0,2318,0,0,0,9046,0,0,0,13366,0,0,0,42758,0,0,0,1914,0,0,1,15686,0,0
7,102952558,rs559942322,G,A,gnomAD Exomes,PASS,NA,p.Ser462Asn,p.Ser462Asn,c.1385G>A,missense_variant,,1,109378,9.14260637422516E-06,0,0,0,7164,0,0,1,17108,0,0,0,2320,0,0,0,9046,0,0,0,13378,0,0,0,42760,0,0,0,1914,0,0,0,15688,0,0
7,102952558,rs559942322,G,T,"gnomAD Exomes,gnomAD Genomes",PASS,PASS,p.Ser462Ile,p.Ser462Ile,c.1385G>T,missense_variant,,3,120258,2.49463653145737E-05,0,0,0,9738,0,0,0,17354,0,0,0,2358,0,0,3,9962,0,0,0,14540,0,0,0,48284,0,0,0,2334,0,0,0,15688,0,0
7,102952563,rs1398167943,G,C,gnomAD Exomes,PASS,NA,p.Ala464Pro,p.Ala464Pro,c.1390G>C,missense_variant,,1,109376,9.14277355178467E-06,0,0,0,7164,0,0,0,17108,0,0,0,2320,0,0,0,9046,0,0,0,13376,0,0,1,42760,0,0,0,1914,0,0,0,15688,0,0
7,102952563,rs1398167943,G,T,gnomAD Exomes,PASS,NA,p.Ala464Ser,p.Ala464Ser,c.1390G>T,missense_variant,,4,109376,3.65710942071387E-05,0,0,0,7164,0,0,1,17108,0,0,0,2320,0,0,2,9046,0,0,0,13376,0,0,0,42760,0,0,1,1914,0,0,0,15688,0,0
7,102952564,rs528042038,C,T,gnomAD Exomes,PASS,NA,p.Ala464Val,p.Ala464Val,c.1391C>T,missense_variant,,1,109380,9.1424392027793E-06,0,0,0,7164,0,0,0,17106,0,0,0,2320,0,0,0,9046,0,0,0,13382,0,0,1,42760,0,0,0,1914,0,0,0,15688,0,0
7,102952578,rs781140984,G,A,gnomAD Exomes,PASS,NA,p.Gly469Ser,p.Gly469Ser,c.1405G>A,missense_variant,,1,109378,9.14260637422516E-06,0,0,1,7164,0,0,0,17108,0,0,0,2320,0,0,0,9046,0,0,0,13378,0,0,0,42760,0,0,0,1914,0,0,0,15688,0,0
7,102952591,rs752670173,T,G,gnomAD Exomes,PASS,NA,p.Phe473Cys,p.Phe473Cys,c.1418T>G,missense_variant,,3,109380,2.74273176083379E-05,0,0,0,7164,0,0,0,17108,0,0,0,2320,0,0,0,9046,0,0,0,13378,0,0,3,42762,0,0,0,1912,0,0,0,15690,0,0
7,102952600,rs76485920,C,T,"gnomAD Exomes,gnomAD Genomes",PASS,PASS,p.Ser476Phe,p.Ser476Phe,c.1427C>T,missense_variant,,145,120228,0.001206041853811,1,0,137,9732,1,0,5,17350,0,0,0,2356,0,0,0,9962,0,0,0,14536,0,0,0,48268,0,0,3,2336,0,0,0,15688,0,0
7,102952603,rs1213740008,T,C,gnomAD Exomes,PASS,NA,p.Met477Thr,p.Met477Thr,c.1430T>C,missense_variant,,1,109364,9.14377674554698E-06,0,0,0,7162,0,0,0,17098,0,0,0,2320,0,0,1,9046,0,0,0,13376,0,0,0,42762,0,0,0,1912,0,0,0,15688,0,0
7,102952606,rs748965161,A,G,gnomAD Exomes,PASS,NA,p.Gln478Arg,p.Gln478Arg,c.1433A>G,missense_variant,,1,109344,9.14544922446591E-06,0,0,0,7162,0,0,0,17094,0,0,0,2320,0,0,0,9046,0,0,0,13364,0,0,1,42760,0,0,0,1912,0,0,0,15686,0,0
7,102952623,rs770490810,C,T,gnomAD Exomes,PASS,NA,p.Leu484Phe,p.Leu484Phe,c.1450C>T,missense_variant,,1,109352,9.14478015948497E-06,0,0,0,7162,0,0,0,17100,0,0,0,2320,0,0,0,9044,0,0,0,13372,0,0,0,42756,0,0,0,1910,0,0,1,15688,0,0
7,102952626,rs778424864,T,G,gnomAD Exomes,PASS,NA,p.Leu485Val,p.Leu485Val,c.1453T>G,missense_variant,,1,109356,9.14444566370387E-06,0,0,1,7162,0,0,0,17104,0,0,0,2320,0,0,0,9046,0,0,0,13368,0,0,0,42758,0,0,0,1910,0,0,0,15688,0,0
7,102952627,rs745390936,T,C,gnomAD Exomes,PASS,NA,p.Leu485Ser,p.Leu485Ser,c.1454T>C,missense_variant,,1,109350,9.14494741655236E-06,0,0,0,7162,0,0,0,17104,0,0,0,2320,0,0,0,9044,0,0,0,13362,0,0,1,42758,0,0,0,1912,0,0,0,15688,0,0
7,102952629,rs769242782,A,T,gnomAD Exomes,PASS,NA,p.Ile486Phe,p.Ile486Phe,c.1456A>T,missense_variant,,3,109356,2.74333369911116E-05,0,0,0,7162,0,0,0,17104,0,0,0,2320,0,0,0,9044,0,0,0,13366,0,0,3,42760,0,0,0,1912,0,0,0,15688,0,0
7,102952636,rs762470466,C,T,gnomAD Exomes,PASS,NA,p.Ser488Phe,p.Ser488Phe,c.1463C>T,missense_variant,,1,109330,9.14662032379036E-06,0,0,0,7160,0,0,0,17102,0,0,0,2320,0,0,0,9044,0,0,0,13350,0,0,1,42758,0,0,0,1912,0,0,0,15684,0,0
7,102952644,rs1404536738,TA,T,gnomAD Exomes,PASS,NA,p.Ter491Tyr,p.Ter491Tyr,c.1473delA,frameshift_variant,lc_lof,1,109298,9.14929824882432E-06,0,0,0,7158,0,0,0,17098,0,0,0,2320,0,0,0,9046,0,0,0,13332,0,0,0,42752,0,0,0,1914,0,0,1,15678,0,0
7,102952662,rs1352843413,A,G,gnomAD Exomes,PASS,NA,p.Lys472Glu,p.Lys472Glu,c.1414A>G,missense_variant,,1,109256,9.15281540601889E-06,0,0,0,7162,0,0,0,17102,0,0,0,2320,0,0,0,9046,0,0,0,13272,0,0,1,42758,0,0,0,1912,0,0,0,15684,0,0
7,102952689,rs763177905,C,T,gnomAD Exomes,PASS,NA,p.Arg481Cys,p.Arg481Cys,c.1441C>T,missense_variant,,7,108880,6.42909625275533E-05,0,0,0,7156,0,0,6,17106,0,0,0,2320,0,0,0,9044,0,0,0,12924,0,0,0,42742,0,0,1,1908,0,0,0,15680,0,0
7,102952690,rs530790514,G,A,gnomAD Exomes,PASS,NA,p.Arg481His,p.Arg481His,c.1442G>A,missense_variant,,1,108812,9.1901628496857E-06,0,0,1,7154,0,0,0,17100,0,0,0,2320,0,0,0,9042,0,0,0,12860,0,0,0,42746,0,0,0,1910,0,0,0,15680,0,0
7,102952692,rs751600675,A,C,gnomAD Exomes,PASS,NA,p.Ser482Arg,p.Ser482Arg,c.1444A>C,missense_variant,,2,108866,1.83712086418165E-05,0,0,0,7156,0,0,0,17100,0,0,0,2320,0,0,0,9042,0,0,0,12912,0,0,0,42748,0,0,0,1910,0,0,2,15678,0,0
7,102952697,rs767344978,CAT,C,gnomAD Exomes,PASS,NA,p.Met484ValfsTer5,p.Met484ValfsTer5,c.1450_1451delAT,frameshift_variant,lc_lof,4,108682,3.68046226606062E-05,0,0,0,7154,0,0,1,17102,0,0,0,2320,0,0,0,9042,0,0,0,12734,0,0,2,42746,0,0,1,1906,0,0,0,15678,0,0
7,102952700,rs767631338,G,A,gnomAD Exomes,PASS,NA,p.Met484Ile,p.Met484Ile,c.1452G>A,missense_variant,,1,108592,9.20878149403271E-06,0,0,0,7148,0,0,0,17100,0,0,0,2320,0,0,0,9042,0,0,0,12660,0,0,1,42742,0,0,0,1904,0,0,0,15676,0,0
7,102952702,rs971786870,G,T,gnomAD Exomes,PASS,NA,p.Cys485Phe,p.Cys485Phe,c.1454G>T,missense_variant,,1,108436,9.2220295842709E-06,0,0,1,7150,0,0,0,17098,0,0,0,2320,0,0,0,9038,0,0,0,12512,0,0,0,42744,0,0,0,1902,0,0,0,15672,0,0
7,102952710,rs151236121,C,T,"gnomAD Exomes,gnomAD Genomes",PASS,PASS,p.Arg488Cys,p.Arg488Cys,c.1462C>T,missense_variant,,48,118914,0.000403653060195,0,0,42,9722,0,0,3,17336,0,0,0,2358,0,0,1,9950,0,0,0,13302,0,0,2,48252,0,0,0,2324,0,0,0,15670,0,0
7,102952711,rs756110915,G,A,gnomAD Exomes,PASS,NA,p.Arg488His,p.Arg488His,c.1463G>A,missense_variant,,1,107926,9.2656079165354E-06,0,0,0,7144,0,0,0,17090,0,0,0,2320,0,0,0,9032,0,0,0,12048,0,0,0,42728,0,0,0,1900,0,0,1,15664,0,0
7,102952716,rs1329236309,TA,T,gnomAD Exomes,PASS,NA,c.*2delA,,c.*2delA,frameshift_variant,lc_lof,1,107690,9.28591326957006E-06,0,0,0,7138,0,0,0,17080,0,0,0,2320,0,0,0,9028,0,0,0,11842,0,0,1,42720,0,0,0,1898,0,0,0,15664,0,0
7,102969401,rs772091266,C,T,"gnomAD Exomes,gnomAD Genomes",PASS,PASS,p.His372Tyr,p.His372Tyr,c.1114C>T,missense_variant,,9,59122,0.000152227597172,0,0,0,4742,0,0,0,10610,0,0,0,1438,0,0,9,4596,0,0,0,2658,0,0,0,23784,0,0,0,1530,0,0,0,9764,0,0
7,102969414,rs77281146,G,C,"gnomAD Exomes,gnomAD Genomes",PASS,PASS,p.Trp376Ser,p.Trp376Ser,c.1127G>C,missense_variant,,94,60032,0.001565831556503,2,0,86,4734,2,0,5,10904,0,0,0,1460,0,0,0,4598,0,0,0,2662,0,0,1,23934,0,0,2,1560,0,0,0,10180,0,0
7,102969417,rs747008535,A,G,gnomAD Exomes,PASS,NA,p.Asn377Ser,p.Asn377Ser,c.1130A>G,missense_variant,,1,49598,2.01621033106174E-05,0,0,0,2198,0,0,0,10820,0,0,0,1432,0,0,0,3726,0,0,0,1500,0,0,0,18492,0,0,0,1146,0,0,1,10284,0,0
7,102969417,rs747008535,A,T,gnomAD Exomes,PASS,NA,p.Asn377Ile,p.Asn377Ile,c.1130A>T,missense_variant,,1,49598,2.01621033106174E-05,0,0,0,2198,0,0,0,10820,0,0,0,1432,0,0,1,3726,0,0,0,1500,0,0,0,18492,0,0,0,1146,0,0,0,10284,0,0
7,102969446,rs1377978064,T,C,gnomAD Genomes,NA,PASS,p.Ser387Pro,p.Ser387Pro,c.1159T>C,missense_variant,,1,10880,9.19117647058823E-05,0,0,0,2572,0,0,0,246,0,0,0,38,0,0,0,916,0,0,0,1162,0,0,1,5524,0,0,0,422,0,0,0,0,0,0
7,102969467,rs1234641654,C,T,gnomAD Exomes,PASS,NA,p.Leu394Phe,p.Leu394Phe,c.1180C>T,missense_variant,,2,45734,4.37311409454673E-05,0,0,0,2000,0,0,2,9684,0,0,0,1372,0,0,0,3354,0,0,0,1488,0,0,0,17542,0,0,0,1034,0,0,0,9260,0,0
7,102969492,rs970549052,A,G,gnomAD Exomes,PASS,NA,p.Tyr402Cys,p.Tyr402Cys,c.1205A>G,missense_variant,,0,35732,0,0,0,0,1666,0,0,0,5394,0,0,0,1136,0,0,0,2938,0,0,0,1326,0,0,0,15452,0,0,0,792,0,0,0,7028,0,0
7,102969494,rs549104794,G,A,"gnomAD Exomes,gnomAD Genomes",PASS,PASS,p.Val403Ile,p.Val403Ile,c.1207G>A,missense_variant,,1,46290,2.16029379995679E-05,0,0,0,4184,0,0,0,5574,0,0,0,1166,0,0,0,3814,0,0,0,2482,0,0,1,20850,0,0,0,1224,0,0,0,6996,0,0
