Chromosome,Position,rsID,Reference,Alternate,Source,Filters - exomes,Filters - genomes,Consequence,Protein Consequence,Transcript Consequence,Annotation,Flags,Allele Count,Allele Number,Allele Frequency,Homozygote Count,Hemizygote Count,Allele Count African,Allele Number African,Homozygote Count African,Hemizygote Count African,Allele Count Latino,Allele Number Latino,Homozygote Count Latino,Hemizygote Count Latino,Allele Count Ashkenazi Jewish,Allele Number Ashkenazi Jewish,Homozygote Count Ashkenazi Jewish,Hemizygote Count Ashkenazi Jewish,Allele Count East Asian,Allele Number East Asian,Homozygote Count East Asian,Hemizygote Count East Asian,Allele Count European (Finnish),Allele Number European (Finnish),Homozygote Count European (Finnish),Hemizygote Count European (Finnish),Allele Count European (non-Finnish),Allele Number European (non-Finnish),Homozygote Count European (non-Finnish),Hemizygote Count European (non-Finnish),Allele Count Other,Allele Number Other,Homozygote Count Other,Hemizygote Count Other,Allele Count South Asian,Allele Number South Asian,Homozygote Count South Asian,Hemizygote Count South Asian
7,100027686,rs571117263,C,CCCG,gnomAD Genomes,NA,PASS,p.Pro19dup,p.Pro19dup,c.56_58dupCGC,inframe_insertion,,3,10770,0.000278551532033,0,0,3,2556,0,0,0,246,0,0,0,38,0,0,0,914,0,0,0,1156,0,0,0,5440,0,0,0,420,0,0,0,0,0,0
7,100027688,rs199973116,C,G,"gnomAD Exomes,gnomAD Genomes",PASS,PASS,p.Pro16Arg,p.Pro16Arg,c.47C>G,missense_variant,,82,11082,0.007399386392348,0,0,3,2568,0,0,1,256,0,0,3,38,0,0,0,924,0,0,11,1386,0,0,57,5482,0,0,7,424,0,0,0,4,0,0
7,100027694,rs1472772491,C,T,gnomAD Genomes,NA,PASS,p.Pro18Leu,p.Pro18Leu,c.53C>T,missense_variant,,1,10802,9.25754489909276E-05,0,0,0,2562,0,0,0,246,0,0,0,38,0,0,0,914,0,0,0,1158,0,0,1,5460,0,0,0,424,0,0,0,0,0,0
7,100027702,rs549225535,A,C,gnomAD Genomes,NA,PASS,p.Lys21Gln,p.Lys21Gln,c.61A>C,missense_variant,,3,10818,0.000277315585136,0,0,3,2564,0,0,0,246,0,0,0,38,0,0,0,914,0,0,0,1162,0,0,0,5470,0,0,0,424,0,0,0,0,0,0
7,100027750,rs774871855,G,A,"gnomAD Exomes,gnomAD Genomes",PASS,PASS,p.Glu37Lys,p.Glu37Lys,c.109G>A,missense_variant,,6,11584,0.000517955801105,0,0,0,2564,0,0,0,264,0,0,0,38,0,0,0,922,0,0,2,1898,0,0,4,5466,0,0,0,430,0,0,0,2,0,0
7,100027763,rs549563315,G,A,gnomAD Genomes,NA,PASS,p.Gly41Glu,p.Gly41Glu,c.122G>A,missense_variant,,8,10804,0.000740466493891,0,0,8,2562,0,0,0,246,0,0,0,38,0,0,0,916,0,0,0,1162,0,0,0,5458,0,0,0,422,0,0,0,0,0,0
7,100027792,rs1278550927,C,T,gnomAD Genomes,NA,PASS,p.Pro51Ser,p.Pro51Ser,c.151C>T,missense_variant,,1,10758,9.2954080684142E-05,0,0,0,2558,0,0,1,246,0,0,0,38,0,0,0,912,0,0,0,1160,0,0,0,5426,0,0,0,418,0,0,0,0,0,0
7,100027811,rs1208140127,C,T,gnomAD Genomes,NA,PASS,p.Ser57Phe,p.Ser57Phe,c.170C>T,missense_variant,,1,10770,9.28505106778087E-05,0,0,0,2562,0,0,0,246,0,0,0,38,0,0,0,912,0,0,0,1160,0,0,1,5432,0,0,0,420,0,0,0,0,0,0
7,100027873,rs973439934,A,G,gnomAD Exomes,PASS,NA,p.Ser78Gly,p.Ser78Gly,c.232A>G,missense_variant,,1,7584,0.000131856540084,0,0,0,298,0,0,1,1518,0,0,0,84,0,0,0,1106,0,0,0,618,0,0,0,2838,0,0,0,268,0,0,0,854,0,0
7,100027878,rs778213052,T,TCCCCAGGCGCAGCAGCACCGAGGGGGCGGC,gnomAD Genomes,NA,PASS,p.Gln84_Gln93dup,p.Gln84_Gln93dup,c.250_279dupCAGCACCGAGGGGGCGGCCCCCAGGCGCAG,inframe_insertion,,1,10668,9.37382827146607E-05,0,0,0,2550,0,0,0,246,0,0,0,38,0,0,1,912,0,0,0,1154,0,0,0,5352,0,0,0,416,0,0,0,0,0,0
7,100027878,rs778213052,TCCCCAGGCGCAGCAGCACCGAGGGGGCGGC,T,"gnomAD Exomes,gnomAD Genomes",PASS,PASS,p.Gln84_Gln93del,p.Gln84_Gln93del,c.250_279delCAGCACCGAGGGGGCGGCCCCCAGGCGCAG,inframe_deletion,,2,19044,0.000105019953791,0,0,2,2922,0,0,0,1964,0,0,0,130,0,0,0,2146,0,0,0,1726,0,0,0,8468,0,0,0,702,0,0,0,986,0,0
7,100027893,rs1297953900,G,C,gnomAD Exomes,PASS,NA,p.Gln84His,p.Gln84His,c.252G>C,missense_variant,,1,16448,6.07976653696498E-05,0,0,0,1510,0,0,0,3576,0,0,0,188,0,0,0,2508,0,0,0,444,0,0,1,5610,0,0,0,514,0,0,0,2098,0,0
7,100027897,rs1226194704,C,G,gnomAD Exomes,PASS,NA,p.Arg86Gly,p.Arg86Gly,c.256C>G,missense_variant,,0,16674,0,0,0,0,1552,0,0,0,3626,0,0,0,186,0,0,0,2558,0,0,0,434,0,0,0,5680,0,0,0,522,0,0,0,2116,0,0
7,100027906,rs1394437713,G,A,gnomAD Genomes,NA,PASS,p.Gly89Ser,p.Gly89Ser,c.265G>A,missense_variant,,1,10746,9.30578820026056E-05,0,0,0,2554,0,0,0,246,0,0,0,38,0,0,0,914,0,0,0,1158,0,0,1,5416,0,0,0,420,0,0,0,0,0,0
7,100027914,rs767959530,G,C,"gnomAD Exomes,gnomAD Genomes",PASS,PASS,p.Gln91His,p.Gln91His,c.273G>C,missense_variant,,10,28724,0.000348140927447,0,0,1,4304,0,0,3,4240,0,0,0,244,0,0,0,3740,0,0,0,1506,0,0,6,11412,0,0,0,980,0,0,0,2298,0,0
7,100027925,rs1463863576,A,T,gnomAD Exomes,PASS,NA,p.His95Leu,p.His95Leu,c.284A>T,missense_variant,,1,20168,4.9583498611662E-05,0,0,0,2026,0,0,0,4542,0,0,0,240,0,0,0,3264,0,0,0,348,0,0,0,6534,0,0,0,620,0,0,1,2594,0,0
7,100027927,rs755704736,G,A,"gnomAD Exomes,gnomAD Genomes",PASS,PASS,p.Gly96Arg,p.Gly96Arg,c.286G>A,missense_variant,,2,31060,6.43915003219575E-05,0,0,2,4590,0,0,0,4826,0,0,0,276,0,0,0,4216,0,0,0,1526,0,0,0,11970,0,0,0,1046,0,0,0,2610,0,0
7,100027945,rs763723326,G,C,gnomAD Exomes,PASS,NA,p.Asp102His,p.Asp102His,c.304G>C,missense_variant,,3,20826,0.000144050705848,0,0,1,2104,0,0,2,4610,0,0,0,246,0,0,0,3408,0,0,0,418,0,0,0,6694,0,0,0,630,0,0,0,2716,0,0
7,100027948,rs753219277,C,T,gnomAD Exomes,PASS,NA,p.Pro103Ser,p.Pro103Ser,c.307C>T,missense_variant,,0,21126,0,0,0,0,2130,0,0,0,4708,0,0,0,246,0,0,0,3452,0,0,0,454,0,0,0,6732,0,0,0,632,0,0,0,2772,0,0
7,100027952,rs757231661,C,T,gnomAD Exomes,PASS,NA,p.Pro104Leu,p.Pro104Leu,c.311C>T,missense_variant,,1,21784,4.59052515607786E-05,0,0,0,2180,0,0,0,4872,0,0,0,252,0,0,0,3566,0,0,0,440,0,0,0,6912,0,0,1,660,0,0,0,2902,0,0
7,100027967,rs978577946,C,A,gnomAD Exomes,PASS,NA,p.Pro109His,p.Pro109His,c.326C>A,missense_variant,,0,23570,0,0,0,0,2310,0,0,0,5030,0,0,0,270,0,0,0,3654,0,0,0,708,0,0,0,7686,0,0,0,686,0,0,0,3226,0,0
7,100027979,rs1234574179,G,A,gnomAD Exomes,PASS,NA,p.Gly113Glu,p.Gly113Glu,c.338G>A,missense_variant,,3,26652,0.00011256190905,0,0,0,2510,0,0,3,5518,0,0,0,308,0,0,0,3868,0,0,0,876,0,0,0,8992,0,0,0,736,0,0,0,3844,0,0
7,100028017,rs771494839,C,T,gnomAD Exomes,PASS,NA,p.Pro126Ser,p.Pro126Ser,c.376C>T,missense_variant,,4,58614,6.82430818575767E-05,0,0,0,4474,0,0,1,11272,0,0,0,970,0,0,0,6240,0,0,0,2446,0,0,3,22722,0,0,0,1184,0,0,0,9306,0,0
7,100028017,rs771494839,C,G,gnomAD Exomes,PASS,NA,p.Pro126Ala,p.Pro126Ala,c.376C>G,missense_variant,,1,58614,1.70607704643942E-05,0,0,0,4474,0,0,0,11272,0,0,0,970,0,0,0,6240,0,0,0,2446,0,0,0,22722,0,0,0,1184,0,0,1,9306,0,0
7,100028020,rs1194819663,C,T,gnomAD Genomes,NA,PASS,p.Pro127Ser,p.Pro127Ser,c.379C>T,missense_variant,,1,10746,9.30578820026056E-05,0,0,0,2564,0,0,0,246,0,0,0,38,0,0,1,914,0,0,0,1160,0,0,0,5406,0,0,0,418,0,0,0,0,0,0
7,100028021,rs570228502,C,T,"gnomAD Exomes,gnomAD Genomes",PASS,PASS,p.Pro127Leu,p.Pro127Leu,c.380C>T,missense_variant,,14,74448,0.000188050719966,0,0,11,7364,0,0,0,12426,0,0,0,1118,0,0,0,7614,0,0,0,3908,0,0,3,30326,0,0,0,1668,0,0,0,10024,0,0
7,100028023,rs866896143,G,C,gnomAD Exomes,PASS,NA,p.Ala128Pro,p.Ala128Pro,c.382G>C,missense_variant,,3,65840,4.55650060753341E-05,0,0,0,4984,0,0,0,12428,0,0,0,1138,0,0,0,6936,0,0,0,2866,0,0,0,25922,0,0,0,1280,0,0,3,10286,0,0
7,100028023,rs866896143,GCTC,G,"gnomAD Exomes,gnomAD Genomes",PASS,PASS,p.Pro130del,p.Pro130del,c.389_391delCTC,inframe_deletion,,3,76596,3.91665361115463E-05,0,0,2,7550,0,0,0,12674,0,0,0,1176,0,0,1,7846,0,0,0,4026,0,0,0,31338,0,0,0,1700,0,0,0,10286,0,0
7,100028026,rs899386476,C,G,gnomAD Exomes,PASS,NA,p.Pro129Ala,p.Pro129Ala,c.385C>G,missense_variant,,1,68684,1.45594315997903E-05,0,0,0,5212,0,0,1,12818,0,0,0,1180,0,0,0,7204,0,0,0,3060,0,0,0,27256,0,0,0,1318,0,0,0,10636,0,0
7,100028027,rs768049542,C,T,"gnomAD Exomes,gnomAD Genomes",PASS,PASS,p.Pro129Leu,p.Pro129Leu,c.386C>T,missense_variant,,6,80478,7.45545366435548E-05,0,0,0,7844,0,0,0,13256,0,0,0,1266,0,0,0,8202,0,0,0,4288,0,0,6,33136,0,0,0,1752,0,0,0,10734,0,0
7,100028033,rs760376288,G,A,gnomAD Exomes,PASS,NA,p.Arg131Gln,p.Arg131Gln,c.392G>A,missense_variant,,1,74654,1.33951295309026E-05,0,0,0,5682,0,0,1,13654,0,0,0,1340,0,0,0,7794,0,0,0,3454,0,0,0,30012,0,0,0,1390,0,0,0,11328,0,0
7,100028048,rs764694642,A,G,gnomAD Exomes,PASS,NA,p.Tyr136Cys,p.Tyr136Cys,c.407A>G,missense_variant,,0,81390,0,0,0,0,6328,0,0,0,14824,0,0,0,1490,0,0,0,8396,0,0,0,3884,0,0,0,32950,0,0,0,1490,0,0,0,12028,0,0
7,100028065,rs751247589,C,G,gnomAD Exomes,PASS,NA,p.Pro142Ala,p.Pro142Ala,c.424C>G,missense_variant,,0,83376,0,0,0,0,6588,0,0,0,15294,0,0,0,1548,0,0,0,8622,0,0,0,3764,0,0,0,33836,0,0,0,1512,0,0,0,12212,0,0
7,100028069,rs756561147,G,T,gnomAD Exomes,PASS,NA,p.Gly143Val,p.Gly143Val,c.428G>T,missense_variant,,1,79418,1.25916039185071E-05,0,0,0,6380,0,0,0,14562,0,0,0,1470,0,0,0,8366,0,0,0,3356,0,0,1,32266,0,0,0,1442,0,0,0,11576,0,0
7,100028069,rs756561147,G,C,gnomAD Exomes,PASS,NA,p.Gly143Ala,p.Gly143Ala,c.428G>C,missense_variant,,1,79418,1.25916039185071E-05,0,0,0,6380,0,0,1,14562,0,0,0,1470,0,0,0,8366,0,0,0,3356,0,0,0,32266,0,0,0,1442,0,0,0,11576,0,0
7,100028074,rs1182865063,G,A,gnomAD Exomes,PASS,NA,p.Gly145Ser,p.Gly145Ser,c.433G>A,missense_variant,,1,82750,1.20845921450151E-05,0,0,0,6628,0,0,0,14888,0,0,0,1548,0,0,0,8622,0,0,0,3654,0,0,1,33790,0,0,0,1498,0,0,0,12122,0,0
7,100028080,rs779120161,G,A,gnomAD Exomes,PASS,NA,p.Gly147Ser,p.Gly147Ser,c.439G>A,missense_variant,,0,83964,0,0,0,0,6774,0,0,0,14876,0,0,0,1540,0,0,0,8722,0,0,0,3924,0,0,0,34390,0,0,0,1530,0,0,0,12208,0,0
7,100028096,rs1305750591,G,T,gnomAD Exomes,PASS,NA,p.Ser152Ile,p.Ser152Ile,c.455G>T,missense_variant,,1,88372,1.13158013850541E-05,0,0,0,6906,0,0,0,15332,0,0,0,1640,0,0,0,8800,0,0,0,5164,0,0,0,36172,0,0,0,1616,0,0,1,12742,0,0
7,100028101,rs776008948,A,C,gnomAD Exomes,PASS,NA,p.Asn154His,p.Asn154His,c.460A>C,missense_variant,,2,89516,2.23423745475669E-05,0,0,0,6926,0,0,2,15676,0,0,0,1666,0,0,0,8822,0,0,0,5444,0,0,0,36448,0,0,0,1632,0,0,0,12902,0,0
7,100028106,rs373454923,AGGGGGAGGC,A,gnomAD Exomes,PASS,NA,p.Gly159_Gly161del,p.Gly159_Gly161del,c.475_483delGGGGGAGGC,inframe_deletion,,1,90986,1.09907018662212E-05,0,0,0,6938,0,0,0,15848,0,0,0,1706,0,0,0,8836,0,0,0,5790,0,0,1,37026,0,0,0,1658,0,0,0,13184,0,0
7,100028108,rs1338043851,G,T,gnomAD Exomes,PASS,NA,p.Gly156Val,p.Gly156Val,c.467G>T,missense_variant,,0,90232,0,0,0,0,6936,0,0,0,15832,0,0,0,1698,0,0,0,8834,0,0,0,5472,0,0,0,36706,0,0,0,1640,0,0,0,13114,0,0
7,100028110,rs1231628521,G,A,gnomAD Exomes,PASS,NA,p.Gly157Arg,p.Gly157Arg,c.469G>A,missense_variant,,0,90678,0,0,0,0,6944,0,0,0,15872,0,0,0,1730,0,0,0,8836,0,0,0,5508,0,0,0,36930,0,0,0,1652,0,0,0,13206,0,0
7,100028111,rs1274645383,G,T,gnomAD Exomes,PASS,NA,p.Gly157Val,p.Gly157Val,c.470G>T,missense_variant,,0,90826,0,0,0,0,6942,0,0,0,15888,0,0,0,1736,0,0,0,8832,0,0,0,5554,0,0,0,36986,0,0,0,1656,0,0,0,13232,0,0
7,100028116,rs1213331840,G,C,gnomAD Exomes,PASS,NA,p.Gly159Arg,p.Gly159Arg,c.475G>C,missense_variant,,0,92306,0,0,0,0,6958,0,0,0,16104,0,0,0,1776,0,0,0,8848,0,0,0,5860,0,0,0,37574,0,0,0,1668,0,0,0,13518,0,0
7,100028117,rs776184751,G,C,gnomAD Exomes,PASS,NA,p.Gly159Ala,p.Gly159Ala,c.476G>C,missense_variant,,1,92544,1.08056708160443E-05,0,0,0,6960,0,0,0,16136,0,0,0,1796,0,0,0,8846,0,0,0,5896,0,0,0,37644,0,0,0,1682,0,0,1,13584,0,0
7,100028131,rs1252669642,C,T,gnomAD Exomes,PASS,NA,p.His164Tyr,p.His164Tyr,c.490C>T,missense_variant,,1,95408,1.04813013583767E-05,0,0,0,6974,0,0,0,16344,0,0,0,1892,0,0,0,8852,0,0,0,6758,0,0,1,38650,0,0,0,1732,0,0,0,14206,0,0
7,100028140,rs764787290,T,A,gnomAD Exomes,PASS,NA,p.Phe167Ile,p.Phe167Ile,c.499T>A,missense_variant,,0,97052,0,0,0,0,6986,0,0,0,16476,0,0,0,1956,0,0,0,8866,0,0,0,7338,0,0,0,39194,0,0,0,1744,0,0,0,14492,0,0
7,100028142,rs1392812090,C,A,gnomAD Genomes,NA,PASS,p.Phe167Leu,p.Phe167Leu,c.501C>A,missense_variant,,1,10832,9.23190546528804E-05,0,0,0,2564,0,0,0,246,0,0,0,38,0,0,0,916,0,0,0,1160,0,0,1,5486,0,0,0,422,0,0,0,0,0,0
7,100028169,rs751396535,C,A,gnomAD Exomes,PASS,NA,p.Asp176Glu,p.Asp176Glu,c.528C>A,missense_variant,,1,98002,1.0203873390339E-05,0,0,0,6994,0,0,1,16612,0,0,0,1968,0,0,0,8864,0,0,0,7844,0,0,0,39198,0,0,0,1766,0,0,0,14756,0,0
7,100028176,rs375858105,T,C,gnomAD Exomes,PASS,NA,p.Ser179Pro,p.Ser179Pro,c.535T>C,missense_variant,,1,99950,1.00050025012506E-05,0,0,0,7000,0,0,0,16666,0,0,0,2048,0,0,0,8872,0,0,0,8732,0,0,1,39848,0,0,0,1774,0,0,0,15010,0,0
7,100028179,rs1341721661,G,C,gnomAD Exomes,PASS,NA,p.Val180Leu,p.Val180Leu,c.538G>C,missense_variant,,1,100558,9.94450963622984E-06,0,0,0,7002,0,0,0,16744,0,0,0,2076,0,0,0,8886,0,0,0,8926,0,0,1,40058,0,0,0,1794,0,0,0,15072,0,0
7,100028192,rs745881376,A,G,gnomAD Exomes,PASS,NA,p.Asn184Ser,p.Asn184Ser,c.551A>G,missense_variant,,0,103560,0,0,0,0,7014,0,0,0,16814,0,0,0,2168,0,0,0,8906,0,0,0,10398,0,0,0,41038,0,0,0,1840,0,0,0,15382,0,0
7,100028192,rs745881376,A,C,gnomAD Exomes,PASS,NA,p.Asn184Thr,p.Asn184Thr,c.551A>C,missense_variant,,2,103560,1.93124758594052E-05,0,0,0,7014,0,0,0,16814,0,0,0,2168,0,0,1,8906,0,0,0,10398,0,0,1,41038,0,0,0,1840,0,0,0,15382,0,0
7,100028193,rs1253522738,C,A,gnomAD Exomes,PASS,NA,p.Asn184Lys,p.Asn184Lys,c.552C>A,missense_variant,,1,103562,9.65605144744211E-06,0,0,0,7014,0,0,0,16812,0,0,0,2160,0,0,0,8910,0,0,0,10470,0,0,1,41014,0,0,0,1842,0,0,0,15340,0,0
7,100028197,rs142061761,C,T,gnomAD Exomes,PASS,NA,p.Leu186Phe,p.Leu186Phe,c.556C>T,missense_variant,,1,104456,9.57340889944091E-06,0,0,0,7024,0,0,0,16860,0,0,0,2192,0,0,0,8920,0,0,0,10870,0,0,1,41304,0,0,0,1856,0,0,0,15430,0,0
7,100028261,rs766339163,G,A,gnomAD Exomes,PASS,NA,p.Arg207His,p.Arg207His,c.620G>A,missense_variant,,0,109288,0,0,0,0,7154,0,0,0,17084,0,0,0,2320,0,0,0,9042,0,0,0,13336,0,0,0,42752,0,0,0,1914,0,0,0,15686,0,0
7,100028282,rs1187941643,C,G,gnomAD Exomes,PASS,NA,p.Pro214Arg,p.Pro214Arg,c.641C>G,missense_variant,,1,109364,9.14377674554698E-06,0,0,0,7162,0,0,0,17100,0,0,0,2320,0,0,1,9044,0,0,0,13372,0,0,0,42764,0,0,0,1914,0,0,0,15688,0,0
7,100028311,rs750560823,C,G,gnomAD Exomes,PASS,NA,p.Arg224Gly,p.Arg224Gly,c.670C>G,missense_variant,,1,109390,9.14160343724289E-06,0,0,0,7162,0,0,1,17102,0,0,0,2320,0,0,0,9046,0,0,0,13388,0,0,0,42768,0,0,0,1914,0,0,0,15690,0,0
7,100028312,rs758591586,G,A,gnomAD Exomes,PASS,NA,p.Arg224Gln,p.Arg224Gln,c.671G>A,missense_variant,,3,109392,2.74243089074155E-05,0,0,0,7162,0,0,0,17104,0,0,0,2320,0,0,1,9046,0,0,0,13388,0,0,1,42768,0,0,1,1914,0,0,0,15690,0,0
7,100028360,rs748456426,G,A,gnomAD Exomes,PASS,NA,p.Ser240Asn,p.Ser240Asn,c.719G>A,missense_variant,,2,109386,1.82838754502404E-05,0,0,0,7164,0,0,2,17104,0,0,0,2320,0,0,0,9044,0,0,0,13382,0,0,0,42768,0,0,0,1914,0,0,0,15690,0,0
7,100028372,rs1049079414,G,A,gnomAD Exomes,PASS,NA,p.Cys244Tyr,p.Cys244Tyr,c.731G>A,missense_variant,,1,109384,9.14210487822716E-06,0,0,1,7162,0,0,0,17104,0,0,0,2320,0,0,0,9044,0,0,0,13382,0,0,0,42768,0,0,0,1914,0,0,0,15690,0,0
7,100028373,rs369293679,C,G,gnomAD Exomes,PASS,NA,p.Cys244Trp,p.Cys244Trp,c.732C>G,missense_variant,,7,109382,6.39959042621272E-05,0,0,0,7164,0,0,0,17104,0,0,0,2320,0,0,0,9044,0,0,0,13378,0,0,7,42768,0,0,0,1914,0,0,0,15690,0,0
7,100028375,rs772813691,C,T,gnomAD Exomes,PASS,NA,p.Thr245Ile,p.Thr245Ile,c.734C>T,missense_variant,,1,109386,9.14193772512022E-06,0,0,0,7164,0,0,0,17104,0,0,0,2320,0,0,0,9044,0,0,0,13382,0,0,0,42768,0,0,0,1914,0,0,1,15690,0,0
7,100028377,rs1217663839,G,C,gnomAD Exomes,PASS,NA,p.Asp246His,p.Asp246His,c.736G>C,missense_variant,,1,109386,9.14193772512022E-06,0,0,0,7164,0,0,0,17104,0,0,0,2320,0,0,0,9044,0,0,0,13384,0,0,0,42768,0,0,0,1912,0,0,1,15690,0,0
7,100028386,rs1192511691,C,T,gnomAD Genomes,NA,PASS,p.His249Tyr,p.His249Tyr,c.745C>T,missense_variant,,1,10862,9.20640765973117E-05,0,0,0,2564,0,0,0,246,0,0,0,38,0,0,0,916,0,0,0,1162,0,0,1,5512,0,0,0,424,0,0,0,0,0,0
7,100028387,rs1482728752,A,G,gnomAD Exomes,PASS,NA,p.His249Arg,p.His249Arg,c.746A>G,missense_variant,,1,109384,9.14210487822716E-06,0,0,0,7164,0,0,0,17104,0,0,0,2320,0,0,0,9044,0,0,0,13384,0,0,1,42766,0,0,0,1914,0,0,0,15688,0,0
7,100028392,rs770400823,G,A,gnomAD Exomes,PASS,NA,p.Val251Ile,p.Val251Ile,c.751G>A,missense_variant,,1,109376,9.14277355178467E-06,0,0,0,7164,0,0,0,17104,0,0,0,2320,0,0,0,9044,0,0,0,13376,0,0,1,42768,0,0,0,1912,0,0,0,15688,0,0
7,100028395,rs759392033,C,T,gnomAD Exomes,PASS,NA,p.Leu252Phe,p.Leu252Phe,c.754C>T,missense_variant,,1,109384,9.14210487822716E-06,0,0,0,7164,0,0,0,17104,0,0,0,2318,0,0,0,9046,0,0,0,13384,0,0,1,42766,0,0,0,1914,0,0,0,15688,0,0
7,100028398,rs577542807,G,C,gnomAD Exomes,PASS,NA,p.Ala253Pro,p.Ala253Pro,c.757G>C,missense_variant,,4,109372,3.65724317009838E-05,0,0,0,7162,0,0,0,17102,0,0,0,2320,0,0,0,9046,0,0,0,13370,0,0,0,42768,0,0,0,1914,0,0,4,15690,0,0
7,100028399,rs775167461,C,T,gnomAD Exomes,PASS,NA,p.Ala253Val,p.Ala253Val,c.758C>T,missense_variant,,1,109374,9.14294073545815E-06,0,0,0,7162,0,0,0,17102,0,0,0,2320,0,0,0,9046,0,0,0,13374,0,0,1,42768,0,0,0,1914,0,0,0,15688,0,0
7,100028402,rs760505363,C,T,gnomAD Exomes,PASS,NA,p.Ser254Leu,p.Ser254Leu,c.761C>T,missense_variant,,2,109366,1.82872190625971E-05,0,0,0,7164,0,0,0,17102,0,0,0,2320,0,0,0,9046,0,0,0,13368,0,0,1,42764,0,0,0,1912,0,0,1,15690,0,0
7,100028404,rs1434361755,C,T,gnomAD Exomes,PASS,NA,p.Pro255Ser,p.Pro255Ser,c.763C>T,missense_variant,,1,109374,9.14294073545815E-06,0,0,0,7164,0,0,1,17098,0,0,0,2320,0,0,0,9046,0,0,0,13376,0,0,0,42766,0,0,0,1914,0,0,0,15690,0,0
7,100028407,rs141865810,C,G,gnomAD Exomes,PASS,NA,p.Leu256Val,p.Leu256Val,c.766C>G,missense_variant,,1,109374,9.14294073545815E-06,0,0,0,7164,0,0,0,17098,0,0,0,2320,0,0,0,9046,0,0,0,13376,0,0,1,42766,0,0,0,1914,0,0,0,15690,0,0
7,100028410,rs1377395241,A,T,gnomAD Exomes,PASS,NA,p.Lys257Ter,p.Lys257Ter,c.769A>T,stop_gained,,1,109388,9.14177057812557E-06,0,0,0,7164,0,0,0,17100,0,0,0,2320,0,0,0,9046,0,0,1,13386,0,0,0,42768,0,0,0,1914,0,0,0,15690,0,0
7,100028437,rs781690309,C,T,gnomAD Exomes,PASS,NA,p.Arg266Trp,p.Arg266Trp,c.796C>T,missense_variant,,2,109282,1.83012755989092E-05,0,0,0,7164,0,0,0,17090,0,0,0,2314,0,0,0,9046,0,0,0,13358,0,0,2,42720,0,0,0,1912,0,0,0,15678,0,0
7,100028451,rs748546536,C,G,gnomAD Exomes,PASS,NA,p.His270Gln,p.His270Gln,c.810C>G,missense_variant,,3,109080,2.75027502750275E-05,0,0,0,7164,0,0,1,17082,0,0,0,2302,0,0,0,9042,0,0,0,13334,0,0,2,42600,0,0,0,1910,0,0,0,15646,0,0
7,100028451,rs748546536,C,CCAG,gnomAD Exomes,PASS,NA,p.Gln274dup,p.Gln274dup,c.820_822dupCAG,inframe_insertion,,34,109080,0.00031169783645,0,0,0,7164,0,0,0,17082,0,0,0,2302,0,0,0,9042,0,0,0,13334,0,0,0,42600,0,0,0,1910,0,0,34,15646,0,0
7,100028457,rs1048428397,G,C,gnomAD Exomes,PASS,NA,p.Gln272His,p.Gln272His,c.816G>C,missense_variant,,1,109088,9.1669111176298E-06,0,0,0,7164,0,0,0,17080,0,0,0,2300,0,0,0,9044,0,0,0,13336,0,0,1,42596,0,0,0,1910,0,0,0,15658,0,0
7,100028468,rs200257580,C,T,gnomAD Exomes,PASS,NA,p.Ala276Val,p.Ala276Val,c.827C>T,missense_variant,,33,108636,0.000303766707169,1,0,0,7160,0,0,33,17048,1,0,0,2278,0,0,0,9042,0,0,0,13280,0,0,0,42360,0,0,0,1906,0,0,0,15562,0,0
7,100028473,rs778092584,G,A,gnomAD Exomes,PASS,NA,p.Gly278Arg,p.Gly278Arg,c.832G>A,missense_variant,,1,108624,9.20606864044778E-06,0,0,0,7160,0,0,0,17044,0,0,0,2272,0,0,0,9046,0,0,0,13294,0,0,1,42312,0,0,0,1906,0,0,0,15590,0,0
7,100028478,rs749004254,T,G,gnomAD Exomes,PASS,NA,p.Ser279Arg,p.Ser279Arg,c.837T>G,missense_variant,,1,108520,9.21489126428308E-06,0,0,0,7162,0,0,0,17036,0,0,0,2260,0,0,0,9042,0,0,0,13294,0,0,1,42260,0,0,0,1906,0,0,0,15560,0,0
7,100028482,rs1232884318,A,C,gnomAD Exomes,PASS,NA,p.Ser281Arg,p.Ser281Arg,c.841A>C,missense_variant,,1,108442,9.22151933752605E-06,0,0,0,7160,0,0,0,17030,0,0,0,2264,0,0,0,9042,0,0,0,13274,0,0,1,42222,0,0,0,1900,0,0,0,15550,0,0
7,100028483,rs559607903,G,A,gnomAD Exomes,PASS,NA,p.Ser281Asn,p.Ser281Asn,c.842G>A,missense_variant,mnv,10,108364,9.22815695249345E-05,0,0,0,7160,0,0,0,17018,0,0,0,2258,0,0,10,9042,0,0,0,13264,0,0,0,42170,0,0,0,1904,0,0,0,15548,0,0
7,100028488,rs139805699,C,T,gnomAD Exomes,PASS,NA,p.Pro283Ser,p.Pro283Ser,c.847C>T,missense_variant,,18,108084,0.000166537137782,0,0,0,7160,0,0,3,17008,0,0,0,2244,0,0,0,9042,0,0,0,13232,0,0,14,41990,0,0,0,1898,0,0,1,15510,0,0
7,100028489,rs1454084702,C,G,gnomAD Exomes,PASS,NA,p.Pro283Arg,p.Pro283Arg,c.848C>G,missense_variant,,1,108166,9.24504927611264E-06,0,0,0,7160,0,0,0,17002,0,0,0,2252,0,0,0,9042,0,0,0,13256,0,0,0,42030,0,0,0,1896,0,0,1,15528,0,0
7,100028495,rs1328279523,C,T,gnomAD Exomes,PASS,NA,p.Pro285Leu,p.Pro285Leu,c.854C>T,missense_variant,,0,108084,0,0,0,0,7162,0,0,0,17004,0,0,0,2248,0,0,0,9040,0,0,0,13232,0,0,0,42006,0,0,0,1898,0,0,0,15494,0,0
7,100028504,rs768629360,C,T,"gnomAD Exomes,gnomAD Genomes",PASS,PASS,p.Ala288Val,p.Ala288Val,c.863C>T,missense_variant,,11,118666,9.26971499839887E-05,0,0,0,9724,0,0,0,17242,0,0,0,2258,0,0,0,9958,0,0,10,14392,0,0,0,47336,0,0,1,2314,0,0,0,15442,0,0
7,100028506,rs1434668065,C,T,gnomAD Exomes,PASS,NA,p.Pro289Ser,p.Pro289Ser,c.865C>T,missense_variant,,2,107958,1.85257229663388E-05,0,0,0,7160,0,0,0,17004,0,0,0,2228,0,0,0,9044,0,0,0,13234,0,0,2,41904,0,0,0,1890,0,0,0,15494,0,0
7,100028509,rs1295775772,C,G,gnomAD Exomes,PASS,NA,p.Leu290Val,p.Leu290Val,c.868C>G,missense_variant,,1,108044,9.25548850468328E-06,0,0,0,7160,0,0,1,17004,0,0,0,2246,0,0,0,9046,0,0,0,13242,0,0,0,41964,0,0,0,1884,0,0,0,15498,0,0
7,100028512,rs766567339,A,G,gnomAD Exomes,PASS,NA,p.Thr291Ala,p.Thr291Ala,c.871A>G,missense_variant,,2,107794,1.85539083808004E-05,0,0,0,7160,0,0,0,16994,0,0,0,2222,0,0,0,9046,0,0,0,13242,0,0,2,41792,0,0,0,1882,0,0,0,15456,0,0
7,100028524,rs1465022191,C,T,gnomAD Exomes,PASS,NA,p.His295Tyr,p.His295Tyr,c.883C>T,missense_variant,,1,107794,9.27695419040021E-06,0,0,0,7160,0,0,1,16998,0,0,0,2218,0,0,0,9046,0,0,0,13250,0,0,0,41790,0,0,0,1878,0,0,0,15454,0,0
7,100028536,rs756603652,G,T,gnomAD Exomes,PASS,NA,p.Ala299Ser,p.Ala299Ser,c.895G>T,missense_variant,,1,107720,9.28332714444857E-06,0,0,0,7160,0,0,0,16986,0,0,0,2194,0,0,1,9046,0,0,0,13236,0,0,0,41812,0,0,0,1876,0,0,0,15410,0,0
7,100028540,rs778111232,C,T,gnomAD Exomes,PASS,NA,p.Ser300Leu,p.Ser300Leu,c.899C>T,missense_variant,,1,107810,9.27557740469344E-06,0,0,0,7162,0,0,0,16990,0,0,0,2226,0,0,0,9046,0,0,0,13242,0,0,1,41870,0,0,0,1868,0,0,0,15406,0,0
7,100028554,rs1434553245,C,A,gnomAD Exomes,PASS,NA,p.His305Asn,p.His305Asn,c.913C>A,missense_variant,,1,107476,9.30440284342551E-06,0,0,0,7162,0,0,0,16976,0,0,0,2196,0,0,1,9046,0,0,0,13216,0,0,0,41662,0,0,0,1856,0,0,0,15362,0,0
7,100028557,rs763097172,AGG,A,gnomAD Exomes,PASS,NA,p.Gly307ProfsTer10,p.Gly307ProfsTer10,c.919_920delGG,frameshift_variant,,1,107562,9.29696361168442E-06,0,0,0,7162,0,0,0,16968,0,0,0,2190,0,0,0,9046,0,0,0,13230,0,0,1,41720,0,0,0,1864,0,0,0,15382,0,0
7,100028558,rs778586014,G,A,gnomAD Exomes,PASS,NA,p.Arg306Lys,p.Arg306Lys,c.917G>A,missense_variant,,2,107596,1.85880516004312E-05,0,0,0,7162,0,0,2,16980,0,0,0,2192,0,0,0,9046,0,0,0,13226,0,0,0,41738,0,0,0,1862,0,0,0,15390,0,0
7,100028561,rs1274665637,G,T,gnomAD Exomes,PASS,NA,p.Gly307Val,p.Gly307Val,c.920G>T,missense_variant,,0,107326,0,0,0,0,7162,0,0,0,16964,0,0,0,2184,0,0,0,9046,0,0,0,13208,0,0,0,41594,0,0,0,1846,0,0,0,15322,0,0
7,100028568,rs771660438,C,A,gnomAD Exomes,PASS,NA,p.Asn309Lys,p.Asn309Lys,c.927C>A,missense_variant,,1,107144,9.33323377883969E-06,0,0,1,7162,0,0,0,16942,0,0,0,2172,0,0,0,9046,0,0,0,13212,0,0,0,41430,0,0,0,1856,0,0,0,15324,0,0
7,100028569,rs200684338,C,G,gnomAD Exomes,PASS,NA,p.Arg310Gly,p.Arg310Gly,c.928C>G,missense_variant,,1,107224,9.32627023800642E-06,0,0,0,7162,0,0,0,16944,0,0,0,2184,0,0,0,9040,0,0,0,13226,0,0,0,41490,0,0,0,1858,0,0,1,15320,0,0
7,100028569,rs200684338,C,T,gnomAD Exomes,PASS,NA,p.Arg310Trp,p.Arg310Trp,c.928C>T,missense_variant,,1,107224,9.32627023800642E-06,0,0,0,7162,0,0,1,16944,0,0,0,2184,0,0,0,9040,0,0,0,13226,0,0,0,41490,0,0,0,1858,0,0,0,15320,0,0
7,100028570,rs747008637,G,A,gnomAD Exomes,PASS,NA,p.Arg310Gln,p.Arg310Gln,c.929G>A,missense_variant,,0,107306,0,0,0,0,7162,0,0,0,16944,0,0,0,2176,0,0,0,9046,0,0,0,13218,0,0,0,41528,0,0,0,1860,0,0,0,15372,0,0
7,100028576,rs1329228587,C,T,gnomAD Exomes,PASS,NA,p.Ala312Val,p.Ala312Val,c.935C>T,missense_variant,,1,107060,9.34055669717915E-06,0,0,0,7158,0,0,0,16924,0,0,0,2160,0,0,0,9046,0,0,0,13196,0,0,0,41460,0,0,0,1856,0,0,1,15260,0,0
7,100028582,rs531495501,A,G,gnomAD Exomes,PASS,NA,p.Gln314Arg,p.Gln314Arg,c.941A>G,missense_variant,,1,107928,9.26543621673708E-06,0,0,1,7160,0,0,0,16998,0,0,0,2204,0,0,0,9046,0,0,0,13262,0,0,0,41914,0,0,0,1874,0,0,0,15470,0,0
7,100028588,rs555404661,A,G,gnomAD Exomes,PASS,NA,p.Tyr316Cys,p.Tyr316Cys,c.947A>G,missense_variant,,1,108318,9.2320759245924E-06,0,0,0,7160,0,0,0,17022,0,0,0,2242,0,0,1,9044,0,0,0,13300,0,0,0,42128,0,0,0,1892,0,0,0,15530,0,0
7,100028588,rs555404661,A,C,gnomAD Exomes,PASS,NA,p.Tyr316Ser,p.Tyr316Ser,c.947A>C,missense_variant,,2,108318,1.84641518491848E-05,0,0,0,7160,0,0,0,17022,0,0,0,2242,0,0,0,9044,0,0,0,13300,0,0,0,42128,0,0,0,1892,0,0,2,15530,0,0
7,100028592,rs1245930265,ACTC,A,gnomAD Exomes,PASS,NA,p.Leu318del,p.Leu318del,c.952_954delCTC,inframe_deletion,,1,108574,9.2103081769116E-06,0,0,0,7162,0,0,0,17034,0,0,0,2272,0,0,0,9046,0,0,0,13324,0,0,1,42280,0,0,0,1900,0,0,0,15556,0,0
7,100028593,rs549696128,C,T,gnomAD Exomes,PASS,NA,p.Leu318Phe,p.Leu318Phe,c.952C>T,missense_variant,,1,108510,9.21574048474795E-06,0,0,0,7162,0,0,0,17034,0,0,0,2262,0,0,0,9046,0,0,0,13328,0,0,1,42242,0,0,0,1900,0,0,0,15536,0,0
7,100028596,rs752703167,A,C,gnomAD Exomes,PASS,NA,p.Asn319His,p.Asn319His,c.955A>C,missense_variant,,1,108742,9.19607879200309E-06,0,0,0,7162,0,0,0,17054,0,0,0,2276,0,0,0,9046,0,0,0,13338,0,0,0,42398,0,0,0,1898,0,0,1,15570,0,0
7,100028599,rs1157086843,A,G,gnomAD Exomes,PASS,NA,p.Thr320Ala,p.Thr320Ala,c.958A>G,missense_variant,,1,108874,9.18492936789316E-06,0,0,0,7162,0,0,0,17058,0,0,0,2278,0,0,1,9046,0,0,0,13354,0,0,0,42478,0,0,0,1896,0,0,0,15602,0,0
7,100028620,rs147198491,G,A,gnomAD Exomes,PASS,NA,p.Glu327Lys,p.Glu327Lys,c.979G>A,missense_variant,,1,109304,9.14879601844397E-06,0,0,0,7164,0,0,0,17092,0,0,0,2312,0,0,0,9046,0,0,0,13392,0,0,1,42716,0,0,0,1914,0,0,0,15668,0,0
7,100028623,rs757679471,G,A,gnomAD Exomes,PASS,NA,p.Val328Met,p.Val328Met,c.982G>A,missense_variant,,1,109326,9.1469549786876E-06,0,0,0,7164,0,0,0,17096,0,0,0,2314,0,0,0,9046,0,0,0,13390,0,0,0,42728,0,0,0,1914,0,0,1,15674,0,0
7,100028626,rs757981659,G,A,gnomAD Exomes,PASS,NA,p.Val329Met,p.Val329Met,c.985G>A,missense_variant,,2,109324,1.82942446306392E-05,0,0,0,7164,0,0,0,17096,0,0,0,2314,0,0,0,9046,0,0,0,13394,0,0,2,42724,0,0,0,1914,0,0,0,15672,0,0
7,100028635,rs746461142,C,T,gnomAD Exomes,PASS,NA,p.Leu332Phe,p.Leu332Phe,c.994C>T,missense_variant,,2,109378,1.82852127484503E-05,0,0,0,7164,0,0,1,17110,0,0,0,2312,0,0,0,9046,0,0,0,13394,0,0,1,42754,0,0,0,1914,0,0,0,15684,0,0
7,100028641,rs920284246,T,C,gnomAD Exomes,PASS,NA,p.Ser334Pro,p.Ser334Pro,c.1000T>C,missense_variant,,2,109396,1.82822041025266E-05,0,0,0,7164,0,0,0,17108,0,0,0,2320,0,0,0,9046,0,0,0,13394,0,0,0,42760,0,0,0,1914,0,0,2,15690,0,0
7,100028641,rs920284246,T,A,gnomAD Exomes,PASS,NA,p.Ser334Thr,p.Ser334Thr,c.1000T>A,missense_variant,,1,109396,9.1411020512633E-06,0,0,0,7164,0,0,0,17108,0,0,0,2320,0,0,0,9046,0,0,0,13394,0,0,1,42760,0,0,0,1914,0,0,0,15690,0,0
7,100028642,rs200213225,C,T,gnomAD Exomes,PASS,NA,p.Ser334Phe,p.Ser334Phe,c.1001C>T,missense_variant,,11,109398,0.000100550284283,0,0,0,7164,0,0,5,17108,0,0,0,2320,0,0,0,9046,0,0,1,13394,0,0,3,42762,0,0,2,1914,0,0,0,15690,0,0
7,100028653,rs769681270,G,T,gnomAD Genomes,NA,PASS,p.Gly338Cys,p.Gly338Cys,c.1012G>T,missense_variant,,1,10868,9.20132499079868E-05,0,0,0,2574,0,0,0,246,0,0,0,38,0,0,1,914,0,0,0,1162,0,0,0,5512,0,0,0,422,0,0,0,0,0,0
7,100028654,rs772873346,G,T,gnomAD Exomes,PASS,NA,p.Gly338Val,p.Gly338Val,c.1013G>T,missense_variant,,3,109408,2.74202983328459E-05,0,0,0,7164,0,0,0,17112,0,0,0,2320,0,0,0,9046,0,0,3,13394,0,0,0,42768,0,0,0,1914,0,0,0,15690,0,0
7,100028666,rs571086257,C,G,gnomAD Exomes,PASS,NA,p.Ser342Cys,p.Ser342Cys,c.1025C>G,missense_variant,,1,109408,9.14009944428195E-06,0,0,1,7164,0,0,0,17112,0,0,0,2320,0,0,0,9046,0,0,0,13394,0,0,0,42768,0,0,0,1914,0,0,0,15690,0,0
7,100028666,rs571086257,C,T,gnomAD Genomes,NA,PASS,p.Ser342Phe,p.Ser342Phe,c.1025C>T,missense_variant,,1,10876,9.19455682236116E-05,0,0,0,2574,0,0,0,246,0,0,0,38,0,0,0,916,0,0,0,1162,0,0,1,5516,0,0,0,424,0,0,0,0,0,0
7,100028678,rs762212189,C,T,gnomAD Exomes,PASS,NA,p.Pro346Leu,p.Pro346Leu,c.1037C>T,missense_variant,,1,109408,9.14009944428195E-06,0,0,0,7164,0,0,0,17112,0,0,0,2320,0,0,0,9046,0,0,0,13394,0,0,1,42768,0,0,0,1914,0,0,0,15690,0,0
7,100028678,rs762212189,C,G,gnomAD Exomes,PASS,NA,p.Pro346Arg,p.Pro346Arg,c.1037C>G,missense_variant,,1,109408,9.14009944428195E-06,0,0,0,7164,0,0,0,17112,0,0,0,2320,0,0,0,9046,0,0,0,13394,0,0,1,42768,0,0,0,1914,0,0,0,15690,0,0
7,100028681,rs1353870887,C,T,gnomAD Exomes,PASS,NA,p.Pro347Leu,p.Pro347Leu,c.1040C>T,missense_variant,,1,109408,9.14009944428195E-06,0,0,0,7164,0,0,0,17112,0,0,0,2320,0,0,0,9046,0,0,0,13394,0,0,1,42768,0,0,0,1914,0,0,0,15690,0,0
7,100028683,rs1230290484,G,T,gnomAD Exomes,PASS,NA,p.Ala348Ser,p.Ala348Ser,c.1042G>T,missense_variant,,1,109404,9.14043362217103E-06,0,0,0,7164,0,0,0,17112,0,0,0,2320,0,0,0,9046,0,0,0,13390,0,0,0,42768,0,0,0,1914,0,0,1,15690,0,0
7,100028690,rs1482654653,C,T,gnomAD Exomes,PASS,NA,p.Ser350Leu,p.Ser350Leu,c.1049C>T,missense_variant,,1,109408,9.14009944428195E-06,0,0,0,7164,0,0,0,17112,0,0,0,2320,0,0,0,9046,0,0,0,13394,0,0,0,42768,0,0,1,1914,0,0,0,15690,0,0
7,100028695,rs1202941549,A,T,gnomAD Exomes,PASS,NA,p.Ile352Phe,p.Ile352Phe,c.1054A>T,missense_variant,,1,109406,9.14026653017202E-06,0,0,0,7164,0,0,0,17110,0,0,0,2320,0,0,0,9046,0,0,1,13394,0,0,0,42768,0,0,0,1914,0,0,0,15690,0,0
7,100028705,rs1186991740,C,T,gnomAD Exomes,PASS,NA,p.Pro355Leu,p.Pro355Leu,c.1064C>T,missense_variant,,1,109408,9.14009944428195E-06,0,0,1,7164,0,0,0,17112,0,0,0,2320,0,0,0,9046,0,0,0,13394,0,0,0,42768,0,0,0,1914,0,0,0,15690,0,0
7,100028711,rs367969459,C,T,gnomAD Exomes,PASS,NA,p.Ser357Phe,p.Ser357Phe,c.1070C>T,missense_variant,,2,109408,1.82801988885639E-05,0,0,0,7164,0,0,0,17112,0,0,0,2320,0,0,0,9046,0,0,2,13394,0,0,0,42768,0,0,0,1914,0,0,0,15690,0,0
7,100028712,rs758138319,TTCC,T,gnomAD Exomes,PASS,NA,p.Ser360del,p.Ser360del,c.1078_1080delTCC,inframe_deletion,,1,109408,9.14009944428195E-06,0,0,0,7164,0,0,0,17112,0,0,0,2320,0,0,0,9046,0,0,0,13394,0,0,1,42768,0,0,0,1914,0,0,0,15690,0,0
7,100028722,rs766081460,C,G,gnomAD Exomes,PASS,NA,p.Arg361Gly,p.Arg361Gly,c.1081C>G,missense_variant,,1,109406,9.14026653017202E-06,0,0,0,7164,0,0,0,17112,0,0,0,2320,0,0,0,9046,0,0,0,13392,0,0,0,42768,0,0,0,1914,0,0,1,15690,0,0
7,100028744,rs754577767,C,T,gnomAD Exomes,PASS,NA,p.Thr368Ile,p.Thr368Ile,c.1103C>T,missense_variant,,2,109396,1.82822041025266E-05,0,0,0,7164,0,0,0,17110,0,0,0,2320,0,0,0,9046,0,0,0,13386,0,0,0,42766,0,0,0,1914,0,0,2,15690,0,0
7,100028761,rs565647638,G,T,gnomAD Exomes,PASS,NA,p.Ala374Ser,p.Ala374Ser,c.1120G>T,missense_variant,,6,109394,5.48476150428725E-05,0,0,4,7164,0,0,2,17112,0,0,0,2320,0,0,0,9046,0,0,0,13382,0,0,0,42766,0,0,0,1914,0,0,0,15690,0,0
7,100028767,rs201654959,G,T,gnomAD Exomes,PASS,NA,p.Ala376Ser,p.Ala376Ser,c.1126G>T,missense_variant,,1,109386,9.14193772512022E-06,0,0,1,7164,0,0,0,17112,0,0,0,2320,0,0,0,9046,0,0,0,13376,0,0,0,42764,0,0,0,1914,0,0,0,15690,0,0
7,100028779,rs371546201,G,T,gnomAD Exomes,PASS,NA,p.Gly380Cys,p.Gly380Cys,c.1138G>T,missense_variant,,1,109388,9.14177057812557E-06,0,0,0,7164,0,0,0,17112,0,0,0,2320,0,0,0,9046,0,0,0,13380,0,0,1,42762,0,0,0,1914,0,0,0,15690,0,0
7,100028783,rs376118165,A,G,gnomAD Exomes,PASS,NA,p.Gln381Arg,p.Gln381Arg,c.1142A>G,missense_variant,,1,109380,9.1424392027793E-06,0,0,1,7164,0,0,0,17112,0,0,0,2320,0,0,0,9046,0,0,0,13382,0,0,0,42752,0,0,0,1914,0,0,0,15690,0,0
7,100028785,rs146630304,G,A,gnomAD Exomes,PASS,NA,p.Gly382Ser,p.Gly382Ser,c.1144G>A,missense_variant,,17,109380,0.000155421466447,0,0,0,7164,0,0,0,17112,0,0,0,2320,0,0,1,9046,0,0,0,13382,0,0,5,42752,0,0,0,1914,0,0,11,15690,0,0
7,100028804,rs1189456165,G,C,gnomAD Exomes,PASS,NA,p.Arg388Pro,p.Arg388Pro,c.1163G>C,missense_variant,,1,109352,9.14478015948497E-06,0,0,0,7160,0,0,0,17110,0,0,0,2318,0,0,0,9046,0,0,0,13384,0,0,1,42730,0,0,0,1914,0,0,0,15690,0,0
7,100028806,rs200632337,G,C,gnomAD Exomes,PASS,NA,p.Gly389Arg,p.Gly389Arg,c.1165G>C,missense_variant,,1,109340,9.14578379367112E-06,0,0,0,7160,0,0,0,17112,0,0,0,2320,0,0,0,9046,0,0,0,13384,0,0,0,42714,0,0,0,1914,0,0,1,15690,0,0
7,100028807,rs1448025333,G,C,gnomAD Exomes,PASS,NA,p.Gly389Ala,p.Gly389Ala,c.1166G>C,missense_variant,,1,109340,9.14578379367112E-06,0,0,0,7158,0,0,0,17112,0,0,0,2320,0,0,0,9046,0,0,0,13380,0,0,1,42720,0,0,0,1914,0,0,0,15690,0,0
7,100028818,rs760546814,G,GGCC,gnomAD Exomes,PASS,NA,p.Arg394dup,p.Arg394dup,c.1181_1183dupGCC,inframe_insertion,,2,109322,1.82945793161486E-05,0,0,0,7158,0,0,0,17112,0,0,0,2318,0,0,2,9046,0,0,0,13390,0,0,0,42694,0,0,0,1914,0,0,0,15690,0,0
7,100028822,rs753557092,G,GCCA,gnomAD Exomes,PASS,NA,p.His399dup,p.His399dup,c.1196_1198dupACC,inframe_insertion,,5,108656,4.60167869238698E-05,0,0,1,7130,0,0,1,17064,0,0,0,2308,0,0,0,9026,0,0,0,13074,0,0,2,42528,0,0,1,1900,0,0,0,15626,0,0
7,100028825,rs760815358,A,G,gnomAD Exomes,PASS,NA,p.His395Arg,p.His395Arg,c.1184A>G,missense_variant,,1,108690,9.20047842487809E-06,0,0,0,7130,0,0,0,17076,0,0,0,2308,0,0,0,9024,0,0,0,13094,0,0,1,42508,0,0,0,1900,0,0,0,15650,0,0
7,100028827,rs1399440378,C,T,gnomAD Exomes,PASS,NA,p.His396Tyr,p.His396Tyr,c.1186C>T,missense_variant,,1,109334,9.14628569337992E-06,0,0,0,7160,0,0,1,17110,0,0,0,2314,0,0,0,9046,0,0,0,13392,0,0,0,42714,0,0,0,1908,0,0,0,15690,0,0
7,100028837,rs200815895,A,C,gnomAD Exomes,PASS,NA,p.His399Pro,p.His399Pro,c.1196A>C,missense_variant,,1,109388,9.14177057812557E-06,0,0,1,7164,0,0,0,17106,0,0,0,2320,0,0,0,9046,0,0,0,13394,0,0,0,42754,0,0,0,1914,0,0,0,15690,0,0
7,100028837,rs200815895,A,G,gnomAD Exomes,PASS,NA,p.His399Arg,p.His399Arg,c.1196A>G,missense_variant,,2,109388,1.82835411562511E-05,0,0,0,7164,0,0,0,17106,0,0,0,2320,0,0,0,9046,0,0,0,13394,0,0,2,42754,0,0,0,1914,0,0,0,15690,0,0
7,100028865,rs753741279,GCAA,G,gnomAD Exomes,PASS,NA,p.Gln410del,p.Gln410del,c.1227_1229delACA,inframe_deletion,,1,109398,9.14093493482513E-06,0,0,0,7164,0,0,1,17106,0,0,0,2320,0,0,0,9046,0,0,0,13394,0,0,0,42764,0,0,0,1914,0,0,0,15690,0,0
7,100028884,rs747297073,T,C,gnomAD Exomes,PASS,NA,p.Tyr415His,p.Tyr415His,c.1243T>C,missense_variant,,1,109400,9.14076782449726E-06,0,0,0,7164,0,0,0,17106,0,0,0,2320,0,0,0,9046,0,0,0,13394,0,0,0,42766,0,0,0,1914,0,0,1,15690,0,0
7,100028894,rs1196673754,A,T,gnomAD Genomes,NA,PASS,p.Tyr418Phe,p.Tyr418Phe,c.1253A>T,missense_variant,,1,10870,9.19963201471941E-05,0,0,0,2574,0,0,0,246,0,0,0,38,0,0,0,914,0,0,0,1162,0,0,1,5512,0,0,0,424,0,0,0,0,0,0
7,100028905,rs1433044717,T,A,gnomAD Exomes,PASS,NA,p.Tyr422Asn,p.Tyr422Asn,c.1264T>A,missense_variant,,1,109404,9.14043362217103E-06,0,0,0,7164,0,0,0,17108,0,0,0,2320,0,0,0,9046,0,0,1,13394,0,0,0,42768,0,0,0,1914,0,0,0,15690,0,0
7,100028918,rs1159306565,A,G,gnomAD Exomes,PASS,NA,p.Asn426Ser,p.Asn426Ser,c.1277A>G,missense_variant,,1,109404,9.14043362217103E-06,0,0,0,7164,0,0,0,17108,0,0,0,2320,0,0,0,9046,0,0,0,13394,0,0,0,42768,0,0,0,1914,0,0,1,15690,0,0
7,100028920,rs773633631,C,A,gnomAD Exomes,PASS,NA,p.Pro427Thr,p.Pro427Thr,c.1279C>A,missense_variant,,1,109404,9.14043362217103E-06,0,0,0,7162,0,0,0,17110,0,0,0,2320,0,0,0,9046,0,0,0,13394,0,0,1,42768,0,0,0,1914,0,0,0,15690,0,0
7,100028924,rs535240966,C,T,gnomAD Exomes,PASS,NA,p.Ser428Phe,p.Ser428Phe,c.1283C>T,missense_variant,,1,109400,9.14076782449726E-06,0,0,0,7160,0,0,0,17108,0,0,0,2320,0,0,1,9046,0,0,0,13394,0,0,0,42768,0,0,0,1914,0,0,0,15690,0,0
7,100028926,rs774855291,T,G,gnomAD Exomes,PASS,NA,p.Cys429Gly,p.Cys429Gly,c.1285T>G,missense_variant,,1,109402,9.14060072027934E-06,0,0,0,7160,0,0,0,17110,0,0,0,2320,0,0,0,9046,0,0,0,13394,0,0,1,42768,0,0,0,1914,0,0,0,15690,0,0
7,100028930,rs759270377,A,G,gnomAD Exomes,PASS,NA,p.Glu430Gly,p.Glu430Gly,c.1289A>G,missense_variant,,1,109406,9.14026653017202E-06,0,0,0,7164,0,0,0,17110,0,0,0,2320,0,0,0,9046,0,0,0,13394,0,0,1,42768,0,0,0,1914,0,0,0,15690,0,0
7,100028968,rs201488485,C,T,gnomAD Genomes,NA,PASS,p.Arg443Trp,p.Arg443Trp,c.1327C>T,missense_variant,,1,10874,9.19624793084421E-05,0,0,0,2570,0,0,0,246,0,0,0,38,0,0,1,916,0,0,0,1162,0,0,0,5518,0,0,0,424,0,0,0,0,0,0
7,100028999,rs376696845,A,G,gnomAD Exomes,PASS,NA,p.Asn453Ser,p.Asn453Ser,c.1358A>G,missense_variant,,6,109406,5.48415991810321E-05,0,0,0,7164,0,0,4,17112,0,0,0,2320,0,0,0,9046,0,0,0,13394,0,0,2,42766,0,0,0,1914,0,0,0,15690,0,0
7,100029030,rs758521862,C,G,gnomAD Exomes,PASS,NA,p.Cys463Trp,p.Cys463Trp,c.1389C>G,missense_variant,,1,109404,9.14043362217103E-06,0,0,1,7164,0,0,0,17112,0,0,0,2320,0,0,0,9046,0,0,0,13392,0,0,0,42766,0,0,0,1914,0,0,0,15690,0,0
7,100029047,rs201598418,G,T,gnomAD Exomes,PASS,NA,p.Arg469Leu,p.Arg469Leu,c.1406G>T,missense_variant,,28,109390,0.000255964896243,0,0,0,7164,0,0,26,17112,0,0,0,2320,0,0,0,9046,0,0,0,13380,0,0,0,42764,0,0,2,1914,0,0,0,15690,0,0
7,100029102,rs772447545,C,G,gnomAD Exomes,PASS,NA,p.Ile487Met,p.Ile487Met,c.1461C>G,missense_variant,,1,109360,9.1441111923921E-06,0,0,0,7160,0,0,0,17110,0,0,0,2320,0,0,0,9046,0,0,0,13358,0,0,1,42762,0,0,0,1914,0,0,0,15690,0,0
7,100029112,rs1256377268,C,T,gnomAD Exomes,PASS,NA,p.Leu491Phe,p.Leu491Phe,c.1471C>T,missense_variant,,1,109330,9.14662032379036E-06,0,0,0,7162,0,0,0,17112,0,0,0,2320,0,0,0,9046,0,0,1,13326,0,0,0,42762,0,0,0,1912,0,0,0,15690,0,0
7,100029118,rs760359901,G,A,gnomAD Exomes,PASS,NA,p.Glu493Lys,p.Glu493Lys,c.1477G>A,missense_variant,,1,109242,9.15398839274272E-06,0,0,0,7160,0,0,0,17110,0,0,0,2320,0,0,0,9046,0,0,0,13244,0,0,1,42760,0,0,0,1912,0,0,0,15690,0,0
7,100029146,rs765110996,T,G,gnomAD Exomes,PASS,NA,p.Leu502Trp,p.Leu502Trp,c.1505T>G,missense_variant,,6,109148,5.49712317220654E-05,0,0,0,7162,0,0,0,17108,0,0,0,2320,0,0,0,9046,0,0,0,13150,0,0,0,42764,0,0,0,1910,0,0,6,15688,0,0
7,100029158,rs138419294,C,T,gnomAD Exomes,PASS,NA,p.Pro506Leu,p.Pro506Leu,c.1517C>T,missense_variant,,2,108956,1.83560336282536E-05,0,0,1,7162,0,0,0,17106,0,0,0,2320,0,0,0,9046,0,0,0,12964,0,0,1,42764,0,0,0,1904,0,0,0,15690,0,0
7,100029175,rs1040242810,G,C,gnomAD Exomes,PASS,NA,p.Glu512Gln,p.Glu512Gln,c.1534G>C,missense_variant,,1,108880,9.1844232182219E-06,0,0,0,7162,0,0,0,17106,0,0,0,2320,0,0,0,9046,0,0,0,12888,0,0,1,42764,0,0,0,1906,0,0,0,15688,0,0
7,100029185,rs563520793,C,A,gnomAD Exomes,PASS,NA,p.Thr515Asn,p.Thr515Asn,c.1544C>A,missense_variant,,4,108720,3.67917586460633E-05,0,0,0,7154,0,0,0,17100,0,0,0,2320,0,0,0,9040,0,0,0,12752,0,0,0,42760,0,0,0,1906,0,0,4,15688,0,0
7,100029190,rs757866506,G,A,gnomAD Exomes,PASS,NA,p.Val517Ile,p.Val517Ile,c.1549G>A,missense_variant,,2,108568,1.84216343674011E-05,0,0,0,7156,0,0,2,17100,0,0,0,2320,0,0,0,9040,0,0,0,12600,0,0,0,42760,0,0,0,1904,0,0,0,15688,0,0
7,100029194,rs1187740390,G,A,gnomAD Exomes,PASS,NA,p.Arg518Gln,p.Arg518Gln,c.1553G>A,missense_variant,,0,108510,0,0,0,0,7154,0,0,0,17098,0,0,0,2320,0,0,0,9038,0,0,0,12552,0,0,0,42756,0,0,0,1904,0,0,0,15688,0,0
7,100029197,rs748032989,AGAG,A,gnomAD Exomes,PASS,NA,p.Arg520del,p.Arg520del,c.1560_1562delGAG,inframe_deletion,,2,108490,1.8434878790672E-05,0,0,0,7156,0,0,0,17100,0,0,0,2320,0,0,0,9036,0,0,0,12538,0,0,2,42748,0,0,0,1904,0,0,0,15688,0,0
7,100029242,rs1268813754,T,C,gnomAD Exomes,PASS,NA,p.Ile534Thr,p.Ile534Thr,c.1601T>C,missense_variant,,1,105324,9.4945121719646E-06,0,0,0,7082,0,0,0,17058,0,0,0,2320,0,0,0,8994,0,0,0,9686,0,0,1,42656,0,0,0,1882,0,0,0,15646,0,0
7,100029245,rs1468416294,C,G,gnomAD Genomes,NA,PASS,p.Ala535Gly,p.Ala535Gly,c.1604C>G,missense_variant,,1,10874,9.19624793084421E-05,0,0,0,2574,0,0,0,246,0,0,0,38,0,0,0,916,0,0,0,1162,0,0,1,5514,0,0,0,424,0,0,0,0,0,0
7,100029251,rs1220321385,C,A,gnomAD Exomes,PASS,NA,p.Pro537His,p.Pro537His,c.1610C>A,missense_variant,,1,104378,9.58056295387917E-06,0,0,0,7076,0,0,0,17048,0,0,0,2320,0,0,0,8982,0,0,0,8808,0,0,1,42626,0,0,0,1882,0,0,0,15636,0,0
7,100029272,rs764696671,C,T,gnomAD Exomes,PASS,NA,p.Ala544Val,p.Ala544Val,c.1631C>T,missense_variant,,2,101338,1.9735933213602E-05,0,0,0,7020,0,0,1,16978,0,0,0,2290,0,0,1,8936,0,0,0,6438,0,0,0,42292,0,0,0,1856,0,0,0,15528,0,0
7,100030542,rs751970345,G,A,gnomAD Exomes,PASS,NA,p.Gly558Ser,p.Gly558Ser,c.1672G>A,missense_variant,,1,109360,9.1441111923921E-06,0,0,0,7162,0,0,1,17106,0,0,0,2320,0,0,0,9046,0,0,0,13390,0,0,0,42736,0,0,0,1912,0,0,0,15688,0,0
7,100030555,rs371718870,T,C,gnomAD Exomes,PASS,NA,p.Leu562Pro,p.Leu562Pro,c.1685T>C,missense_variant,,103,109382,0.000941654019857,1,0,0,7162,0,0,0,17106,0,0,0,2320,0,0,0,9046,0,0,0,13392,0,0,0,42752,0,0,2,1914,0,0,101,15690,1,0
7,100030561,rs748805752,G,A,gnomAD Exomes,PASS,NA,p.Arg564Gln,p.Arg564Gln,c.1691G>A,missense_variant,,3,109384,2.74263146346815E-05,0,0,0,7164,0,0,0,17106,0,0,0,2320,0,0,0,9046,0,0,0,13392,0,0,3,42752,0,0,0,1914,0,0,0,15690,0,0
7,100030615,rs200021429,G,A,gnomAD Exomes,PASS,NA,p.Ser582Asn,p.Ser582Asn,c.1745G>A,missense_variant,,2,109400,1.82815356489945E-05,0,0,0,7164,0,0,0,17104,0,0,0,2320,0,0,0,9046,0,0,0,13394,0,0,2,42768,0,0,0,1914,0,0,0,15690,0,0
7,100030671,rs763124873,C,T,gnomAD Exomes,PASS,NA,p.Arg601Cys,p.Arg601Cys,c.1801C>T,missense_variant,,1,109402,9.14060072027934E-06,0,0,1,7162,0,0,0,17108,0,0,0,2320,0,0,0,9046,0,0,0,13394,0,0,0,42768,0,0,0,1914,0,0,0,15690,0,0
7,100030684,rs202198941,G,A,"gnomAD Exomes,gnomAD Genomes",PASS,PASS,p.Arg605Gln,p.Arg605Gln,c.1814G>A,missense_variant,,29,120274,0.000241116118197,0,0,0,9732,0,0,0,17354,0,0,0,2358,0,0,4,9960,0,0,0,14554,0,0,6,48288,0,0,0,2338,0,0,19,15690,0,0
7,100030693,rs377015738,G,A,gnomAD Exomes,PASS,NA,p.Arg608His,p.Arg608His,c.1823G>A,missense_variant,,4,109404,3.65617344886841E-05,0,0,1,7164,0,0,1,17108,0,0,0,2320,0,0,0,9046,0,0,0,13394,0,0,2,42768,0,0,0,1914,0,0,0,15690,0,0
7,100030695,rs755809918,C,T,gnomAD Exomes,PASS,NA,p.Pro609Ser,p.Pro609Ser,c.1825C>T,missense_variant,,1,109404,9.14043362217103E-06,0,0,0,7164,0,0,0,17108,0,0,0,2320,0,0,0,9046,0,0,0,13394,0,0,1,42768,0,0,0,1914,0,0,0,15690,0,0
7,100030699,rs777446846,G,C,gnomAD Exomes,PASS,NA,p.Gly610Ala,p.Gly610Ala,c.1829G>C,missense_variant,,1,109402,9.14060072027934E-06,0,0,1,7164,0,0,0,17108,0,0,0,2320,0,0,0,9046,0,0,0,13392,0,0,0,42768,0,0,0,1914,0,0,0,15690,0,0
7,100030756,rs1260500724,T,C,gnomAD Genomes,NA,PASS,p.Leu629Pro,p.Leu629Pro,c.1886T>C,missense_variant,,1,10872,9.19793966151582E-05,0,0,0,2572,0,0,0,246,0,0,0,38,0,0,0,916,0,0,0,1162,0,0,1,5516,0,0,0,422,0,0,0,0,0,0
7,100030923,rs143746214,A,G,"gnomAD Exomes,gnomAD Genomes",PASS,PASS,p.Lys643Arg,p.Lys643Arg,c.1928A>G,missense_variant,,8,120276,6.6513685190728E-05,0,0,8,9738,0,0,0,17346,0,0,0,2358,0,0,0,9962,0,0,0,14556,0,0,0,48288,0,0,0,2338,0,0,0,15690,0,0
7,100030929,rs754142254,A,G,gnomAD Exomes,PASS,NA,p.Glu645Gly,p.Glu645Gly,c.1934A>G,missense_variant,,1,109398,9.14093493482513E-06,0,0,0,7164,0,0,1,17102,0,0,0,2320,0,0,0,9046,0,0,0,13394,0,0,0,42768,0,0,0,1914,0,0,0,15690,0,0
7,100030938,rs750057861,G,A,gnomAD Exomes,PASS,NA,p.Ser648Asn,p.Ser648Asn,c.1943G>A,missense_variant,,1,109400,9.14076782449726E-06,0,0,0,7164,0,0,0,17104,0,0,0,2320,0,0,0,9046,0,0,0,13394,0,0,0,42768,0,0,0,1914,0,0,1,15690,0,0
7,100030941,rs542187478,C,G,gnomAD Exomes,PASS,NA,p.Ser649Cys,p.Ser649Cys,c.1946C>G,missense_variant,,15,109400,0.000137111517367,0,0,0,7164,0,0,0,17104,0,0,0,2320,0,0,0,9046,0,0,0,13394,0,0,0,42768,0,0,0,1914,0,0,15,15690,0,0
7,100030950,rs147182457,C,T,gnomAD Exomes,PASS,NA,p.Thr652Ile,p.Thr652Ile,c.1955C>T,missense_variant,,1,109400,9.14076782449726E-06,0,0,1,7164,0,0,0,17104,0,0,0,2320,0,0,0,9046,0,0,0,13394,0,0,0,42768,0,0,0,1914,0,0,0,15690,0,0
7,100030999,rs1430442378,C,G,gnomAD Exomes,PASS,NA,p.His668Gln,p.His668Gln,c.2004C>G,missense_variant,,1,109398,9.14093493482513E-06,0,0,0,7164,0,0,0,17104,0,0,0,2320,0,0,1,9046,0,0,0,13394,0,0,0,42766,0,0,0,1914,0,0,0,15690,0,0
7,100031160,rs773706904,C,T,gnomAD Exomes,PASS,NA,p.Arg685Ter,p.Arg685Ter,c.2053C>T,stop_gained,lc_lof,1,109374,9.14294073545815E-06,0,0,0,7164,0,0,1,17098,0,0,0,2320,0,0,0,9046,0,0,0,13392,0,0,0,42754,0,0,0,1914,0,0,0,15686,0,0
7,100031161,rs762750018,G,A,gnomAD Exomes,PASS,NA,p.Arg685Gln,p.Arg685Gln,c.2054G>A,missense_variant,,2,109368,1.82868846463316E-05,0,0,0,7164,0,0,1,17098,0,0,0,2320,0,0,0,9046,0,0,0,13392,0,0,1,42752,0,0,0,1914,0,0,0,15682,0,0
7,100031173,rs140507850,A,G,gnomAD Exomes,PASS,NA,p.His689Arg,p.His689Arg,c.2066A>G,missense_variant,,3,109376,2.7428320655354E-05,0,0,3,7164,0,0,0,17092,0,0,0,2318,0,0,0,9046,0,0,0,13394,0,0,0,42766,0,0,0,1914,0,0,0,15682,0,0
