Chromosome,Position,rsID,Reference,Alternate,Source,Filters - exomes,Filters - genomes,Consequence,Protein Consequence,Transcript Consequence,Annotation,Flags,Allele Count,Allele Number,Allele Frequency,Homozygote Count,Hemizygote Count,Allele Count African,Allele Number African,Homozygote Count African,Hemizygote Count African,Allele Count Latino,Allele Number Latino,Homozygote Count Latino,Hemizygote Count Latino,Allele Count Ashkenazi Jewish,Allele Number Ashkenazi Jewish,Homozygote Count Ashkenazi Jewish,Hemizygote Count Ashkenazi Jewish,Allele Count East Asian,Allele Number East Asian,Homozygote Count East Asian,Hemizygote Count East Asian,Allele Count European (Finnish),Allele Number European (Finnish),Homozygote Count European (Finnish),Hemizygote Count European (Finnish),Allele Count European (non-Finnish),Allele Number European (non-Finnish),Homozygote Count European (non-Finnish),Hemizygote Count European (non-Finnish),Allele Count Other,Allele Number Other,Homozygote Count Other,Hemizygote Count Other,Allele Count South Asian,Allele Number South Asian,Homozygote Count South Asian,Hemizygote Count South Asian
1,150459927,rs1240194764,A,T,gnomAD Exomes,PASS,NA,p.Met1?,p.Met1?,c.1A>T,start_lost,,1,109406,9.14026653017202E-06,0,0,0,7162,0,0,0,17112,0,0,0,2320,0,0,0,9046,0,0,0,13394,0,0,1,42768,0,0,0,1914,0,0,0,15690,0,0
1,150459929,rs1292450331,G,A,gnomAD Genomes,NA,PASS,p.Met1?,p.Met1?,c.3G>A,start_lost,,1,10876,9.19455682236116E-05,0,0,0,2570,0,0,0,246,0,0,0,38,0,0,0,914,0,0,0,1162,0,0,1,5522,0,0,0,424,0,0,0,0,0,0
1,150459930,rs756811374,G,A,gnomAD Exomes,PASS,NA,p.Ala2Thr,p.Ala2Thr,c.4G>A,missense_variant,,1,109406,9.14026653017202E-06,0,0,0,7162,0,0,0,17112,0,0,0,2320,0,0,1,9046,0,0,0,13394,0,0,0,42768,0,0,0,1914,0,0,0,15690,0,0
1,150459930,rs756811374,G,C,gnomAD Exomes,PASS,NA,p.Ala2Pro,p.Ala2Pro,c.4G>C,missense_variant,,1,109406,9.14026653017202E-06,0,0,0,7162,0,0,0,17112,0,0,0,2320,0,0,0,9046,0,0,0,13394,0,0,0,42768,0,0,0,1914,0,0,1,15690,0,0
1,150459937,rs116587387,A,G,gnomAD Exomes,PASS,NA,p.Tyr4Cys,p.Tyr4Cys,c.11A>G,missense_variant,,1,109408,9.14009944428195E-06,0,0,0,7164,0,0,0,17112,0,0,0,2320,0,0,1,9046,0,0,0,13394,0,0,0,42768,0,0,0,1914,0,0,0,15690,0,0
1,150459937,rs116587387,A,T,gnomAD Exomes,PASS,NA,p.Tyr4Phe,p.Tyr4Phe,c.11A>T,missense_variant,,1,109408,9.14009944428195E-06,0,0,0,7164,0,0,1,17112,0,0,0,2320,0,0,0,9046,0,0,0,13394,0,0,0,42768,0,0,0,1914,0,0,0,15690,0,0
1,150459952,rs1283746347,G,C,gnomAD Exomes,PASS,NA,p.Cys9Ser,p.Cys9Ser,c.26G>C,missense_variant,,2,109408,1.82801988885639E-05,0,0,0,7164,0,0,0,17112,0,0,0,2320,0,0,1,9046,0,0,0,13394,0,0,1,42768,0,0,0,1914,0,0,0,15690,0,0
1,150459964,rs781611900,A,C,gnomAD Exomes,PASS,NA,p.Gln13Pro,p.Gln13Pro,c.38A>C,missense_variant,,1,109406,9.14026653017202E-06,0,0,0,7162,0,0,0,17112,0,0,0,2320,0,0,0,9046,0,0,0,13394,0,0,1,42768,0,0,0,1914,0,0,0,15690,0,0
1,150459975,rs367864616,G,A,"gnomAD Exomes,gnomAD Genomes",PASS,PASS,p.Ala17Thr,p.Ala17Thr,c.49G>A,missense_variant,,9,120288,7.48204309656823E-05,0,0,1,9736,0,0,2,17358,0,0,0,2358,0,0,0,9962,0,0,0,14556,0,0,5,48290,0,0,1,2338,0,0,0,15690,0,0
1,150459981,rs1448452377,A,G,gnomAD Exomes,PASS,NA,p.Arg19Gly,p.Arg19Gly,c.55A>G,missense_variant,,1,109404,9.14043362217103E-06,0,0,1,7164,0,0,0,17110,0,0,0,2320,0,0,0,9046,0,0,0,13394,0,0,0,42766,0,0,0,1914,0,0,0,15690,0,0
1,150459987,rs748959322,C,T,"gnomAD Exomes,gnomAD Genomes",PASS,PASS,p.His21Tyr,p.His21Tyr,c.61C>T,missense_variant,,12,120284,9.9763892121978E-05,0,0,0,9736,0,0,1,17354,0,0,0,2358,0,0,1,9962,0,0,0,14556,0,0,10,48290,0,0,0,2338,0,0,0,15690,0,0
1,150459991,rs587694786,C,A,gnomAD Exomes,PASS,NA,p.Thr22Lys,p.Thr22Lys,c.65C>A,missense_variant,,2,109396,1.82822041025266E-05,0,0,0,7158,0,0,2,17110,0,0,0,2320,0,0,0,9044,0,0,0,13392,0,0,0,42768,0,0,0,1914,0,0,0,15690,0,0
1,150459991,rs587694786,C,G,gnomAD Exomes,PASS,NA,p.Thr22Arg,p.Thr22Arg,c.65C>G,missense_variant,,2,109396,1.82822041025266E-05,0,0,0,7158,0,0,0,17110,0,0,0,2320,0,0,0,9044,0,0,0,13392,0,0,2,42768,0,0,0,1914,0,0,0,15690,0,0
1,150460337,rs775772254,G,T,gnomAD Exomes,PASS,NA,p.Val24Phe,p.Val24Phe,c.70G>T,missense_variant,,2,109284,1.83009406683504E-05,0,0,0,7160,0,0,0,17030,0,0,0,2314,0,0,2,9046,0,0,0,13390,0,0,0,42746,0,0,0,1914,0,0,0,15684,0,0
1,150460350,rs764903173,C,T,"gnomAD Exomes,gnomAD Genomes",PASS,PASS,p.Pro28Leu,p.Pro28Leu,c.83C>T,missense_variant,,2,120262,1.66303570537659E-05,0,0,0,9734,0,0,0,17352,0,0,0,2356,0,0,2,9962,0,0,0,14556,0,0,0,48276,0,0,0,2338,0,0,0,15688,0,0
1,150460355,rs375391784,C,T,gnomAD Exomes,PASS,NA,p.Arg30Cys,p.Arg30Cys,c.88C>T,missense_variant,,5,109380,4.57121960138965E-05,0,0,0,7162,0,0,1,17102,0,0,0,2316,0,0,0,9046,0,0,0,13394,0,0,4,42758,0,0,0,1914,0,0,0,15688,0,0
1,150460373,rs369740090,C,G,gnomAD Exomes,PASS,NA,p.Leu36Val,p.Leu36Val,c.106C>G,missense_variant,,2,109194,1.83160246900013E-05,0,0,0,7122,0,0,0,17072,0,0,0,2316,0,0,0,9008,0,0,0,13372,0,0,2,42708,0,0,0,1910,0,0,0,15686,0,0
1,150460384,rs1476785844,T,G,gnomAD Genomes,NA,PASS,p.Phe39Leu,p.Phe39Leu,c.117T>G,missense_variant,,1,10860,9.20810313075506E-05,0,0,1,2566,0,0,0,246,0,0,0,38,0,0,0,914,0,0,0,1162,0,0,0,5514,0,0,0,420,0,0,0,0,0,0
1,150460390,rs1341042777,G,C,gnomAD Exomes,PASS,NA,p.Glu41Asp,p.Glu41Asp,c.123G>C,missense_variant,,1,109404,9.14043362217103E-06,0,0,0,7164,0,0,0,17110,0,0,0,2320,0,0,0,9046,0,0,0,13394,0,0,1,42768,0,0,0,1914,0,0,0,15688,0,0
1,150460426,rs754955081,G,A,gnomAD Exomes,PASS,NA,p.Met53Ile,p.Met53Ile,c.159G>A,missense_variant,,3,109402,2.7421802160838E-05,0,0,0,7162,0,0,1,17110,0,0,1,2320,0,0,0,9044,0,0,0,13394,0,0,0,42768,0,0,1,1914,0,0,0,15690,0,0
1,150460436,rs1389739667,G,A,gnomAD Exomes,PASS,NA,p.Glu57Lys,p.Glu57Lys,c.169G>A,missense_variant,,1,109406,9.14026653017202E-06,0,0,0,7164,0,0,0,17110,0,0,0,2320,0,0,0,9046,0,0,1,13394,0,0,0,42768,0,0,0,1914,0,0,0,15690,0,0
1,150460454,rs778003510,A,T,gnomAD Exomes,PASS,NA,p.Ile63Leu,p.Ile63Leu,c.187A>T,missense_variant,,1,109406,9.14026653017202E-06,0,0,0,7164,0,0,0,17112,0,0,0,2320,0,0,0,9046,0,0,0,13392,0,0,1,42768,0,0,0,1914,0,0,0,15690,0,0
1,150460457,rs749449546,T,C,gnomAD Exomes,PASS,NA,p.Ser64Pro,p.Ser64Pro,c.190T>C,missense_variant,,2,109406,1.8280533060344E-05,0,0,0,7164,0,0,0,17112,0,0,0,2320,0,0,2,9046,0,0,0,13392,0,0,0,42768,0,0,0,1914,0,0,0,15690,0,0
1,150460463,rs778949015,C,T,gnomAD Exomes,PASS,NA,p.Pro66Ser,p.Pro66Ser,c.196C>T,missense_variant,,1,109402,9.14060072027934E-06,0,0,1,7162,0,0,0,17110,0,0,0,2320,0,0,0,9046,0,0,0,13392,0,0,0,42768,0,0,0,1914,0,0,0,15690,0,0
1,150460482,rs1271430404,A,G,gnomAD Exomes,PASS,NA,p.Asp72Gly,p.Asp72Gly,c.215A>G,missense_variant,,1,109408,9.14009944428195E-06,0,0,0,7164,0,0,0,17112,0,0,0,2320,0,0,0,9046,0,0,0,13394,0,0,1,42768,0,0,0,1914,0,0,0,15690,0,0
1,150460503,rs903612468,C,T,gnomAD Exomes,PASS,NA,p.Thr79Ile,p.Thr79Ile,c.236C>T,missense_variant,,1,109376,9.14277355178467E-06,0,0,1,7164,0,0,0,17108,0,0,0,2314,0,0,0,9046,0,0,0,13392,0,0,0,42750,0,0,0,1914,0,0,0,15688,0,0
1,150460505,rs772955002,C,T,gnomAD Exomes,PASS,NA,p.Pro80Ser,p.Pro80Ser,c.238C>T,missense_variant,,5,109378,4.57130318711258E-05,0,0,1,7164,0,0,0,17108,0,0,0,2310,0,0,0,9046,0,0,0,13392,0,0,0,42756,0,0,0,1914,0,0,4,15688,0,0
1,150460514,rs1041235292,C,G,gnomAD Exomes,PASS,NA,p.Leu83Val,p.Leu83Val,c.247C>G,missense_variant,,1,109328,9.14678764817796E-06,0,0,1,7160,0,0,0,17100,0,0,0,2306,0,0,0,9046,0,0,0,13390,0,0,0,42728,0,0,0,1912,0,0,0,15686,0,0
1,150460521,rs1373861474,G,A,gnomAD Exomes,PASS,NA,p.Arg85Gln,p.Arg85Gln,c.254G>A,missense_variant,,1,109294,9.1496330997127E-06,0,0,0,7158,0,0,1,17100,0,0,0,2300,0,0,0,9046,0,0,0,13382,0,0,0,42720,0,0,0,1914,0,0,0,15674,0,0
1,150461457,rs769127347,C,G,gnomAD Exomes,PASS,NA,p.Thr94Ser,p.Thr94Ser,c.281C>G,missense_variant,,1,109378,9.14260637422516E-06,0,0,0,7164,0,0,0,17092,0,0,0,2320,0,0,0,9046,0,0,0,13390,0,0,1,42766,0,0,0,1914,0,0,0,15686,0,0
1,150461465,rs1165480516,G,T,gnomAD Exomes,PASS,NA,p.Ala97Ser,p.Ala97Ser,c.289G>T,missense_variant,,1,109376,9.14277355178467E-06,0,0,0,7164,0,0,0,17088,0,0,0,2320,0,0,0,9046,0,0,1,13392,0,0,0,42768,0,0,0,1914,0,0,0,15684,0,0
1,150461477,rs1262159816,A,G,gnomAD Genomes,NA,PASS,p.Asn101Asp,p.Asn101Asp,c.301A>G,missense_variant,,1,10880,9.19117647058823E-05,0,0,0,2574,0,0,0,246,0,0,0,38,0,0,0,916,0,0,0,1162,0,0,1,5520,0,0,0,424,0,0,0,0,0,0
1,150461481,rs1451301464,G,A,gnomAD Exomes,PASS,NA,p.Gly102Glu,p.Gly102Glu,c.305G>A,missense_variant,,2,109400,1.82815356489945E-05,0,0,0,7164,0,0,2,17104,0,0,0,2320,0,0,0,9046,0,0,0,13394,0,0,0,42768,0,0,0,1914,0,0,0,15690,0,0
1,150461487,rs748985641,C,G,gnomAD Exomes,PASS,NA,p.Pro104Arg,p.Pro104Arg,c.311C>G,missense_variant,,1,109404,9.14043362217103E-06,0,0,0,7164,0,0,0,17110,0,0,0,2320,0,0,0,9046,0,0,0,13392,0,0,1,42768,0,0,0,1914,0,0,0,15690,0,0
1,150461498,rs114986628,G,A,gnomAD Exomes,PASS,NA,p.Glu108Lys,p.Glu108Lys,c.322G>A,missense_variant,,2,109408,1.82801988885639E-05,0,0,0,7164,0,0,1,17112,0,0,0,2320,0,0,0,9046,0,0,0,13394,0,0,1,42768,0,0,0,1914,0,0,0,15690,0,0
1,150461498,rs114986628,G,C,gnomAD Exomes,PASS,NA,p.Glu108Gln,p.Glu108Gln,c.322G>C,missense_variant,,1,109408,9.14009944428195E-06,0,0,0,7164,0,0,0,17112,0,0,0,2320,0,0,0,9046,0,0,0,13394,0,0,1,42768,0,0,0,1914,0,0,0,15690,0,0
1,150461519,rs1189513771,T,A,gnomAD Genomes,NA,PASS,p.Ser115Thr,p.Ser115Thr,c.343T>A,missense_variant,,1,10882,9.18948722661275E-05,0,0,1,2574,0,0,0,246,0,0,0,38,0,0,0,916,0,0,0,1162,0,0,0,5522,0,0,0,424,0,0,0,0,0,0
1,150461552,rs779989637,G,T,gnomAD Exomes,PASS,NA,p.Glu126Ter,p.Glu126Ter,c.376G>T,stop_gained,,1,109408,9.14009944428195E-06,0,0,0,7164,0,0,1,17112,0,0,0,2320,0,0,0,9046,0,0,0,13394,0,0,0,42768,0,0,0,1914,0,0,0,15690,0,0
1,150461552,rs779989637,G,A,gnomAD Exomes,PASS,NA,p.Glu126Lys,p.Glu126Lys,c.376G>A,missense_variant,,2,109408,1.82801988885639E-05,0,0,0,7164,0,0,0,17112,0,0,0,2320,0,0,0,9046,0,0,0,13394,0,0,0,42768,0,0,0,1914,0,0,2,15690,0,0
1,150461562,rs1417286232,C,T,gnomAD Exomes,PASS,NA,p.Ala129Val,p.Ala129Val,c.386C>T,missense_variant,,1,109408,9.14009944428195E-06,0,0,0,7164,0,0,0,17112,0,0,0,2320,0,0,0,9046,0,0,1,13394,0,0,0,42768,0,0,0,1914,0,0,0,15690,0,0
1,150463083,rs1364375302,T,C,gnomAD Exomes,PASS,NA,p.Trp132Arg,p.Trp132Arg,c.394T>C,missense_variant,,1,109030,9.17178758139962E-06,0,0,0,7162,0,0,0,16892,0,0,0,2310,0,0,0,9028,0,0,0,13394,0,0,1,42684,0,0,0,1902,0,0,0,15658,0,0
1,150463087,rs1215196293,A,G,"gnomAD Exomes,gnomAD Genomes",PASS,PASS,p.His133Arg,p.His133Arg,c.398A>G,missense_variant,,2,119778,1.66975571473893E-05,0,0,0,9710,0,0,0,17124,0,0,0,2346,0,0,0,9928,0,0,0,14554,0,0,2,48144,0,0,0,2318,0,0,0,15654,0,0
1,150463096,rs766473525,C,G,"gnomAD Exomes,gnomAD Genomes",PASS,PASS,p.Thr136Ser,p.Thr136Ser,c.407C>G,missense_variant,,3,120198,2.49588179503819E-05,0,0,0,9734,0,0,0,17326,0,0,0,2358,0,0,3,9958,0,0,0,14556,0,0,0,48242,0,0,0,2336,0,0,0,15688,0,0
1,150463096,rs766473525,C,T,gnomAD Exomes,PASS,NA,p.Thr136Ile,p.Thr136Ile,c.407C>T,missense_variant,,1,109338,9.14595108745358E-06,0,0,0,7162,0,0,0,17080,0,0,0,2320,0,0,0,9042,0,0,0,13394,0,0,1,42740,0,0,0,1912,0,0,0,15688,0,0
1,150463137,rs753326607,G,A,gnomAD Exomes,PASS,NA,p.Val150Ile,p.Val150Ile,c.448G>A,missense_variant,,1,109396,9.1411020512633E-06,0,0,0,7164,0,0,0,17106,0,0,0,2320,0,0,1,9046,0,0,0,13394,0,0,0,42764,0,0,0,1912,0,0,0,15690,0,0
1,150463156,rs754212220,G,A,gnomAD Exomes,PASS,NA,p.Ser156Asn,p.Ser156Asn,c.467G>A,missense_variant,,3,109402,2.7421802160838E-05,0,0,0,7164,0,0,1,17110,0,0,0,2320,0,0,0,9046,0,0,0,13394,0,0,1,42764,0,0,1,1914,0,0,0,15690,0,0
1,150463159,rs758088548,C,G,gnomAD Exomes,PASS,NA,p.Thr157Arg,p.Thr157Arg,c.470C>G,missense_variant,,1,109390,9.14160343724289E-06,0,0,0,7164,0,0,0,17102,0,0,0,2320,0,0,1,9044,0,0,0,13394,0,0,0,42762,0,0,0,1914,0,0,0,15690,0,0
1,150463176,rs145588768,C,T,gnomAD Exomes,PASS,NA,p.His163Tyr,p.His163Tyr,c.487C>T,missense_variant,,1,109356,9.14444566370387E-06,0,0,0,7160,0,0,0,17090,0,0,0,2320,0,0,1,9042,0,0,0,13394,0,0,0,42750,0,0,0,1914,0,0,0,15686,0,0
1,150463179,rs780666840,G,T,gnomAD Exomes,PASS,NA,p.Asp164Tyr,p.Asp164Tyr,c.490G>T,missense_variant,,2,109348,1.82902293594762E-05,0,0,1,7162,0,0,0,17082,0,0,0,2320,0,0,0,9038,0,0,0,13394,0,0,1,42752,0,0,0,1912,0,0,0,15688,0,0
1,150463186,rs1353715069,TC,T,gnomAD Exomes,PASS,NA,p.Leu167TrpfsTer32,p.Leu167TrpfsTer32,c.499delC,frameshift_variant,,1,109370,9.1432751211484E-06,0,0,0,7164,0,0,1,17092,0,0,0,2320,0,0,0,9042,0,0,0,13394,0,0,0,42754,0,0,0,1914,0,0,0,15690,0,0
1,150463196,rs1294988361,GGA,G,gnomAD Exomes,PASS,NA,p.Arg171AspfsTer41,p.Arg171AspfsTer41,c.511_512delAG,frameshift_variant,,1,109374,9.14294073545815E-06,0,0,0,7164,0,0,0,17094,0,0,0,2318,0,0,0,9044,0,0,0,13394,0,0,1,42758,0,0,0,1912,0,0,0,15690,0,0
1,150463873,rs1180369141,A,G,gnomAD Exomes,PASS,NA,p.Asn131Asp,p.Asn131Asp,c.391A>G,missense_variant,,1,109408,9.14009944428195E-06,0,0,1,7164,0,0,0,17112,0,0,0,2320,0,0,0,9046,0,0,0,13394,0,0,0,42768,0,0,0,1914,0,0,0,15690,0,0
1,150463877,rs587652229,C,A,gnomAD Exomes,PASS,NA,p.Pro132Gln,p.Pro132Gln,c.395C>A,missense_variant,,1,109408,9.14009944428195E-06,0,0,0,7164,0,0,0,17112,0,0,0,2320,0,0,0,9046,0,0,0,13394,0,0,1,42768,0,0,0,1914,0,0,0,15690,0,0
1,150463877,rs587652229,C,T,gnomAD Exomes,PASS,NA,p.Arg174Trp,p.Arg174Trp,c.520C>T,missense_variant,,2,109408,1.82801988885639E-05,0,0,2,7164,0,0,0,17112,0,0,0,2320,0,0,0,9046,0,0,0,13394,0,0,0,42768,0,0,0,1914,0,0,0,15690,0,0
1,150463881,rs775732635,G,C,gnomAD Exomes,PASS,NA,p.Gly175Ala,p.Gly175Ala,c.524G>C,missense_variant,,2,109408,1.82801988885639E-05,0,0,0,7164,0,0,0,17112,0,0,0,2320,0,0,0,9046,0,0,0,13394,0,0,1,42768,0,0,1,1914,0,0,0,15690,0,0
1,150463901,rs1173222873,G,A,gnomAD Exomes,PASS,NA,p.Glu182Lys,p.Glu182Lys,c.544G>A,missense_variant,,3,109408,2.74202983328459E-05,0,0,0,7164,0,0,0,17112,0,0,0,2320,0,0,0,9046,0,0,0,13394,0,0,0,42768,0,0,0,1914,0,0,3,15690,0,0
1,150463905,rs762368446,G,A,"gnomAD Exomes,gnomAD Genomes",PASS,PASS,p.Arg183Gln,p.Arg183Gln,c.548G>A,missense_variant,,3,120280,2.49418024609245E-05,0,0,1,9738,0,0,0,17358,0,0,0,2358,0,0,0,9960,0,0,0,14556,0,0,2,48282,0,0,0,2338,0,0,0,15690,0,0
1,150463918,rs111335458,A,C,"gnomAD Exomes,gnomAD Genomes",PASS,PASS,p.Glu187Asp,p.Glu187Asp,c.561A>C,missense_variant,,2,120290,1.66264859921855E-05,0,0,2,9738,0,0,0,17358,0,0,0,2358,0,0,0,9962,0,0,0,14556,0,0,0,48290,0,0,0,2338,0,0,0,15690,0,0
1,150463918,rs111335458,AC,A,gnomAD Exomes,PASS,NA,p.Thr189GlnfsTer10,p.Thr189GlnfsTer10,c.562delC,frameshift_variant,,1,109408,9.14009944428195E-06,0,0,0,7164,0,0,0,17112,0,0,0,2320,0,0,0,9046,0,0,0,13394,0,0,0,42768,0,0,0,1914,0,0,1,15690,0,0
1,150463919,rs140418026,C,A,"gnomAD Exomes,gnomAD Genomes",PASS,PASS,p.Leu188Ile,p.Leu188Ile,c.562C>A,missense_variant,,260,120286,0.002161515055784,2,0,0,9736,0,0,0,17358,0,0,0,2358,0,0,0,9962,0,0,233,14556,2,0,23,48288,0,0,4,2338,0,0,0,15690,0,0
1,150463920,rs767110055,T,C,gnomAD Exomes,PASS,NA,p.Leu188Pro,p.Leu188Pro,c.563T>C,missense_variant,,1,109406,9.14026653017202E-06,0,0,0,7164,0,0,0,17112,0,0,0,2320,0,0,0,9046,0,0,0,13394,0,0,1,42768,0,0,0,1914,0,0,0,15688,0,0
1,150463922,rs757831648,A,G,gnomAD Exomes,PASS,NA,p.Thr189Ala,p.Thr189Ala,c.565A>G,missense_variant,,1,109408,9.14009944428195E-06,0,0,0,7164,0,0,0,17112,0,0,0,2320,0,0,0,9046,0,0,0,13394,0,0,1,42768,0,0,0,1914,0,0,0,15690,0,0
1,150463934,rs749327514,C,T,gnomAD Exomes,PASS,NA,p.Arg193Ter,p.Arg193Ter,c.577C>T,stop_gained,,3,109408,2.74202983328459E-05,0,0,0,7164,0,0,0,17112,0,0,0,2320,0,0,0,9046,0,0,1,13394,0,0,2,42768,0,0,0,1914,0,0,0,15690,0,0
1,150463935,rs753782098,G,A,gnomAD Exomes,PASS,NA,p.Arg193Gln,p.Arg193Gln,c.578G>A,missense_variant,,1,109408,9.14009944428195E-06,0,0,0,7164,0,0,0,17112,0,0,0,2320,0,0,0,9046,0,0,0,13394,0,0,1,42768,0,0,0,1914,0,0,0,15690,0,0
1,150463939,rs757164178,C,T,gnomAD Exomes,PASS,NA,p.Leu153Phe,p.Leu153Phe,c.457C>T,missense_variant,,1,109408,9.14009944428195E-06,0,0,0,7164,0,0,0,17112,0,0,0,2320,0,0,0,9046,0,0,0,13394,0,0,1,42768,0,0,0,1914,0,0,0,15690,0,0
1,150463944,rs745637666,G,A,gnomAD Exomes,PASS,NA,p.Arg196Gln,p.Arg196Gln,c.587G>A,missense_variant,,5,109408,4.57004972214098E-05,0,0,0,7164,0,0,2,17112,0,0,0,2320,0,0,0,9046,0,0,0,13394,0,0,3,42768,0,0,0,1914,0,0,0,15690,0,0
1,150463961,rs192883326,C,T,gnomAD Exomes,PASS,NA,p.Arg202Trp,p.Arg202Trp,c.604C>T,missense_variant,,3,109408,2.74202983328459E-05,0,0,1,7164,0,0,2,17112,0,0,0,2320,0,0,0,9046,0,0,0,13394,0,0,0,42768,0,0,0,1914,0,0,0,15690,0,0
1,150463962,rs1213437290,G,A,gnomAD Exomes,PASS,NA,p.Arg202Gln,p.Arg202Gln,c.605G>A,missense_variant,,1,109408,9.14009944428195E-06,0,0,0,7164,0,0,1,17112,0,0,0,2320,0,0,0,9046,0,0,0,13394,0,0,0,42768,0,0,0,1914,0,0,0,15690,0,0
1,150463966,rs1251587024,T,C,gnomAD Exomes,PASS,NA,p.Ser162Pro,p.Ser162Pro,c.484T>C,missense_variant,,1,109408,9.14009944428195E-06,0,0,0,7164,0,0,0,17112,0,0,0,2320,0,0,0,9046,0,0,0,13394,0,0,1,42768,0,0,0,1914,0,0,0,15690,0,0
1,150463973,rs780461008,C,T,gnomAD Exomes,PASS,NA,p.Arg206Cys,p.Arg206Cys,c.616C>T,missense_variant,,1,109408,9.14009944428195E-06,0,0,0,7164,0,0,0,17112,0,0,0,2320,0,0,0,9046,0,0,0,13394,0,0,1,42768,0,0,0,1914,0,0,0,15690,0,0
1,150463974,rs747227004,G,A,gnomAD Exomes,PASS,NA,p.Arg206His,p.Arg206His,c.617G>A,missense_variant,,1,109406,9.14026653017202E-06,0,0,0,7164,0,0,0,17112,0,0,0,2320,0,0,0,9046,0,0,0,13392,0,0,0,42768,0,0,0,1914,0,0,1,15690,0,0
1,150463981,rs768915339,G,A,gnomAD Exomes,PASS,NA,p.Val167Ile,p.Val167Ile,c.499G>A,missense_variant,,1,109408,9.14009944428195E-06,0,0,0,7164,0,0,0,17112,0,0,0,2320,0,0,0,9046,0,0,0,13394,0,0,1,42768,0,0,0,1914,0,0,0,15690,0,0
1,150464092,rs1163654629,C,T,gnomAD Exomes,PASS,NA,p.His217Tyr,p.His217Tyr,c.649C>T,missense_variant,,1,109408,9.14009944428195E-06,0,0,0,7164,0,0,1,17112,0,0,0,2320,0,0,0,9046,0,0,0,13394,0,0,0,42768,0,0,0,1914,0,0,0,15690,0,0
1,150464095,rs779978077,T,A,gnomAD Exomes,PASS,NA,p.Leu218Met,p.Leu218Met,c.652T>A,missense_variant,,1,109408,9.14009944428195E-06,0,0,0,7164,0,0,0,17112,0,0,0,2320,0,0,1,9046,0,0,0,13394,0,0,0,42768,0,0,0,1914,0,0,0,15690,0,0
1,150464120,rs781160301,C,T,gnomAD Exomes,PASS,NA,p.Pro226Leu,p.Pro226Leu,c.677C>T,missense_variant,,2,109400,1.82815356489945E-05,0,0,0,7164,0,0,0,17112,0,0,0,2320,0,0,0,9046,0,0,0,13392,0,0,0,42768,0,0,0,1914,0,0,2,15684,0,0
1,150464134,rs768164726,TATGG,T,gnomAD Exomes,PASS,NA,p.Tyr231CysfsTer23,p.Tyr231CysfsTer23,c.692_695delATGG,frameshift_variant,,1,109394,9.14126917381209E-06,0,0,0,7158,0,0,1,17112,0,0,0,2320,0,0,0,9046,0,0,0,13390,0,0,0,42768,0,0,0,1914,0,0,0,15686,0,0
1,150464140,rs202207199,T,C,gnomAD Exomes,PASS,NA,c.695+2T>C,,c.695+2T>C,splice_donor_variant,,1,109356,9.14444566370387E-06,0,0,1,7156,0,0,0,17094,0,0,0,2320,0,0,0,9046,0,0,0,13380,0,0,0,42768,0,0,0,1914,0,0,0,15678,0,0
1,150464913,rs182013142,A,G,"gnomAD Exomes,gnomAD Genomes",PASS,PASS,p.Gln241Arg,p.Gln241Arg,c.722A>G,missense_variant,,46,120270,0.000382472769602,0,0,0,9732,0,0,0,17358,0,0,0,2358,0,0,46,9962,0,0,0,14556,0,0,0,48278,0,0,0,2336,0,0,0,15690,0,0
1,150464915,rs1226815248,G,A,gnomAD Exomes,PASS,NA,p.Gly242Ser,p.Gly242Ser,c.724G>A,missense_variant,,1,109408,9.14009944428195E-06,0,0,0,7164,0,0,1,17112,0,0,0,2320,0,0,0,9046,0,0,0,13394,0,0,0,42768,0,0,0,1914,0,0,0,15690,0,0
1,150464949,rs372682193,G,A,gnomAD Exomes,PASS,NA,p.Gly253Glu,p.Gly253Glu,c.758G>A,missense_variant,,2,109408,1.82801988885639E-05,0,0,0,7164,0,0,0,17112,0,0,0,2320,0,0,0,9046,0,0,0,13394,0,0,2,42768,0,0,0,1914,0,0,0,15690,0,0
1,150464964,rs145039072,C,T,"gnomAD Exomes,gnomAD Genomes",PASS,PASS,p.Ser258Leu,p.Ser258Leu,c.773C>T,missense_variant,,34,120256,0.000282730175625,0,0,2,9734,0,0,3,17358,0,0,0,2358,0,0,0,9960,0,0,2,14552,0,0,25,48270,0,0,0,2336,0,0,2,15688,0,0
1,150468988,rs770289536,G,A,"gnomAD Exomes,gnomAD Genomes",PASS,PASS,p.Ala269Thr,p.Ala269Thr,c.805G>A,missense_variant,,8,120242,6.65324928061742E-05,0,0,1,9738,0,0,2,17346,0,0,0,2358,0,0,0,9958,0,0,0,14548,0,0,5,48272,0,0,0,2338,0,0,0,15684,0,0
1,150469006,rs1257397788,A,G,gnomAD Genomes,NA,PASS,p.Arg275Gly,p.Arg275Gly,c.823A>G,missense_variant,,1,10872,9.19793966151582E-05,0,0,0,2574,0,0,0,246,0,0,0,38,0,0,0,916,0,0,0,1162,0,0,1,5512,0,0,0,424,0,0,0,0,0,0
1,150469008,rs758762264,A,T,gnomAD Exomes,PASS,NA,p.Arg275Ser,p.Arg275Ser,c.825A>T,missense_variant,,2,109396,1.82822041025266E-05,0,0,0,7164,0,0,0,17106,0,0,0,2320,0,0,1,9046,0,0,0,13390,0,0,0,42766,0,0,0,1914,0,0,1,15690,0,0
1,150469058,rs773941652,C,T,gnomAD Exomes,PASS,NA,p.Ala292Val,p.Ala292Val,c.875C>T,missense_variant,,1,109382,9.14227203744674E-06,0,0,0,7164,0,0,0,17106,0,0,0,2320,0,0,0,9046,0,0,0,13378,0,0,1,42764,0,0,0,1914,0,0,0,15690,0,0
1,150469064,rs745823501,G,A,gnomAD Exomes,PASS,NA,p.Arg294Lys,p.Arg294Lys,c.881G>A,missense_variant,,4,109366,3.65744381251943E-05,0,0,0,7164,0,0,0,17102,0,0,0,2316,0,0,0,9046,0,0,4,13372,0,0,0,42768,0,0,0,1914,0,0,0,15684,0,0
1,150469082,rs1340953841,G,A,gnomAD Genomes,NA,PASS,p.Arg300Gln,p.Arg300Gln,c.899G>A,missense_variant,,1,10870,9.19963201471941E-05,0,0,0,2574,0,0,0,246,0,0,0,38,0,0,1,914,0,0,0,1162,0,0,0,5512,0,0,0,424,0,0,0,0,0,0
1,150469090,rs760438610,C,T,gnomAD Exomes,PASS,NA,p.Arg303Trp,p.Arg303Trp,c.907C>T,missense_variant,,3,109216,2.74685027834749E-05,0,0,0,7164,0,0,0,17078,0,0,0,2312,0,0,1,9046,0,0,0,13342,0,0,0,42706,0,0,0,1912,0,0,2,15656,0,0
1,150469091,rs370560290,G,A,gnomAD Exomes,PASS,NA,p.Arg303Gln,p.Arg303Gln,c.908G>A,missense_variant,,5,109186,4.57934167384097E-05,0,0,0,7164,0,0,5,17070,0,0,0,2312,0,0,0,9046,0,0,0,13328,0,0,0,42694,0,0,0,1910,0,0,0,15662,0,0
1,150469093,rs1355462175,C,T,gnomAD Exomes,PASS,NA,p.Arg304Cys,p.Arg304Cys,c.910C>T,missense_variant,,1,109144,9.16220772557356E-06,0,0,1,7162,0,0,0,17060,0,0,0,2312,0,0,0,9046,0,0,0,13346,0,0,0,42658,0,0,0,1914,0,0,0,15646,0,0
1,150469293,rs772637999,A,C,gnomAD Exomes,PASS,NA,p.Glu310Ala,p.Glu310Ala,c.929A>C,missense_variant,,1,109404,9.14043362217103E-06,0,0,0,7164,0,0,0,17110,0,0,0,2320,0,0,0,9046,0,0,0,13392,0,0,1,42768,0,0,0,1914,0,0,0,15690,0,0
1,150469295,rs767240532,CTCT,C,gnomAD Exomes,PASS,NA,p.Phe314del,p.Phe314del,c.940_942delTTC,inframe_deletion,,0,109396,0,0,0,0,7164,0,0,0,17110,0,0,0,2320,0,0,0,9046,0,0,0,13388,0,0,0,42766,0,0,0,1914,0,0,0,15688,0,0
1,150469332,rs760208518,T,G,gnomAD Exomes,PASS,NA,p.Phe323Cys,p.Phe323Cys,c.968T>G,missense_variant,,1,109406,9.14026653017202E-06,0,0,1,7164,0,0,0,17110,0,0,0,2320,0,0,0,9046,0,0,0,13394,0,0,0,42768,0,0,0,1914,0,0,0,15690,0,0
1,150469350,rs750062460,C,T,gnomAD Exomes,PASS,NA,p.Thr329Ile,p.Thr329Ile,c.986C>T,missense_variant,,1,109406,9.14026653017202E-06,0,0,1,7164,0,0,0,17110,0,0,0,2320,0,0,0,9046,0,0,0,13394,0,0,0,42768,0,0,0,1914,0,0,0,15690,0,0
1,150469359,rs1425721685,A,G,gnomAD Exomes,PASS,NA,p.Tyr332Cys,p.Tyr332Cys,c.995A>G,missense_variant,,1,109404,9.14043362217103E-06,0,0,0,7164,0,0,0,17108,0,0,0,2320,0,0,0,9046,0,0,0,13394,0,0,1,42768,0,0,0,1914,0,0,0,15690,0,0
1,150469365,rs1162472600,C,T,"gnomAD Exomes,gnomAD Genomes",PASS,PASS,p.Ala334Val,p.Ala334Val,c.1001C>T,missense_variant,,3,120260,2.49459504407118E-05,0,0,3,9734,0,0,0,17350,0,0,0,2358,0,0,0,9960,0,0,0,14554,0,0,0,48278,0,0,0,2336,0,0,0,15690,0,0
1,150469370,rs1406793382,G,C,gnomAD Exomes,PASS,NA,p.Val336Leu,p.Val336Leu,c.1006G>C,missense_variant,,2,109392,1.82828726049437E-05,0,0,0,7162,0,0,0,17100,0,0,0,2320,0,0,2,9046,0,0,0,13394,0,0,0,42766,0,0,0,1914,0,0,0,15690,0,0
1,150469373,rs746952024,G,A,gnomAD Exomes,PASS,NA,p.Ala337Thr,p.Ala337Thr,c.1009G>A,missense_variant,,1,109388,9.14177057812557E-06,0,0,0,7162,0,0,0,17098,0,0,0,2320,0,0,1,9046,0,0,0,13390,0,0,0,42768,0,0,0,1914,0,0,0,15690,0,0
1,150469383,rs747984722,G,A,gnomAD Exomes,PASS,NA,p.Arg340Lys,p.Arg340Lys,c.1019G>A,missense_variant,,1,109368,9.14344232316582E-06,0,0,0,7162,0,0,0,17090,0,0,0,2320,0,0,0,9044,0,0,0,13392,0,0,1,42762,0,0,0,1912,0,0,0,15686,0,0
1,150469384,rs1264114635,G,C,gnomAD Exomes,PASS,NA,p.Arg340Ser,p.Arg340Ser,c.1020G>C,missense_variant,,1,109366,9.14360953129857E-06,0,0,0,7162,0,0,0,17088,0,0,0,2320,0,0,1,9044,0,0,0,13390,0,0,0,42762,0,0,0,1912,0,0,0,15688,0,0
1,150470019,rs115390773,A,G,"gnomAD Exomes,gnomAD Genomes",PASS,PASS,p.His345Arg,p.His345Arg,c.1034A>G,missense_variant,,590,120258,0.004906118511866,3,0,7,9734,0,0,37,17350,0,0,1,2358,0,0,0,9962,0,0,164,14554,0,0,348,48272,2,0,4,2338,0,0,29,15690,1,0
1,150470021,rs749476185,C,T,gnomAD Genomes,NA,PASS,p.Arg346Cys,p.Arg346Cys,c.1036C>T,missense_variant,,1,10878,9.19286633572348E-05,0,0,1,2572,0,0,0,246,0,0,0,38,0,0,0,916,0,0,0,1162,0,0,0,5520,0,0,0,424,0,0,0,0,0,0
1,150470022,rs771145755,G,A,gnomAD Exomes,PASS,NA,p.Arg346His,p.Arg346His,c.1037G>A,missense_variant,,5,109400,4.57038391224863E-05,0,0,0,7164,0,0,0,17104,0,0,0,2320,0,0,1,9046,0,0,0,13394,0,0,0,42768,0,0,0,1914,0,0,4,15690,0,0
1,150470030,rs112102180,T,G,"gnomAD Exomes,gnomAD Genomes",PASS,PASS,p.Ser349Ala,p.Ser349Ala,c.1045T>G,missense_variant,,2,120270,1.66292508522491E-05,0,0,2,9736,0,0,0,17350,0,0,0,2358,0,0,0,9962,0,0,0,14556,0,0,0,48280,0,0,0,2338,0,0,0,15690,0,0
1,150470033,rs772249865,G,A,"gnomAD Exomes,gnomAD Genomes",PASS,PASS,p.Glu350Lys,p.Glu350Lys,c.1048G>A,missense_variant,,3,120270,2.49438762783737E-05,0,0,0,9736,0,0,0,17352,0,0,0,2358,0,0,0,9962,0,0,0,14556,0,0,3,48278,0,0,0,2338,0,0,0,15690,0,0
1,150470039,rs776209620,A,G,gnomAD Exomes,PASS,NA,p.Lys352Glu,p.Lys352Glu,c.1054A>G,missense_variant,,1,109398,9.14093493482513E-06,0,0,0,7164,0,0,0,17106,0,0,0,2320,0,0,0,9046,0,0,0,13390,0,0,1,42768,0,0,0,1914,0,0,0,15690,0,0
1,150470061,rs115720584,C,T,"gnomAD Exomes,gnomAD Genomes",PASS,PASS,p.Thr359Met,p.Thr359Met,c.1076C>T,missense_variant,,1265,120260,0.010518875769167,9,0,18,9734,0,0,111,17352,0,0,1,2358,0,0,1,9960,0,0,230,14546,3,0,813,48284,6,0,30,2338,0,0,61,15688,0,0
1,150470075,rs751181138,C,T,gnomAD Exomes,PASS,NA,p.Gln364Ter,p.Gln364Ter,c.1090C>T,stop_gained,,1,109392,9.14143630247184E-06,0,0,0,7164,0,0,0,17102,0,0,0,2320,0,0,0,9046,0,0,0,13388,0,0,0,42768,0,0,0,1914,0,0,1,15690,0,0
1,150470087,rs767000018,T,C,gnomAD Exomes,PASS,NA,p.Trp368Arg,p.Trp368Arg,c.1102T>C,missense_variant,,2,109400,1.82815356489945E-05,0,0,0,7164,0,0,2,17108,0,0,0,2320,0,0,0,9046,0,0,0,13390,0,0,0,42768,0,0,0,1914,0,0,0,15690,0,0
1,150470096,rs756013294,T,C,gnomAD Exomes,PASS,NA,p.Tyr371His,p.Tyr371His,c.1111T>C,missense_variant,,1,109398,9.14093493482513E-06,0,0,0,7164,0,0,0,17106,0,0,0,2320,0,0,0,9046,0,0,0,13390,0,0,1,42768,0,0,0,1914,0,0,0,15690,0,0
1,150470102,rs145586514,G,A,gnomAD Exomes,PASS,NA,p.Glu373Lys,p.Glu373Lys,c.1117G>A,missense_variant,,2,109400,1.82815356489945E-05,0,0,1,7164,0,0,0,17110,0,0,0,2320,0,0,0,9046,0,0,0,13388,0,0,1,42768,0,0,0,1914,0,0,0,15690,0,0
1,150470107,rs749063327,CAT,C,gnomAD Exomes,PASS,NA,p.Met375ValfsTer9,p.Met375ValfsTer9,c.1123_1124delAT,frameshift_variant,,1,109390,9.14160343724289E-06,0,0,0,7164,0,0,0,17106,0,0,0,2320,0,0,1,9046,0,0,0,13382,0,0,0,42768,0,0,0,1914,0,0,0,15690,0,0
1,150470109,rs1180063915,T,C,gnomAD Exomes,PASS,NA,p.Met375Thr,p.Met375Thr,c.1124T>C,missense_variant,,1,109382,9.14227203744674E-06,0,0,0,7164,0,0,0,17106,0,0,0,2320,0,0,0,9046,0,0,0,13374,0,0,0,42768,0,0,0,1914,0,0,1,15690,0,0
1,150470117,rs142718507,G,A,gnomAD Exomes,PASS,NA,p.Val378Met,p.Val378Met,c.1132G>A,missense_variant,,1,109366,9.14360953129857E-06,0,0,1,7162,0,0,0,17104,0,0,0,2320,0,0,0,9044,0,0,0,13368,0,0,0,42764,0,0,0,1914,0,0,0,15690,0,0
1,150470120,rs1173398600,C,T,gnomAD Exomes,PASS,NA,p.Gln379Ter,p.Gln379Ter,c.1135C>T,stop_gained,,1,109356,9.14444566370387E-06,0,0,1,7160,0,0,0,17106,0,0,0,2320,0,0,0,9046,0,0,0,13360,0,0,0,42762,0,0,0,1914,0,0,0,15688,0,0
1,150470124,rs587721894,C,A,"gnomAD Exomes,gnomAD Genomes",PASS,PASS,p.Pro380His,p.Pro380His,c.1139C>A,missense_variant,,21,120218,0.000174682659835,0,0,1,9736,0,0,3,17354,0,0,0,2358,0,0,0,9962,0,0,0,14512,0,0,8,48270,0,0,1,2338,0,0,8,15688,0,0
1,150470130,rs587626287,G,C,gnomAD Exomes,PASS,NA,p.Gly382Ala,p.Gly382Ala,c.1145G>C,missense_variant,,1,109364,9.14377674554698E-06,0,0,1,7162,0,0,0,17108,0,0,0,2320,0,0,0,9046,0,0,0,13360,0,0,0,42764,0,0,0,1914,0,0,0,15690,0,0
1,150470145,rs141179905,C,T,"gnomAD Exomes,gnomAD Genomes",PASS,PASS,p.Pro387Leu,p.Pro387Leu,c.1160C>T,missense_variant,,173,120224,0.001438980569603,0,0,2,9736,0,0,36,17350,0,0,0,2358,0,0,0,9962,0,0,3,14516,0,0,127,48276,0,0,5,2338,0,0,0,15688,0,0
1,150470156,rs767020055,A,C,gnomAD Exomes,PASS,NA,p.Ser391Arg,p.Ser391Arg,c.1171A>C,missense_variant,,2,109354,1.82892258170712E-05,0,0,0,7162,0,0,0,17108,0,0,0,2320,0,0,2,9044,0,0,0,13354,0,0,0,42764,0,0,0,1914,0,0,0,15688,0,0
1,150470175,rs966641363,A,G,gnomAD Genomes,NA,PASS,p.His397Arg,p.His397Arg,c.1190A>G,missense_variant,,1,10876,9.19455682236116E-05,0,0,1,2572,0,0,0,246,0,0,0,38,0,0,0,916,0,0,0,1162,0,0,0,5520,0,0,0,422,0,0,0,0,0,0
1,150470187,rs780299594,C,A,gnomAD Exomes,PASS,NA,p.Thr401Lys,p.Thr401Lys,c.1202C>A,missense_variant,,2,109246,1.83073064460026E-05,0,0,0,7154,0,0,0,17096,0,0,0,2320,0,0,0,9040,0,0,0,13296,0,0,0,42738,0,0,0,1914,0,0,2,15688,0,0
1,150470988,rs748693090,G,A,gnomAD Exomes,PASS,NA,p.Ala417Thr,p.Ala417Thr,c.1249G>A,missense_variant,,8,99260,8.0596413459601E-05,0,0,0,7062,0,0,7,12836,0,0,0,2090,0,0,0,8984,0,0,0,12992,0,0,1,40308,0,0,0,1690,0,0,0,13298,0,0
1,150470994,rs778133443,C,T,gnomAD Genomes,NA,PASS,p.Arg419Trp,p.Arg419Trp,c.1255C>T,missense_variant,,2,10864,0.000184094256259,0,0,0,2572,0,0,0,246,0,0,0,38,0,0,0,916,0,0,0,1162,0,0,2,5508,0,0,0,422,0,0,0,0,0,0
1,150470995,rs201748553,G,A,"gnomAD Exomes,gnomAD Genomes",PASS,PASS,p.Arg419Gln,p.Arg419Gln,c.1256G>A,missense_variant,,5,112466,4.44578806039158E-05,0,0,0,9648,0,0,0,13716,0,0,0,2244,0,0,1,9908,0,0,0,14288,0,0,4,46622,0,0,0,2162,0,0,0,13878,0,0
1,150470995,rs201748553,G,C,gnomAD Exomes,PASS,NA,p.Arg419Pro,p.Arg419Pro,c.1256G>C,missense_variant,,1,101600,9.84251968503937E-06,0,0,0,7076,0,0,0,13470,0,0,0,2206,0,0,0,8992,0,0,0,13126,0,0,1,41112,0,0,0,1740,0,0,0,13878,0,0
1,150471010,rs139360997,G,A,"gnomAD Exomes,gnomAD Genomes",PASS,PASS,p.Arg424Gln,p.Arg424Gln,c.1271G>A,missense_variant,,5,115922,4.31324511309329E-05,0,0,0,9700,0,0,0,15066,0,0,0,2332,0,0,0,9944,0,0,0,14428,0,0,5,47452,0,0,0,2250,0,0,0,14750,0,0
1,150471024,rs1382181446,C,T,gnomAD Exomes,PASS,NA,p.Arg429Ter,p.Arg429Ter,c.1285C>T,stop_gained,,0,105398,0,0,0,0,7120,0,0,0,15038,0,0,0,2288,0,0,0,9018,0,0,0,13300,0,0,0,42046,0,0,0,1824,0,0,0,14764,0,0
1,150471025,rs200649877,G,A,"gnomAD Exomes,gnomAD Genomes",PASS,PASS,p.Arg429Gln,p.Arg429Gln,c.1286G>A,missense_variant,,2,116120,1.7223561832587E-05,0,0,1,9686,0,0,0,15196,0,0,0,2328,0,0,0,9938,0,0,0,14468,0,0,1,47566,0,0,0,2232,0,0,0,14706,0,0
1,150471037,rs147152612,T,G,"gnomAD Exomes,gnomAD Genomes",PASS,PASS,p.Phe433Cys,p.Phe433Cys,c.1298T>G,missense_variant,,8,116760,6.85166152792052E-05,0,0,0,9690,0,0,0,15514,0,0,7,2338,0,0,0,9934,0,0,0,14488,0,0,1,47682,0,0,0,2266,0,0,0,14848,0,0
1,150471040,rs765310851,G,A,gnomAD Exomes,PASS,NA,p.Gly434Glu,p.Gly434Glu,c.1301G>A,missense_variant,,0,106090,0,0,0,0,7120,0,0,0,15408,0,0,0,2304,0,0,0,9016,0,0,0,13318,0,0,0,42206,0,0,0,1844,0,0,0,14874,0,0
1,150471051,rs201039460,C,T,gnomAD Exomes,PASS,NA,p.Arg438Trp,p.Arg438Trp,c.1312C>T,missense_variant,,3,107750,2.78422273781903E-05,0,0,2,7152,0,0,0,16180,0,0,0,2310,0,0,0,9038,0,0,0,13358,0,0,0,42498,0,0,0,1876,0,0,1,15338,0,0
1,150471054,rs762905586,G,C,gnomAD Exomes,PASS,NA,p.Ala439Pro,p.Ala439Pro,c.1315G>C,missense_variant,,1,108236,9.23907017997709E-06,0,0,0,7158,0,0,0,16442,0,0,0,2314,0,0,0,9044,0,0,0,13370,0,0,0,42580,0,0,0,1888,0,0,1,15440,0,0
1,150471057,rs781477512,G,A,gnomAD Exomes,PASS,NA,p.Glu440Lys,p.Glu440Lys,c.1318G>A,missense_variant,,2,108196,1.84849717179933E-05,0,0,0,7154,0,0,1,16422,0,0,0,2316,0,0,0,9040,0,0,0,13364,0,0,1,42570,0,0,0,1888,0,0,0,15442,0,0
1,150471059,rs370545015,A,T,gnomAD Exomes,PASS,NA,p.Glu440Asp,p.Glu440Asp,c.1320A>T,missense_variant,,1,108470,9.21913893242371E-06,0,0,1,7158,0,0,0,16540,0,0,0,2318,0,0,0,9044,0,0,0,13378,0,0,0,42610,0,0,0,1892,0,0,0,15530,0,0
1,150471069,rs1244209934,G,T,gnomAD Exomes,PASS,NA,p.Gly444Cys,p.Gly444Cys,c.1330G>T,missense_variant,,1,108774,9.19337341644143E-06,0,0,0,7162,0,0,0,16712,0,0,0,2320,0,0,0,9046,0,0,0,13378,0,0,0,42662,0,0,0,1904,0,0,1,15590,0,0
1,150471073,rs1322000026,T,C,gnomAD Exomes,PASS,NA,p.Leu445Pro,p.Leu445Pro,c.1334T>C,missense_variant,,1,108422,9.22322037962775E-06,0,0,0,7158,0,0,0,16556,0,0,0,2318,0,0,0,9036,0,0,0,13338,0,0,0,42600,0,0,0,1900,0,0,1,15516,0,0
1,150471078,rs749794044,G,A,gnomAD Exomes,PASS,NA,p.Gly447Arg,p.Gly447Arg,c.1339G>A,missense_variant,,1,108738,9.19641707590723E-06,0,0,0,7160,0,0,0,16718,0,0,0,2316,0,0,0,9046,0,0,0,13372,0,0,1,42660,0,0,0,1900,0,0,0,15566,0,0
1,150471079,rs757680151,G,C,gnomAD Exomes,PASS,NA,p.Gly447Ala,p.Gly447Ala,c.1340G>C,missense_variant,,1,108758,9.19472590522076E-06,0,0,0,7162,0,0,0,16708,0,0,0,2318,0,0,0,9046,0,0,0,13374,0,0,1,42668,0,0,0,1900,0,0,0,15582,0,0
1,150471079,rs757680151,G,T,gnomAD Exomes,PASS,NA,p.Gly447Val,p.Gly447Val,c.1340G>T,missense_variant,,1,108758,9.19472590522076E-06,0,0,0,7162,0,0,0,16708,0,0,0,2318,0,0,0,9046,0,0,0,13374,0,0,1,42668,0,0,0,1900,0,0,0,15582,0,0
1,150471088,rs768140532,G,A,gnomAD Exomes,PASS,NA,p.Arg450Gln,p.Arg450Gln,c.1349G>A,missense_variant,,1,108698,9.19980128429226E-06,0,0,0,7162,0,0,0,16682,0,0,0,2318,0,0,0,9044,0,0,0,13362,0,0,1,42652,0,0,0,1904,0,0,0,15574,0,0
1,150471093,rs146503501,C,T,"gnomAD Exomes,gnomAD Genomes",PASS,PASS,p.Arg452Trp,p.Arg452Trp,c.1354C>T,missense_variant,,36,119636,0.000300912768732,0,0,1,9734,0,0,9,16974,0,0,0,2354,0,0,0,9962,0,0,2,14518,0,0,21,48184,0,0,2,2328,0,0,1,15582,0,0
1,150471094,rs769422314,G,A,gnomAD Exomes,PASS,NA,p.Arg452Gln,p.Arg452Gln,c.1355G>A,missense_variant,,1,108728,9.19726289456258E-06,0,0,0,7160,0,0,1,16722,0,0,0,2316,0,0,0,9046,0,0,0,13352,0,0,0,42664,0,0,0,1906,0,0,0,15562,0,0
1,150471114,rs766199721,G,A,gnomAD Exomes,PASS,NA,p.Ala459Thr,p.Ala459Thr,c.1375G>A,missense_variant,,3,108688,2.76019431767996E-05,0,0,0,7160,0,0,0,16688,0,0,0,2314,0,0,2,9042,0,0,0,13360,0,0,1,42662,0,0,0,1906,0,0,0,15556,0,0
1,150471115,rs1366102785,C,T,gnomAD Exomes,PASS,NA,p.Ala459Val,p.Ala459Val,c.1376C>T,missense_variant,,1,108708,9.19895499871215E-06,0,0,0,7156,0,0,0,16698,0,0,0,2314,0,0,0,9042,0,0,0,13368,0,0,1,42664,0,0,0,1904,0,0,0,15562,0,0
1,150471127,rs1317630227,G,C,gnomAD Exomes,PASS,NA,p.Cys463Ser,p.Cys463Ser,c.1388G>C,missense_variant,,1,109130,9.16338312104829E-06,0,0,0,7162,0,0,0,16954,0,0,0,2320,0,0,0,9046,0,0,0,13364,0,0,0,42720,0,0,1,1908,0,0,0,15656,0,0
1,150471132,rs146798333,A,G,gnomAD Exomes,PASS,NA,p.Thr465Ala,p.Thr465Ala,c.1393A>G,missense_variant,,2,109108,1.83304615610221E-05,0,0,0,7162,0,0,0,16926,0,0,0,2320,0,0,0,9046,0,0,0,13366,0,0,2,42722,0,0,0,1910,0,0,0,15656,0,0
1,150471133,rs1260204213,C,G,gnomAD Exomes,PASS,NA,p.Thr465Arg,p.Thr465Arg,c.1394C>G,missense_variant,,1,109092,9.16657500091666E-06,0,0,1,7162,0,0,0,16918,0,0,0,2320,0,0,0,9046,0,0,0,13370,0,0,0,42720,0,0,0,1910,0,0,0,15646,0,0
1,150471142,rs756255843,T,G,gnomAD Exomes,PASS,NA,c.1401+2T>G,,c.1401+2T>G,splice_donor_variant,,2,109108,1.83304615610221E-05,0,0,0,7162,0,0,0,16942,0,0,0,2318,0,0,0,9046,0,0,1,13362,0,0,1,42726,0,0,0,1910,0,0,0,15642,0,0
1,150471373,rs769440722,C,A,gnomAD Exomes,PASS,NA,p.Leu468Met,p.Leu468Met,c.1402C>A,missense_variant,,1,109406,9.14026653017202E-06,0,0,0,7164,0,0,0,17112,0,0,0,2320,0,0,0,9046,0,0,0,13394,0,0,1,42768,0,0,0,1914,0,0,0,15688,0,0
1,150471389,rs772779859,A,G,gnomAD Exomes,PASS,NA,p.Gln473Arg,p.Gln473Arg,c.1418A>G,missense_variant,,4,109408,3.65603977771278E-05,0,0,4,7164,0,0,0,17112,0,0,0,2320,0,0,0,9046,0,0,0,13394,0,0,0,42768,0,0,0,1914,0,0,0,15690,0,0
1,150471410,rs148950017,G,A,"gnomAD Exomes,gnomAD Genomes",PASS,PASS,p.Arg480His,p.Arg480His,c.1439G>A,missense_variant,,31,120276,0.000257740530114,0,0,14,9736,0,0,12,17358,0,0,0,2358,0,0,2,9962,0,0,0,14552,0,0,2,48282,0,0,1,2338,0,0,0,15690,0,0
1,150471415,rs775749716,G,A,"gnomAD Exomes,gnomAD Genomes",PASS,PASS,p.Val482Ile,p.Val482Ile,c.1444G>A,missense_variant,,8,120280,6.6511473229132E-05,0,0,0,9738,0,0,1,17358,0,0,0,2358,0,0,0,9960,0,0,0,14554,0,0,5,48284,0,0,0,2338,0,0,2,15690,0,0
1,150471419,rs764167707,A,G,gnomAD Exomes,PASS,NA,p.Tyr483Cys,p.Tyr483Cys,c.1448A>G,missense_variant,,4,109408,3.65603977771278E-05,0,0,0,7164,0,0,0,17112,0,0,0,2320,0,0,0,9046,0,0,2,13394,0,0,2,42768,0,0,0,1914,0,0,0,15690,0,0
1,150471424,rs116552645,G,A,"gnomAD Exomes,gnomAD Genomes",PASS,PASS,p.Val485Ile,p.Val485Ile,c.1453G>A,missense_variant,,140,120284,0.001163912074756,0,0,121,9736,0,0,10,17358,0,0,0,2358,0,0,1,9962,0,0,0,14552,0,0,4,48292,0,0,1,2336,0,0,3,15690,0,0
1,150471424,rs116552645,G,C,gnomAD Exomes,PASS,NA,p.Val485Leu,p.Val485Leu,c.1453G>C,missense_variant,,1,109404,9.14043362217103E-06,0,0,0,7164,0,0,0,17112,0,0,0,2320,0,0,0,9046,0,0,0,13390,0,0,1,42768,0,0,0,1914,0,0,0,15690,0,0
1,150471433,rs200073426,T,C,gnomAD Exomes,PASS,NA,p.Phe488Leu,p.Phe488Leu,c.1462T>C,missense_variant,,2,109404,1.82808672443421E-05,0,0,0,7164,0,0,0,17112,0,0,0,2320,0,0,2,9046,0,0,0,13390,0,0,0,42768,0,0,0,1914,0,0,0,15690,0,0
1,150471442,rs755786963,C,T,gnomAD Exomes,PASS,NA,p.Arg491Cys,p.Arg491Cys,c.1471C>T,missense_variant,,1,109404,9.14043362217103E-06,0,0,0,7164,0,0,0,17112,0,0,0,2320,0,0,0,9046,0,0,0,13390,0,0,1,42768,0,0,0,1914,0,0,0,15690,0,0
1,150471443,rs145751121,G,A,"gnomAD Exomes,gnomAD Genomes",PASS,PASS,p.Arg491His,p.Arg491His,c.1472G>A,missense_variant,,55,120284,0.000457251172226,0,0,2,9738,0,0,1,17358,0,0,0,2358,0,0,45,9960,0,0,1,14556,0,0,4,48286,0,0,1,2338,0,0,1,15690,0,0
1,150471460,rs748856324,C,T,gnomAD Exomes,PASS,NA,p.Arg497Trp,p.Arg497Trp,c.1489C>T,missense_variant,,3,109406,2.74207995905161E-05,0,0,0,7164,0,0,2,17112,0,0,0,2320,0,0,0,9046,0,0,0,13392,0,0,1,42768,0,0,0,1914,0,0,0,15690,0,0
1,150471467,rs745806941,C,G,gnomAD Exomes,PASS,NA,p.Ser499Cys,p.Ser499Cys,c.1496C>G,missense_variant,,1,109404,9.14043362217103E-06,0,0,0,7164,0,0,0,17112,0,0,0,2320,0,0,0,9046,0,0,0,13390,0,0,1,42768,0,0,0,1914,0,0,0,15690,0,0
1,150471481,rs771780487,G,A,gnomAD Exomes,PASS,NA,p.Asp504Asn,p.Asp504Asn,c.1510G>A,missense_variant,,1,109404,9.14043362217103E-06,0,0,0,7164,0,0,0,17112,0,0,0,2320,0,0,0,9046,0,0,0,13390,0,0,1,42768,0,0,0,1914,0,0,0,15690,0,0
1,150471499,rs760921626,C,T,gnomAD Exomes,PASS,NA,p.Gln510Ter,p.Gln510Ter,c.1528C>T,stop_gained,,1,109396,9.1411020512633E-06,0,0,0,7164,0,0,0,17106,0,0,0,2320,0,0,0,9046,0,0,0,13390,0,0,1,42766,0,0,0,1914,0,0,0,15690,0,0
1,150471505,rs776799586,G,A,gnomAD Exomes,PASS,NA,p.Glu512Lys,p.Glu512Lys,c.1534G>A,missense_variant,,8,109384,7.31368390258173E-05,0,0,0,7164,0,0,2,17106,0,0,0,2320,0,0,1,9044,0,0,0,13386,0,0,5,42762,0,0,0,1914,0,0,0,15688,0,0
1,150471695,rs1336276964,C,T,gnomAD Exomes,PASS,NA,p.Leu515Phe,p.Leu515Phe,c.1543C>T,missense_variant,,1,109406,9.14026653017202E-06,0,0,1,7164,0,0,0,17110,0,0,0,2320,0,0,0,9046,0,0,0,13394,0,0,0,42768,0,0,0,1914,0,0,0,15690,0,0
1,150471696,rs752082110,T,C,gnomAD Exomes,PASS,NA,p.Leu515Pro,p.Leu515Pro,c.1544T>C,missense_variant,,1,109406,9.14026653017202E-06,0,0,0,7164,0,0,0,17110,0,0,0,2320,0,0,0,9046,0,0,0,13394,0,0,0,42768,0,0,0,1914,0,0,1,15690,0,0
1,150471717,rs767981960,T,C,gnomAD Exomes,PASS,NA,p.Phe522Ser,p.Phe522Ser,c.1565T>C,missense_variant,,3,109408,2.74202983328459E-05,0,0,0,7164,0,0,0,17112,0,0,0,2320,0,0,0,9046,0,0,0,13394,0,0,0,42768,0,0,0,1914,0,0,3,15690,0,0
1,150471717,rs767981960,T,A,gnomAD Exomes,PASS,NA,p.Phe522Tyr,p.Phe522Tyr,c.1565T>A,missense_variant,,4,109408,3.65603977771278E-05,0,0,0,7164,0,0,0,17112,0,0,0,2320,0,0,0,9046,0,0,0,13394,0,0,0,42768,0,0,0,1914,0,0,4,15690,0,0
1,150471730,rs756869375,G,A,gnomAD Exomes,PASS,NA,p.Trp526Ter,p.Trp526Ter,c.1578G>A,stop_gained,,2,109408,1.82801988885639E-05,0,0,0,7164,0,0,0,17112,0,0,0,2320,0,0,2,9046,0,0,0,13394,0,0,0,42768,0,0,0,1914,0,0,0,15690,0,0
1,150471738,rs377553660,A,C,gnomAD Exomes,PASS,NA,p.Asn529Thr,p.Asn529Thr,c.1586A>C,missense_variant,,1,109408,9.14009944428195E-06,0,0,0,7164,0,0,0,17112,0,0,0,2320,0,0,0,9046,0,0,0,13394,0,0,1,42768,0,0,0,1914,0,0,0,15690,0,0
1,150471738,rs377553660,A,G,"gnomAD Exomes,gnomAD Genomes",PASS,PASS,p.Asn529Ser,p.Asn529Ser,c.1586A>G,missense_variant,,3,120276,2.4942631946523E-05,0,0,2,9730,0,0,0,17358,0,0,0,2358,0,0,0,9960,0,0,0,14556,0,0,1,48286,0,0,0,2338,0,0,0,15690,0,0
1,150471743,rs757886501,G,A,gnomAD Exomes,PASS,NA,p.Gly531Arg,p.Gly531Arg,c.1591G>A,missense_variant,,3,109408,2.74202983328459E-05,0,0,0,7164,0,0,0,17112,0,0,0,2320,0,0,0,9046,0,0,0,13394,0,0,3,42768,0,0,0,1914,0,0,0,15690,0,0
1,150476817,rs375877023,G,A,gnomAD Exomes,PASS,NA,p.Val542Met,p.Val542Met,c.1624G>A,missense_variant,,5,109356,4.57222283185193E-05,0,0,0,7158,0,0,5,17096,0,0,0,2318,0,0,0,9046,0,0,0,13390,0,0,0,42752,0,0,0,1914,0,0,0,15682,0,0
1,150476826,rs587597907,C,T,gnomAD Exomes,PASS,NA,p.His545Tyr,p.His545Tyr,c.1633C>T,missense_variant,,1,109372,9.14310792524595E-06,0,0,0,7156,0,0,0,17096,0,0,0,2318,0,0,1,9046,0,0,0,13392,0,0,0,42762,0,0,0,1914,0,0,0,15688,0,0
1,150476829,rs996789463,G,T,gnomAD Exomes,PASS,NA,p.Asp546Tyr,p.Asp546Tyr,c.1636G>T,missense_variant,,1,109378,9.14260637422516E-06,0,0,0,7162,0,0,1,17100,0,0,0,2320,0,0,0,9046,0,0,0,13388,0,0,0,42762,0,0,0,1914,0,0,0,15686,0,0
1,150476841,rs749517234,C,T,gnomAD Exomes,PASS,NA,p.Arg550Trp,p.Arg550Trp,c.1648C>T,missense_variant,,2,109382,1.82845440748935E-05,0,0,0,7160,0,0,0,17102,0,0,0,2320,0,0,1,9046,0,0,0,13390,0,0,1,42764,0,0,0,1912,0,0,0,15688,0,0
1,150476902,rs772663447,A,T,gnomAD Exomes,PASS,NA,p.Gln570Leu,p.Gln570Leu,c.1709A>T,missense_variant,,1,109364,9.14377674554698E-06,0,0,0,7160,0,0,0,17104,0,0,0,2320,0,0,0,9046,0,0,0,13386,0,0,1,42746,0,0,0,1914,0,0,0,15688,0,0
1,150476902,rs772663447,A,C,gnomAD Exomes,PASS,NA,p.Gln570Pro,p.Gln570Pro,c.1709A>C,missense_variant,,1,109364,9.14377674554698E-06,0,0,0,7160,0,0,0,17104,0,0,0,2320,0,0,1,9046,0,0,0,13386,0,0,0,42746,0,0,0,1914,0,0,0,15688,0,0
1,150476909,rs587671260,G,C,gnomAD Exomes,PASS,NA,p.Lys572Asn,p.Lys572Asn,c.1716G>C,missense_variant,,2,109314,1.82959181806539E-05,0,0,0,7156,0,0,2,17088,0,0,0,2320,0,0,0,9044,0,0,0,13368,0,0,0,42738,0,0,0,1914,0,0,0,15686,0,0
1,150476911,rs1187520661,G,A,gnomAD Exomes,PASS,NA,p.Gly573Glu,p.Gly573Glu,c.1718G>A,missense_variant,"lc_lof,os_lof",1,109298,9.14929824882432E-06,0,0,1,7156,0,0,0,17088,0,0,0,2318,0,0,0,9040,0,0,0,13370,0,0,0,42736,0,0,0,1912,0,0,0,15678,0,0
1,150477113,rs765013176,C,T,gnomAD Exomes,PASS,NA,p.Ala575Val,p.Ala575Val,c.1724C>T,missense_variant,,2,109310,1.82965876863965E-05,0,0,0,7164,0,0,0,17080,0,0,0,2318,0,0,0,9042,0,0,0,13378,0,0,2,42726,0,0,0,1914,0,0,0,15688,0,0
1,150477118,rs779944291,G,A,gnomAD Exomes,PASS,NA,p.Ala577Thr,p.Ala577Thr,c.1729G>A,missense_variant,,1,109372,9.14310792524595E-06,0,0,1,7164,0,0,0,17098,0,0,0,2318,0,0,0,9046,0,0,0,13394,0,0,0,42748,0,0,0,1914,0,0,0,15690,0,0
1,150477128,rs769006957,G,A,gnomAD Exomes,PASS,NA,p.Arg580His,p.Arg580His,c.1739G>A,missense_variant,,5,109388,4.57088528906279E-05,0,0,0,7164,0,0,1,17098,0,0,0,2320,0,0,0,9046,0,0,0,13390,0,0,2,42766,0,0,0,1914,0,0,2,15690,0,0
1,150477131,rs1177664151,C,T,gnomAD Exomes,PASS,NA,p.Pro581Leu,p.Pro581Leu,c.1742C>T,missense_variant,,1,109396,9.1411020512633E-06,0,0,0,7164,0,0,0,17100,0,0,0,2320,0,0,0,9046,0,0,0,13394,0,0,0,42768,0,0,0,1914,0,0,1,15690,0,0
1,150477139,rs1189602046,A,G,gnomAD Genomes,NA,PASS,p.Ile584Val,p.Ile584Val,c.1750A>G,missense_variant,,1,10842,9.22339051835455E-05,0,0,1,2568,0,0,0,246,0,0,0,38,0,0,0,916,0,0,0,1162,0,0,0,5488,0,0,0,424,0,0,0,0,0,0
1,150477143,rs753888348,AC,A,gnomAD Exomes,PASS,NA,p.Arg586GlufsTer66,p.Arg586GlufsTer66,c.1756delC,frameshift_variant,,1,109396,9.1411020512633E-06,0,0,0,7164,0,0,0,17100,0,0,0,2320,0,0,1,9046,0,0,0,13394,0,0,0,42768,0,0,0,1914,0,0,0,15690,0,0
1,150477145,rs367870620,C,T,"gnomAD Exomes,gnomAD Genomes",PASS,PASS,p.Arg586Ter,p.Arg586Ter,c.1756C>T,stop_gained,,3,120252,2.49476100189602E-05,0,0,2,9730,0,0,1,17346,0,0,0,2358,0,0,0,9960,0,0,0,14556,0,0,0,48274,0,0,0,2338,0,0,0,15690,0,0
1,150477157,rs759043987,G,A,gnomAD Exomes,PASS,NA,p.Gly590Ser,p.Gly590Ser,c.1768G>A,missense_variant,,1,109402,9.14060072027934E-06,0,0,0,7164,0,0,0,17106,0,0,0,2320,0,0,0,9046,0,0,0,13394,0,0,0,42768,0,0,0,1914,0,0,1,15690,0,0
1,150477173,rs372064000,T,G,gnomAD Exomes,PASS,NA,p.Leu595Arg,p.Leu595Arg,c.1784T>G,missense_variant,,1,109404,9.14043362217103E-06,0,0,0,7164,0,0,0,17108,0,0,0,2320,0,0,0,9046,0,0,0,13394,0,0,1,42768,0,0,0,1914,0,0,0,15690,0,0
1,150477175,rs760695762,T,A,gnomAD Exomes,PASS,NA,p.Leu596Met,p.Leu596Met,c.1786T>A,missense_variant,,1,109404,9.14043362217103E-06,0,0,0,7164,0,0,0,17108,0,0,0,2320,0,0,0,9046,0,0,1,13394,0,0,0,42768,0,0,0,1914,0,0,0,15690,0,0
1,150477179,rs1225724532,G,A,"gnomAD Exomes,gnomAD Genomes",PASS,PASS,p.Gly597Glu,p.Gly597Glu,c.1790G>A,missense_variant,,2,120280,1.6627868307283E-05,0,0,0,9738,0,0,0,17354,0,0,0,2358,0,0,0,9962,0,0,0,14556,0,0,2,48286,0,0,0,2336,0,0,0,15690,0,0
1,150477187,rs763976600,G,A,gnomAD Exomes,PASS,NA,p.Ala600Thr,p.Ala600Thr,c.1798G>A,missense_variant,,1,109406,9.14026653017202E-06,0,0,0,7164,0,0,0,17110,0,0,0,2320,0,0,0,9046,0,0,0,13394,0,0,0,42768,0,0,0,1914,0,0,1,15690,0,0
1,150477193,rs776684409,A,C,gnomAD Exomes,PASS,NA,p.Ser602Arg,p.Ser602Arg,c.1804A>C,missense_variant,,1,109406,9.14026653017202E-06,0,0,0,7164,0,0,1,17110,0,0,0,2320,0,0,0,9046,0,0,0,13394,0,0,0,42768,0,0,0,1914,0,0,0,15690,0,0
1,150477198,rs752424999,CG,C,gnomAD Exomes,PASS,NA,p.Lys606AsnfsTer46,p.Lys606AsnfsTer46,c.1815delG,frameshift_variant,,1,109398,9.14093493482513E-06,0,0,0,7164,0,0,0,17106,0,0,0,2320,0,0,0,9046,0,0,0,13394,0,0,0,42764,0,0,0,1914,0,0,1,15690,0,0
1,150477206,rs116377072,A,C,gnomAD Exomes,PASS,NA,p.Lys606Thr,p.Lys606Thr,c.1817A>C,missense_variant,,1,109402,9.14060072027934E-06,0,0,0,7164,0,0,0,17106,0,0,0,2320,0,0,0,9046,0,0,0,13394,0,0,0,42768,0,0,0,1914,0,0,1,15690,0,0
1,150477206,rs116377072,A,G,gnomAD Exomes,PASS,NA,p.Lys606Arg,p.Lys606Arg,c.1817A>G,missense_variant,,2,109402,1.82812014405587E-05,0,0,0,7164,0,0,1,17106,0,0,0,2320,0,0,1,9046,0,0,0,13394,0,0,0,42768,0,0,0,1914,0,0,0,15690,0,0
1,150477210,rs755064064,G,A,gnomAD Exomes,PASS,NA,c.1820+1G>A,,c.1820+1G>A,splice_donor_variant,,1,109400,9.14076782449726E-06,0,0,0,7164,0,0,0,17106,0,0,0,2320,0,0,0,9046,0,0,0,13394,0,0,1,42766,0,0,0,1914,0,0,0,15690,0,0
1,150477399,rs767519084,C,T,gnomAD Exomes,PASS,NA,p.Pro613Leu,p.Pro613Leu,c.1838C>T,missense_variant,,2,109396,1.82822041025266E-05,0,0,0,7164,0,0,0,17106,0,0,0,2320,0,0,0,9046,0,0,0,13388,0,0,1,42768,0,0,0,1914,0,0,1,15690,0,0
1,150477401,rs200345241,T,C,gnomAD Exomes,PASS,NA,p.Phe614Leu,p.Phe614Leu,c.1840T>C,missense_variant,,2,109396,1.82822041025266E-05,0,0,0,7164,0,0,0,17106,0,0,0,2320,0,0,2,9046,0,0,0,13388,0,0,0,42768,0,0,0,1914,0,0,0,15690,0,0
1,150477407,rs1320759350,G,A,gnomAD Genomes,NA,PASS,p.Val616Met,p.Val616Met,c.1846G>A,missense_variant,,1,10876,9.19455682236116E-05,0,0,1,2570,0,0,0,246,0,0,0,38,0,0,0,916,0,0,0,1162,0,0,0,5520,0,0,0,424,0,0,0,0,0,0
1,150477431,rs1385031827,G,C,gnomAD Exomes,PASS,NA,p.Glu624Gln,p.Glu624Gln,c.1870G>C,missense_variant,,2,109380,1.82848784055586E-05,0,0,0,7164,0,0,0,17106,0,0,0,2320,0,0,0,9044,0,0,0,13374,0,0,0,42768,0,0,0,1914,0,0,2,15690,0,0
1,150477446,rs199763983,G,A,gnomAD Exomes,PASS,NA,p.Ala629Thr,p.Ala629Thr,c.1885G>A,missense_variant,,3,109340,2.74373513810133E-05,0,0,1,7162,0,0,0,17102,0,0,0,2320,0,0,0,9046,0,0,1,13344,0,0,1,42766,0,0,0,1914,0,0,0,15686,0,0
1,150478082,rs774442847,C,T,gnomAD Exomes,PASS,NA,p.Arg637Trp,p.Arg637Trp,c.1909C>T,missense_variant,,3,109346,2.74358458471275E-05,0,0,2,7164,0,0,0,17072,0,0,0,2320,0,0,1,9046,0,0,0,13394,0,0,0,42756,0,0,0,1912,0,0,0,15682,0,0
1,150478083,rs901651145,G,A,gnomAD Genomes,NA,PASS,p.Arg637Gln,p.Arg637Gln,c.1910G>A,missense_variant,,1,10870,9.19963201471941E-05,0,0,1,2572,0,0,0,246,0,0,0,38,0,0,0,916,0,0,0,1162,0,0,0,5512,0,0,0,424,0,0,0,0,0,0
1,150478109,rs1416812776,G,A,gnomAD Exomes,PASS,NA,p.Asp646Asn,p.Asp646Asn,c.1936G>A,missense_variant,,1,109374,9.14294073545815E-06,0,0,0,7164,0,0,0,17090,0,0,0,2320,0,0,0,9046,0,0,0,13394,0,0,0,42762,0,0,0,1912,0,0,1,15686,0,0
1,150478134,rs200722438,G,A,gnomAD Exomes,PASS,NA,p.Ser654Asn,p.Ser654Asn,c.1961G>A,missense_variant,,11,109368,0.000100577865555,0,0,0,7164,0,0,0,17082,0,0,0,2320,0,0,0,9046,0,0,11,13394,0,0,0,42762,0,0,0,1914,0,0,0,15686,0,0
1,150478136,rs754354178,C,T,gnomAD Exomes,PASS,NA,p.Arg655Trp,p.Arg655Trp,c.1963C>T,missense_variant,,1,109366,9.14360953129857E-06,0,0,1,7164,0,0,0,17080,0,0,0,2318,0,0,0,9046,0,0,0,13394,0,0,0,42764,0,0,0,1914,0,0,0,15686,0,0
1,150478137,rs757625891,G,A,gnomAD Genomes,NA,PASS,p.Arg655Gln,p.Arg655Gln,c.1964G>A,missense_variant,,1,10874,9.19624793084421E-05,0,0,1,2570,0,0,0,246,0,0,0,38,0,0,0,914,0,0,0,1162,0,0,0,5522,0,0,0,422,0,0,0,0,0,0
1,150478142,rs1330774644,A,G,gnomAD Exomes,PASS,NA,p.Ile657Val,p.Ile657Val,c.1969A>G,missense_variant,,1,109370,9.1432751211484E-06,0,0,0,7164,0,0,1,17082,0,0,0,2320,0,0,0,9046,0,0,0,13394,0,0,0,42764,0,0,0,1914,0,0,0,15686,0,0
1,150478145,rs887567979,C,T,gnomAD Exomes,PASS,NA,p.Arg658Cys,p.Arg658Cys,c.1972C>T,missense_variant,,1,109376,9.14277355178467E-06,0,0,1,7164,0,0,0,17088,0,0,0,2320,0,0,0,9046,0,0,0,13394,0,0,0,42762,0,0,0,1914,0,0,0,15688,0,0
1,150478146,rs746037684,G,A,gnomAD Exomes,PASS,NA,p.Arg658His,p.Arg658His,c.1973G>A,missense_variant,,1,109366,9.14360953129857E-06,0,0,0,7164,0,0,0,17082,0,0,0,2320,0,0,0,9046,0,0,0,13394,0,0,1,42758,0,0,0,1914,0,0,0,15688,0,0
1,150478149,rs370297728,G,A,"gnomAD Exomes,gnomAD Genomes",PASS,PASS,p.Arg659Gln,p.Arg659Gln,c.1976G>A,missense_variant,,6,120240,4.99001996007984E-05,0,0,3,9734,0,0,2,17328,0,0,0,2358,0,0,0,9962,0,0,0,14556,0,0,1,48276,0,0,0,2338,0,0,0,15688,0,0
1,150479398,rs1016187044,G,T,gnomAD Exomes,PASS,NA,p.Gly672Val,p.Gly672Val,c.2015G>T,missense_variant,,1,109394,9.14126917381209E-06,0,0,0,7164,0,0,1,17108,0,0,0,2320,0,0,0,9046,0,0,0,13394,0,0,0,42762,0,0,0,1912,0,0,0,15688,0,0
1,150479430,rs765824238,A,G,gnomAD Exomes,PASS,NA,p.Ile683Val,p.Ile683Val,c.2047A>G,missense_variant,,1,109406,9.14026653017202E-06,0,0,0,7164,0,0,0,17110,0,0,0,2320,0,0,0,9046,0,0,0,13394,0,0,1,42768,0,0,0,1914,0,0,0,15690,0,0
1,150479434,rs1322913410,G,A,gnomAD Exomes,PASS,NA,p.Arg684Gln,p.Arg684Gln,c.2051G>A,missense_variant,,1,109406,9.14026653017202E-06,0,0,0,7164,0,0,1,17110,0,0,0,2320,0,0,0,9046,0,0,0,13394,0,0,0,42768,0,0,0,1914,0,0,0,15690,0,0
1,150479436,rs766784890,A,G,gnomAD Exomes,PASS,NA,p.Thr685Ala,p.Thr685Ala,c.2053A>G,missense_variant,,2,109406,1.8280533060344E-05,0,0,0,7164,0,0,2,17110,0,0,0,2320,0,0,0,9046,0,0,0,13394,0,0,0,42768,0,0,0,1914,0,0,0,15690,0,0
1,150479439,rs755744805,C,G,gnomAD Exomes,PASS,NA,p.Arg686Gly,p.Arg686Gly,c.2056C>G,missense_variant,,1,109406,9.14026653017202E-06,0,0,0,7164,0,0,0,17110,0,0,0,2320,0,0,0,9046,0,0,0,13394,0,0,1,42768,0,0,0,1914,0,0,0,15690,0,0
1,150479440,rs763543771,G,A,gnomAD Genomes,NA,PASS,p.Arg686Gln,p.Arg686Gln,c.2057G>A,missense_variant,,1,10882,9.18948722661275E-05,0,0,0,2574,0,0,0,246,0,0,0,38,0,0,1,916,0,0,0,1162,0,0,0,5522,0,0,0,424,0,0,0,0,0,0
1,150479443,rs756698452,A,T,gnomAD Exomes,PASS,NA,p.Asp687Val,p.Asp687Val,c.2060A>T,missense_variant,,1,109406,9.14026653017202E-06,0,0,0,7164,0,0,1,17110,0,0,0,2320,0,0,0,9046,0,0,0,13394,0,0,0,42768,0,0,0,1914,0,0,0,15690,0,0
1,150479448,rs778879320,C,T,"gnomAD Exomes,gnomAD Genomes",PASS,PASS,p.Arg689Cys,p.Arg689Cys,c.2065C>T,missense_variant,,4,120278,3.32562895957698E-05,0,0,2,9736,0,0,0,17356,0,0,0,2358,0,0,0,9962,0,0,0,14554,0,0,2,48284,0,0,0,2338,0,0,0,15690,0,0
1,150479449,rs745798018,G,A,gnomAD Exomes,PASS,NA,p.Arg689His,p.Arg689His,c.2066G>A,missense_variant,,1,109406,9.14026653017202E-06,0,0,0,7164,0,0,1,17110,0,0,0,2320,0,0,0,9046,0,0,0,13394,0,0,0,42768,0,0,0,1914,0,0,0,15690,0,0
1,150479452,rs368552858,G,A,"gnomAD Exomes,gnomAD Genomes",PASS,PASS,p.Arg690His,p.Arg690His,c.2069G>A,missense_variant,,2,120284,1.6627315353663E-05,0,0,0,9738,0,0,0,17356,0,0,0,2358,0,0,2,9962,0,0,0,14556,0,0,0,48288,0,0,0,2336,0,0,0,15690,0,0
1,150479452,rs368552858,G,T,gnomAD Exomes,PASS,NA,p.Arg690Leu,p.Arg690Leu,c.2069G>T,missense_variant,,1,109406,9.14026653017202E-06,0,0,0,7164,0,0,0,17110,0,0,0,2320,0,0,0,9046,0,0,0,13394,0,0,1,42768,0,0,0,1914,0,0,0,15690,0,0
1,150479473,rs776700071,C,T,gnomAD Exomes,PASS,NA,p.Pro697Leu,p.Pro697Leu,c.2090C>T,missense_variant,,1,109406,9.14026653017202E-06,0,0,0,7164,0,0,0,17110,0,0,0,2320,0,0,0,9046,0,0,0,13394,0,0,1,42768,0,0,0,1914,0,0,0,15690,0,0
1,150479479,rs1449823942,C,T,gnomAD Exomes,PASS,NA,p.Ala699Val,p.Ala699Val,c.2096C>T,missense_variant,,1,109404,9.14043362217103E-06,0,0,0,7164,0,0,1,17108,0,0,0,2320,0,0,0,9046,0,0,0,13394,0,0,0,42768,0,0,0,1914,0,0,0,15690,0,0
1,150479481,rs1316624616,G,A,gnomAD Exomes,PASS,NA,p.Val700Met,p.Val700Met,c.2098G>A,missense_variant,,1,109404,9.14043362217103E-06,0,0,0,7164,0,0,1,17108,0,0,0,2320,0,0,0,9046,0,0,0,13394,0,0,0,42768,0,0,0,1914,0,0,0,15690,0,0
1,150479493,rs773862035,G,C,gnomAD Exomes,PASS,NA,p.Val704Leu,p.Val704Leu,c.2110G>C,missense_variant,,2,109404,1.82808672443421E-05,0,0,0,7164,0,0,0,17108,0,0,0,2320,0,0,2,9046,0,0,0,13394,0,0,0,42768,0,0,0,1914,0,0,0,15690,0,0
1,150479500,rs1322679303,T,G,gnomAD Genomes,NA,PASS,p.Leu706Arg,p.Leu706Arg,c.2117T>G,missense_variant,,1,10850,9.21658986175115E-05,0,0,0,2568,0,0,0,246,0,0,0,38,0,0,1,912,0,0,0,1162,0,0,0,5502,0,0,0,422,0,0,0,0,0,0
1,150479503,rs1262730912,A,G,gnomAD Exomes,PASS,NA,p.Gln707Arg,p.Gln707Arg,c.2120A>G,missense_variant,,1,109406,9.14026653017202E-06,0,0,0,7164,0,0,0,17110,0,0,0,2320,0,0,0,9046,0,0,0,13394,0,0,1,42768,0,0,0,1914,0,0,0,15690,0,0
1,150479509,rs766873527,C,T,gnomAD Exomes,PASS,NA,p.Thr709Met,p.Thr709Met,c.2126C>T,missense_variant,,1,109402,9.14060072027934E-06,0,0,0,7164,0,0,1,17110,0,0,0,2320,0,0,0,9046,0,0,0,13392,0,0,0,42768,0,0,0,1914,0,0,0,15688,0,0
1,150479517,rs764277809,C,T,gnomAD Exomes,PASS,NA,p.Pro712Ser,p.Pro712Ser,c.2134C>T,missense_variant,,1,109402,9.14060072027934E-06,0,0,0,7164,0,0,0,17108,0,0,0,2320,0,0,0,9046,0,0,0,13394,0,0,0,42768,0,0,1,1914,0,0,0,15688,0,0
1,150479518,rs587617625,C,T,gnomAD Exomes,PASS,NA,p.Pro712Leu,p.Pro712Leu,c.2135C>T,missense_variant,,1,109400,9.14076782449726E-06,0,0,0,7162,0,0,0,17108,0,0,0,2320,0,0,0,9046,0,0,0,13394,0,0,0,42768,0,0,0,1914,0,0,1,15688,0,0
1,150479526,rs756855066,G,A,gnomAD Exomes,PASS,NA,p.Glu715Lys,p.Glu715Lys,c.2143G>A,missense_variant,,2,109400,1.82815356489945E-05,0,0,0,7162,0,0,1,17110,0,0,0,2320,0,0,0,9046,0,0,0,13392,0,0,0,42768,0,0,0,1914,0,0,1,15688,0,0
