Chromosome,Position,rsID,Reference,Alternate,Source,Filters - exomes,Filters - genomes,Consequence,Protein Consequence,Transcript Consequence,Annotation,Flags,Allele Count,Allele Number,Allele Frequency,Homozygote Count,Hemizygote Count,Allele Count African,Allele Number African,Homozygote Count African,Hemizygote Count African,Allele Count Latino,Allele Number Latino,Homozygote Count Latino,Hemizygote Count Latino,Allele Count Ashkenazi Jewish,Allele Number Ashkenazi Jewish,Homozygote Count Ashkenazi Jewish,Hemizygote Count Ashkenazi Jewish,Allele Count East Asian,Allele Number East Asian,Homozygote Count East Asian,Hemizygote Count East Asian,Allele Count European (Finnish),Allele Number European (Finnish),Homozygote Count European (Finnish),Hemizygote Count European (Finnish),Allele Count European (non-Finnish),Allele Number European (non-Finnish),Homozygote Count European (non-Finnish),Hemizygote Count European (non-Finnish),Allele Count Other,Allele Number Other,Homozygote Count Other,Hemizygote Count Other,Allele Count South Asian,Allele Number South Asian,Homozygote Count South Asian,Hemizygote Count South Asian
19,50411510,rs1228920145,T,C,"gnomAD Exomes,gnomAD Genomes",PASS,PASS,p.Ile519Val,p.Ile519Val,c.1555A>G,missense_variant,,2,119796,1.66950482486894E-05,0,0,0,9732,0,0,0,17354,0,0,0,2358,0,0,2,9960,0,0,0,14094,0,0,0,48274,0,0,0,2334,0,0,0,15690,0,0
19,50411512,rs569791604,C,G,gnomAD Exomes,PASS,NA,p.Arg518Pro,p.Arg518Pro,c.1553G>C,missense_variant,,1,108908,9.18206192382561E-06,0,0,0,7158,0,0,0,17104,0,0,0,2320,0,0,0,9046,0,0,0,12924,0,0,1,42756,0,0,0,1912,0,0,0,15688,0,0
19,50411513,rs369812142,G,A,gnomAD Exomes,PASS,NA,p.Arg518Trp,p.Arg518Trp,c.1552C>T,missense_variant,,1,108944,9.17902775737994E-06,0,0,0,7160,0,0,0,17106,0,0,0,2320,0,0,0,9046,0,0,0,12950,0,0,1,42760,0,0,0,1912,0,0,0,15690,0,0
19,50411518,rs1248537976,C,T,gnomAD Genomes,NA,PASS,p.Ser516Asn,p.Ser516Asn,c.1547G>A,missense_variant,,1,10882,9.18948722661275E-05,0,0,0,2574,0,0,0,246,0,0,0,38,0,0,1,916,0,0,0,1162,0,0,0,5522,0,0,0,424,0,0,0,0,0,0
19,50411521,rs751090448,C,T,gnomAD Exomes,PASS,NA,p.Arg515His,p.Arg515His,c.1544G>A,missense_variant,,1,109056,9.16960093896713E-06,0,0,0,7154,0,0,1,17104,0,0,0,2320,0,0,0,9046,0,0,0,13064,0,0,0,42766,0,0,0,1912,0,0,0,15690,0,0
19,50411524,rs1341884927,T,C,gnomAD Exomes,PASS,NA,p.Glu514Gly,p.Glu514Gly,c.1541A>G,missense_variant,,1,109148,9.16187195367758E-06,0,0,1,7162,0,0,0,17110,0,0,0,2320,0,0,0,9046,0,0,0,13142,0,0,0,42766,0,0,0,1912,0,0,0,15690,0,0
19,50411534,rs754639486,T,G,gnomAD Exomes,PASS,NA,p.Lys511Gln,p.Lys511Gln,c.1531A>C,missense_variant,,1,109220,9.1558322651529E-06,0,0,0,7162,0,0,0,17110,0,0,0,2320,0,0,0,9046,0,0,0,13214,0,0,1,42766,0,0,0,1914,0,0,0,15688,0,0
19,50411536,rs142980354,C,T,gnomAD Exomes,PASS,NA,p.Arg510His,p.Arg510His,c.1529G>A,missense_variant,,0,109170,0,0,0,0,7158,0,0,0,17104,0,0,0,2320,0,0,0,9046,0,0,0,13182,0,0,0,42762,0,0,0,1914,0,0,0,15684,0,0
19,50411537,rs747835540,G,A,gnomAD Exomes,PASS,NA,p.Arg510Cys,p.Arg510Cys,c.1528C>T,missense_variant,,1,109192,9.15818008645322E-06,0,0,0,7162,0,0,0,17106,0,0,0,2320,0,0,0,9046,0,0,0,13196,0,0,1,42762,0,0,0,1914,0,0,0,15686,0,0
19,50411539,rs1180723639,C,T,gnomAD Exomes,PASS,NA,p.Arg509Gln,p.Arg509Gln,c.1526G>A,missense_variant,,2,109204,1.83143474598E-05,0,0,0,7162,0,0,1,17106,0,0,0,2320,0,0,1,9046,0,0,0,13208,0,0,0,42762,0,0,0,1914,0,0,0,15686,0,0
19,50411540,rs779433826,G,A,gnomAD Exomes,PASS,NA,p.Arg509Trp,p.Arg509Trp,c.1525C>T,missense_variant,,2,109236,1.83089823867589E-05,0,0,0,7162,0,0,0,17106,0,0,0,2320,0,0,0,9046,0,0,0,13236,0,0,1,42766,0,0,0,1914,0,0,1,15686,0,0
19,50411545,rs1062800,T,A,gnomAD Exomes,PASS,NA,p.Glu507Val,p.Glu507Val,c.1520A>T,missense_variant,,1,109292,9.14980053434835E-06,0,0,0,7162,0,0,0,17106,0,0,0,2320,0,0,0,9046,0,0,0,13290,0,0,1,42768,0,0,0,1914,0,0,0,15686,0,0
19,50411563,rs775625244,T,C,gnomAD Exomes,PASS,NA,p.Glu501Gly,p.Glu501Gly,c.1502A>G,missense_variant,,1,109350,9.14494741655236E-06,0,0,0,7160,0,0,0,17110,0,0,0,2320,0,0,0,9046,0,0,0,13352,0,0,0,42768,0,0,0,1912,0,0,1,15682,0,0
19,50411569,rs768832378,A,G,gnomAD Exomes,PASS,NA,p.Val499Ala,p.Val499Ala,c.1496T>C,missense_variant,,3,109370,2.74298253634452E-05,0,0,0,7162,0,0,0,17110,0,0,0,2320,0,0,0,9046,0,0,3,13370,0,0,0,42764,0,0,0,1914,0,0,0,15684,0,0
19,50411585,rs142850742,G,T,"gnomAD Exomes,gnomAD Genomes",PASS,PASS,p.Leu494Met,p.Leu494Met,c.1480C>A,missense_variant,,5,120260,4.1576584067853E-05,0,0,4,9738,0,0,1,17358,0,0,0,2358,0,0,0,9962,0,0,0,14534,0,0,0,48284,0,0,0,2338,0,0,0,15688,0,0
19,50411587,rs1437446692,G,A,gnomAD Exomes,PASS,NA,p.Ala493Val,p.Ala493Val,c.1478C>T,missense_variant,,1,109374,9.14294073545815E-06,0,0,0,7164,0,0,1,17112,0,0,0,2320,0,0,0,9046,0,0,0,13364,0,0,0,42768,0,0,0,1912,0,0,0,15688,0,0
19,50411595,rs767157802,C,G,gnomAD Exomes,PASS,NA,p.Gln490His,p.Gln490His,c.1470G>C,missense_variant,,2,109398,1.82818698696503E-05,0,0,0,7164,0,0,2,17112,0,0,0,2320,0,0,0,9046,0,0,0,13384,0,0,0,42768,0,0,0,1914,0,0,0,15690,0,0
19,50411600,rs752339926,C,T,gnomAD Exomes,PASS,NA,p.Asp489Asn,p.Asp489Asn,c.1465G>A,missense_variant,,1,109398,9.14093493482513E-06,0,0,0,7164,0,0,1,17112,0,0,0,2320,0,0,0,9046,0,0,0,13384,0,0,0,42768,0,0,0,1914,0,0,0,15690,0,0
19,50411602,rs755832145,A,T,gnomAD Exomes,PASS,NA,p.Ile488Asn,p.Ile488Asn,c.1463T>A,missense_variant,,1,109402,9.14060072027934E-06,0,0,0,7164,0,0,0,17112,0,0,0,2320,0,0,0,9046,0,0,0,13388,0,0,1,42768,0,0,0,1914,0,0,0,15690,0,0
19,50411612,rs779414081,G,T,gnomAD Exomes,PASS,NA,p.Leu485Met,p.Leu485Met,c.1453C>A,missense_variant,,1,109398,9.14093493482513E-06,0,0,1,7162,0,0,0,17112,0,0,0,2320,0,0,0,9046,0,0,0,13386,0,0,0,42768,0,0,0,1914,0,0,0,15690,0,0
19,50411621,rs746274372,T,A,gnomAD Exomes,PASS,NA,p.Met482Leu,p.Met482Leu,c.1444A>T,missense_variant,,1,109404,9.14043362217103E-06,0,0,0,7162,0,0,0,17112,0,0,0,2320,0,0,0,9046,0,0,0,13392,0,0,1,42768,0,0,0,1914,0,0,0,15690,0,0
19,50411626,rs747579103,G,A,gnomAD Exomes,PASS,NA,p.Ala480Val,p.Ala480Val,c.1439C>T,missense_variant,,2,109398,1.82818698696503E-05,0,0,1,7162,0,0,0,17112,0,0,0,2320,0,0,0,9046,0,0,0,13386,0,0,1,42768,0,0,0,1914,0,0,0,15690,0,0
19,50411629,rs139913264,T,C,"gnomAD Exomes,gnomAD Genomes",PASS,PASS,p.Asn479Ser,p.Asn479Ser,c.1436A>G,missense_variant,,4,120280,3.3255736614566E-05,0,0,1,9736,0,0,0,17358,0,0,0,2358,0,0,0,9962,0,0,0,14554,0,0,1,48286,0,0,0,2336,0,0,2,15690,0,0
19,50411643,rs748368965,G,C,gnomAD Exomes,PASS,NA,p.Ile474Met,p.Ile474Met,c.1422C>G,missense_variant,,1,109400,9.14076782449726E-06,0,0,0,7162,0,0,0,17112,0,0,0,2320,0,0,0,9046,0,0,0,13388,0,0,1,42768,0,0,0,1914,0,0,0,15690,0,0
19,50411669,rs534262181,C,T,gnomAD Exomes,PASS,NA,p.Asp466Asn,p.Asp466Asn,c.1396G>A,missense_variant,,3,109404,2.74213008665131E-05,0,0,0,7162,0,0,2,17112,0,0,0,2320,0,0,0,9046,0,0,1,13394,0,0,0,42768,0,0,0,1914,0,0,0,15688,0,0
19,50411671,rs774107779,G,A,gnomAD Exomes,PASS,NA,p.Ala465Val,p.Ala465Val,c.1394C>T,missense_variant,,1,109402,9.14060072027934E-06,0,0,0,7160,0,0,0,17112,0,0,0,2320,0,0,0,9046,0,0,0,13394,0,0,1,42768,0,0,0,1914,0,0,0,15688,0,0
19,50411672,rs759560737,C,T,gnomAD Genomes,NA,PASS,p.Ala465Thr,p.Ala465Thr,c.1393G>A,missense_variant,,1,10872,9.19793966151582E-05,0,0,1,2570,0,0,0,246,0,0,0,38,0,0,0,916,0,0,0,1162,0,0,0,5516,0,0,0,424,0,0,0,0,0,0
19,50411678,rs760388870,C,G,gnomAD Exomes,PASS,NA,p.Ala463Pro,p.Ala463Pro,c.1387G>C,missense_variant,,1,109330,9.14662032379036E-06,0,0,0,7158,0,0,0,17112,0,0,0,2320,0,0,0,9022,0,0,0,13376,0,0,1,42744,0,0,0,1912,0,0,0,15686,0,0
19,50411686,rs368893422,G,A,gnomAD Genomes,NA,PASS,p.Thr460Met,p.Thr460Met,c.1379C>T,missense_variant,,1,10878,9.19286633572348E-05,0,0,0,2572,0,0,0,246,0,0,0,38,0,0,0,916,0,0,0,1162,0,0,1,5520,0,0,0,424,0,0,0,0,0,0
19,50411699,rs755550156,C,T,"gnomAD Exomes,gnomAD Genomes",PASS,PASS,p.Glu456Lys,p.Glu456Lys,c.1366G>A,missense_variant,,16,120276,0.000133027370381,0,0,1,9732,0,0,3,17358,0,0,0,2358,0,0,0,9962,0,0,3,14554,0,0,9,48290,0,0,0,2336,0,0,0,15686,0,0
19,50411705,rs781239867,T,C,gnomAD Exomes,PASS,NA,p.Ile454Val,p.Ile454Val,c.1360A>G,missense_variant,,2,109404,1.82808672443421E-05,0,0,2,7162,0,0,0,17112,0,0,0,2320,0,0,0,9046,0,0,0,13394,0,0,0,42768,0,0,0,1914,0,0,0,15688,0,0
19,50411716,rs1350723572,T,A,gnomAD Exomes,PASS,NA,p.Asp450Val,p.Asp450Val,c.1349A>T,missense_variant,,1,109400,9.14076782449726E-06,0,0,0,7160,0,0,0,17110,0,0,0,2320,0,0,0,9046,0,0,0,13394,0,0,1,42768,0,0,0,1912,0,0,0,15690,0,0
19,50411726,rs748278801,T,C,gnomAD Exomes,PASS,NA,p.Met447Val,p.Met447Val,c.1339A>G,missense_variant,,1,109396,9.1411020512633E-06,0,0,1,7162,0,0,0,17108,0,0,0,2320,0,0,0,9046,0,0,0,13392,0,0,0,42768,0,0,0,1914,0,0,0,15686,0,0
19,50411728,rs140379555,C,T,gnomAD Exomes,PASS,NA,p.Arg446His,p.Arg446His,c.1337G>A,missense_variant,,7,109398,6.39865445437759E-05,0,0,0,7162,0,0,0,17110,0,0,0,2320,0,0,0,9046,0,0,0,13390,0,0,7,42768,0,0,0,1914,0,0,0,15688,0,0
19,50411741,rs774201402,C,T,gnomAD Exomes,PASS,NA,p.Ala442Thr,p.Ala442Thr,c.1324G>A,missense_variant,,5,109396,4.57055102563165E-05,0,0,0,7162,0,0,0,17110,0,0,0,2320,0,0,3,9046,0,0,0,13392,0,0,1,42768,0,0,0,1914,0,0,1,15684,0,0
19,50411744,rs372597263,C,A,gnomAD Exomes,PASS,NA,p.Asp441Tyr,p.Asp441Tyr,c.1321G>T,missense_variant,mnv,1,109400,9.14076782449726E-06,0,0,0,7162,0,0,0,17108,0,0,0,2320,0,0,0,9046,0,0,0,13394,0,0,1,42768,0,0,0,1914,0,0,0,15688,0,0
19,50411744,rs372597263,C,T,gnomAD Exomes,PASS,NA,p.Asp441Asn,p.Asp441Asn,c.1321G>A,missense_variant,mnv,1,109400,9.14076782449726E-06,0,0,0,7162,0,0,0,17108,0,0,0,2320,0,0,0,9046,0,0,0,13394,0,0,1,42768,0,0,0,1914,0,0,0,15688,0,0
19,50411762,rs1219920087,T,G,gnomAD Exomes,PASS,NA,p.Lys435Gln,p.Lys435Gln,c.1303A>C,missense_variant,,1,109400,9.14076782449726E-06,0,0,0,7162,0,0,0,17108,0,0,0,2320,0,0,0,9046,0,0,0,13394,0,0,1,42768,0,0,0,1914,0,0,0,15688,0,0
19,50411786,rs1056692605,C,T,gnomAD Exomes,PASS,NA,p.Asp427Asn,p.Asp427Asn,c.1279G>A,missense_variant,,1,109408,9.14009944428195E-06,0,0,0,7164,0,0,1,17112,0,0,0,2320,0,0,0,9046,0,0,0,13394,0,0,0,42768,0,0,0,1914,0,0,0,15690,0,0
19,50411804,rs777922064,T,A,gnomAD Exomes,PASS,NA,p.Ile421Phe,p.Ile421Phe,c.1261A>T,missense_variant,,2,109394,1.82825383476242E-05,0,0,0,7164,0,0,0,17112,0,0,0,2320,0,0,0,9046,0,0,0,13380,0,0,2,42768,0,0,0,1914,0,0,0,15690,0,0
19,50411804,rs777922064,T,C,gnomAD Exomes,PASS,NA,p.Ile421Val,p.Ile421Val,c.1261A>G,missense_variant,,1,109394,9.14126917381209E-06,0,0,0,7164,0,0,0,17112,0,0,0,2320,0,0,1,9046,0,0,0,13380,0,0,0,42768,0,0,0,1914,0,0,0,15690,0,0
19,50411828,rs879939773,A,T,gnomAD Exomes,PASS,NA,p.Leu413Met,p.Leu413Met,c.1237T>A,missense_variant,,1,109374,9.14294073545815E-06,0,0,0,7164,0,0,0,17112,0,0,0,2320,0,0,1,9046,0,0,0,13362,0,0,0,42768,0,0,0,1912,0,0,0,15690,0,0
19,50411829,rs138767204,C,A,"gnomAD Exomes,gnomAD Genomes",PASS,PASS,p.Glu412Asp,p.Glu412Asp,c.1236G>T,missense_variant,,10,120260,8.3153168135706E-05,0,0,1,9738,0,0,0,17358,0,0,0,2358,0,0,0,9962,0,0,3,14530,0,0,6,48288,0,0,0,2336,0,0,0,15690,0,0
19,50411830,rs775526160,T,C,gnomAD Exomes,PASS,NA,p.Glu412Gly,p.Glu412Gly,c.1235A>G,missense_variant,,3,109384,2.74263146346815E-05,0,0,0,7164,0,0,3,17112,0,0,0,2320,0,0,0,9046,0,0,0,13372,0,0,0,42768,0,0,0,1912,0,0,0,15690,0,0
19,50411850,rs1161885219,G,C,gnomAD Exomes,PASS,NA,p.Asp405Glu,p.Asp405Glu,c.1215C>G,missense_variant,,1,109292,9.14980053434835E-06,0,0,0,7164,0,0,0,17112,0,0,0,2320,0,0,0,9046,0,0,1,13278,0,0,0,42768,0,0,0,1914,0,0,0,15690,0,0
19,50411885,rs764993698,C,T,"gnomAD Exomes,gnomAD Genomes",PASS,PASS,p.Asp394Asn,p.Asp394Asn,c.1180G>A,missense_variant,,2,119744,1.67022982362373E-05,0,0,0,9738,0,0,0,17358,0,0,0,2358,0,0,0,9962,0,0,0,14020,0,0,1,48286,0,0,0,2334,0,0,1,15688,0,0
19,50411888,rs759856766,G,A,gnomAD Exomes,PASS,NA,p.Leu393Phe,p.Leu393Phe,c.1177C>T,missense_variant,,1,108806,9.1906696321894E-06,0,0,0,7164,0,0,1,17112,0,0,0,2320,0,0,0,9046,0,0,0,12798,0,0,0,42766,0,0,0,1910,0,0,0,15690,0,0
19,50411889,rs993455649,C,G,gnomAD Exomes,PASS,NA,p.Glu392Asp,p.Glu392Asp,c.1176G>C,missense_variant,,1,108816,9.18982502573151E-06,0,0,0,7164,0,0,1,17112,0,0,0,2320,0,0,0,9046,0,0,0,12808,0,0,0,42766,0,0,0,1910,0,0,0,15690,0,0
19,50411891,rs750978387,CCTGGTCCAGCCTCTT,C,gnomAD Exomes,PASS,NA,p.Lys387_Gln391del,p.Lys387_Gln391del,c.1159_1173delAAGAGGCTGGACCAG,inframe_deletion,,1,108746,9.19574053298512E-06,0,0,0,7164,0,0,0,17112,0,0,0,2320,0,0,1,9046,0,0,0,12738,0,0,0,42766,0,0,0,1910,0,0,0,15690,0,0
19,50411933,rs754006742,C,T,gnomAD Exomes,PASS,NA,p.Glu378Lys,p.Glu378Lys,c.1132G>A,missense_variant,,2,108052,1.85096064857661E-05,0,0,0,7164,0,0,0,17112,0,0,0,2320,0,0,0,9046,0,0,0,12054,0,0,2,42760,0,0,0,1906,0,0,0,15690,0,0
19,50411935,rs143977055,C,T,gnomAD Exomes,PASS,NA,p.Arg377His,p.Arg377His,c.1130G>A,missense_variant,,8,108026,7.40562457186233E-05,1,0,1,7164,0,0,2,17112,0,0,0,2320,0,0,0,9044,0,0,0,12026,0,0,3,42766,0,0,0,1904,0,0,2,15690,1,0
19,50411936,rs371358546,G,A,gnomAD Exomes,PASS,NA,p.Arg377Cys,p.Arg377Cys,c.1129C>T,missense_variant,,4,107872,3.70809848709582E-05,0,0,1,7164,0,0,2,17112,0,0,0,2320,0,0,0,9046,0,0,0,11876,0,0,1,42766,0,0,0,1898,0,0,0,15690,0,0
19,50411941,rs1173658036,A,C,gnomAD Exomes,PASS,NA,p.Leu375Arg,p.Leu375Arg,c.1124T>G,missense_variant,,1,108056,9.25446065003332E-06,0,0,0,7164,0,0,1,17112,0,0,0,2320,0,0,0,9046,0,0,0,12060,0,0,0,42766,0,0,0,1898,0,0,0,15690,0,0
19,50411944,rs373964240,C,T,gnomAD Exomes,PASS,NA,p.Ser374Asn,p.Ser374Asn,c.1121G>A,missense_variant,,1,108090,9.25154963456379E-06,0,0,1,7164,0,0,0,17112,0,0,0,2320,0,0,0,9046,0,0,0,12094,0,0,0,42766,0,0,0,1898,0,0,0,15690,0,0
19,50411966,rs775985879,C,T,gnomAD Exomes,PASS,NA,p.Glu367Lys,p.Glu367Lys,c.1099G>A,missense_variant,,1,108328,9.23122369101248E-06,0,0,1,7164,0,0,0,17112,0,0,0,2320,0,0,0,9046,0,0,0,12334,0,0,0,42766,0,0,0,1896,0,0,0,15690,0,0
19,50411967,rs564436380,G,C,"gnomAD Exomes,gnomAD Genomes",PASS,PASS,p.Ile366Met,p.Ile366Met,c.1098C>G,missense_variant,,15,119246,0.000125790382906,0,0,0,9736,0,0,6,17358,0,0,0,2358,0,0,0,9962,0,0,0,13538,0,0,5,48284,0,0,3,2320,0,0,1,15690,0,0
19,50411974,rs377596486,G,A,gnomAD Exomes,PASS,NA,p.Thr364Met,p.Thr364Met,c.1091C>T,missense_variant,,2,108544,1.84257075471698E-05,0,0,0,7164,0,0,0,17112,0,0,0,2320,0,0,0,9044,0,0,0,12544,0,0,2,42766,0,0,0,1904,0,0,0,15690,0,0
19,50411977,rs775900852,C,T,gnomAD Exomes,PASS,NA,p.Arg363His,p.Arg363His,c.1088G>A,missense_variant,,4,108490,3.68697575813439E-05,0,0,0,7164,0,0,1,17112,0,0,0,2320,0,0,0,9046,0,0,0,12486,0,0,2,42768,0,0,0,1904,0,0,1,15690,0,0
19,50411978,rs761071949,G,A,gnomAD Exomes,PASS,NA,p.Arg363Cys,p.Arg363Cys,c.1087C>T,missense_variant,,0,108596,0,0,0,0,7164,0,0,0,17112,0,0,0,2320,0,0,0,9046,0,0,0,12590,0,0,0,42766,0,0,0,1908,0,0,0,15690,0,0
19,50411987,rs764711306,C,A,gnomAD Exomes,PASS,NA,p.Ala360Ser,p.Ala360Ser,c.1078G>T,missense_variant,,2,108794,1.83833667297829E-05,0,0,0,7164,0,0,2,17112,0,0,0,2320,0,0,0,9046,0,0,0,12788,0,0,0,42768,0,0,0,1906,0,0,0,15690,0,0
19,50412011,rs765426761,G,A,gnomAD Exomes,PASS,NA,p.Leu352Phe,p.Leu352Phe,c.1054C>T,missense_variant,,1,109036,9.17128287904912E-06,0,0,0,7164,0,0,0,17112,0,0,0,2320,0,0,0,9046,0,0,0,13030,0,0,1,42768,0,0,0,1906,0,0,0,15690,0,0
19,50412017,rs1286731286,G,A,gnomAD Exomes,PASS,NA,p.His350Tyr,p.His350Tyr,c.1048C>T,missense_variant,,0,109014,0,0,0,0,7164,0,0,0,17112,0,0,0,2320,0,0,0,9044,0,0,0,13010,0,0,0,42768,0,0,0,1906,0,0,0,15690,0,0
19,50412019,rs146828187,C,T,"gnomAD Exomes,gnomAD Genomes",PASS,PASS,p.Arg349Gln,p.Arg349Gln,c.1046G>A,missense_variant,,3,119938,2.50129233437276E-05,0,0,0,9738,0,0,0,17358,0,0,0,2358,0,0,0,9962,0,0,0,14224,0,0,2,48280,0,0,0,2328,0,0,1,15690,0,0
19,50412020,rs758695990,G,A,gnomAD Exomes,PASS,NA,p.Arg349Trp,p.Arg349Trp,c.1045C>T,missense_variant,,1,109054,9.16976910521393E-06,0,0,0,7164,0,0,0,17112,0,0,0,2320,0,0,0,9046,0,0,0,13046,0,0,1,42768,0,0,0,1908,0,0,0,15690,0,0
19,50412038,rs746873934,C,T,gnomAD Genomes,NA,PASS,p.Glu343Lys,p.Glu343Lys,c.1027G>A,missense_variant,,1,10870,9.19963201471941E-05,0,0,0,2572,0,0,0,246,0,0,0,38,0,0,0,916,0,0,0,1162,0,0,1,5512,0,0,0,424,0,0,0,0,0,0
19,50412070,rs1259154353,T,C,gnomAD Exomes,PASS,NA,p.Gln332Arg,p.Gln332Arg,c.995A>G,missense_variant,,1,109006,9.17380694640662E-06,0,0,0,7164,0,0,0,17112,0,0,0,2320,0,0,0,9046,0,0,0,12998,0,0,1,42766,0,0,0,1910,0,0,0,15690,0,0
19,50412074,rs574014123,C,T,gnomAD Exomes,PASS,NA,p.Ala331Thr,p.Ala331Thr,c.991G>A,missense_variant,,13,108984,0.00011928356456,0,0,0,7164,0,0,0,17112,0,0,0,2320,0,0,0,9044,0,0,0,12982,0,0,13,42766,0,0,0,1906,0,0,0,15690,0,0
19,50412079,rs775808802,G,A,gnomAD Exomes,PASS,NA,p.Thr329Ile,p.Thr329Ile,c.986C>T,missense_variant,,1,108868,9.18543557335489E-06,0,0,0,7160,0,0,0,17112,0,0,0,2320,0,0,0,9036,0,0,0,12890,0,0,1,42758,0,0,0,1902,0,0,0,15690,0,0
19,50412086,rs761138867,C,T,"gnomAD Exomes,gnomAD Genomes",PASS,PASS,p.Ala327Thr,p.Ala327Thr,c.979G>A,missense_variant,,3,119440,2.51172136637642E-05,0,0,0,9716,0,0,0,17352,0,0,0,2356,0,0,2,9948,0,0,0,13826,0,0,0,48230,0,0,0,2324,0,0,1,15688,0,0
19,50412088,rs777143310,G,A,gnomAD Exomes,PASS,NA,p.Ser326Phe,p.Ser326Phe,c.977C>T,missense_variant,,1,108522,9.2147214389709E-06,0,0,0,7142,0,0,0,17102,0,0,0,2316,0,0,1,9030,0,0,0,12674,0,0,0,42676,0,0,0,1894,0,0,0,15688,0,0
19,50412092,rs762236597,T,C,gnomAD Exomes,PASS,NA,p.Ser325Gly,p.Ser325Gly,c.973A>G,missense_variant,,1,108364,9.22815695249345E-06,0,0,0,7124,0,0,0,17100,0,0,0,2312,0,0,0,9024,0,0,0,12618,0,0,1,42606,0,0,0,1896,0,0,0,15684,0,0
19,50412100,rs750595555,G,A,gnomAD Exomes,PASS,NA,p.Ala322Val,p.Ala322Val,c.965C>T,missense_variant,,1,108122,9.24881152771869E-06,0,0,1,7124,0,0,0,17092,0,0,0,2312,0,0,0,9018,0,0,0,12336,0,0,0,42680,0,0,0,1892,0,0,0,15668,0,0
19,50412100,rs750595555,G,C,gnomAD Exomes,PASS,NA,p.Ala322Gly,p.Ala322Gly,c.965C>G,missense_variant,,1,108122,9.24881152771869E-06,0,0,0,7124,0,0,0,17092,0,0,0,2312,0,0,0,9018,0,0,0,12336,0,0,0,42680,0,0,0,1892,0,0,1,15668,0,0
19,50412103,rs766750131,C,T,gnomAD Exomes,PASS,NA,p.Gly321Glu,p.Gly321Glu,c.962G>A,missense_variant,,1,108122,9.24881152771869E-06,0,0,0,7120,0,0,0,17084,0,0,0,2310,0,0,0,9012,0,0,0,12360,0,0,1,42676,0,0,0,1892,0,0,0,15668,0,0
19,50412103,rs766750131,C,A,gnomAD Exomes,PASS,NA,p.Gly321Val,p.Gly321Val,c.962G>T,missense_variant,,0,108122,0,0,0,0,7120,0,0,0,17084,0,0,0,2310,0,0,0,9012,0,0,0,12360,0,0,0,42676,0,0,0,1892,0,0,0,15668,0,0
19,50412105,rs756603075,TGCAGCTGCGCCAGGGCCAGGTGGAGCGGTCACG,T,gnomAD Exomes,PASS,NA,p.Val310_Ala320del,p.Val310_Ala320del,c.927_959delCGTGACCGCTCCACCTGGCCCTGGCGCAGCTGC,inframe_deletion,,1,108106,9.25018037851738E-06,0,0,0,7118,0,0,0,17084,0,0,0,2310,0,0,0,9008,0,0,0,12360,0,0,1,42666,0,0,0,1894,0,0,0,15666,0,0
19,50412113,rs139269985,C,T,"gnomAD Exomes,gnomAD Genomes",PASS,PASS,p.Ala318Thr,p.Ala318Thr,c.952G>A,missense_variant,,12,118712,0.000101084978772,0,0,7,9678,0,0,2,17330,0,0,0,2346,0,0,0,9924,0,0,0,13302,0,0,1,48160,0,0,1,2314,0,0,1,15658,0,0
19,50412131,rs1207785500,C,T,gnomAD Exomes,PASS,NA,p.Ala312Thr,p.Ala312Thr,c.934G>A,missense_variant,,0,107072,0,0,0,0,7090,0,0,0,17056,0,0,0,2306,0,0,0,8978,0,0,0,11502,0,0,0,42608,0,0,0,1890,0,0,0,15642,0,0
19,50412137,rs748844929,C,T,"gnomAD Exomes,gnomAD Genomes",PASS,PASS,p.Val310Met,p.Val310Met,c.928G>A,missense_variant,,2,117706,1.69914872648803E-05,0,0,0,9664,0,0,0,17306,0,0,0,2342,0,0,1,9872,0,0,0,12464,0,0,1,48102,0,0,0,2310,0,0,0,15646,0,0
19,50412142,rs778588222,G,A,gnomAD Exomes,PASS,NA,p.Ala308Val,p.Ala308Val,c.923C>T,missense_variant,,1,106770,9.36592675845275E-06,0,0,0,7094,0,0,0,17044,0,0,0,2306,0,0,0,8982,0,0,0,11224,0,0,1,42584,0,0,0,1888,0,0,0,15648,0,0
19,50412148,rs1423959579,G,A,gnomAD Exomes,PASS,NA,p.Thr306Ile,p.Thr306Ile,c.917C>T,missense_variant,,1,106708,9.37136859466957E-06,0,0,0,7098,0,0,0,17034,0,0,0,2306,0,0,0,8996,0,0,0,11164,0,0,0,42574,0,0,0,1888,0,0,1,15648,0,0
19,50412164,rs769004235,C,T,gnomAD Exomes,PASS,NA,p.Gly301Arg,p.Gly301Arg,c.901G>A,missense_variant,,4,106160,3.76789751318764E-05,0,0,0,7118,0,0,0,17028,0,0,0,2286,0,0,1,9002,0,0,1,10760,0,0,2,42460,0,0,0,1886,0,0,0,15620,0,0
19,50412189,rs770477829,C,G,gnomAD Exomes,PASS,NA,p.Leu292Phe,p.Leu292Phe,c.876G>C,missense_variant,,1,106914,9.35331200778196E-06,0,0,0,7152,0,0,0,17030,0,0,0,2266,0,0,0,9036,0,0,0,11688,0,0,1,42270,0,0,0,1878,0,0,0,15594,0,0
19,50412200,rs773398011,C,T,"gnomAD Exomes,gnomAD Genomes",PASS,PASS,p.Gly289Ser,p.Gly289Ser,c.865G>A,missense_variant,,3,118174,2.5386294785655E-05,0,0,0,9714,0,0,0,17300,0,0,0,2298,0,0,0,9950,0,0,0,13268,0,0,1,47774,0,0,0,2306,0,0,2,15564,0,0
19,50412205,rs4031026,G,A,gnomAD Exomes,PASS,NA,p.Thr287Ile,p.Thr287Ile,c.860C>T,missense_variant,,1,106188,9.41725995404377E-06,0,0,1,7132,0,0,0,16932,0,0,0,2238,0,0,0,8976,0,0,0,11650,0,0,0,41932,0,0,0,1874,0,0,0,15454,0,0
19,50412205,rs4031026,G,GTGC,"gnomAD Exomes,gnomAD Genomes",PASS,PASS,p.Ser286dup,p.Ser286dup,c.857_859dupGCA,inframe_insertion,,337,117046,0.002879209883294,4,0,285,9702,4,0,21,17178,0,0,20,2276,0,0,0,9890,0,0,0,12810,0,0,6,47438,0,0,1,2298,0,0,4,15454,0,0
19,50412205,rs4031026,GTGC,G,gnomAD Genomes,NA,PASS,p.Ser286del,p.Ser286del,c.857_859delGCA,inframe_deletion,,1,10858,9.20979922637686E-05,0,0,0,2570,0,0,0,246,0,0,0,38,0,0,0,914,0,0,0,1160,0,0,1,5506,0,0,0,424,0,0,0,0,0,0
19,50412206,rs564852163,T,C,gnomAD Exomes,PASS,NA,p.Thr287Ala,p.Thr287Ala,c.859A>G,missense_variant,,7,105492,6.63557426155538E-05,0,0,0,6730,0,0,0,16892,0,0,0,2190,0,0,0,8982,0,0,0,11626,0,0,4,41778,0,0,0,1870,0,0,3,15424,0,0
19,50412214,rs755277180,C,CTGGTGG,"gnomAD Exomes,gnomAD Genomes",PASS,PASS,p.Ser283_Ser284insThrThr,p.Ser283_Ser284insThrThr,c.850_851insCCACCA,inframe_insertion,,14,118446,0.000118197321986,0,0,0,9712,0,0,1,17282,0,0,0,2284,0,0,13,9952,0,0,0,13592,0,0,0,47738,0,0,0,2320,0,0,0,15566,0,0
19,50412214,rs755277180,C,CTGGTGGTGG,gnomAD Exomes,PASS,NA,p.Ser283_Ser284insThrThrThr,p.Ser283_Ser284insThrThrThr,c.850_851insCCACCACCA,inframe_insertion,,2,107570,1.85925443896997E-05,0,0,0,7140,0,0,1,17036,0,0,0,2246,0,0,0,9036,0,0,0,12430,0,0,1,42220,0,0,0,1896,0,0,0,15566,0,0
19,50412217,rs1062798,C,CTGG,gnomAD Genomes,NA,PASS,p.Thr282dup,p.Thr282dup,c.845_847dupCCA,inframe_insertion,,1,10826,9.23702198411232E-05,0,0,1,2570,0,0,0,246,0,0,0,38,0,0,0,912,0,0,0,1158,0,0,0,5478,0,0,0,424,0,0,0,0,0,0
19,50412217,rs1062798,C,CTGGTGG,gnomAD Exomes,PASS,NA,p.Thr281_Thr282dup,p.Thr281_Thr282dup,c.842_847dupCCACCA,inframe_insertion,,1,106648,9.37664091215963E-06,0,0,0,7104,0,0,1,16944,0,0,0,2260,0,0,0,8950,0,0,0,12116,0,0,0,41936,0,0,0,1890,0,0,0,15448,0,0
19,50412217,rs1062798,C,G,"gnomAD Exomes,gnomAD Genomes",PASS,PASS,p.Ser283Thr,p.Ser283Thr,c.848G>C,missense_variant,,43206,117474,0.367792022064457,8232,0,2246,9674,259,0,6445,17190,1197,0,825,2298,139,0,4210,9862,926,0,6328,13274,1472,0,18466,47414,3601,0,857,2314,153,0,3829,15448,485,0
19,50412217,rs1062798,CTGG,C,gnomAD Exomes,PASS,NA,p.Thr282del,p.Thr282del,c.845_847delCCA,inframe_deletion,,3,106648,2.81299227364789E-05,0,0,0,7104,0,0,3,16944,0,0,0,2260,0,0,0,8950,0,0,0,12116,0,0,0,41936,0,0,0,1890,0,0,0,15448,0,0
19,50412217,rs1062798,CTGGTGG,C,gnomAD Exomes,PASS,NA,p.Thr281_Thr282del,p.Thr281_Thr282del,c.842_847delCCACCA,inframe_deletion,,4,106648,3.75065636486385E-05,0,0,0,7104,0,0,0,16944,0,0,0,2260,0,0,1,8950,0,0,0,12116,0,0,0,41936,0,0,1,1890,0,0,2,15448,0,0
19,50412217,rs1062798,CTGGTGGTGG,C,gnomAD Exomes,PASS,NA,p.Thr280_Thr282del,p.Thr280_Thr282del,c.839_847delCCACCACCA,inframe_deletion,,1,106648,9.37664091215963E-06,0,0,0,7104,0,0,0,16944,0,0,0,2260,0,0,0,8950,0,0,0,12116,0,0,1,41936,0,0,0,1890,0,0,0,15448,0,0
19,50412218,rs139229674,T,C,gnomAD Exomes,PASS,NA,p.Ser283Gly,p.Ser283Gly,c.847A>G,missense_variant,,1,107666,9.28798320732636E-06,0,0,0,7130,0,0,0,17050,0,0,0,2278,0,0,0,9036,0,0,0,12434,0,0,1,42236,0,0,0,1896,0,0,0,15606,0,0
19,50412220,rs149572563,G,C,gnomAD Exomes,PASS,NA,p.Thr282Ser,p.Thr282Ser,c.845C>G,missense_variant,,6,107684,5.57185840050518E-05,0,0,0,7092,0,0,0,17062,0,0,0,2270,0,0,1,9038,0,0,0,12450,0,0,5,42286,0,0,0,1894,0,0,0,15592,0,0
19,50412223,rs144277054,G,C,"gnomAD Exomes,gnomAD Genomes",PASS,PASS,p.Thr281Ser,p.Thr281Ser,c.842C>G,missense_variant,,6,118452,5.06534292371594E-05,0,0,4,9648,0,0,2,17286,0,0,0,2304,0,0,0,9948,0,0,0,13714,0,0,0,47642,0,0,0,2306,0,0,0,15604,0,0
19,50412224,rs140091070,T,C,"gnomAD Exomes,gnomAD Genomes",PASS,PASS,p.Thr281Ala,p.Thr281Ala,c.841A>G,missense_variant,,16,118420,0.000135112312109,0,0,14,9650,0,0,2,17284,0,0,0,2304,0,0,0,9944,0,0,0,13728,0,0,0,47594,0,0,0,2300,0,0,0,15616,0,0
19,50412224,rs140091070,T,TGGTGGC,gnomAD Exomes,PASS,NA,p.Ala279_Thr280dup,p.Ala279_Thr280dup,c.835_840dupGCCACC,inframe_insertion,,9,107584,8.36555621653777E-05,0,0,0,7080,0,0,0,17038,0,0,0,2266,0,0,0,9030,0,0,0,12566,0,0,7,42112,0,0,0,1876,0,0,2,15616,0,0
19,50412224,rs140091070,T,TGGTGGCGGTGGC,gnomAD Exomes,PASS,NA,p.Ala277_Thr280dup,p.Ala277_Thr280dup,c.829_840dupGCCACCGCCACC,inframe_insertion,,1,107584,9.29506246281975E-06,0,0,0,7080,0,0,0,17038,0,0,0,2266,0,0,1,9030,0,0,0,12566,0,0,0,42112,0,0,0,1876,0,0,0,15616,0,0
19,50412224,rs140091070,TGGTGGC,T,"gnomAD Exomes,gnomAD Genomes",PASS,PASS,c.834+1_834+6delGCCACC,,c.834+1_834+6delGCCACC,splice_donor_variant,lof_flag,5,118420,4.22225975342003E-05,0,0,1,9650,0,0,0,17284,0,0,0,2304,0,0,0,9944,0,0,0,13728,0,0,2,47594,0,0,0,2300,0,0,2,15616,0,0
19,50412224,rs140091070,TGGTGGCGGTGGC,T,gnomAD Exomes,PASS,NA,c.829_834+6delGCCACCGCCACC,,c.829_834+6delGCCACCGCCACC,splice_donor_variant,lof_flag,1,107584,9.29506246281975E-06,0,0,0,7080,0,0,1,17038,0,0,0,2266,0,0,0,9030,0,0,0,12566,0,0,0,42112,0,0,0,1876,0,0,0,15616,0,0
19,50412227,rs778299454,T,C,"gnomAD Exomes,gnomAD Genomes",PASS,PASS,p.Thr280Ala,p.Thr280Ala,c.838A>G,missense_variant,,2,117682,1.69949524991078E-05,0,0,0,9548,0,0,0,17252,0,0,0,2264,0,0,0,9944,0,0,0,13654,0,0,2,47150,0,0,0,2282,0,0,0,15588,0,0
19,50412227,rs778299454,TGGCGGTGGC,T,gnomAD Exomes,PASS,NA,c.829_834+3delGCCACCGCC,,c.829_834+3delGCCACCGCC,splice_donor_variant,lof_flag,2,106812,1.87244878852563E-05,0,0,0,6976,0,0,0,17006,0,0,0,2226,0,0,0,9028,0,0,0,12492,0,0,2,41638,0,0,0,1858,0,0,0,15588,0,0
19,50412230,rs113473061,C,T,"gnomAD Exomes,gnomAD Genomes",PASS,PASS,c.834+1G>A,,c.834+1G>A,splice_donor_variant,lof_flag,166,117614,0.001411396602445,3,0,152,9568,3,0,11,17254,0,0,0,2250,0,0,0,9934,0,0,0,13652,0,0,2,47164,0,0,1,2294,0,0,0,15498,0,0
19,50412233,rs1271060989,T,C,gnomAD Exomes,PASS,NA,p.Thr278Ala,p.Thr278Ala,c.832A>G,missense_variant,,0,107604,0,0,0,0,7024,0,0,0,17042,0,0,0,2260,0,0,0,9032,0,0,0,12718,0,0,0,42038,0,0,0,1872,0,0,0,15618,0,0
19,50412234,rs762094191,GGCGGTGGCA,G,"gnomAD Exomes,gnomAD Genomes",PASS,PASS,p.Ala275_Ala277del,p.Ala275_Ala277del,c.822_830delTGCCACCGC,inframe_deletion,,13,118608,0.000109604748415,0,0,4,9614,0,0,2,17286,0,0,0,2312,0,0,0,9956,0,0,0,13900,0,0,5,47618,0,0,0,2298,0,0,2,15624,0,0
19,50412236,rs770316163,C,T,gnomAD Exomes,PASS,NA,p.Ala277Thr,p.Ala277Thr,c.829G>A,missense_variant,,1,106946,9.35051334318254E-06,0,0,0,6954,0,0,0,16992,0,0,0,2238,0,0,0,9032,0,0,0,12632,0,0,0,41674,0,0,0,1858,0,0,1,15566,0,0
19,50412238,rs200338964,G,A,gnomAD Exomes,PASS,NA,p.Thr276Ile,p.Thr276Ile,c.827C>T,missense_variant,,2,107604,1.85866696405338E-05,0,0,0,7022,0,0,0,17024,0,0,0,2280,0,0,2,9040,0,0,0,12732,0,0,0,42000,0,0,0,1872,0,0,0,15634,0,0
19,50412239,rs767752715,T,TGGCAGC,gnomAD Exomes,PASS,NA,p.Ala274_Ala275dup,p.Ala274_Ala275dup,c.820_825dupGCTGCC,inframe_insertion,,3,107602,2.78805226668649E-05,0,0,0,7016,0,0,0,17024,0,0,0,2280,0,0,0,9038,0,0,0,12754,0,0,3,41998,0,0,0,1874,0,0,0,15618,0,0
19,50412243,rs750501947,AGCGGTGGAT,A,gnomAD Exomes,PASS,NA,p.Ser272_Ala274del,p.Ser272_Ala274del,c.813_821delATCCACCGC,inframe_deletion,,1,108002,9.25908779467047E-06,0,0,0,7058,0,0,0,17054,0,0,0,2284,0,0,0,9040,0,0,0,12840,0,0,1,42196,0,0,0,1888,0,0,0,15642,0,0
19,50412245,rs146715494,C,T,"gnomAD Exomes,gnomAD Genomes",PASS,PASS,p.Ala274Thr,p.Ala274Thr,c.820G>A,missense_variant,,15,118838,0.000126222252142,0,0,13,9650,0,0,1,17296,0,0,0,2318,0,0,1,9960,0,0,0,13976,0,0,0,47702,0,0,0,2312,0,0,0,15624,0,0
19,50412251,rs760743188,A,G,gnomAD Exomes,PASS,NA,p.Ser272Pro,p.Ser272Pro,c.814T>C,missense_variant,,1,108490,9.21743939533597E-06,0,0,0,7124,0,0,1,17076,0,0,0,2300,0,0,0,9044,0,0,0,12918,0,0,0,42472,0,0,0,1898,0,0,0,15658,0,0
19,50412253,rs950888275,G,A,gnomAD Exomes,PASS,NA,p.Thr271Ile,p.Thr271Ile,c.812C>T,missense_variant,,0,108634,0,0,0,0,7132,0,0,0,17088,0,0,0,2304,0,0,0,9046,0,0,0,12942,0,0,0,42556,0,0,0,1900,0,0,0,15666,0,0
19,50412254,rs763897777,T,A,gnomAD Exomes,PASS,NA,p.Thr271Ser,p.Thr271Ser,c.811A>T,missense_variant,,2,108668,1.84046821511392E-05,0,0,0,7130,0,0,2,17092,0,0,0,2308,0,0,0,9046,0,0,0,12956,0,0,0,42570,0,0,0,1906,0,0,0,15660,0,0
19,50412260,rs766810143,TGGA,T,"gnomAD Exomes,gnomAD Genomes",PASS,PASS,p.Ser268del,p.Ser268del,c.802_804delTCC,inframe_deletion,,4,119692,3.34191090465528E-05,0,0,0,9724,0,0,0,17350,0,0,0,2350,0,0,0,9958,0,0,0,14184,0,0,4,48120,0,0,0,2332,0,0,0,15674,0,0
19,50412262,rs757187525,G,T,gnomAD Exomes,PASS,NA,p.Ser268Tyr,p.Ser268Tyr,c.803C>A,missense_variant,,1,108786,9.19235931094075E-06,0,0,0,7156,0,0,0,17096,0,0,0,2310,0,0,0,9046,0,0,0,12968,0,0,1,42632,0,0,0,1908,0,0,0,15670,0,0
19,50412265,rs372446928,G,A,gnomAD Exomes,PASS,NA,p.Thr267Ile,p.Thr267Ile,c.800C>T,missense_variant,,4,108860,3.67444424030865E-05,0,0,0,7160,0,0,0,17100,0,0,0,2314,0,0,0,9046,0,0,0,12998,0,0,0,42662,0,0,0,1906,0,0,4,15674,0,0
19,50412266,rs764794966,T,A,gnomAD Exomes,PASS,NA,p.Thr267Ser,p.Thr267Ser,c.799A>T,missense_variant,,2,108732,1.8393849096862E-05,0,0,0,7156,0,0,0,17096,0,0,0,2308,0,0,0,9046,0,0,0,12960,0,0,2,42594,0,0,0,1906,0,0,0,15666,0,0
19,50412268,rs1429016957,C,T,gnomAD Exomes,PASS,NA,p.Gly266Asp,p.Gly266Asp,c.797G>A,missense_variant,,0,108864,0,0,0,0,7160,0,0,0,17098,0,0,0,2316,0,0,0,9046,0,0,0,13012,0,0,0,42652,0,0,0,1908,0,0,0,15672,0,0
19,50412269,rs200690516,C,T,gnomAD Exomes,PASS,NA,p.Gly266Ser,p.Gly266Ser,c.796G>A,missense_variant,,6,108854,5.51197016186819E-05,0,0,2,7160,0,0,1,17100,0,0,0,2314,0,0,0,9044,0,0,0,12982,0,0,0,42664,0,0,0,1906,0,0,3,15684,0,0
19,50412272,rs1223433229,A,G,gnomAD Exomes,PASS,NA,p.Ser265Pro,p.Ser265Pro,c.793T>C,missense_variant,,0,108996,0,0,0,0,7162,0,0,0,17102,0,0,0,2318,0,0,0,9044,0,0,0,13058,0,0,0,42714,0,0,0,1910,0,0,0,15688,0,0
19,50412274,rs375689644,G,A,gnomAD Exomes,PASS,NA,p.Ala264Val,p.Ala264Val,c.791C>T,missense_variant,,1,109012,9.17330202179576E-06,0,0,0,7162,0,0,0,17106,0,0,0,2320,0,0,0,9046,0,0,0,13058,0,0,1,42722,0,0,0,1910,0,0,0,15688,0,0
19,50412278,rs1223889266,C,T,gnomAD Exomes,PASS,NA,p.Ala263Thr,p.Ala263Thr,c.787G>A,missense_variant,,1,108990,9.1751536838242E-06,0,0,0,7162,0,0,1,17108,0,0,0,2318,0,0,0,9046,0,0,0,13042,0,0,0,42720,0,0,0,1908,0,0,0,15686,0,0
19,50412287,rs199595285,C,T,gnomAD Exomes,PASS,NA,p.Ala260Thr,p.Ala260Thr,c.778G>A,missense_variant,,7,109016,6.42107580538637E-05,0,0,0,7162,0,0,7,17108,0,0,0,2320,0,0,0,9046,0,0,0,13034,0,0,0,42752,0,0,0,1906,0,0,0,15688,0,0
19,50412287,rs199595285,C,A,gnomAD Exomes,PASS,NA,p.Ala260Ser,p.Ala260Ser,c.778G>T,missense_variant,,8,109016,7.33837234901299E-05,0,0,0,7162,0,0,0,17108,0,0,0,2320,0,0,8,9046,0,0,0,13034,0,0,0,42752,0,0,0,1906,0,0,0,15688,0,0
19,50412292,rs368337692,A,G,gnomAD Exomes,PASS,NA,p.Leu258Ser,p.Leu258Ser,c.773T>C,missense_variant,,1,109024,9.17229233930144E-06,0,0,0,7162,0,0,0,17110,0,0,0,2320,0,0,0,9046,0,0,0,13040,0,0,1,42752,0,0,0,1904,0,0,0,15690,0,0
19,50412295,rs546844545,C,A,gnomAD Exomes,PASS,NA,p.Ser257Ile,p.Ser257Ile,c.770G>T,missense_variant,,1,108942,9.17919626957464E-06,0,0,1,7162,0,0,0,17108,0,0,0,2320,0,0,0,9046,0,0,0,12968,0,0,0,42746,0,0,0,1902,0,0,0,15690,0,0
19,50412301,rs774470419,C,T,gnomAD Genomes,NA,PASS,p.Gly255Asp,p.Gly255Asp,c.764G>A,missense_variant,,2,10862,0.000184128153195,0,0,2,2568,0,0,0,246,0,0,0,38,0,0,0,916,0,0,0,1162,0,0,0,5510,0,0,0,422,0,0,0,0,0,0
19,50412307,rs745977545,G,C,gnomAD Exomes,PASS,NA,p.Thr253Arg,p.Thr253Arg,c.758C>G,missense_variant,,1,108858,9.1862793731283E-06,0,0,0,7162,0,0,0,17112,0,0,0,2320,0,0,0,9046,0,0,0,12870,0,0,0,42756,0,0,0,1902,0,0,1,15690,0,0
19,50412307,rs745977545,G,A,gnomAD Exomes,PASS,NA,p.Thr253Ile,p.Thr253Ile,c.758C>T,missense_variant,,9,108858,8.26765143581547E-05,0,0,0,7162,0,0,0,17112,0,0,0,2320,0,0,0,9046,0,0,0,12870,0,0,9,42756,0,0,0,1902,0,0,0,15690,0,0
19,50412316,rs776473346,G,A,gnomAD Exomes,PASS,NA,p.Thr250Ile,p.Thr250Ile,c.749C>T,missense_variant,,0,108710,0,0,0,0,7164,0,0,0,17112,0,0,0,2320,0,0,0,9046,0,0,0,12722,0,0,0,42756,0,0,0,1900,0,0,0,15690,0,0
19,50412316,rs776473346,G,T,"gnomAD Exomes,gnomAD Genomes",PASS,PASS,p.Thr250Asn,p.Thr250Asn,c.749C>A,missense_variant,,11,119586,9.19840115063636E-05,0,0,0,9736,0,0,0,17358,0,0,0,2358,0,0,0,9962,0,0,0,13884,0,0,2,48274,0,0,0,2324,0,0,9,15690,0,0
19,50412322,rs761794649,G,T,gnomAD Exomes,PASS,NA,p.Ala248Asp,p.Ala248Asp,c.743C>A,missense_variant,,0,108542,0,0,0,0,7164,0,0,0,17112,0,0,0,2320,0,0,0,9046,0,0,0,12558,0,0,0,42756,0,0,0,1896,0,0,0,15690,0,0
19,50412323,rs372552983,C,T,gnomAD Exomes,PASS,NA,p.Ala248Thr,p.Ala248Thr,c.742G>A,missense_variant,,0,108476,0,0,0,0,7164,0,0,0,17112,0,0,0,2320,0,0,0,9046,0,0,0,12498,0,0,0,42756,0,0,0,1892,0,0,0,15688,0,0
19,50412325,rs750408243,C,A,gnomAD Exomes,PASS,NA,p.Gly247Val,p.Gly247Val,c.740G>T,missense_variant,,3,108524,2.76436548597545E-05,0,0,1,7164,0,0,2,17112,0,0,0,2320,0,0,0,9046,0,0,0,12538,0,0,0,42756,0,0,0,1898,0,0,0,15690,0,0
19,50412328,rs765930916,G,A,gnomAD Exomes,PASS,NA,p.Ala246Val,p.Ala246Val,c.737C>T,missense_variant,,3,108416,2.76711924439197E-05,0,0,0,7164,0,0,2,17112,0,0,0,2320,0,0,1,9046,0,0,0,12422,0,0,0,42760,0,0,0,1902,0,0,0,15690,0,0
19,50412338,rs374900649,C,T,gnomAD Exomes,PASS,NA,p.Val243Met,p.Val243Met,c.727G>A,missense_variant,,1,108406,9.22458166522148E-06,0,0,0,7164,0,0,0,17112,0,0,0,2320,0,0,0,9046,0,0,0,12408,0,0,1,42764,0,0,0,1902,0,0,0,15690,0,0
19,50412361,rs113222331,G,C,"gnomAD Exomes,gnomAD Genomes",PASS,PASS,p.Thr235Ser,p.Thr235Ser,c.704C>G,missense_variant,,7,119072,5.87879602257458E-05,0,0,1,9732,0,0,0,17358,0,0,0,2358,0,0,0,9962,0,0,0,13370,0,0,6,48280,0,0,0,2322,0,0,0,15690,0,0
19,50412362,rs771987135,T,C,"gnomAD Exomes,gnomAD Genomes",PASS,PASS,p.Thr235Ala,p.Thr235Ala,c.703A>G,missense_variant,,3,118970,2.521644111961E-05,0,0,0,9726,0,0,0,17358,0,0,0,2358,0,0,0,9962,0,0,0,13314,0,0,3,48244,0,0,0,2318,0,0,0,15690,0,0
19,50412365,rs151022752,T,C,"gnomAD Exomes,gnomAD Genomes",PASS,PASS,p.Thr234Ala,p.Thr234Ala,c.700A>G,missense_variant,,11,119008,9.24307609572466E-05,0,0,6,9732,0,0,4,17358,0,0,0,2358,0,0,0,9962,0,0,0,13326,0,0,1,48264,0,0,0,2318,0,0,0,15690,0,0
19,50412367,rs1185628256,G,A,gnomAD Exomes,PASS,NA,p.Ala233Val,p.Ala233Val,c.698C>T,missense_variant,,1,108012,9.25823056697404E-06,0,0,0,7164,0,0,0,17112,0,0,0,2320,0,0,0,9046,0,0,0,12022,0,0,1,42762,0,0,0,1896,0,0,0,15690,0,0
19,50412383,rs768920256,C,T,gnomAD Exomes,PASS,NA,p.Ala228Thr,p.Ala228Thr,c.682G>A,missense_variant,,1,108224,9.2400946185689E-06,0,0,1,7164,0,0,0,17112,0,0,0,2320,0,0,0,9046,0,0,0,12230,0,0,0,42762,0,0,0,1900,0,0,0,15690,0,0
19,50412392,rs79733076,T,C,"gnomAD Exomes,gnomAD Genomes",PASS,PASS,p.Ile225Val,p.Ile225Val,c.673A>G,missense_variant,,6,119382,5.0258832989898E-05,0,0,6,9730,0,0,0,17358,0,0,0,2358,0,0,0,9962,0,0,0,13680,0,0,0,48274,0,0,0,2330,0,0,0,15690,0,0
19,50412397,rs772968656,G,A,gnomAD Exomes,PASS,NA,p.Ala223Val,p.Ala223Val,c.668C>T,missense_variant,,0,108534,0,0,0,0,7164,0,0,0,17112,0,0,0,2320,0,0,0,9046,0,0,0,12528,0,0,0,42768,0,0,0,1906,0,0,0,15690,0,0
19,50412400,rs535587754,A,G,"gnomAD Exomes,gnomAD Genomes",PASS,PASS,p.Phe222Ser,p.Phe222Ser,c.665T>C,missense_variant,,10,119602,8.3610641962509E-05,0,0,8,9732,0,0,0,17358,0,0,0,2358,0,0,0,9960,0,0,0,13900,0,0,2,48276,0,0,0,2328,0,0,0,15690,0,0
19,50412404,rs554308671,G,A,gnomAD Exomes,PASS,NA,p.Leu221Phe,p.Leu221Phe,c.661C>T,missense_variant,,2,108810,1.83806635419539E-05,0,0,0,7164,0,0,0,17112,0,0,0,2320,0,0,2,9046,0,0,0,12804,0,0,0,42768,0,0,0,1906,0,0,0,15690,0,0
19,50412406,rs767319363,C,T,gnomAD Exomes,PASS,NA,p.Ser220Asn,p.Ser220Asn,c.659G>A,missense_variant,,0,108826,0,0,0,0,7164,0,0,0,17112,0,0,0,2320,0,0,0,9046,0,0,0,12820,0,0,0,42768,0,0,0,1906,0,0,0,15690,0,0
19,50412415,rs752431497,G,C,gnomAD Exomes,PASS,NA,p.Thr217Ser,p.Thr217Ser,c.650C>G,missense_variant,,2,109052,1.8339874555258E-05,0,0,0,7164,0,0,0,17112,0,0,0,2320,0,0,0,9046,0,0,0,13040,0,0,2,42768,0,0,0,1912,0,0,0,15690,0,0
19,50412424,rs562746496,A,G,"gnomAD Exomes,gnomAD Genomes",PASS,PASS,p.Ile214Thr,p.Ile214Thr,c.641T>C,missense_variant,,7,120010,5.83284726272811E-05,0,0,7,9730,0,0,0,17358,0,0,0,2358,0,0,0,9960,0,0,0,14302,0,0,0,48276,0,0,0,2336,0,0,0,15690,0,0
19,50412428,rs558565088,T,C,"gnomAD Exomes,gnomAD Genomes",PASS,PASS,p.Thr213Ala,p.Thr213Ala,c.637A>G,missense_variant,,7,120014,5.83265285716666E-05,0,0,7,9730,0,0,0,17358,0,0,0,2358,0,0,0,9958,0,0,0,14304,0,0,0,48286,0,0,0,2330,0,0,0,15690,0,0
19,50412429,rs754357940,GGCTGTGGGTGTGGGAGCAGCTGGCTGTGTGGCACCT,G,gnomAD Exomes,PASS,NA,p.Gly201_Ala212del,p.Gly201_Ala212del,c.600_635delAGGTGCCACACAGCCAGCTGCTCCCACACCCACAGC,inframe_deletion,,1,109186,9.15868334768194E-06,0,0,1,7164,0,0,0,17112,0,0,0,2320,0,0,0,9046,0,0,0,13174,0,0,0,42768,0,0,0,1912,0,0,0,15690,0,0
19,50412431,rs755405812,CTGTGGG,C,gnomAD Exomes,PASS,NA,p.Pro210_Thr211del,p.Pro210_Thr211del,c.628_633delCCCACA,inframe_deletion,,5,109202,4.57867072031648E-05,0,0,0,7164,0,0,0,17112,0,0,0,2320,0,0,0,9046,0,0,0,13190,0,0,5,42768,0,0,0,1912,0,0,0,15690,0,0
19,50412442,rs747137579,G,C,gnomAD Exomes,PASS,NA,p.Pro208Arg,p.Pro208Arg,c.623C>G,missense_variant,,1,109260,9.15248032216731E-06,0,0,0,7164,0,0,0,17112,0,0,0,2320,0,0,0,9046,0,0,0,13250,0,0,1,42764,0,0,0,1914,0,0,0,15690,0,0
19,50412443,rs768832419,G,C,gnomAD Exomes,PASS,NA,p.Pro208Ala,p.Pro208Ala,c.622C>G,missense_variant,,6,109252,5.49189030864423E-05,0,0,0,7162,0,0,0,17112,0,0,0,2320,0,0,0,9046,0,0,0,13244,0,0,6,42764,0,0,0,1914,0,0,0,15690,0,0
19,50412448,rs748419210,G,A,gnomAD Exomes,PASS,NA,p.Ala206Val,p.Ala206Val,c.617C>T,missense_variant,,0,109260,0,0,0,0,7162,0,0,0,17112,0,0,0,2320,0,0,0,9046,0,0,0,13256,0,0,0,42762,0,0,0,1914,0,0,0,15688,0,0
19,50412470,rs771041868,T,C,gnomAD Exomes,PASS,NA,p.Thr199Ala,p.Thr199Ala,c.595A>G,missense_variant,,1,109356,9.14444566370387E-06,0,0,0,7164,0,0,0,17112,0,0,0,2318,0,0,0,9044,0,0,0,13364,0,0,1,42756,0,0,0,1912,0,0,0,15686,0,0
19,50412472,rs1264187394,G,T,gnomAD Exomes,PASS,NA,p.Thr198Asn,p.Thr198Asn,c.593C>A,missense_variant,,1,109354,9.14461290853558E-06,0,0,1,7164,0,0,0,17112,0,0,0,2318,0,0,0,9044,0,0,0,13366,0,0,0,42754,0,0,0,1912,0,0,0,15684,0,0
19,50412478,rs773968529,G,A,gnomAD Exomes,PASS,NA,p.Ala196Val,p.Ala196Val,c.587C>T,missense_variant,,2,109338,1.82919021749072E-05,0,0,1,7164,0,0,1,17112,0,0,0,2318,0,0,0,9044,0,0,0,13346,0,0,0,42756,0,0,0,1912,0,0,0,15686,0,0
19,50412484,rs767155802,G,A,gnomAD Exomes,PASS,NA,p.Thr194Met,p.Thr194Met,c.581C>T,missense_variant,,7,109354,6.40122903597491E-05,0,0,1,7164,0,0,0,17112,0,0,0,2318,0,0,0,9044,0,0,0,13368,0,0,5,42748,0,0,0,1912,0,0,1,15688,0,0
19,50412487,rs752232071,G,A,gnomAD Exomes,PASS,NA,p.Ala193Val,p.Ala193Val,c.578C>T,missense_variant,,1,109352,9.14478015948497E-06,0,0,0,7164,0,0,0,17112,0,0,0,2318,0,0,0,9044,0,0,0,13362,0,0,1,42748,0,0,0,1914,0,0,0,15690,0,0
19,50412490,rs139206027,G,A,"gnomAD Exomes,gnomAD Genomes",PASS,PASS,p.Pro192Leu,p.Pro192Leu,c.575C>T,missense_variant,,18,120218,0.000149727994144,0,0,15,9734,0,0,0,17358,0,0,0,2358,0,0,1,9962,0,0,0,14526,0,0,1,48254,0,0,0,2338,0,0,1,15688,0,0
19,50412502,rs758877471,A,C,gnomAD Exomes,PASS,NA,p.Leu188Trp,p.Leu188Trp,c.563T>G,missense_variant,,1,109370,9.1432751211484E-06,0,0,0,7164,0,0,0,17112,0,0,0,2320,0,0,0,9046,0,0,0,13368,0,0,1,42758,0,0,0,1914,0,0,0,15688,0,0
19,50412505,rs140655913,G,A,"gnomAD Exomes,gnomAD Genomes",PASS,PASS,p.Thr187Met,p.Thr187Met,c.560C>T,missense_variant,,177,120240,0.001472055888224,0,0,149,9736,0,0,21,17358,0,0,0,2358,0,0,0,9962,0,0,0,14530,0,0,1,48270,0,0,4,2336,0,0,2,15690,0,0
19,50412511,rs754995105,G,C,gnomAD Exomes,PASS,NA,p.Pro185Arg,p.Pro185Arg,c.554C>G,missense_variant,,1,109366,9.14360953129857E-06,0,0,0,7162,0,0,0,17112,0,0,0,2320,0,0,0,9046,0,0,0,13368,0,0,1,42754,0,0,0,1914,0,0,0,15690,0,0
19,50412517,rs756420654,G,A,gnomAD Exomes,PASS,NA,p.Thr183Met,p.Thr183Met,c.548C>T,missense_variant,,2,109360,1.82882223847842E-05,0,0,0,7162,0,0,0,17112,0,0,0,2320,0,0,0,9046,0,0,0,13364,0,0,2,42752,0,0,0,1914,0,0,0,15690,0,0
19,50412520,rs777408365,G,A,gnomAD Exomes,PASS,NA,p.Pro182Leu,p.Pro182Leu,c.545C>T,missense_variant,,2,109376,1.82855471035693E-05,0,0,0,7164,0,0,0,17112,0,0,0,2320,0,0,0,9046,0,0,0,13372,0,0,0,42758,0,0,0,1914,0,0,2,15690,0,0
19,50412521,rs749148238,G,C,gnomAD Exomes,PASS,NA,p.Pro182Ala,p.Pro182Ala,c.544C>G,missense_variant,,1,109376,9.14277355178467E-06,0,0,0,7162,0,0,0,17112,0,0,0,2320,0,0,0,9046,0,0,0,13372,0,0,1,42760,0,0,0,1914,0,0,0,15690,0,0
19,50412538,rs1268846683,G,A,gnomAD Exomes,PASS,NA,p.Ala176Val,p.Ala176Val,c.527C>T,missense_variant,,1,109362,9.14394396591138E-06,0,0,0,7164,0,0,0,17112,0,0,0,2320,0,0,0,9046,0,0,0,13364,0,0,1,42752,0,0,0,1914,0,0,0,15690,0,0
19,50412539,rs745811720,C,A,gnomAD Exomes,PASS,NA,p.Ala176Ser,p.Ala176Ser,c.526G>T,missense_variant,,1,109362,9.14394396591138E-06,0,0,0,7164,0,0,1,17112,0,0,0,2320,0,0,0,9046,0,0,0,13364,0,0,0,42752,0,0,0,1914,0,0,0,15690,0,0
19,50412550,rs760230301,T,C,gnomAD Exomes,PASS,NA,p.Asn172Ser,p.Asn172Ser,c.515A>G,missense_variant,,1,109366,9.14360953129857E-06,0,0,1,7164,0,0,0,17112,0,0,0,2320,0,0,0,9046,0,0,0,13360,0,0,0,42760,0,0,0,1914,0,0,0,15690,0,0
19,50412557,rs763261239,C,T,gnomAD Exomes,PASS,NA,p.Gly170Ser,p.Gly170Ser,c.508G>A,missense_variant,,3,109350,2.74348422496571E-05,0,0,0,7164,0,0,1,17112,0,0,0,2320,0,0,0,9046,0,0,0,13344,0,0,2,42760,0,0,0,1914,0,0,0,15690,0,0
19,50412571,rs138821729,G,A,"gnomAD Exomes,gnomAD Genomes",PASS,PASS,p.Thr165Met,p.Thr165Met,c.494C>T,missense_variant,,41,120146,0.000341251477369,0,0,40,9728,0,0,0,17358,0,0,0,2358,0,0,0,9962,0,0,0,14446,0,0,0,48268,0,0,1,2336,0,0,0,15690,0,0
19,50412580,rs368941335,C,A,gnomAD Genomes,NA,PASS,p.Gly162Val,p.Gly162Val,c.485G>T,missense_variant,,1,10848,9.21828908554572E-05,0,0,0,2568,0,0,0,246,0,0,0,38,0,0,1,916,0,0,0,1162,0,0,0,5494,0,0,0,424,0,0,0,0,0,0
19,50412580,rs368941335,C,T,"gnomAD Exomes,gnomAD Genomes",PASS,PASS,p.Gly162Asp,p.Gly162Asp,c.485G>A,missense_variant,,2,120126,1.66491850223932E-05,0,0,0,9732,0,0,0,17358,0,0,0,2358,0,0,2,9962,0,0,0,14430,0,0,0,48260,0,0,0,2336,0,0,0,15690,0,0
19,50412584,rs987794938,T,C,gnomAD Exomes,PASS,NA,p.Thr161Ala,p.Thr161Ala,c.481A>G,missense_variant,,1,109268,9.15181022806311E-06,0,0,1,7164,0,0,0,17112,0,0,0,2320,0,0,0,9046,0,0,0,13258,0,0,0,42766,0,0,0,1912,0,0,0,15690,0,0
19,50412607,rs1057203459,G,A,gnomAD Exomes,PASS,NA,p.Thr153Ile,p.Thr153Ile,c.458C>T,missense_variant,,1,109144,9.16220772557356E-06,0,0,0,7164,0,0,0,17110,0,0,0,2320,0,0,0,9046,0,0,0,13142,0,0,1,42762,0,0,0,1910,0,0,0,15690,0,0
19,50412610,rs373373358,G,C,gnomAD Exomes,PASS,NA,p.Ala152Gly,p.Ala152Gly,c.455C>G,missense_variant,,1,109104,9.16556679865083E-06,0,0,1,7164,0,0,0,17110,0,0,0,2320,0,0,0,9046,0,0,0,13104,0,0,0,42760,0,0,0,1910,0,0,0,15690,0,0
19,50412611,rs757059101,C,T,gnomAD Exomes,PASS,NA,p.Ala152Thr,p.Ala152Thr,c.454G>A,missense_variant,,1,109126,9.16371900372047E-06,0,0,0,7164,0,0,0,17108,0,0,0,2320,0,0,0,9046,0,0,0,13126,0,0,1,42760,0,0,0,1912,0,0,0,15690,0,0
19,50412635,rs745795276,G,A,gnomAD Exomes,PASS,NA,p.Pro144Ser,p.Pro144Ser,c.430C>T,missense_variant,,1,108948,9.1786907515512E-06,0,0,0,7164,0,0,0,17110,0,0,0,2320,0,0,0,9046,0,0,0,12946,0,0,0,42764,0,0,0,1908,0,0,1,15690,0,0
19,50412638,rs772194391,C,T,gnomAD Exomes,PASS,NA,p.Gly143Ser,p.Gly143Ser,c.427G>A,missense_variant,,0,108976,0,0,0,0,7164,0,0,0,17112,0,0,0,2320,0,0,0,9046,0,0,0,12972,0,0,0,42764,0,0,0,1908,0,0,0,15690,0,0
19,50412640,rs774836417,A,G,gnomAD Exomes,PASS,NA,p.Phe142Ser,p.Phe142Ser,c.425T>C,missense_variant,,1,109004,9.17397526696268E-06,0,0,0,7164,0,0,0,17110,0,0,0,2320,0,0,0,9046,0,0,0,13000,0,0,1,42766,0,0,0,1908,0,0,0,15690,0,0
19,50412650,rs3745489,C,T,"gnomAD Exomes,gnomAD Genomes",PASS,PASS,p.Gly139Ser,p.Gly139Ser,c.415G>A,missense_variant,,2395,119822,0.019987982173558,81,0,450,9730,9,0,186,17358,2,0,23,2358,0,0,1189,9956,66,0,32,14126,0,0,269,48270,1,0,28,2334,0,0,218,15690,3,0
19,50412652,rs761462475,G,C,"gnomAD Exomes,gnomAD Genomes",PASS,PASS,p.Thr138Ser,p.Thr138Ser,c.413C>G,missense_variant,,7,119856,5.84034174342544E-05,0,0,1,9736,0,0,0,17358,0,0,0,2358,0,0,0,9962,0,0,0,14144,0,0,6,48274,0,0,0,2334,0,0,0,15690,0,0
19,50412680,rs768109370,C,T,gnomAD Exomes,PASS,NA,p.Val129Ile,p.Val129Ile,c.385G>A,missense_variant,,3,109100,2.74977085242896E-05,0,0,0,7160,0,0,0,17112,0,0,0,2320,0,0,2,9046,0,0,0,13106,0,0,1,42762,0,0,0,1906,0,0,0,15688,0,0
19,50412686,rs756171210,T,C,gnomAD Exomes,PASS,NA,p.Ser127Gly,p.Ser127Gly,c.379A>G,missense_variant,,1,109214,9.15633526837219E-06,0,0,1,7160,0,0,0,17112,0,0,0,2320,0,0,0,9046,0,0,0,13210,0,0,0,42766,0,0,0,1910,0,0,0,15690,0,0
19,50412688,rs754044637,G,A,gnomAD Exomes,PASS,NA,p.Ser126Leu,p.Ser126Leu,c.377C>T,missense_variant,,1,109222,9.15566460969402E-06,0,0,0,7162,0,0,0,17112,0,0,0,2320,0,0,0,9046,0,0,1,13220,0,0,0,42766,0,0,0,1910,0,0,0,15686,0,0
19,50412701,rs1444879329,T,C,gnomAD Exomes,PASS,NA,p.Thr122Ala,p.Thr122Ala,c.364A>G,missense_variant,,1,109306,9.14862862056978E-06,0,0,0,7164,0,0,0,17112,0,0,0,2320,0,0,0,9044,0,0,0,13308,0,0,0,42762,0,0,0,1910,0,0,1,15686,0,0
19,50412709,rs377665941,C,T,gnomAD Exomes,PASS,NA,p.Ser119Asn,p.Ser119Asn,c.356G>A,missense_variant,,1,109330,9.14662032379036E-06,0,0,1,7164,0,0,0,17112,0,0,0,2320,0,0,0,9046,0,0,0,13326,0,0,0,42762,0,0,0,1910,0,0,0,15690,0,0
19,50412710,rs1430149424,T,C,gnomAD Exomes,PASS,NA,p.Ser119Gly,p.Ser119Gly,c.355A>G,missense_variant,,1,109342,9.14561650600867E-06,0,0,0,7164,0,0,1,17112,0,0,0,2320,0,0,0,9046,0,0,0,13338,0,0,0,42762,0,0,0,1910,0,0,0,15690,0,0
19,50412719,rs1372476176,G,C,gnomAD Exomes,PASS,NA,p.Leu116Val,p.Leu116Val,c.346C>G,missense_variant,,1,109372,9.14310792524595E-06,0,0,0,7164,0,0,0,17112,0,0,0,2320,0,0,0,9046,0,0,0,13362,0,0,0,42768,0,0,0,1912,0,0,1,15688,0,0
19,50412721,rs1461500223,C,T,gnomAD Exomes,PASS,NA,p.Gly115Glu,p.Gly115Glu,c.344G>A,missense_variant,,1,109374,9.14294073545815E-06,0,0,0,7164,0,0,0,17112,0,0,0,2320,0,0,0,9046,0,0,0,13362,0,0,1,42766,0,0,0,1914,0,0,0,15690,0,0
19,50412728,rs200398387,C,T,"gnomAD Exomes,gnomAD Genomes",PASS,PASS,p.Gly113Ser,p.Gly113Ser,c.337G>A,missense_variant,,31,120258,0.000257779108251,0,0,1,9732,0,0,0,17358,0,0,0,2358,0,0,4,9958,0,0,0,14540,0,0,8,48284,0,0,1,2338,0,0,17,15690,0,0
19,50412743,rs201568105,T,C,"gnomAD Exomes,gnomAD Genomes",PASS,PASS,p.Met108Val,p.Met108Val,c.322A>G,missense_variant,,14,120274,0.000116400884647,0,0,0,9732,0,0,0,17358,0,0,0,2358,0,0,14,9962,0,0,0,14554,0,0,0,48282,0,0,0,2338,0,0,0,15690,0,0
19,50412743,rs201568105,T,G,gnomAD Exomes,PASS,NA,p.Met108Leu,p.Met108Leu,c.322A>C,missense_variant,,1,109404,9.14043362217103E-06,0,0,1,7164,0,0,0,17112,0,0,0,2320,0,0,0,9046,0,0,0,13392,0,0,0,42766,0,0,0,1914,0,0,0,15690,0,0
19,50412748,rs1377400275,G,A,gnomAD Exomes,PASS,NA,p.Pro106Leu,p.Pro106Leu,c.317C>T,missense_variant,,1,109396,9.1411020512633E-06,0,0,0,7164,0,0,1,17112,0,0,0,2320,0,0,0,9046,0,0,0,13382,0,0,0,42768,0,0,0,1914,0,0,0,15690,0,0
19,50412752,rs774667706,T,G,gnomAD Exomes,PASS,NA,p.Thr105Pro,p.Thr105Pro,c.313A>C,missense_variant,,94,108814,0.000863859429853,0,0,14,7060,0,0,4,17082,0,0,1,2306,0,0,37,8940,0,0,13,13322,0,0,23,42520,0,0,2,1894,0,0,0,15690,0,0
19,50412758,rs1296869132,C,T,gnomAD Genomes,NA,PASS,p.Ala103Thr,p.Ala103Thr,c.307G>A,missense_variant,,1,10862,9.20640765973117E-05,0,0,0,2568,0,0,0,246,0,0,0,38,0,0,0,916,0,0,0,1162,0,0,1,5508,0,0,0,424,0,0,0,0,0,0
19,50412760,rs144128222,G,A,gnomAD Exomes,PASS,NA,p.Thr102Ile,p.Thr102Ile,c.305C>T,missense_variant,,2,109406,1.8280533060344E-05,0,0,0,7164,0,0,0,17112,0,0,0,2320,0,0,0,9046,0,0,0,13394,0,0,2,42766,0,0,0,1914,0,0,0,15690,0,0
19,50412769,rs1202628580,A,G,gnomAD Exomes,PASS,NA,p.Leu99Ser,p.Leu99Ser,c.296T>C,missense_variant,,1,109408,9.14009944428195E-06,0,0,0,7164,0,0,1,17112,0,0,0,2320,0,0,0,9046,0,0,0,13394,0,0,0,42768,0,0,0,1914,0,0,0,15690,0,0
19,50412779,rs1235435078,T,G,gnomAD Exomes,PASS,NA,p.Lys96Gln,p.Lys96Gln,c.286A>C,missense_variant,,1,109408,9.14009944428195E-06,0,0,0,7164,0,0,0,17112,0,0,0,2320,0,0,0,9046,0,0,0,13394,0,0,1,42768,0,0,0,1914,0,0,0,15690,0,0
19,50412788,rs200654242,C,T,gnomAD Exomes,PASS,NA,p.Gly93Ser,p.Gly93Ser,c.277G>A,missense_variant,,255,109408,0.002330725358292,4,0,1,7164,0,0,0,17112,0,0,0,2320,0,0,4,9046,0,0,0,13394,0,0,4,42768,0,0,9,1914,0,0,237,15690,4,0
19,50412794,rs765595786,C,T,gnomAD Exomes,PASS,NA,p.Gly91Arg,p.Gly91Arg,c.271G>A,missense_variant,,1,109408,9.14009944428195E-06,0,0,0,7164,0,0,0,17112,0,0,0,2320,0,0,0,9046,0,0,0,13394,0,0,1,42768,0,0,0,1914,0,0,0,15690,0,0
19,50412796,rs938624243,A,G,gnomAD Exomes,PASS,NA,p.Leu90Ser,p.Leu90Ser,c.269T>C,missense_variant,,2,109408,1.82801988885639E-05,0,0,0,7164,0,0,2,17112,0,0,0,2320,0,0,0,9046,0,0,0,13394,0,0,0,42768,0,0,0,1914,0,0,0,15690,0,0
19,50412800,rs758162041,A,G,gnomAD Exomes,PASS,NA,p.Ser89Pro,p.Ser89Pro,c.265T>C,missense_variant,,1,109408,9.14009944428195E-06,0,0,1,7164,0,0,0,17112,0,0,0,2320,0,0,0,9046,0,0,0,13394,0,0,0,42768,0,0,0,1914,0,0,0,15690,0,0
19,50412809,rs751512833,T,A,"gnomAD Exomes,gnomAD Genomes",PASS,PASS,p.Thr86Ser,p.Thr86Ser,c.256A>T,missense_variant,,4,120278,3.32562895957698E-05,0,0,0,9732,0,0,4,17358,0,0,0,2358,0,0,0,9960,0,0,0,14556,0,0,0,48286,0,0,0,2338,0,0,0,15690,0,0
19,50412811,rs1057193121,C,T,"gnomAD Exomes,gnomAD Genomes",PASS,PASS,p.Gly85Glu,p.Gly85Glu,c.254G>A,missense_variant,,4,120280,3.3255736614566E-05,0,0,0,9734,0,0,4,17358,0,0,0,2358,0,0,0,9960,0,0,0,14556,0,0,0,48286,0,0,0,2338,0,0,0,15690,0,0
19,50412814,rs754930004,C,A,gnomAD Exomes,PASS,NA,p.Gly84Val,p.Gly84Val,c.251G>T,missense_variant,,1,109408,9.14009944428195E-06,0,0,0,7164,0,0,0,17112,0,0,0,2320,0,0,0,9046,0,0,0,13394,0,0,1,42768,0,0,0,1914,0,0,0,15690,0,0
19,50412818,rs1323597062,A,G,gnomAD Exomes,PASS,NA,p.Ser83Pro,p.Ser83Pro,c.247T>C,missense_variant,,3,109408,2.74202983328459E-05,0,0,0,7164,0,0,2,17112,0,0,0,2320,0,0,0,9046,0,0,0,13394,0,0,0,42768,0,0,1,1914,0,0,0,15690,0,0
19,50412829,rs560840531,G,A,gnomAD Exomes,PASS,NA,p.Ala79Val,p.Ala79Val,c.236C>T,missense_variant,,2,109408,1.82801988885639E-05,0,0,0,7164,0,0,1,17112,0,0,0,2320,0,0,0,9046,0,0,0,13394,0,0,1,42768,0,0,0,1914,0,0,0,15690,0,0
19,50412845,rs772416904,A,G,gnomAD Exomes,PASS,NA,p.Phe74Leu,p.Phe74Leu,c.220T>C,missense_variant,,2,109408,1.82801988885639E-05,0,0,0,7164,0,0,0,17112,0,0,0,2320,0,0,0,9046,0,0,0,13394,0,0,2,42768,0,0,0,1914,0,0,0,15690,0,0
19,50412848,rs1326671924,C,T,gnomAD Genomes,NA,PASS,p.Gly73Ser,p.Gly73Ser,c.217G>A,missense_variant,,1,10864,9.20471281296024E-05,0,0,0,2572,0,0,0,246,0,0,0,38,0,0,0,916,0,0,0,1162,0,0,0,5510,0,0,1,420,0,0,0,0,0,0
19,50412858,rs761944762,TGTGGCCGGAGTCTGG,T,gnomAD Exomes,PASS,NA,p.Pro67_Thr71del,p.Pro67_Thr71del,c.192_206delCCAGACTCCGGCCAC,inframe_deletion,,19,109408,0.000173661889441,0,0,1,7164,0,0,3,17112,0,0,0,2320,0,0,0,9046,0,0,0,13394,0,0,12,42768,0,0,0,1914,0,0,3,15690,0,0
19,50412862,rs141139699,G,C,"gnomAD Exomes,gnomAD Genomes",PASS,PASS,p.Ala68Gly,p.Ala68Gly,c.203C>G,missense_variant,,5,120276,4.1571053244205E-05,0,0,5,9736,0,0,0,17358,0,0,0,2358,0,0,0,9962,0,0,0,14556,0,0,0,48280,0,0,0,2336,0,0,0,15690,0,0
19,50412865,rs1198817255,G,A,gnomAD Exomes,PASS,NA,p.Pro67Leu,p.Pro67Leu,c.200C>T,missense_variant,,1,109408,9.14009944428195E-06,0,0,0,7164,0,0,0,17112,0,0,0,2320,0,0,0,9046,0,0,0,13394,0,0,1,42768,0,0,0,1914,0,0,0,15690,0,0
19,50412872,rs370542908,G,C,gnomAD Exomes,PASS,NA,p.Gln65Glu,p.Gln65Glu,c.193C>G,missense_variant,,3,109408,2.74202983328459E-05,0,0,0,7164,0,0,1,17112,0,0,0,2320,0,0,0,9046,0,0,0,13394,0,0,2,42768,0,0,0,1914,0,0,0,15690,0,0
19,50412875,rs147601489,T,G,"gnomAD Exomes,gnomAD Genomes",PASS,PASS,p.Thr64Pro,p.Thr64Pro,c.190A>C,missense_variant,,26,120284,0.000216155099598,0,0,23,9734,0,0,1,17358,0,0,0,2358,0,0,0,9962,0,0,0,14556,0,0,0,48288,0,0,2,2338,0,0,0,15690,0,0
19,50412877,rs140541610,G,A,gnomAD Exomes,PASS,NA,p.Ala63Val,p.Ala63Val,c.188C>T,missense_variant,,12,109408,0.000109681193331,0,0,0,7164,0,0,4,17112,0,0,0,2320,0,0,0,9046,0,0,0,13394,0,0,8,42768,0,0,0,1914,0,0,0,15690,0,0
19,50412878,rs1346734352,C,T,gnomAD Exomes,PASS,NA,p.Ala63Thr,p.Ala63Thr,c.187G>A,missense_variant,,1,109408,9.14009944428195E-06,0,0,0,7164,0,0,0,17112,0,0,0,2320,0,0,0,9046,0,0,0,13394,0,0,0,42768,0,0,0,1914,0,0,1,15690,0,0
19,50412881,rs1272574148,G,T,gnomAD Exomes,PASS,NA,p.Leu62Ile,p.Leu62Ile,c.184C>A,missense_variant,,1,109408,9.14009944428195E-06,0,0,0,7164,0,0,0,17112,0,0,0,2320,0,0,0,9046,0,0,0,13394,0,0,1,42768,0,0,0,1914,0,0,0,15690,0,0
19,50412893,rs755566695,C,T,gnomAD Exomes,PASS,NA,p.Gly58Ser,p.Gly58Ser,c.172G>A,missense_variant,,7,109408,6.39806961099737E-05,0,0,0,7164,0,0,0,17112,0,0,2,2320,0,0,0,9046,0,0,0,13394,0,0,1,42768,0,0,0,1914,0,0,4,15690,0,0
19,50412895,rs1292344282,G,A,gnomAD Exomes,PASS,NA,p.Thr57Ile,p.Thr57Ile,c.170C>T,missense_variant,,1,109408,9.14009944428195E-06,0,0,0,7164,0,0,0,17112,0,0,0,2320,0,0,0,9046,0,0,0,13394,0,0,0,42768,0,0,0,1914,0,0,1,15690,0,0
19,50412898,rs1490170142,G,C,gnomAD Exomes,PASS,NA,p.Ser56Cys,p.Ser56Cys,c.167C>G,missense_variant,,1,109408,9.14009944428195E-06,0,0,0,7164,0,0,0,17112,0,0,0,2320,0,0,0,9046,0,0,0,13394,0,0,1,42768,0,0,0,1914,0,0,0,15690,0,0
19,50412899,rs1244976439,A,ACCCTTCCACAAC,gnomAD Genomes,NA,PASS,p.Pro55_Ser56insValValGluGly,p.Pro55_Ser56insValValGluGly,c.165_166insGTTGTGGAAGGG,inframe_insertion,,1,10864,9.20471281296024E-05,0,0,0,2568,0,0,0,246,0,0,0,38,0,0,0,912,0,0,0,1162,0,0,0,5514,0,0,1,424,0,0,0,0,0,0
19,50412914,rs780441458,C,G,gnomAD Exomes,PASS,NA,p.Ala51Pro,p.Ala51Pro,c.151G>C,missense_variant,,2,109408,1.82801988885639E-05,0,0,0,7164,0,0,0,17112,0,0,0,2320,0,0,0,9046,0,0,2,13394,0,0,0,42768,0,0,0,1914,0,0,0,15690,0,0
19,50412929,rs1366658525,C,A,gnomAD Exomes,PASS,NA,p.Ala46Ser,p.Ala46Ser,c.136G>T,missense_variant,,1,109406,9.14026653017202E-06,0,0,0,7164,0,0,0,17112,0,0,0,2320,0,0,0,9046,0,0,0,13394,0,0,1,42766,0,0,0,1914,0,0,0,15690,0,0
19,50412955,rs748676542,G,C,gnomAD Exomes,PASS,NA,p.Ser37Cys,p.Ser37Cys,c.110C>G,missense_variant,,1,109408,9.14009944428195E-06,0,0,0,7164,0,0,0,17112,0,0,0,2320,0,0,1,9046,0,0,0,13394,0,0,0,42768,0,0,0,1914,0,0,0,15690,0,0
19,50412961,rs769926725,G,A,gnomAD Exomes,PASS,NA,p.Ser35Phe,p.Ser35Phe,c.104C>T,missense_variant,,1,109404,9.14043362217103E-06,0,0,0,7164,0,0,0,17112,0,0,0,2320,0,0,1,9046,0,0,0,13392,0,0,0,42766,0,0,0,1914,0,0,0,15690,0,0
19,50412967,rs1374227051,G,T,gnomAD Exomes,PASS,NA,p.Ser33Tyr,p.Ser33Tyr,c.98C>A,missense_variant,,1,109404,9.14043362217103E-06,0,0,0,7164,0,0,0,17112,0,0,0,2320,0,0,0,9046,0,0,0,13392,0,0,1,42766,0,0,0,1914,0,0,0,15690,0,0
19,50412973,rs763217245,C,T,gnomAD Exomes,PASS,NA,p.Gly31Glu,p.Gly31Glu,c.92G>A,missense_variant,,4,109402,3.65624028811173E-05,0,0,0,7164,0,0,0,17112,0,0,3,2320,0,0,0,9046,0,0,0,13392,0,0,1,42764,0,0,0,1914,0,0,0,15690,0,0
19,50412977,rs1315477403,T,G,gnomAD Exomes,PASS,NA,p.Thr30Pro,p.Thr30Pro,c.88A>C,missense_variant,,1,109398,9.14093493482513E-06,0,0,0,7164,0,0,0,17112,0,0,0,2320,0,0,0,9046,0,0,0,13392,0,0,1,42760,0,0,0,1914,0,0,0,15690,0,0
19,50412988,rs199851269,G,A,"gnomAD Exomes,gnomAD Genomes",PASS,PASS,p.Thr26Ile,p.Thr26Ile,c.77C>T,missense_variant,,4,120270,3.32585017044982E-05,0,0,0,9738,0,0,1,17358,0,0,0,2358,0,0,0,9960,0,0,0,14556,0,0,3,48274,0,0,0,2336,0,0,0,15690,0,0
19,50412989,rs774664471,T,C,gnomAD Exomes,PASS,NA,p.Thr26Ala,p.Thr26Ala,c.76A>G,missense_variant,,1,109398,9.14093493482513E-06,0,0,0,7164,0,0,0,17112,0,0,0,2320,0,0,0,9046,0,0,0,13394,0,0,1,42760,0,0,0,1912,0,0,0,15690,0,0
19,50413015,rs753335519,G,A,gnomAD Genomes,NA,PASS,p.Thr17Met,p.Thr17Met,c.50C>T,missense_variant,,1,10868,9.20132499079868E-05,0,0,0,2572,0,0,0,246,0,0,0,38,0,0,1,914,0,0,0,1162,0,0,0,5512,0,0,0,424,0,0,0,0,0,0
19,50413016,rs756899788,T,C,gnomAD Exomes,PASS,NA,p.Thr17Ala,p.Thr17Ala,c.49A>G,missense_variant,,1,109354,9.14461290853558E-06,0,0,0,7156,0,0,0,17108,0,0,0,2318,0,0,0,9036,0,0,1,13394,0,0,0,42744,0,0,0,1912,0,0,0,15686,0,0
19,50413019,rs778385514,A,C,gnomAD Exomes,PASS,NA,p.Phe16Val,p.Phe16Val,c.46T>G,missense_variant,,59,108230,0.000545135359882,0,0,4,7010,0,0,5,17030,0,0,1,2308,0,0,24,8830,0,0,5,13154,0,0,12,42398,0,0,3,1898,0,0,5,15602,0,0
19,50413022,rs1017109689,C,T,gnomAD Exomes,PASS,NA,p.Gly15Arg,p.Gly15Arg,c.43G>A,missense_variant,,2,109394,1.82825383476242E-05,0,0,1,7162,0,0,0,17110,0,0,0,2320,0,0,0,9046,0,0,0,13392,0,0,0,42762,0,0,0,1914,0,0,1,15688,0,0
19,50413025,rs745557509,C,T,gnomAD Exomes,PASS,NA,p.Gly14Ser,p.Gly14Ser,c.40G>A,missense_variant,,1,109402,9.14060072027934E-06,0,0,0,7164,0,0,1,17112,0,0,0,2320,0,0,0,9046,0,0,0,13394,0,0,0,42762,0,0,0,1914,0,0,0,15690,0,0
19,50413033,rs781692939,G,A,gnomAD Genomes,NA,PASS,p.Ala11Val,p.Ala11Val,c.32C>T,missense_variant,,1,10868,9.20132499079868E-05,0,0,0,2574,0,0,0,246,0,0,0,38,0,0,0,914,0,0,0,1162,0,0,1,5510,0,0,0,424,0,0,0,0,0,0
19,50413058,rs749287221,C,T,gnomAD Exomes,PASS,NA,p.Gly3Arg,p.Gly3Arg,c.7G>A,missense_variant,,7,109380,6.39970744194551E-05,0,0,0,7162,0,0,1,17110,0,0,0,2320,0,0,6,9044,0,0,0,13394,0,0,0,42748,0,0,0,1914,0,0,0,15688,0,0
