Chromosome,Position,rsID,Reference,Alternate,Source,Filters - exomes,Filters - genomes,Consequence,Protein Consequence,Transcript Consequence,Annotation,Flags,Allele Count,Allele Number,Allele Frequency,Homozygote Count,Hemizygote Count,Allele Count African,Allele Number African,Homozygote Count African,Hemizygote Count African,Allele Count Latino,Allele Number Latino,Homozygote Count Latino,Hemizygote Count Latino,Allele Count Ashkenazi Jewish,Allele Number Ashkenazi Jewish,Homozygote Count Ashkenazi Jewish,Hemizygote Count Ashkenazi Jewish,Allele Count East Asian,Allele Number East Asian,Homozygote Count East Asian,Hemizygote Count East Asian,Allele Count European (Finnish),Allele Number European (Finnish),Homozygote Count European (Finnish),Hemizygote Count European (Finnish),Allele Count European (non-Finnish),Allele Number European (non-Finnish),Homozygote Count European (non-Finnish),Hemizygote Count European (non-Finnish),Allele Count Other,Allele Number Other,Homozygote Count Other,Hemizygote Count Other,Allele Count South Asian,Allele Number South Asian,Homozygote Count South Asian,Hemizygote Count South Asian
6,36936679,rs759984168,T,A,gnomAD Exomes,PASS,NA,p.Ter373TyrextTer18,p.Ter373TyrextTer18,c.1119A>T,stop_lost,segdup,1,109402,9.14060072027934E-06,0,0,1,7164,0,0,0,17108,0,0,0,2320,0,0,0,9046,0,0,0,13392,0,0,0,42768,0,0,0,1914,0,0,0,15690,0,0
6,36936684,rs1250903629,C,G,gnomAD Exomes,PASS,NA,p.Glu372Gln,p.Glu372Gln,c.1114G>C,missense_variant,segdup,1,109402,9.14060072027934E-06,0,0,1,7164,0,0,0,17108,0,0,0,2320,0,0,0,9046,0,0,0,13392,0,0,0,42768,0,0,0,1914,0,0,0,15690,0,0
6,36936707,rs1451038510,G,A,gnomAD Exomes,PASS,NA,p.Ser364Leu,p.Ser364Leu,c.1091C>T,missense_variant,segdup,2,109398,1.82818698696503E-05,0,0,0,7164,0,0,2,17102,0,0,0,2320,0,0,0,9046,0,0,0,13394,0,0,0,42768,0,0,0,1914,0,0,0,15690,0,0
6,36936711,rs751065380,C,G,gnomAD Genomes,NA,PASS,p.Val363Leu,p.Val363Leu,c.1087G>C,missense_variant,segdup,2,10866,0.000184060371802,0,0,0,2570,0,0,0,246,0,0,0,38,0,0,2,916,0,0,0,1162,0,0,0,5510,0,0,0,424,0,0,0,0,0,0
6,36936713,rs201349110,C,T,gnomAD Genomes,NA,PASS,p.Arg362Gln,p.Arg362Gln,c.1085G>A,missense_variant,segdup,1,10856,9.21149594694178E-05,0,0,0,2570,0,0,0,246,0,0,0,38,0,0,0,916,0,0,0,1162,0,0,1,5502,0,0,0,422,0,0,0,0,0,0
6,36936717,,G,A,gnomAD Exomes,PASS,NA,p.Arg361Cys,p.Arg361Cys,c.1081C>T,missense_variant,segdup,1,109394,9.14126917381209E-06,0,0,0,7164,0,0,0,17098,0,0,1,2320,0,0,0,9046,0,0,0,13394,0,0,0,42768,0,0,0,1914,0,0,0,15690,0,0
6,36936731,rs1238482176,G,T,gnomAD Exomes,PASS,NA,p.Ser356Tyr,p.Ser356Tyr,c.1067C>A,missense_variant,segdup,1,109390,9.14160343724289E-06,0,0,0,7164,0,0,0,17096,0,0,0,2320,0,0,0,9046,0,0,0,13392,0,0,1,42768,0,0,0,1914,0,0,0,15690,0,0
6,36936743,rs755922640,A,C,gnomAD Exomes,PASS,NA,p.Leu352Arg,p.Leu352Arg,c.1055T>G,missense_variant,segdup,1,109384,9.14210487822716E-06,0,0,0,7162,0,0,0,17096,0,0,0,2318,0,0,0,9046,0,0,1,13390,0,0,0,42768,0,0,0,1914,0,0,0,15690,0,0
6,36937640,rs62622382,C,T,"gnomAD Exomes,gnomAD Genomes",PASS,PASS,p.Glu392Lys,p.Glu392Lys,c.1174G>A,missense_variant,,2467,70848,0.034821025293586,61,0,178,5176,4,0,363,12452,12,0,44,1492,0,0,5,5374,0,0,320,8646,4,0,1092,24744,28,0,79,1736,2,0,386,11228,11,0
6,36937647,rs2140937,T,C,"gnomAD Exomes,gnomAD Genomes",PASS,PASS,p.Ile389Met,p.Ile389Met,c.1167A>G,missense_variant,,2575,71980,0.035773826062795,63,0,40,5212,0,0,263,12480,4,0,54,1492,0,0,0,5386,0,0,478,9620,13,0,1615,24760,44,0,77,1754,2,0,48,11276,0,0
6,36937675,rs74577061,T,C,"gnomAD Exomes,gnomAD Genomes",PASS,PASS,p.Tyr380Cys,p.Tyr380Cys,c.1139A>G,missense_variant,,88,74930,0.001174429467503,0,0,77,5354,0,0,2,12588,0,0,0,1492,0,0,8,5430,0,0,0,12028,0,0,1,24868,0,0,0,1786,0,0,0,11384,0,0
6,36937682,rs41272204,C,G,"gnomAD Exomes,gnomAD Genomes",PASS,PASS,p.Gly378Arg,p.Gly378Arg,c.1132G>C,missense_variant,,2644,75320,0.035103558151885,66,0,190,5382,4,0,376,12606,12,0,44,1494,0,0,5,5470,0,0,453,12230,8,0,1105,24928,29,0,83,1794,2,0,388,11416,11,0
6,36937700,rs1241597667,A,G,gnomAD Genomes,NA,PASS,p.Tyr372His,p.Tyr372His,c.1114T>C,missense_variant,,1,10878,9.19286633572348E-05,0,0,1,2574,0,0,0,246,0,0,0,38,0,0,0,916,0,0,0,1160,0,0,0,5520,0,0,0,424,0,0,0,0,0,0
6,36937703,rs1413039623,G,T,gnomAD Exomes,PASS,NA,p.Gln371Lys,p.Gln371Lys,c.1111C>A,missense_variant,,1,66286,1.50861418700781E-05,0,0,0,2992,0,0,0,12480,0,0,0,1470,0,0,0,4672,0,0,0,11412,0,0,1,20282,0,0,0,1392,0,0,0,11586,0,0
6,36937708,rs1312332755,C,A,gnomAD Exomes,PASS,NA,p.Gly369Val,p.Gly369Val,c.1106G>T,missense_variant,,1,67314,1.48557506610809E-05,0,0,0,3090,0,0,0,12538,0,0,0,1478,0,0,0,4730,0,0,0,11504,0,0,0,20878,0,0,0,1422,0,0,1,11674,0,0
6,36937727,rs1484908674,T,G,gnomAD Genomes,NA,PASS,p.Lys363Gln,p.Lys363Gln,c.1087A>C,missense_variant,,1,10878,9.19286633572348E-05,0,0,0,2570,0,0,0,246,0,0,0,38,0,0,0,916,0,0,1,1162,0,0,0,5522,0,0,0,424,0,0,0,0,0,0
6,36937728,rs753657007,G,T,gnomAD Exomes,PASS,NA,p.Cys362Ter,p.Cys362Ter,c.1086C>A,stop_gained,lc_lof,0,76084,0,0,0,0,3854,0,0,0,13226,0,0,0,1578,0,0,0,5488,0,0,0,11978,0,0,0,26076,0,0,0,1524,0,0,0,12360,0,0
6,36937729,rs554295225,C,A,gnomAD Exomes,PASS,NA,p.Cys362Phe,p.Cys362Phe,c.1085G>T,missense_variant,,7,76964,9.09516137414895E-05,0,0,0,3908,0,0,3,13302,0,0,4,1588,0,0,0,5550,0,0,0,12026,0,0,0,26662,0,0,0,1526,0,0,0,12402,0,0
6,36937736,rs1251838917,T,C,gnomAD Exomes,PASS,NA,p.Ile360Val,p.Ile360Val,c.1078A>G,missense_variant,,1,82740,1.20860526951898E-05,0,0,0,4376,0,0,1,13932,0,0,0,1678,0,0,0,6112,0,0,0,12328,0,0,0,29798,0,0,0,1612,0,0,0,12904,0,0
6,36937741,rs747194476,C,T,gnomAD Exomes,PASS,NA,p.Cys358Tyr,p.Cys358Tyr,c.1073G>A,missense_variant,,1,86634,1.15428122907865E-05,0,0,0,4710,0,0,0,14402,0,0,0,1746,0,0,0,6510,0,0,0,12482,0,0,0,31920,0,0,0,1660,0,0,1,13204,0,0
6,36937762,rs757436793,T,C,gnomAD Exomes,PASS,NA,p.Gln351Arg,p.Gln351Arg,c.1052A>G,missense_variant,,1,101732,9.82974875162191E-06,0,0,0,6216,0,0,0,16172,0,0,1,2106,0,0,0,8168,0,0,0,13136,0,0,0,39380,0,0,0,1826,0,0,0,14728,0,0
6,36937762,rs757436793,TG,T,gnomAD Exomes,PASS,NA,p.Gln351SerfsTer2,p.Gln351SerfsTer2,c.1051delC,frameshift_variant,lc_lof,1,101732,9.82974875162191E-06,0,0,0,6216,0,0,0,16172,0,0,0,2106,0,0,0,8168,0,0,0,13136,0,0,1,39380,0,0,0,1826,0,0,0,14728,0,0
6,36937769,rs144166180,T,C,"gnomAD Exomes,gnomAD Genomes",PASS,PASS,p.Ile349Val,p.Ile349Val,c.1045A>G,missense_variant,,107,115532,0.000926150330644,2,0,74,9138,2,0,27,16776,0,0,0,2212,0,0,0,9468,0,0,0,14406,0,0,4,46180,0,0,2,2288,0,0,0,15064,0,0
6,36937772,rs770319709,A,C,gnomAD Exomes,PASS,NA,p.Tyr348Asp,p.Tyr348Asp,c.1042T>G,missense_variant,,1,105290,9.49757811758002E-06,0,0,0,6618,0,0,0,16616,0,0,0,2192,0,0,0,8630,0,0,0,13254,0,0,1,40966,0,0,0,1864,0,0,0,15150,0,0
6,36937790,rs962809219,C,T,gnomAD Exomes,PASS,NA,p.Ala342Thr,p.Ala342Thr,c.1024G>A,missense_variant,,2,108388,1.84522271838211E-05,0,0,0,6998,0,0,1,16996,0,0,0,2288,0,0,0,8998,0,0,0,13356,0,0,1,42306,0,0,0,1896,0,0,0,15550,0,0
6,36937795,rs375939281,G,A,gnomAD Exomes,PASS,NA,p.Ala340Val,p.Ala340Val,c.1019C>T,missense_variant,,1,108860,9.18611060077163E-06,0,0,0,7080,0,0,0,17034,0,0,0,2300,0,0,0,9016,0,0,0,13378,0,0,1,42524,0,0,0,1908,0,0,0,15620,0,0
6,36937798,rs16889330,G,A,"gnomAD Exomes,gnomAD Genomes",PASS,PASS,p.Thr339Met,p.Thr339Met,c.1016C>T,missense_variant,,3460,119898,0.028857862516472,135,0,1052,9670,44,0,810,17294,26,0,2,2340,0,0,238,9932,2,0,0,14548,0,0,59,48138,0,0,33,2334,2,0,1266,15642,61,0
6,36937800,rs1381486381,C,T,gnomAD Exomes,PASS,NA,p.Trp338Ter,p.Trp338Ter,c.1014G>A,stop_gained,lc_lof,2,109188,1.83170311755871E-05,0,0,0,7132,0,0,2,17070,0,0,0,2308,0,0,0,9040,0,0,0,13392,0,0,0,42668,0,0,0,1912,0,0,0,15666,0,0
6,36937805,rs1295989302,G,C,gnomAD Exomes,PASS,NA,p.His337Asp,p.His337Asp,c.1009C>G,missense_variant,,1,109234,9.1546588058663E-06,0,0,0,7138,0,0,0,17082,0,0,0,2312,0,0,1,9040,0,0,0,13390,0,0,0,42692,0,0,0,1912,0,0,0,15668,0,0
6,36937859,rs773269714,C,T,gnomAD Exomes,PASS,NA,p.Val335Met,p.Val335Met,c.1003G>A,missense_variant,segdup,4,109366,3.65744381251943E-05,0,0,0,7156,0,0,0,17094,0,0,0,2316,0,0,0,9046,0,0,1,13392,0,0,3,42760,0,0,0,1914,0,0,0,15688,0,0
6,36937862,rs781477169,G,T,gnomAD Exomes,PASS,NA,p.Pro334Thr,p.Pro334Thr,c.1000C>A,missense_variant,segdup,1,109360,9.1441111923921E-06,0,0,0,7158,0,0,0,17088,0,0,0,2312,0,0,0,9046,0,0,0,13392,0,0,1,42762,0,0,0,1914,0,0,0,15688,0,0
6,36937868,rs1187516994,A,G,gnomAD Exomes,PASS,NA,p.Tyr332His,p.Tyr332His,c.994T>C,missense_variant,segdup,0,109366,0,0,0,0,7158,0,0,0,17096,0,0,0,2312,0,0,0,9046,0,0,0,13394,0,0,0,42760,0,0,0,1914,0,0,0,15686,0,0
6,36938199,rs1203051923,C,T,gnomAD Exomes,PASS,NA,p.Met318Ile,p.Met318Ile,c.954G>A,missense_variant,segdup,1,109404,9.14043362217103E-06,0,0,0,7164,0,0,0,17108,0,0,0,2320,0,0,1,9046,0,0,0,13394,0,0,0,42768,0,0,0,1914,0,0,0,15690,0,0
6,36938207,rs1184379216,C,T,gnomAD Exomes,PASS,NA,p.Asp316Asn,p.Asp316Asn,c.946G>A,missense_variant,segdup,1,109404,9.14043362217103E-06,0,0,0,7164,0,0,1,17108,0,0,0,2320,0,0,0,9046,0,0,0,13394,0,0,0,42768,0,0,0,1914,0,0,0,15690,0,0
6,36938231,rs769865009,T,A,gnomAD Exomes,PASS,NA,p.Thr308Ser,p.Thr308Ser,c.922A>T,missense_variant,segdup,2,109404,1.82808672443421E-05,0,0,0,7164,0,0,0,17108,0,0,0,2320,0,0,0,9046,0,0,0,13394,0,0,2,42768,0,0,0,1914,0,0,0,15690,0,0
6,36938427,rs1013286971,A,G,gnomAD Exomes,PASS,NA,p.Met300Thr,p.Met300Thr,c.899T>C,missense_variant,segdup,1,109382,9.14227203744674E-06,0,0,0,7160,0,0,0,17102,0,0,0,2320,0,0,0,9046,0,0,0,13390,0,0,1,42760,0,0,0,1914,0,0,0,15690,0,0
6,36938428,rs759644173,T,C,gnomAD Exomes,PASS,NA,p.Met300Val,p.Met300Val,c.898A>G,missense_variant,segdup,2,109378,1.82852127484503E-05,0,0,0,7162,0,0,0,17102,0,0,0,2320,0,0,0,9046,0,0,0,13386,0,0,2,42758,0,0,0,1914,0,0,0,15690,0,0
6,36938431,rs531393329,C,T,gnomAD Exomes,PASS,NA,p.Val299Met,p.Val299Met,c.895G>A,missense_variant,segdup,1,109380,9.1424392027793E-06,0,0,0,7162,0,0,0,17102,0,0,0,2320,0,0,0,9046,0,0,0,13390,0,0,1,42760,0,0,0,1912,0,0,0,15688,0,0
6,36938431,rs531393329,C,G,gnomAD Exomes,PASS,NA,p.Val299Leu,p.Val299Leu,c.895G>C,missense_variant,segdup,1,109380,9.1424392027793E-06,0,0,0,7162,0,0,0,17102,0,0,0,2320,0,0,0,9046,0,0,0,13390,0,0,0,42760,0,0,0,1912,0,0,1,15688,0,0
6,36938448,rs144365701,C,T,gnomAD Exomes,PASS,NA,p.Arg293Gln,p.Arg293Gln,c.878G>A,missense_variant,segdup,2,109338,1.82919021749072E-05,0,0,0,7156,0,0,0,17090,0,0,0,2320,0,0,0,9046,0,0,1,13384,0,0,1,42756,0,0,0,1914,0,0,0,15672,0,0
6,36940430,rs1378850171,G,A,gnomAD Exomes,PASS,NA,p.Gln302Ter,p.Gln302Ter,c.904C>T,stop_gained,segdup,1,65194,1.53388348621039E-05,0,0,0,2904,0,0,0,12350,0,0,0,1458,0,0,0,4604,0,0,0,11476,0,0,0,19598,0,0,0,1374,0,0,1,11430,0,0
6,36940448,rs1468109133,C,T,gnomAD Exomes,PASS,NA,p.Asp296Asn,p.Asp296Asn,c.886G>A,missense_variant,segdup,1,65284,1.53176888671037E-05,0,0,0,2898,0,0,0,12356,0,0,0,1456,0,0,0,4612,0,0,0,11484,0,0,0,19660,0,0,0,1376,0,0,1,11442,0,0
6,36940453,rs1459196787,C,T,gnomAD Genomes,NA,PASS,p.Gly294Glu,p.Gly294Glu,c.881G>A,missense_variant,segdup,1,10866,9.20301859009755E-05,0,0,0,2572,0,0,0,246,0,0,0,38,0,0,0,914,0,0,0,1162,0,0,1,5510,0,0,0,424,0,0,0,0,0,0
6,36940457,rs780382126,G,GC,gnomAD Exomes,PASS,NA,p.Leu293AlafsTer100,p.Leu293AlafsTer100,c.876dupG,frameshift_variant,segdup,0,65296,0,0,0,0,2906,0,0,0,12358,0,0,0,1454,0,0,0,4614,0,0,0,11484,0,0,0,19680,0,0,0,1374,0,0,0,11426,0,0
6,36940462,rs776741124,C,G,gnomAD Exomes,PASS,NA,p.Gly291Ala,p.Gly291Ala,c.872G>C,missense_variant,segdup,3,65454,4.58337152809607E-05,0,0,0,2926,0,0,3,12388,0,0,0,1454,0,0,0,4624,0,0,0,11490,0,0,0,19750,0,0,0,1380,0,0,0,11442,0,0
6,36940478,rs765344390,C,T,gnomAD Exomes,PASS,NA,c.855+1G>A,,c.855+1G>A,splice_donor_variant,segdup,2,65794,3.03979086238867E-05,0,0,0,2970,0,0,2,12392,0,0,0,1458,0,0,0,4656,0,0,0,11490,0,0,0,19998,0,0,0,1380,0,0,0,11450,0,0
6,36940501,rs775547171,T,C,gnomAD Exomes,PASS,NA,p.Asn278Ser,p.Asn278Ser,c.833A>G,missense_variant,segdup,4,66822,5.9860524976804E-05,0,0,0,3082,0,0,0,12488,0,0,0,1480,0,0,0,4760,0,0,0,11530,0,0,0,20612,0,0,0,1392,0,0,4,11478,0,0
6,36940520,rs1468028451,G,C,gnomAD Exomes,PASS,NA,p.Leu272Val,p.Leu272Val,c.814C>G,missense_variant,segdup,1,67224,1.48756396525051E-05,0,0,0,3112,0,0,0,12506,0,0,0,1482,0,0,0,4820,0,0,0,11534,0,0,0,20888,0,0,0,1388,0,0,1,11494,0,0
6,36940520,rs1468028451,G,T,gnomAD Genomes,NA,PASS,p.Leu272Met,p.Leu272Met,c.814C>A,missense_variant,segdup,1,10878,9.19286633572348E-05,0,0,0,2574,0,0,1,246,0,0,0,38,0,0,0,916,0,0,0,1162,0,0,0,5518,0,0,0,424,0,0,0,0,0,0
6,36940544,rs1269300713,C,T,gnomAD Exomes,PASS,NA,p.Val264Met,p.Val264Met,c.790G>A,missense_variant,segdup,0,66704,0,0,0,0,3060,0,0,0,12446,0,0,0,1486,0,0,0,4758,0,0,0,11518,0,0,0,20582,0,0,0,1378,0,0,0,11476,0,0
6,36943435,rs183558462,C,T,gnomAD Exomes,PASS,NA,p.Val254Ile,p.Val254Ile,c.760G>A,missense_variant,,8,109398,7.31274794786011E-05,0,0,0,7164,0,0,0,17108,0,0,0,2320,0,0,0,9046,0,0,6,13390,0,0,0,42768,0,0,2,1914,0,0,0,15688,0,0
6,36944274,rs138220521,C,T,gnomAD Exomes,PASS,NA,p.Ser65Asn,p.Ser65Asn,c.193G>A,missense_variant,"lc_lof,os_lof",2,63880,3.13087038196619E-05,0,0,2,2614,0,0,0,12238,0,0,0,1458,0,0,0,4186,0,0,0,11386,0,0,0,19454,0,0,0,1352,0,0,0,11192,0,0
6,36944279,rs921943549,A,C,gnomAD Exomes,PASS,NA,p.Ile63Met,p.Ile63Met,c.188T>G,missense_variant,,1,63892,1.56514117573405E-05,0,0,0,2620,0,0,0,12240,0,0,0,1458,0,0,0,4188,0,0,0,11384,0,0,1,19454,0,0,0,1350,0,0,0,11198,0,0
6,36944290,rs779641782,G,A,gnomAD Exomes,PASS,NA,p.Pro60Ser,p.Pro60Ser,c.177C>T,missense_variant,,7,63878,0.000109583894299,0,0,0,2628,0,0,0,12244,0,0,0,1458,0,0,0,4188,0,0,3,11386,0,0,4,19424,0,0,0,1352,0,0,0,11198,0,0
6,36944299,rs1367231929,C,T,gnomAD Exomes,PASS,NA,p.Ala57Thr,p.Ala57Thr,c.168G>A,missense_variant,,2,63854,3.13214520625176E-05,0,0,0,2622,0,0,0,12242,0,0,0,1456,0,0,0,4188,0,0,0,11386,0,0,1,19412,0,0,0,1350,0,0,1,11198,0,0
6,36944314,rs753502461,T,C,gnomAD Exomes,PASS,NA,p.Ile52Val,p.Ile52Val,c.153A>G,missense_variant,,1,63812,1.56710336613803E-05,0,0,0,2622,0,0,0,12248,0,0,0,1456,0,0,0,4188,0,0,0,11386,0,0,0,19362,0,0,0,1352,0,0,1,11198,0,0
6,36944332,rs1211801194,C,T,gnomAD Exomes,PASS,NA,p.Val46Met,p.Val46Met,c.135G>A,missense_variant,,0,63732,0,0,0,0,2616,0,0,0,12246,0,0,0,1454,0,0,0,4188,0,0,0,11382,0,0,0,19298,0,0,0,1350,0,0,0,11198,0,0
6,36944334,rs368903059,A,G,gnomAD Exomes,PASS,NA,p.Met45Thr,p.Met45Thr,c.133T>C,missense_variant,,0,63726,0,0,0,0,2612,0,0,0,12246,0,0,0,1454,0,0,0,4188,0,0,0,11382,0,0,0,19300,0,0,0,1346,0,0,0,11198,0,0
6,36944335,rs778465422,T,C,gnomAD Exomes,PASS,NA,p.Met45Val,p.Met45Val,c.132A>G,missense_variant,,1,63726,1.56921821548505E-05,0,0,0,2612,0,0,0,12246,0,0,0,1454,0,0,0,4188,0,0,0,11382,0,0,0,19300,0,0,0,1346,0,0,1,11198,0,0
6,36944340,rs999273003,G,A,gnomAD Exomes,PASS,NA,p.Ala43Val,p.Ala43Val,c.127C>T,missense_variant,,1,63710,1.56961230576048E-05,0,0,1,2608,0,0,0,12250,0,0,0,1454,0,0,0,4188,0,0,0,11382,0,0,0,19284,0,0,0,1346,0,0,0,11198,0,0
6,36944341,rs1052235629,C,G,gnomAD Exomes,PASS,NA,p.Ala43Pro,p.Ala43Pro,c.126G>C,missense_variant,,2,63704,3.13952028130102E-05,0,0,0,2604,0,0,0,12248,0,0,0,1454,0,0,0,4188,0,0,0,11382,0,0,2,19284,0,0,0,1346,0,0,0,11198,0,0
6,36944352,rs1190756236,G,A,gnomAD Exomes,PASS,NA,p.Pro39Leu,p.Pro39Leu,c.115C>T,missense_variant,,1,63690,1.5701051970482E-05,0,0,0,2602,0,0,0,12240,0,0,0,1454,0,0,0,4188,0,0,0,11378,0,0,1,19284,0,0,0,1346,0,0,0,11198,0,0
6,36944353,rs1425969310,G,C,gnomAD Exomes,PASS,NA,p.Pro39Ala,p.Pro39Ala,c.114C>G,missense_variant,,1,63692,1.57005589398983E-05,0,0,0,2604,0,0,0,12240,0,0,0,1454,0,0,1,4188,0,0,0,11378,0,0,0,19284,0,0,0,1346,0,0,0,11198,0,0
6,36944361,rs1157226285,G,A,gnomAD Exomes,PASS,NA,p.Ala36Val,p.Ala36Val,c.106C>T,missense_variant,,1,63658,1.57089446730969E-05,0,0,0,2602,0,0,0,12228,0,0,0,1454,0,0,0,4188,0,0,0,11374,0,0,1,19272,0,0,0,1346,0,0,0,11194,0,0
6,36944365,rs562708442,C,T,gnomAD Exomes,PASS,NA,p.Gly35Arg,p.Gly35Arg,c.102G>A,missense_variant,,2,63646,3.14238129654652E-05,0,0,0,2604,0,0,0,12216,0,0,0,1454,0,0,2,4188,0,0,0,11376,0,0,0,19268,0,0,0,1346,0,0,0,11194,0,0
6,36944984,rs761151722,G,A,gnomAD Exomes,PASS,NA,p.Ala231Val,p.Ala231Val,c.692C>T,missense_variant,segdup,1,109384,9.14210487822716E-06,0,0,0,7162,0,0,0,17100,0,0,0,2320,0,0,0,9046,0,0,0,13390,0,0,0,42762,0,0,0,1914,0,0,1,15690,0,0
6,36944990,rs750263128,C,T,gnomAD Exomes,PASS,NA,p.Arg229Gln,p.Arg229Gln,c.686G>A,missense_variant,segdup,6,109382,5.48536322246805E-05,0,0,0,7158,0,0,0,17100,0,0,0,2320,0,0,1,9046,0,0,0,13392,0,0,4,42762,0,0,1,1914,0,0,0,15690,0,0
6,36945015,rs753484837,G,A,gnomAD Exomes,PASS,NA,p.Arg221Cys,p.Arg221Cys,c.661C>T,missense_variant,segdup,2,109330,1.82932406475807E-05,0,0,0,7156,0,0,1,17096,0,0,0,2318,0,0,0,9042,0,0,0,13370,0,0,0,42760,0,0,0,1908,0,0,1,15680,0,0
6,36945417,rs371212581,G,C,gnomAD Exomes,PASS,NA,p.Pro12Ala,p.Pro12Ala,c.33C>G,missense_variant,segdup,8,105544,7.57977715455166E-05,0,0,2,6542,0,0,0,16680,0,0,0,2234,0,0,0,8820,0,0,0,13162,0,0,3,41198,0,0,0,1852,0,0,3,15056,0,0
6,36945420,rs61753799,G,A,"gnomAD Exomes,gnomAD Genomes",PASS,PASS,p.Pro11Ser,p.Pro11Ser,c.30C>T,missense_variant,segdup,141,116674,0.001208495465999,0,0,134,9156,0,0,7,16952,0,0,0,2278,0,0,0,9772,0,0,0,14336,0,0,0,46796,0,0,0,2274,0,0,0,15110,0,0
6,36945420,rs61753799,G,T,gnomAD Exomes,PASS,NA,p.His213Gln,p.His213Gln,c.639C>A,missense_variant,segdup,0,105820,0,0,0,0,6588,0,0,0,16706,0,0,0,2240,0,0,0,8858,0,0,0,13176,0,0,0,41290,0,0,0,1852,0,0,0,15110,0,0
6,36945432,rs755798499,G,T,gnomAD Exomes,PASS,NA,p.His7Asn,p.His7Asn,c.18C>A,missense_variant,segdup,9,106566,8.44547041270199E-05,0,0,0,6694,0,0,4,16782,0,0,3,2254,0,0,0,8904,0,0,0,13220,0,0,0,41614,0,0,0,1866,0,0,2,15232,0,0
6,36945434,rs779224965,G,A,gnomAD Exomes,PASS,NA,p.Arg209Cys,p.Arg209Cys,c.625C>T,missense_variant,segdup,1,106468,9.39249351917947E-06,0,0,0,6684,0,0,0,16778,0,0,0,2256,0,0,0,8882,0,0,1,13224,0,0,0,41572,0,0,0,1866,0,0,0,15206,0,0
6,36945439,rs748267263,A,G,gnomAD Exomes,PASS,NA,p.Val207Ala,p.Val207Ala,c.620T>C,missense_variant,segdup,0,106264,0,0,0,0,6654,0,0,0,16776,0,0,0,2242,0,0,0,8888,0,0,0,13204,0,0,0,41476,0,0,0,1862,0,0,0,15162,0,0
6,36945891,rs781739203,T,A,gnomAD Exomes,PASS,NA,p.Asp185Val,p.Asp185Val,c.554A>T,missense_variant,segdup,5,109398,4.57046746741257E-05,0,0,0,7164,0,0,5,17104,0,0,0,2320,0,0,0,9046,0,0,0,13394,0,0,0,42768,0,0,0,1914,0,0,0,15688,0,0
6,36946285,rs768969012,T,C,gnomAD Exomes,PASS,NA,p.Lys170Arg,p.Lys170Arg,c.509A>G,missense_variant,segdup,1,109348,9.14511467973808E-06,0,0,0,7164,0,0,0,17088,0,0,0,2318,0,0,1,9046,0,0,0,13392,0,0,0,42746,0,0,0,1912,0,0,0,15682,0,0
6,36946288,rs778556603,A,G,gnomAD Exomes,PASS,NA,p.Met169Thr,p.Met169Thr,c.506T>C,missense_variant,segdup,1,109352,9.14478015948497E-06,0,0,0,7164,0,0,0,17090,0,0,0,2318,0,0,0,9044,0,0,0,13392,0,0,1,42748,0,0,0,1912,0,0,0,15684,0,0
6,36946291,rs747775404,C,A,gnomAD Exomes,PASS,NA,p.Ser168Ile,p.Ser168Ile,c.503G>T,missense_variant,segdup,1,109334,9.14628569337992E-06,0,0,0,7164,0,0,0,17088,0,0,0,2314,0,0,0,9046,0,0,0,13390,0,0,1,42742,0,0,0,1912,0,0,0,15678,0,0
6,36946297,,C,G,gnomAD Genomes,NA,PASS,p.Arg166Pro,p.Arg166Pro,c.497G>C,missense_variant,segdup,1,10866,9.20301859009755E-05,0,0,0,2568,0,0,0,246,0,0,0,38,0,0,0,916,0,0,0,1162,0,0,1,5512,0,0,0,424,0,0,0,0,0,0
6,36946298,rs1302410389,G,A,gnomAD Exomes,PASS,NA,p.Arg166Trp,p.Arg166Trp,c.496C>T,missense_variant,segdup,1,109376,9.14277355178467E-06,0,0,0,7164,0,0,0,17094,0,0,0,2320,0,0,0,9046,0,0,0,13394,0,0,0,42760,0,0,0,1914,0,0,1,15684,0,0
6,36946304,rs1317129316,C,T,gnomAD Exomes,PASS,NA,p.Val164Met,p.Val164Met,c.490G>A,missense_variant,segdup,1,109372,9.14310792524595E-06,0,0,0,7160,0,0,0,17094,0,0,0,2320,0,0,1,9046,0,0,0,13394,0,0,0,42758,0,0,0,1914,0,0,0,15686,0,0
6,36946318,rs776647779,T,C,gnomAD Exomes,PASS,NA,p.Asn159Ser,p.Asn159Ser,c.476A>G,missense_variant,segdup,1,109376,9.14277355178467E-06,0,0,0,7164,0,0,0,17096,0,0,0,2320,0,0,0,9040,0,0,0,13394,0,0,1,42758,0,0,0,1914,0,0,0,15690,0,0
6,36946345,rs1246778699,C,T,gnomAD Exomes,PASS,NA,p.Arg150Gln,p.Arg150Gln,c.449G>A,missense_variant,segdup,1,109376,9.14277355178467E-06,0,0,1,7164,0,0,0,17094,0,0,0,2318,0,0,0,9046,0,0,0,13392,0,0,0,42764,0,0,0,1910,0,0,0,15688,0,0
6,36946346,rs761932454,G,A,gnomAD Exomes,PASS,NA,p.Arg150Ter,p.Arg150Ter,c.448C>T,stop_gained,segdup,1,109376,9.14277355178467E-06,0,0,0,7164,0,0,0,17098,0,0,0,2318,0,0,0,9044,0,0,0,13392,0,0,1,42760,0,0,0,1912,0,0,0,15688,0,0
6,36946356,rs750479815,T,C,gnomAD Exomes,PASS,NA,p.Ile146Met,p.Ile146Met,c.438A>G,missense_variant,segdup,1,109336,9.1461183873564E-06,0,0,0,7160,0,0,0,17078,0,0,0,2316,0,0,0,9044,0,0,0,13392,0,0,0,42754,0,0,0,1908,0,0,1,15684,0,0
6,36946357,rs756148781,A,G,gnomAD Exomes,PASS,NA,p.Ile146Thr,p.Ile146Thr,c.437T>C,missense_variant,segdup,1,109378,9.14260637422516E-06,0,0,0,7164,0,0,0,17098,0,0,0,2316,0,0,0,9046,0,0,0,13392,0,0,0,42760,0,0,0,1912,0,0,1,15690,0,0
6,36946372,rs1466405250,T,C,gnomAD Exomes,PASS,NA,p.Gln141Arg,p.Gln141Arg,c.422A>G,missense_variant,segdup,1,109356,9.14444566370387E-06,0,0,0,7164,0,0,0,17096,0,0,0,2316,0,0,0,9046,0,0,0,13390,0,0,1,42750,0,0,0,1912,0,0,0,15682,0,0
6,36946376,rs765965617,C,T,"gnomAD Exomes,gnomAD Genomes",PASS,PASS,p.Val140Met,p.Val140Met,c.418G>A,missense_variant,segdup,2,120182,1.6641427168794E-05,0,0,0,9732,0,0,0,17330,0,0,0,2352,0,0,0,9958,0,0,0,14548,0,0,2,48250,0,0,0,2336,0,0,0,15676,0,0
6,36949364,rs1390202425,C,T,gnomAD Genomes,NA,PASS,p.Ala136Thr,p.Ala136Thr,c.406G>A,missense_variant,,1,10868,9.20132499079868E-05,0,0,0,2570,0,0,0,246,0,0,0,38,0,0,0,914,0,0,0,1162,0,0,1,5516,0,0,0,422,0,0,0,0,0,0
6,36949391,rs369569015,G,A,gnomAD Exomes,PASS,NA,p.Leu127Phe,p.Leu127Phe,c.379C>T,missense_variant,,1,109280,9.15080527086384E-06,0,0,0,7142,0,0,0,17086,0,0,0,2318,0,0,1,9030,0,0,0,13382,0,0,0,42724,0,0,0,1912,0,0,0,15686,0,0
6,36949393,rs1410145917,A,G,gnomAD Exomes,PASS,NA,p.Val126Ala,p.Val126Ala,c.377T>C,missense_variant,,1,109298,9.14929824882432E-06,0,0,0,7150,0,0,1,17088,0,0,0,2318,0,0,0,9036,0,0,0,13384,0,0,0,42724,0,0,0,1910,0,0,0,15688,0,0
6,36949411,rs745854778,T,C,gnomAD Exomes,PASS,NA,p.Asn120Ser,p.Asn120Ser,c.359A>G,missense_variant,,2,109228,1.83103233603105E-05,0,0,0,7146,0,0,0,17082,0,0,0,2316,0,0,0,9020,0,0,0,13388,0,0,1,42692,0,0,0,1902,0,0,1,15682,0,0
6,36949414,rs368915787,G,A,gnomAD Exomes,PASS,NA,p.Thr119Ile,p.Thr119Ile,c.356C>T,missense_variant,,3,109216,2.74685027834749E-05,0,0,3,7144,0,0,0,17082,0,0,0,2316,0,0,0,9020,0,0,0,13388,0,0,0,42682,0,0,0,1906,0,0,0,15678,0,0
6,36949418,rs1410893491,C,T,gnomAD Exomes,PASS,NA,p.Gly118Arg,p.Gly118Arg,c.352G>A,missense_variant,,1,109192,9.15818008645322E-06,0,0,0,7142,0,0,0,17078,0,0,0,2316,0,0,0,9018,0,0,0,13384,0,0,1,42668,0,0,0,1906,0,0,0,15680,0,0
6,36949424,,T,A,gnomAD Exomes,PASS,NA,p.Thr116Ser,p.Thr116Ser,c.346A>T,missense_variant,,1,108416,9.2237308146399E-06,0,0,0,7096,0,0,0,16862,0,0,0,2310,0,0,0,8936,0,0,0,13354,0,0,0,42408,0,0,0,1892,0,0,1,15558,0,0
6,36949431,rs939724253,C,T,gnomAD Genomes,NA,PASS,p.Met113Ile,p.Met113Ile,c.339G>A,missense_variant,,1,10872,9.19793966151582E-05,0,0,1,2568,0,0,0,246,0,0,0,38,0,0,0,914,0,0,0,1162,0,0,0,5520,0,0,0,424,0,0,0,0,0,0
6,36949442,rs1361724109,G,A,gnomAD Exomes,PASS,NA,p.His110Tyr,p.His110Tyr,c.328C>T,missense_variant,,0,108386,0,0,0,0,7090,0,0,0,16908,0,0,0,2286,0,0,0,8938,0,0,0,13380,0,0,0,42342,0,0,0,1886,0,0,0,15556,0,0
6,36953721,rs1325352365,T,C,gnomAD Exomes,PASS,NA,p.Asn77Asp,p.Asn77Asp,c.229A>G,missense_variant,,0,65148,0,0,0,0,2888,0,0,0,12376,0,0,0,1462,0,0,0,4482,0,0,0,11332,0,0,0,19898,0,0,0,1344,0,0,0,11366,0,0
6,36953765,rs1431919500,G,A,gnomAD Exomes,PASS,NA,p.Ala62Val,p.Ala62Val,c.185C>T,missense_variant,,1,59982,1.66716681671168E-05,0,0,0,2170,0,0,0,11938,0,0,0,1418,0,0,0,3718,0,0,0,9898,0,0,0,18530,0,0,0,1264,0,0,1,11046,0,0
6,36953771,rs552930498,G,A,gnomAD Exomes,PASS,NA,p.Pro60Leu,p.Pro60Leu,c.179C>T,missense_variant,,34,58182,0.000584373173834,0,0,0,1892,0,0,0,11760,0,0,0,1408,0,0,0,3390,0,0,0,9466,0,0,0,18086,0,0,0,1228,0,0,34,10952,0,0
6,36953777,rs1386270822,G,A,gnomAD Exomes,PASS,NA,p.Ala58Val,p.Ala58Val,c.173C>T,missense_variant,,0,55692,0,0,0,0,1652,0,0,0,11512,0,0,0,1384,0,0,0,3022,0,0,0,8610,0,0,0,17512,0,0,0,1178,0,0,0,10822,0,0
6,36953780,rs199897411,G,A,"gnomAD Exomes,gnomAD Genomes",PASS,PASS,p.Ala57Val,p.Ala57Val,c.170C>T,missense_variant,,109,65166,0.001672651382623,3,0,89,4082,3,0,12,11604,0,0,0,1418,0,0,0,3758,0,0,0,9278,0,0,4,22718,0,0,4,1578,0,0,0,10730,0,0
6,36953789,rs762198203,G,A,gnomAD Exomes,PASS,NA,p.Pro54Leu,p.Pro54Leu,c.161C>T,missense_variant,,1,50882,1.96533155143273E-05,0,0,0,1204,0,0,1,10972,0,0,0,1350,0,0,0,2456,0,0,0,6850,0,0,0,16422,0,0,0,1084,0,0,0,10544,0,0
6,36953793,rs767306901,G,A,gnomAD Exomes,PASS,NA,p.His53Tyr,p.His53Tyr,c.157C>T,missense_variant,,1,49504,2.02003878474467E-05,0,0,0,1094,0,0,0,10782,0,0,0,1328,0,0,0,2284,0,0,0,6468,0,0,1,16092,0,0,0,1066,0,0,0,10390,0,0
6,36953826,rs946171565,C,G,gnomAD Exomes,PASS,NA,p.Asp42His,p.Asp42His,c.124G>C,missense_variant,,1,30102,3.32203840276394E-05,0,0,0,176,0,0,0,6992,0,0,0,962,0,0,0,520,0,0,0,2226,0,0,0,10972,0,0,1,618,0,0,0,7636,0,0
6,36953829,rs1199724312,G,C,gnomAD Exomes,PASS,NA,p.Arg41Gly,p.Arg41Gly,c.121C>G,missense_variant,,1,28996,3.4487515519382E-05,0,0,0,174,0,0,1,6956,0,0,0,872,0,0,0,544,0,0,0,1936,0,0,0,10536,0,0,0,602,0,0,0,7376,0,0
6,36953865,rs1255536528,GAGCTCCGGCTCC,G,gnomAD Exomes,PASS,NA,p.Gly25_Ala28del,p.Gly25_Ala28del,c.73_84delGGAGCCGGAGCT,inframe_deletion,,1,16284,6.14099729796119E-05,0,0,0,74,0,0,0,2264,0,0,0,568,0,0,0,212,0,0,0,1054,0,0,1,7526,0,0,0,286,0,0,0,4300,0,0
6,36953874,rs977375162,C,A,gnomAD Exomes,PASS,NA,p.Ala26Ser,p.Ala26Ser,c.76G>T,missense_variant,,0,20314,0,0,0,0,98,0,0,0,2982,0,0,0,812,0,0,0,196,0,0,0,1272,0,0,0,9076,0,0,0,356,0,0,0,5522,0,0
6,36953879,rs1241110427,G,A,gnomAD Genomes,NA,PASS,p.Ala24Val,p.Ala24Val,c.71C>T,missense_variant,,1,10710,9.33706816059757E-05,0,0,1,2528,0,0,0,236,0,0,0,38,0,0,0,916,0,0,0,1144,0,0,0,5432,0,0,0,416,0,0,0,0,0,0
6,36953903,rs202185562,G,A,"gnomAD Exomes,gnomAD Genomes",PASS,PASS,p.Ala16Val,p.Ala16Val,c.47C>T,missense_variant,,501,33952,0.014756126295947,4,0,9,2632,0,0,33,3426,1,0,7,1124,0,0,0,1036,0,0,39,2480,0,0,357,15814,2,0,11,832,0,0,45,6608,1,0
6,36953903,rs202185562,G,C,"gnomAD Exomes,gnomAD Genomes",PASS,PASS,p.Ala16Gly,p.Ala16Gly,c.47C>G,missense_variant,,4,33952,0.0001178133836,0,0,1,2632,0,0,0,3426,0,0,0,1124,0,0,0,1036,0,0,0,2480,0,0,3,15814,0,0,0,832,0,0,0,6608,0,0
6,36953904,rs564000422,C,A,"gnomAD Exomes,gnomAD Genomes",PASS,PASS,p.Ala16Ser,p.Ala16Ser,c.46G>T,missense_variant,,49,34034,0.001439736733854,0,0,1,2634,0,0,6,3452,0,0,7,1114,0,0,0,1034,0,0,0,2480,0,0,7,15854,0,0,1,840,0,0,27,6626,0,0
6,36953907,rs963123343,C,A,gnomAD Exomes,PASS,NA,p.Gly15Cys,p.Gly15Cys,c.43G>T,missense_variant,,1,23398,4.27386956150098E-05,0,0,0,106,0,0,0,3154,0,0,0,1074,0,0,0,132,0,0,0,1354,0,0,1,10518,0,0,0,416,0,0,0,6644,0,0
6,36953913,rs1298900465,G,C,gnomAD Exomes,PASS,NA,p.Arg13Gly,p.Arg13Gly,c.37C>G,missense_variant,,4,23542,0.000169909098632,0,0,0,104,0,0,0,3134,0,0,0,1080,0,0,0,136,0,0,1,1342,0,0,3,10624,0,0,0,426,0,0,0,6696,0,0
6,36953919,rs35538959,AG,A,"gnomAD Exomes,gnomAD Genomes",PASS,PASS,p.Trp11GlyfsTer82,p.Trp11GlyfsTer82,c.30delC,frameshift_variant,,2249,35026,0.064209444412722,105,0,29,2626,0,0,102,3562,6,0,180,1190,19,0,121,1050,8,0,124,2524,6,0,1024,16258,36,0,64,840,1,0,605,6976,29,0
6,36953942,rs746070892,G,C,gnomAD Exomes,PASS,NA,p.Ala3Gly,p.Ala3Gly,c.8C>G,missense_variant,,1,24328,4.11048997040447E-05,0,0,0,102,0,0,0,3136,0,0,0,1166,0,0,0,130,0,0,0,1366,0,0,0,10952,0,0,0,430,0,0,1,7046,0,0
6,36953942,rs746070892,G,A,gnomAD Exomes,PASS,NA,p.Ala3Val,p.Ala3Val,c.8C>T,missense_variant,,1,24328,4.11048997040447E-05,0,0,0,102,0,0,0,3136,0,0,0,1166,0,0,0,130,0,0,0,1366,0,0,0,10952,0,0,0,430,0,0,1,7046,0,0
6,36953948,rs913077949,A,G,"gnomAD Exomes,gnomAD Genomes",PASS,PASS,p.Met1?,p.Met1?,c.2T>C,start_lost,,5,33808,0.000147893989588,0,0,4,2604,0,0,0,2882,0,0,0,1188,0,0,0,1040,0,0,0,2478,0,0,1,16086,0,0,0,822,0,0,0,6708,0,0
6,36953949,rs967645026,T,C,gnomAD Exomes,PASS,NA,p.Met1?,p.Met1?,c.1A>G,start_lost,,0,23236,0,0,0,0,92,0,0,0,2632,0,0,0,1150,0,0,0,124,0,0,0,1342,0,0,0,10792,0,0,0,410,0,0,0,6694,0,0
6,36953949,rs967645026,T,G,"gnomAD Exomes,gnomAD Genomes",PASS,PASS,p.Met1?,p.Met1?,c.1A>C,start_lost,,3,33796,8.87679015268079E-05,0,0,0,2612,0,0,1,2868,0,0,0,1188,0,0,0,1036,0,0,0,2476,0,0,2,16100,0,0,0,822,0,0,0,6694,0,0
