Chromosome,Position,rsID,Reference,Alternate,Source,Filters - exomes,Filters - genomes,Consequence,Protein Consequence,Transcript Consequence,Annotation,Flags,Allele Count,Allele Number,Allele Frequency,Homozygote Count,Hemizygote Count,Allele Count African,Allele Number African,Homozygote Count African,Hemizygote Count African,Allele Count Latino,Allele Number Latino,Homozygote Count Latino,Hemizygote Count Latino,Allele Count Ashkenazi Jewish,Allele Number Ashkenazi Jewish,Homozygote Count Ashkenazi Jewish,Hemizygote Count Ashkenazi Jewish,Allele Count East Asian,Allele Number East Asian,Homozygote Count East Asian,Hemizygote Count East Asian,Allele Count European (Finnish),Allele Number European (Finnish),Homozygote Count European (Finnish),Hemizygote Count European (Finnish),Allele Count European (non-Finnish),Allele Number European (non-Finnish),Homozygote Count European (non-Finnish),Hemizygote Count European (non-Finnish),Allele Count Other,Allele Number Other,Homozygote Count Other,Hemizygote Count Other,Allele Count South Asian,Allele Number South Asian,Homozygote Count South Asian,Hemizygote Count South Asian
17,39969287,,A,G,gnomAD Exomes,PASS,NA,p.Met1?,p.Met1?,c.1A>G,start_lost,,1,106236,9.41300500771867E-06,0,0,0,6672,0,0,0,16866,0,0,0,2260,0,0,1,8648,0,0,0,13154,0,0,0,41274,0,0,0,1830,0,0,0,15532,0,0
17,39969290,rs370772194,T,A,gnomAD Exomes,PASS,NA,p.Phe2Ile,p.Phe2Ile,c.4T>A,missense_variant,,3,106292,2.82241372822037E-05,0,0,0,6682,0,0,0,16874,0,0,0,2262,0,0,0,8654,0,0,0,13166,0,0,3,41300,0,0,0,1830,0,0,0,15524,0,0
17,39969297,rs782748141,C,T,gnomAD Exomes,PASS,NA,p.Ala4Val,p.Ala4Val,c.11C>T,missense_variant,,1,106248,9.411941871847E-06,0,0,0,6664,0,0,0,16862,0,0,0,2262,0,0,0,8652,0,0,0,13152,0,0,1,41298,0,0,0,1832,0,0,0,15526,0,0
17,39969300,rs781869880,G,C,gnomAD Exomes,PASS,NA,p.Gly5Ala,p.Gly5Ala,c.14G>C,missense_variant,,1,105580,9.47149081265391E-06,0,0,0,6610,0,0,1,16818,0,0,0,2256,0,0,0,8616,0,0,0,12896,0,0,0,41088,0,0,0,1814,0,0,0,15482,0,0
17,39969300,rs781869880,G,A,gnomAD Exomes,PASS,NA,p.Gly5Asp,p.Gly5Asp,c.14G>A,missense_variant,,1,105580,9.47149081265391E-06,0,0,0,6610,0,0,0,16818,0,0,0,2256,0,0,0,8616,0,0,0,12896,0,0,1,41088,0,0,0,1814,0,0,0,15482,0,0
17,39969302,,C,G,gnomAD Exomes,PASS,NA,p.Pro6Ala,p.Pro6Ala,c.16C>G,missense_variant,,1,106732,9.36926132743695E-06,0,0,0,6782,0,0,0,16884,0,0,0,2272,0,0,0,8730,0,0,0,13130,0,0,1,41536,0,0,0,1864,0,0,0,15534,0,0
17,39969308,,A,C,gnomAD Genomes,NA,PASS,p.Ser8Arg,p.Ser8Arg,c.22A>C,missense_variant,,1,10832,9.23190546528804E-05,0,0,0,2568,0,0,0,246,0,0,0,38,0,0,0,912,0,0,0,1162,0,0,1,5484,0,0,0,422,0,0,0,0,0,0
17,39969309,rs782380860,GC,G,gnomAD Exomes,PASS,NA,p.His9ThrfsTer150,p.His9ThrfsTer150,c.25delC,frameshift_variant,,1,107160,9.33184023889511E-06,0,0,0,6820,0,0,0,16926,0,0,0,2276,0,0,0,8756,0,0,0,13258,0,0,1,41704,0,0,0,1866,0,0,0,15554,0,0
17,39969313,,C,A,gnomAD Exomes,PASS,NA,p.His9Gln,p.His9Gln,c.27C>A,missense_variant,,1,107276,9.32174950594728E-06,0,0,0,6852,0,0,0,16936,0,0,0,2274,0,0,0,8788,0,0,0,13272,0,0,1,41730,0,0,0,1868,0,0,0,15556,0,0
17,39969324,rs782222111,G,C,gnomAD Exomes,PASS,NA,p.Arg13Pro,p.Arg13Pro,c.38G>C,missense_variant,,1,107562,9.29696361168442E-06,0,0,0,6906,0,0,0,16964,0,0,0,2286,0,0,0,8808,0,0,0,13292,0,0,0,41876,0,0,0,1878,0,0,1,15552,0,0
17,39969327,rs782335667,T,G,gnomAD Exomes,PASS,NA,p.Leu14Arg,p.Leu14Arg,c.41T>G,missense_variant,,1,107652,9.28919109723925E-06,0,0,0,6918,0,0,0,16982,0,0,0,2284,0,0,0,8818,0,0,0,13286,0,0,1,41924,0,0,0,1878,0,0,0,15562,0,0
17,39969330,rs572425083,C,G,gnomAD Exomes,PASS,NA,p.Pro15Arg,p.Pro15Arg,c.44C>G,missense_variant,,40,107806,0.000371036862512,0,0,0,6940,0,0,39,16990,0,0,0,2288,0,0,0,8850,0,0,0,13308,0,0,0,41984,0,0,1,1880,0,0,0,15566,0,0
17,39969332,,C,G,gnomAD Exomes,PASS,NA,p.Leu16Val,p.Leu16Val,c.46C>G,missense_variant,,2,107854,1.85435867005396E-05,0,0,0,6952,0,0,0,16988,0,0,0,2284,0,0,0,8858,0,0,0,13312,0,0,2,42018,0,0,0,1878,0,0,0,15564,0,0
17,39969362,rs782020649,G,A,gnomAD Exomes,PASS,NA,p.Ala26Thr,p.Ala26Thr,c.76G>A,missense_variant,mnv,1,107614,9.29247123980151E-06,0,0,0,6908,0,0,0,16972,0,0,0,2288,0,0,0,8746,0,0,0,13276,0,0,0,41974,0,0,0,1880,0,0,1,15570,0,0
17,39969362,rs782020649,G,T,gnomAD Exomes,PASS,NA,p.Ala26Ser,p.Ala26Ser,c.76G>T,missense_variant,,1,107614,9.29247123980151E-06,0,0,0,6908,0,0,0,16972,0,0,0,2288,0,0,0,8746,0,0,0,13276,0,0,0,41974,0,0,0,1880,0,0,1,15570,0,0
17,39969363,rs782067841,C,A,gnomAD Exomes,PASS,NA,p.Ala26Asp,p.Ala26Asp,c.77C>A,missense_variant,mnv,1,107644,9.28988146111256E-06,0,0,0,6906,0,0,0,16972,0,0,0,2288,0,0,0,8752,0,0,0,13276,0,0,0,41998,0,0,0,1882,0,0,1,15570,0,0
17,39969369,rs202017366,G,A,gnomAD Exomes,PASS,NA,p.Gly28Glu,p.Gly28Glu,c.83G>A,missense_variant,,4,107830,3.70954279885004E-05,0,0,0,6928,0,0,3,16990,0,0,0,2296,0,0,0,8760,0,0,0,13292,0,0,0,42102,0,0,1,1888,0,0,0,15574,0,0
17,39969383,,C,T,gnomAD Genomes,NA,PASS,p.Arg33Cys,p.Arg33Cys,c.97C>T,missense_variant,,1,10842,9.22339051835455E-05,0,0,1,2568,0,0,0,246,0,0,0,38,0,0,0,916,0,0,0,1162,0,0,0,5488,0,0,0,424,0,0,0,0,0,0
17,39969393,rs782086379,C,T,gnomAD Exomes,PASS,NA,p.Pro36Leu,p.Pro36Leu,c.107C>T,missense_variant,,1,108818,9.18965612306787E-06,0,0,0,7094,0,0,1,17074,0,0,0,2316,0,0,0,8974,0,0,0,13340,0,0,0,42484,0,0,0,1906,0,0,0,15630,0,0
17,39969393,rs782086379,C,G,gnomAD Exomes,PASS,NA,p.Pro36Arg,p.Pro36Arg,c.107C>G,missense_variant,,3,108818,2.75689683692036E-05,0,0,0,7094,0,0,0,17074,0,0,0,2316,0,0,0,8974,0,0,0,13340,0,0,0,42484,0,0,0,1906,0,0,3,15630,0,0
17,39969398,rs782760553,G,T,gnomAD Exomes,PASS,NA,p.Gly38Trp,p.Gly38Trp,c.112G>T,missense_variant,,1,108900,9.18273645546373E-06,0,0,0,7112,0,0,0,17078,0,0,0,2316,0,0,0,9004,0,0,0,13350,0,0,1,42496,0,0,0,1906,0,0,0,15638,0,0
17,39969399,rs781902733,G,A,gnomAD Exomes,PASS,NA,p.Gly38Glu,p.Gly38Glu,c.113G>A,missense_variant,,2,108972,1.83533384722681E-05,0,0,0,7122,0,0,1,17084,0,0,0,2316,0,0,0,9012,0,0,0,13362,0,0,1,42526,0,0,0,1906,0,0,0,15644,0,0
17,39969405,rs781784905,C,T,gnomAD Exomes,PASS,NA,p.Pro40Leu,p.Pro40Leu,c.119C>T,missense_variant,,1,109222,9.15566460969402E-06,0,0,0,7146,0,0,0,17092,0,0,0,2320,0,0,0,9038,0,0,0,13374,0,0,1,42670,0,0,0,1910,0,0,0,15672,0,0
17,39969425,rs782511568,G,C,gnomAD Exomes,PASS,NA,p.Glu47Gln,p.Glu47Gln,c.139G>C,missense_variant,,1,109386,9.14193772512022E-06,0,0,0,7162,0,0,0,17104,0,0,0,2320,0,0,0,9044,0,0,0,13388,0,0,0,42768,0,0,0,1914,0,0,1,15686,0,0
17,39969431,,T,C,gnomAD Genomes,NA,PASS,p.Tyr49His,p.Tyr49His,c.145T>C,missense_variant,,1,10836,9.22849760059062E-05,0,0,0,2564,0,0,0,246,0,0,0,38,0,0,0,914,0,0,0,1158,0,0,1,5492,0,0,0,424,0,0,0,0,0,0
17,39969466,,G,T,gnomAD Exomes,PASS,NA,p.Gln60His,p.Gln60His,c.180G>T,missense_variant,,1,109398,9.14093493482513E-06,0,0,0,7164,0,0,0,17102,0,0,0,2320,0,0,0,9046,0,0,1,13394,0,0,0,42768,0,0,0,1914,0,0,0,15690,0,0
17,39969495,rs145424241,A,G,"gnomAD Exomes,gnomAD Genomes",PASS,PASS,p.Asn70Ser,p.Asn70Ser,c.209A>G,missense_variant,,12,120242,9.97987392092613E-05,0,0,11,9728,0,0,1,17350,0,0,0,2358,0,0,0,9960,0,0,0,14554,0,0,0,48264,0,0,0,2338,0,0,0,15690,0,0
17,39969496,rs373594621,C,G,gnomAD Exomes,PASS,NA,p.Asn70Lys,p.Asn70Lys,c.210C>G,missense_variant,,1,109400,9.14076782449726E-06,0,0,0,7164,0,0,0,17104,0,0,0,2320,0,0,0,9046,0,0,0,13394,0,0,1,42768,0,0,0,1914,0,0,0,15690,0,0
17,39969531,rs782047469,G,C,gnomAD Exomes,PASS,NA,p.Ser82Thr,p.Ser82Thr,c.245G>C,missense_variant,,1,109400,9.14076782449726E-06,0,0,0,7164,0,0,0,17104,0,0,0,2320,0,0,0,9046,0,0,0,13394,0,0,1,42768,0,0,0,1914,0,0,0,15690,0,0
17,39973317,rs150313949,C,T,gnomAD Exomes,PASS,NA,p.Arg85Cys,p.Arg85Cys,c.253C>T,missense_variant,,2,109394,1.82825383476242E-05,0,0,0,7162,0,0,0,17110,0,0,0,2320,0,0,0,9046,0,0,0,13384,0,0,2,42768,0,0,0,1914,0,0,0,15690,0,0
17,39973318,rs200421914,G,T,gnomAD Exomes,PASS,NA,p.Arg85Leu,p.Arg85Leu,c.254G>T,missense_variant,,1,109388,9.14177057812557E-06,0,0,0,7160,0,0,0,17110,0,0,1,2320,0,0,0,9046,0,0,0,13382,0,0,0,42768,0,0,0,1914,0,0,0,15688,0,0
17,39973332,,G,A,gnomAD Exomes,PASS,NA,p.Ala90Thr,p.Ala90Thr,c.268G>A,missense_variant,,1,109394,9.14126917381209E-06,0,0,0,7162,0,0,1,17112,0,0,0,2320,0,0,0,9046,0,0,0,13386,0,0,0,42766,0,0,0,1912,0,0,0,15690,0,0
17,39973339,rs782422781,T,C,gnomAD Exomes,PASS,NA,p.Val92Ala,p.Val92Ala,c.275T>C,missense_variant,,1,109398,9.14093493482513E-06,0,0,0,7162,0,0,1,17112,0,0,0,2320,0,0,0,9046,0,0,0,13388,0,0,0,42766,0,0,0,1914,0,0,0,15690,0,0
17,39973348,,T,C,gnomAD Exomes,PASS,NA,p.Val95Ala,p.Val95Ala,c.284T>C,missense_variant,,1,109400,9.14076782449726E-06,0,0,0,7164,0,0,1,17112,0,0,0,2320,0,0,0,9046,0,0,0,13388,0,0,0,42766,0,0,0,1914,0,0,0,15690,0,0
17,39973350,,G,A,gnomAD Exomes,PASS,NA,p.Gly96Arg,p.Gly96Arg,c.286G>A,missense_variant,,1,109392,9.14143630247184E-06,0,0,0,7164,0,0,0,17112,0,0,0,2320,0,0,0,9046,0,0,0,13382,0,0,1,42766,0,0,0,1912,0,0,0,15690,0,0
17,39973354,rs371079363,G,A,gnomAD Exomes,PASS,NA,p.Arg97His,p.Arg97His,c.290G>A,missense_variant,,1,109392,9.14143630247184E-06,0,0,0,7164,0,0,0,17110,0,0,0,2320,0,0,0,9046,0,0,0,13382,0,0,0,42766,0,0,0,1914,0,0,1,15690,0,0
17,39973374,rs72835683,C,T,"gnomAD Exomes,gnomAD Genomes",PASS,PASS,p.Arg104Ter,p.Arg104Ter,c.310C>T,stop_gained,,5,120250,4.15800415800416E-05,0,0,0,9736,0,0,0,17358,0,0,0,2358,0,0,0,9960,0,0,0,14534,0,0,4,48276,0,0,0,2338,0,0,1,15690,0,0
17,39973375,rs142507953,G,A,gnomAD Exomes,PASS,NA,p.Arg104Gln,p.Arg104Gln,c.311G>A,missense_variant,,2,109382,1.82845440748935E-05,0,0,0,7164,0,0,0,17112,0,0,0,2320,0,0,0,9046,0,0,0,13368,0,0,1,42768,0,0,0,1914,0,0,1,15690,0,0
17,39973389,rs781863642,A,G,gnomAD Exomes,PASS,NA,p.Met109Val,p.Met109Val,c.325A>G,missense_variant,,1,109372,9.14310792524595E-06,0,0,0,7164,0,0,0,17112,0,0,0,2320,0,0,0,9046,0,0,0,13358,0,0,1,42768,0,0,0,1914,0,0,0,15690,0,0
17,39973393,,G,A,gnomAD Exomes,PASS,NA,p.Cys110Tyr,p.Cys110Tyr,c.329G>A,missense_variant,,2,109370,1.82865502422968E-05,0,0,0,7164,0,0,0,17112,0,0,0,2320,0,0,0,9046,0,0,0,13356,0,0,0,42768,0,0,0,1914,0,0,2,15690,0,0
17,39973404,rs782567665,C,T,gnomAD Exomes,PASS,NA,p.Arg114Trp,p.Arg114Trp,c.340C>T,missense_variant,,1,109320,9.14745700695207E-06,0,0,0,7164,0,0,1,17112,0,0,0,2320,0,0,0,9046,0,0,0,13310,0,0,0,42768,0,0,0,1910,0,0,0,15690,0,0
17,39973407,rs370972136,C,T,gnomAD Exomes,PASS,NA,p.Arg115Ter,p.Arg115Ter,c.343C>T,stop_gained,,2,109290,1.82999359502242E-05,0,0,1,7164,0,0,0,17112,0,0,0,2320,0,0,1,9046,0,0,0,13278,0,0,0,42768,0,0,0,1912,0,0,0,15690,0,0
17,39973408,rs387906960,G,A,gnomAD Exomes,PASS,NA,p.Arg115Gln,p.Arg115Gln,c.344G>A,missense_variant,,2,109284,1.83009406683504E-05,0,0,0,7164,0,0,0,17112,0,0,0,2320,0,0,0,9046,0,0,0,13272,0,0,2,42768,0,0,0,1912,0,0,0,15690,0,0
17,39973410,rs571063599,C,G,gnomAD Exomes,PASS,NA,p.Arg116Gly,p.Arg116Gly,c.346C>G,missense_variant,,1,109294,9.1496330997127E-06,0,0,0,7164,0,0,0,17112,0,0,0,2320,0,0,0,9046,0,0,0,13284,0,0,1,42768,0,0,0,1910,0,0,0,15690,0,0
17,39973428,rs144787711,C,G,gnomAD Exomes,PASS,NA,p.His122Asp,p.His122Asp,c.364C>G,missense_variant,,1,109168,9.16019346328594E-06,0,0,0,7164,0,0,0,17112,0,0,0,2320,0,0,0,9044,0,0,0,13162,0,0,1,42764,0,0,0,1912,0,0,0,15690,0,0
17,39973438,rs782758369,A,G,gnomAD Exomes,PASS,NA,p.Tyr125Cys,p.Tyr125Cys,c.374A>G,missense_variant,,1,109042,9.17077823224079E-06,0,0,0,7162,0,0,0,17112,0,0,0,2320,0,0,0,9044,0,0,0,13038,0,0,0,42764,0,0,0,1912,0,0,1,15690,0,0
17,39973446,,A,G,gnomAD Exomes,PASS,NA,p.Ile128Val,p.Ile128Val,c.382A>G,missense_variant,,1,108796,9.19151439391154E-06,0,0,0,7160,0,0,1,17112,0,0,0,2320,0,0,0,9044,0,0,0,12800,0,0,0,42760,0,0,0,1912,0,0,0,15688,0,0
17,39973449,,G,A,gnomAD Exomes,PASS,NA,p.Gly129Ser,p.Gly129Ser,c.385G>A,missense_variant,,0,108594,0,0,0,0,7160,0,0,0,17112,0,0,0,2320,0,0,0,9044,0,0,0,12608,0,0,0,42752,0,0,0,1910,0,0,0,15688,0,0
17,39973455,,G,T,gnomAD Exomes,PASS,NA,p.Ala131Ser,p.Ala131Ser,c.391G>T,missense_variant,"lc_lof,os_lof",0,108282,0,0,0,0,7158,0,0,0,17110,0,0,0,2320,0,0,0,9042,0,0,0,12302,0,0,0,42752,0,0,0,1912,0,0,0,15686,0,0
17,39973456,rs141847881,G,A,gnomAD Exomes,PASS,NA,c.391+1G>A,,c.391+1G>A,splice_donor_variant,,0,108292,0,0,0,0,7158,0,0,0,17112,0,0,0,2320,0,0,0,9042,0,0,0,12312,0,0,0,42750,0,0,0,1912,0,0,0,15686,0,0
17,39974341,rs782757906,C,T,"gnomAD Exomes,gnomAD Genomes",PASS,PASS,p.Ala131Val,p.Ala131Val,c.392C>T,missense_variant,,15,112948,0.000132804476396,0,0,0,8852,0,0,0,16640,0,0,0,2112,0,0,15,9306,0,0,0,14066,0,0,0,44852,0,0,0,2218,0,0,0,14902,0,0
17,39974344,rs782450296,G,C,gnomAD Exomes,PASS,NA,p.Gly132Ala,p.Gly132Ala,c.395G>C,missense_variant,,1,103894,9.62519491019693E-06,0,0,0,6470,0,0,0,16626,0,0,0,2110,0,0,0,8596,0,0,0,12986,0,0,0,40190,0,0,0,1814,0,0,1,15102,0,0
17,39974356,rs782653042,C,T,gnomAD Exomes,PASS,NA,p.Pro136Leu,p.Pro136Leu,c.407C>T,missense_variant,,1,106706,9.37154424306037E-06,0,0,0,6824,0,0,0,16878,0,0,0,2228,0,0,0,8878,0,0,0,13154,0,0,1,41476,0,0,0,1862,0,0,0,15406,0,0
17,39974359,,A,G,gnomAD Genomes,NA,PASS,p.Asp137Gly,p.Asp137Gly,c.410A>G,missense_variant,,1,10844,9.22168941350055E-05,0,0,0,2566,0,0,0,246,0,0,0,38,0,0,0,912,0,0,0,1162,0,0,1,5496,0,0,0,424,0,0,0,0,0,0
17,39974367,rs782455468,C,T,"gnomAD Exomes,gnomAD Genomes",PASS,PASS,p.Leu140Phe,p.Leu140Phe,c.418C>T,missense_variant,,2,119172,1.67824656798577E-05,0,0,0,9574,0,0,0,17262,0,0,0,2336,0,0,0,9916,0,0,0,14412,0,0,2,47742,0,0,0,2314,0,0,0,15616,0,0
17,39974375,rs782229433,C,G,gnomAD Exomes,PASS,NA,p.Phe142Leu,p.Phe142Leu,c.426C>G,missense_variant,,1,108724,9.19760126558993E-06,0,0,0,7088,0,0,1,17050,0,0,0,2304,0,0,0,9024,0,0,0,13274,0,0,0,42434,0,0,0,1894,0,0,0,15656,0,0
17,39974376,rs112131529,G,A,gnomAD Exomes,PASS,NA,p.Asp143Asn,p.Asp143Asn,c.427G>A,missense_variant,,1,108806,9.1906696321894E-06,0,0,0,7106,0,0,0,17064,0,0,0,2306,0,0,0,9032,0,0,1,13276,0,0,0,42456,0,0,0,1900,0,0,0,15666,0,0
17,39974378,rs141427325,T,G,gnomAD Exomes,PASS,NA,p.Asp143Glu,p.Asp143Glu,c.429T>G,missense_variant,,5,108928,4.59018801410106E-05,0,0,2,7126,0,0,0,17072,0,0,0,2304,0,0,0,9036,0,0,0,13304,0,0,3,42518,0,0,0,1904,0,0,0,15664,0,0
17,39974392,rs781986493,A,C,gnomAD Exomes,PASS,NA,p.Asp148Ala,p.Asp148Ala,c.443A>C,missense_variant,,1,109110,9.16506278068005E-06,0,0,0,7154,0,0,0,17090,0,0,0,2312,0,0,0,9044,0,0,0,13296,0,0,0,42618,0,0,0,1910,0,0,1,15686,0,0
17,39974409,rs782810616,G,A,gnomAD Exomes,PASS,NA,p.Asp154Asn,p.Asp154Asn,c.460G>A,missense_variant,,1,109156,9.16120048371139E-06,0,0,0,7158,0,0,0,17108,0,0,0,2318,0,0,0,9046,0,0,0,13260,0,0,1,42668,0,0,0,1912,0,0,0,15686,0,0
17,39974413,rs781919933,C,T,gnomAD Exomes,PASS,NA,p.Thr155Ile,p.Thr155Ile,c.464C>T,missense_variant,,2,109132,1.8326430377891E-05,0,0,0,7160,0,0,2,17108,0,0,0,2318,0,0,0,9044,0,0,0,13230,0,0,0,42674,0,0,0,1908,0,0,0,15690,0,0
17,39974415,,G,A,gnomAD Exomes,PASS,NA,p.Val156Met,p.Val156Met,c.466G>A,missense_variant,,2,109104,1.83311335973017E-05,0,0,0,7160,0,0,0,17108,0,0,0,2318,0,0,0,9046,0,0,0,13198,0,0,0,42680,0,0,0,1904,0,0,2,15690,0,0
17,39974422,rs781874365,T,C,gnomAD Exomes,PASS,NA,p.Val158Ala,p.Val158Ala,c.473T>C,missense_variant,,16,109116,0.00014663294109,0,0,0,7162,0,0,7,17112,0,0,0,2320,0,0,0,9046,0,0,0,13190,0,0,9,42688,0,0,0,1908,0,0,0,15690,0,0
17,39974436,,C,T,gnomAD Exomes,PASS,NA,p.Arg163Cys,p.Arg163Cys,c.487C>T,missense_variant,,2,108896,1.83661475168969E-05,0,0,0,7162,0,0,0,17110,0,0,0,2320,0,0,0,9044,0,0,0,12956,0,0,2,42706,0,0,0,1908,0,0,0,15690,0,0
17,39974439,,C,A,gnomAD Exomes,PASS,NA,p.Pro164Thr,p.Pro164Thr,c.490C>A,missense_variant,,1,108994,9.1748169624016E-06,0,0,0,7162,0,0,0,17112,0,0,0,2320,0,0,0,9046,0,0,0,13046,0,0,1,42712,0,0,0,1906,0,0,0,15690,0,0
17,39974440,rs117897485,C,G,gnomAD Genomes,NA,PASS,p.Pro164Arg,p.Pro164Arg,c.491C>G,missense_variant,,1,10870,9.19963201471941E-05,0,0,0,2572,0,0,0,246,0,0,0,38,0,0,0,914,0,0,0,1160,0,0,1,5516,0,0,0,424,0,0,0,0,0,0
17,39974440,rs117897485,C,T,"gnomAD Exomes,gnomAD Genomes",PASS,PASS,p.Pro164Leu,p.Pro164Leu,c.491C>T,missense_variant,,38,119900,0.000316930775646,0,0,0,9734,0,0,0,17358,0,0,0,2358,0,0,36,9960,0,0,0,14240,0,0,0,48230,0,0,0,2330,0,0,2,15690,0,0
17,39974448,rs782442221,T,C,gnomAD Exomes,PASS,NA,p.Cys167Arg,p.Cys167Arg,c.499T>C,missense_variant,,1,109018,9.17279715276376E-06,0,0,0,7164,0,0,0,17112,0,0,0,2320,0,0,0,9046,0,0,0,13040,0,0,1,42736,0,0,0,1910,0,0,0,15690,0,0
17,39974450,,C,G,gnomAD Genomes,NA,PASS,p.Cys167Trp,p.Cys167Trp,c.501C>G,missense_variant,,1,10868,9.20132499079868E-05,0,0,0,2570,0,0,0,246,0,0,0,38,0,0,0,914,0,0,0,1162,0,0,1,5514,0,0,0,424,0,0,0,0,0,0
17,39974454,rs782676847,C,T,gnomAD Exomes,PASS,NA,p.Arg169Cys,p.Arg169Cys,c.505C>T,missense_variant,,1,109014,9.17313372594346E-06,0,0,0,7164,0,0,0,17112,0,0,0,2320,0,0,0,9046,0,0,0,13036,0,0,0,42736,0,0,0,1910,0,0,1,15690,0,0
17,39974455,rs782237729,G,A,gnomAD Exomes,PASS,NA,p.Arg169His,p.Arg169His,c.506G>A,missense_variant,,4,108856,3.67457926067465E-05,0,0,0,7160,0,0,0,17110,0,0,0,2320,0,0,0,9044,0,0,3,12898,0,0,1,42728,0,0,0,1908,0,0,0,15688,0,0
17,39974457,rs370563394,A,G,gnomAD Exomes,PASS,NA,p.Met170Val,p.Met170Val,c.508A>G,missense_variant,,1,109044,9.17061002897913E-06,0,0,1,7164,0,0,0,17112,0,0,0,2320,0,0,0,9046,0,0,0,13062,0,0,0,42742,0,0,0,1908,0,0,0,15690,0,0
17,39974461,rs782657653,T,G,gnomAD Exomes,PASS,NA,p.Val171Gly,p.Val171Gly,c.512T>G,missense_variant,,1,109010,9.1734703238235E-06,0,0,0,7164,0,0,0,17112,0,0,0,2320,0,0,1,9046,0,0,0,13024,0,0,0,42746,0,0,0,1908,0,0,0,15690,0,0
17,39974469,rs140950528,G,A,"gnomAD Exomes,gnomAD Genomes",PASS,PASS,p.Gly174Ser,p.Gly174Ser,c.520G>A,missense_variant,,9,119758,7.51515556372017E-05,0,0,0,9736,0,0,5,17358,0,0,0,2358,0,0,0,9962,0,0,0,14054,0,0,4,48266,0,0,0,2334,0,0,0,15690,0,0
17,39974472,rs781949431,G,A,gnomAD Exomes,PASS,NA,p.Asp175Asn,p.Asp175Asn,c.523G>A,missense_variant,,1,108900,9.18273645546373E-06,0,0,0,7164,0,0,0,17112,0,0,0,2320,0,0,0,9046,0,0,0,12900,0,0,0,42758,0,0,0,1910,0,0,1,15690,0,0
17,39974478,rs782132856,G,T,gnomAD Exomes,PASS,NA,p.Val177Phe,p.Val177Phe,c.529G>T,missense_variant,,1,108918,9.18121889862098E-06,0,0,0,7164,0,0,1,17110,0,0,0,2320,0,0,0,9046,0,0,0,12916,0,0,0,42762,0,0,0,1910,0,0,0,15690,0,0
17,39974481,rs782027232,C,T,gnomAD Exomes,PASS,NA,p.Arg178Cys,p.Arg178Cys,c.532C>T,missense_variant,,2,108942,1.83583925391493E-05,0,0,2,7164,0,0,0,17110,0,0,0,2320,0,0,0,9046,0,0,0,12940,0,0,0,42762,0,0,0,1912,0,0,0,15688,0,0
17,39974482,,G,A,gnomAD Exomes,PASS,NA,p.Arg178His,p.Arg178His,c.533G>A,missense_variant,,0,108892,0,0,0,0,7164,0,0,0,17110,0,0,0,2320,0,0,0,9046,0,0,0,12892,0,0,0,42762,0,0,0,1908,0,0,0,15690,0,0
17,39974484,,T,C,gnomAD Exomes,PASS,NA,p.Tyr179His,p.Tyr179His,c.535T>C,missense_variant,,1,109008,9.17363863202701E-06,0,0,0,7164,0,0,0,17110,0,0,0,2320,0,0,0,9046,0,0,1,13004,0,0,0,42764,0,0,0,1910,0,0,0,15690,0,0
17,39974494,rs782722256,A,G,gnomAD Exomes,PASS,NA,p.Asn182Ser,p.Asn182Ser,c.545A>G,missense_variant,,3,109062,2.75072894316994E-05,0,0,0,7164,0,0,2,17110,0,0,0,2320,0,0,0,9046,0,0,0,13056,0,0,1,42766,0,0,0,1912,0,0,0,15688,0,0
17,39974497,,G,C,gnomAD Exomes,PASS,NA,p.Gly183Ala,p.Gly183Ala,c.548G>C,missense_variant,,1,108958,9.17784834523394E-06,0,0,0,7164,0,0,0,17110,0,0,0,2320,0,0,0,9044,0,0,0,12958,0,0,1,42764,0,0,0,1912,0,0,0,15686,0,0
17,39974511,rs201861640,G,A,gnomAD Exomes,PASS,NA,p.Gly188Ser,p.Gly188Ser,c.562G>A,missense_variant,,1,109062,9.16909647723313E-06,0,0,0,7162,0,0,0,17110,0,0,0,2320,0,0,0,9044,0,0,0,13064,0,0,1,42768,0,0,0,1908,0,0,0,15686,0,0
17,39974515,,C,A,gnomAD Exomes,PASS,NA,p.Thr189Asn,p.Thr189Asn,c.566C>A,missense_variant,,1,109128,9.1635510593065E-06,0,0,1,7162,0,0,0,17108,0,0,0,2320,0,0,0,9044,0,0,0,13134,0,0,0,42766,0,0,0,1908,0,0,0,15686,0,0
17,39974523,rs782621807,G,A,gnomAD Exomes,PASS,NA,p.Asp192Asn,p.Asp192Asn,c.574G>A,missense_variant,,1,109146,9.16203983654921E-06,0,0,0,7164,0,0,0,17108,0,0,0,2320,0,0,0,9044,0,0,0,13150,0,0,0,42766,0,0,0,1910,0,0,1,15684,0,0
17,39974639,rs782660556,G,A,gnomAD Exomes,PASS,NA,p.Ser196Asn,p.Ser196Asn,c.587G>A,missense_variant,,3,109404,2.74213008665131E-05,0,0,0,7164,0,0,0,17112,0,0,0,2320,0,0,0,9046,0,0,0,13392,0,0,3,42766,0,0,0,1914,0,0,0,15690,0,0
17,39974642,rs34764749,A,G,"gnomAD Exomes,gnomAD Genomes",PASS,PASS,p.Lys197Arg,p.Lys197Arg,c.590A>G,missense_variant,,6332,120256,0.052654337413518,245,0,1142,9732,76,0,408,17358,2,0,78,2358,2,0,1151,9958,69,0,972,14552,43,0,2018,48272,46,0,115,2336,1,0,448,15690,6,0
17,39974647,rs763045650,G,A,"gnomAD Exomes,gnomAD Genomes",PASS,PASS,p.Gly199Ser,p.Gly199Ser,c.595G>A,missense_variant,,3,120282,2.49413877388138E-05,0,0,1,9736,0,0,2,17358,0,0,0,2358,0,0,0,9962,0,0,0,14556,0,0,0,48284,0,0,0,2338,0,0,0,15690,0,0
17,39974664,,C,G,gnomAD Exomes,PASS,NA,p.Tyr204Ter,p.Tyr204Ter,c.612C>G,stop_gained,,1,109406,9.14026653017202E-06,0,0,0,7164,0,0,1,17112,0,0,0,2320,0,0,0,9046,0,0,0,13394,0,0,0,42766,0,0,0,1914,0,0,0,15690,0,0
17,39974665,rs202068957,G,A,gnomAD Exomes,PASS,NA,p.Val205Ile,p.Val205Ile,c.613G>A,missense_variant,,11,109408,0.000100541093887,0,0,0,7164,0,0,8,17112,0,0,0,2320,0,0,0,9046,0,0,0,13394,0,0,2,42768,0,0,1,1914,0,0,0,15690,0,0
17,39974668,rs146440863,G,A,"gnomAD Exomes,gnomAD Genomes",PASS,PASS,p.Gly206Ser,p.Gly206Ser,c.616G>A,missense_variant,,6,120274,4.98860934200243E-05,0,0,3,9736,0,0,1,17358,0,0,0,2358,0,0,1,9960,0,0,0,14556,0,0,0,48278,0,0,0,2338,0,0,1,15690,0,0
17,39974689,rs781877607,G,A,gnomAD Exomes,PASS,NA,p.Gly213Ser,p.Gly213Ser,c.637G>A,missense_variant,,3,109406,2.74207995905161E-05,0,0,0,7164,0,0,0,17110,0,0,0,2320,0,0,0,9046,0,0,0,13394,0,0,3,42768,0,0,0,1914,0,0,0,15690,0,0
17,39974700,,G,C,gnomAD Exomes,PASS,NA,p.Gln216His,p.Gln216His,c.648G>C,missense_variant,,1,109400,9.14076782449726E-06,0,0,0,7164,0,0,0,17108,0,0,0,2320,0,0,0,9046,0,0,0,13392,0,0,1,42766,0,0,0,1914,0,0,0,15690,0,0
17,39974714,,T,C,gnomAD Exomes,PASS,NA,p.Met221Thr,p.Met221Thr,c.662T>C,missense_variant,,2,109402,1.82812014405587E-05,0,0,0,7164,0,0,2,17108,0,0,0,2320,0,0,0,9046,0,0,0,13392,0,0,0,42768,0,0,0,1914,0,0,0,15690,0,0
17,39974720,rs782474069,C,T,gnomAD Exomes,PASS,NA,p.Pro223Leu,p.Pro223Leu,c.668C>T,missense_variant,,1,109394,9.14126917381209E-06,0,0,1,7162,0,0,0,17104,0,0,0,2320,0,0,0,9046,0,0,0,13392,0,0,0,42766,0,0,0,1914,0,0,0,15690,0,0
17,39974729,rs556997852,G,A,gnomAD Exomes,PASS,NA,p.Arg226Lys,p.Arg226Lys,c.677G>A,missense_variant,,10,109396,9.1411020512633E-05,0,0,0,7160,0,0,0,17106,0,0,0,2320,0,0,0,9046,0,0,0,13392,0,0,3,42768,0,0,0,1914,0,0,7,15690,0,0
17,39974762,rs781952038,A,G,gnomAD Exomes,PASS,NA,p.Tyr237Cys,p.Tyr237Cys,c.710A>G,missense_variant,,2,109388,1.82835411562511E-05,0,0,1,7162,0,0,0,17108,0,0,0,2318,0,0,0,9046,0,0,0,13390,0,0,1,42762,0,0,0,1914,0,0,0,15688,0,0
17,39974767,rs782261801,G,A,gnomAD Exomes,PASS,NA,p.Glu239Lys,p.Glu239Lys,c.715G>A,missense_variant,,2,109376,1.82855471035693E-05,0,0,0,7156,0,0,0,17106,0,0,0,2320,0,0,0,9046,0,0,0,13386,0,0,1,42764,0,0,0,1914,0,0,1,15684,0,0
17,39975468,rs782631729,T,C,gnomAD Exomes,PASS,NA,p.Val245Ala,p.Val245Ala,c.734T>C,missense_variant,,1,109408,9.14009944428195E-06,0,0,0,7164,0,0,0,17112,0,0,0,2320,0,0,0,9046,0,0,0,13394,0,0,1,42768,0,0,0,1914,0,0,0,15690,0,0
17,39975471,,TC,T,gnomAD Exomes,PASS,NA,p.Pro248HisfsTer11,p.Pro248HisfsTer11,c.743delC,frameshift_variant,,1,109404,9.14043362217103E-06,0,0,0,7164,0,0,0,17112,0,0,0,2320,0,0,0,9046,0,0,0,13390,0,0,1,42768,0,0,0,1914,0,0,0,15690,0,0
17,39975480,rs141267647,A,C,gnomAD Exomes,PASS,NA,p.Gln249Pro,p.Gln249Pro,c.746A>C,missense_variant,,1,109408,9.14009944428195E-06,0,0,0,7164,0,0,0,17112,0,0,0,2320,0,0,0,9046,0,0,0,13394,0,0,1,42768,0,0,0,1914,0,0,0,15690,0,0
17,39975500,rs782380098,G,A,gnomAD Exomes,PASS,NA,p.Val256Ile,p.Val256Ile,c.766G>A,missense_variant,,2,109408,1.82801988885639E-05,0,0,0,7164,0,0,2,17112,0,0,0,2320,0,0,0,9046,0,0,0,13394,0,0,0,42768,0,0,0,1914,0,0,0,15690,0,0
17,39975530,rs782551595,G,A,gnomAD Exomes,PASS,NA,p.Asp266Asn,p.Asp266Asn,c.796G>A,missense_variant,,1,109408,9.14009944428195E-06,0,0,0,7164,0,0,0,17112,0,0,0,2320,0,0,0,9046,0,0,0,13394,0,0,0,42768,0,0,0,1914,0,0,1,15690,0,0
17,39975533,rs377726143,G,A,"gnomAD Exomes,gnomAD Genomes",PASS,PASS,p.Ala267Thr,p.Ala267Thr,c.799G>A,missense_variant,,3,120274,2.49430467100121E-05,0,0,0,9738,0,0,1,17358,0,0,0,2358,0,0,0,9960,0,0,0,14556,0,0,2,48276,0,0,0,2338,0,0,0,15690,0,0
17,39975541,rs782443584,G,T,gnomAD Exomes,PASS,NA,p.Gln269His,p.Gln269His,c.807G>T,missense_variant,,1,109406,9.14026653017202E-06,0,0,0,7164,0,0,0,17112,0,0,0,2320,0,0,0,9044,0,0,0,13394,0,0,1,42768,0,0,0,1914,0,0,0,15690,0,0
17,39975545,,G,C,gnomAD Exomes,PASS,NA,p.Glu271Gln,p.Glu271Gln,c.811G>C,missense_variant,,1,109404,9.14043362217103E-06,0,0,0,7164,0,0,0,17112,0,0,0,2320,0,0,0,9044,0,0,0,13392,0,0,0,42768,0,0,0,1914,0,0,1,15690,0,0
17,39975549,rs202161349,C,T,gnomAD Exomes,PASS,NA,p.Thr272Met,p.Thr272Met,c.815C>T,missense_variant,,4,109406,3.65610661206881E-05,0,0,0,7164,0,0,0,17112,0,0,0,2320,0,0,2,9046,0,0,0,13394,0,0,0,42766,0,0,0,1914,0,0,2,15690,0,0
17,39975551,rs556644121,C,G,gnomAD Exomes,PASS,NA,p.Leu273Val,p.Leu273Val,c.817C>G,missense_variant,,1,109408,9.14009944428195E-06,0,0,1,7164,0,0,0,17112,0,0,0,2320,0,0,0,9046,0,0,0,13394,0,0,0,42768,0,0,0,1914,0,0,0,15690,0,0
17,39975558,rs781896189,T,TC,gnomAD Exomes,PASS,NA,p.Gly278ArgfsTer95,p.Gly278ArgfsTer95,c.831dupC,frameshift_variant,,14,109286,0.00012810424025,0,0,2,7156,0,0,0,17100,0,0,0,2318,0,0,1,9030,0,0,7,13354,0,0,3,42726,0,0,1,1912,0,0,0,15690,0,0
17,39975558,rs781896189,TC,T,gnomAD Exomes,PASS,NA,p.Gly278AlafsTer20,p.Gly278AlafsTer20,c.831delC,frameshift_variant,,0,109286,0,0,0,0,7156,0,0,0,17100,0,0,0,2318,0,0,0,9030,0,0,0,13354,0,0,0,42726,0,0,0,1912,0,0,0,15690,0,0
17,39975561,,C,A,gnomAD Exomes,PASS,NA,p.Pro276His,p.Pro276His,c.827C>A,missense_variant,,1,109392,9.14143630247184E-06,0,0,0,7162,0,0,1,17112,0,0,0,2320,0,0,0,9046,0,0,0,13394,0,0,0,42756,0,0,0,1912,0,0,0,15690,0,0
17,39975563,rs138089753,C,A,"gnomAD Exomes,gnomAD Genomes",PASS,PASS,p.Pro277Thr,p.Pro277Thr,c.829C>A,missense_variant,,7,120254,5.82101219086267E-05,0,0,0,9732,0,0,2,17358,0,0,0,2358,0,0,0,9962,0,0,0,14556,0,0,4,48266,0,0,0,2332,0,0,1,15690,0,0
17,39975563,rs138089753,C,G,"gnomAD Exomes,gnomAD Genomes",PASS,PASS,p.Pro277Ala,p.Pro277Ala,c.829C>G,missense_variant,,20,120254,0.000166314634025,0,0,5,9732,0,0,7,17358,0,0,1,2358,0,0,0,9962,0,0,0,14556,0,0,6,48266,0,0,0,2332,0,0,1,15690,0,0
17,39975563,rs138089753,C,T,gnomAD Exomes,PASS,NA,p.Pro277Ser,p.Pro277Ser,c.829C>T,missense_variant,,3,109390,2.74248103117287E-05,0,0,0,7162,0,0,0,17112,0,0,0,2320,0,0,0,9046,0,0,0,13394,0,0,2,42754,0,0,0,1912,0,0,1,15690,0,0
17,39975564,rs149339744,C,A,gnomAD Exomes,PASS,NA,p.Pro277His,p.Pro277His,c.830C>A,missense_variant,,1,109374,9.14294073545815E-06,0,0,0,7162,0,0,0,17112,0,0,0,2320,0,0,0,9046,0,0,0,13392,0,0,1,42740,0,0,0,1912,0,0,0,15690,0,0
17,39975566,rs372572372,G,A,"gnomAD Exomes,gnomAD Genomes",PASS,PASS,p.Gly278Ser,p.Gly278Ser,c.832G>A,missense_variant,,2,120174,1.66425349909298E-05,0,0,2,9708,0,0,0,17358,0,0,0,2358,0,0,0,9958,0,0,0,14556,0,0,0,48210,0,0,0,2336,0,0,0,15690,0,0
17,39975570,rs201214666,G,A,gnomAD Exomes,PASS,NA,p.Cys279Tyr,p.Cys279Tyr,c.836G>A,missense_variant,,4,109380,3.65697568111172E-05,0,0,0,7162,0,0,0,17112,0,0,0,2320,0,0,0,9042,0,0,0,13392,0,0,4,42748,0,0,0,1914,0,0,0,15690,0,0
17,39975575,rs144675137,C,T,gnomAD Exomes,PASS,NA,p.Arg281Cys,p.Arg281Cys,c.841C>T,missense_variant,,2,109396,1.82822041025266E-05,0,0,0,7164,0,0,0,17110,0,0,0,2320,0,0,1,9046,0,0,0,13394,0,0,1,42760,0,0,0,1914,0,0,0,15688,0,0
17,39975576,rs781837243,G,A,gnomAD Exomes,PASS,NA,p.Arg281His,p.Arg281His,c.842G>A,missense_variant,,3,109392,2.74243089074155E-05,0,0,0,7162,0,0,1,17112,0,0,1,2320,0,0,0,9044,0,0,0,13390,0,0,1,42762,0,0,0,1914,0,0,0,15688,0,0
17,39975577,,CAGAGCCGGGGCCGGGGACTTCATGCGCTACCACT,C,gnomAD Exomes,PASS,NA,p.Arg282ThrfsTer5,p.Arg282ThrfsTer5,c.845_878delGAGCCGGGGCCGGGGACTTCATGCGCTACCACTA,frameshift_variant,,1,109402,9.14060072027934E-06,0,0,0,7164,0,0,0,17112,0,0,0,2320,0,0,0,9046,0,0,0,13392,0,0,0,42766,0,0,0,1914,0,0,1,15688,0,0
17,39975584,rs372214186,G,A,"gnomAD Exomes,gnomAD Genomes",PASS,PASS,p.Gly284Arg,p.Gly284Arg,c.850G>A,missense_variant,,59,120234,0.000490709782591,0,0,0,9732,0,0,5,17358,0,0,0,2358,0,0,0,9954,0,0,0,14550,0,0,14,48258,0,0,3,2336,0,0,37,15688,0,0
17,39975590,rs782566284,G,T,gnomAD Exomes,PASS,NA,p.Gly286Trp,p.Gly286Trp,c.856G>T,missense_variant,,2,109396,1.82822041025266E-05,0,0,0,7162,0,0,0,17108,0,0,0,2320,0,0,0,9042,0,0,0,13394,0,0,0,42768,0,0,0,1914,0,0,2,15688,0,0
17,39975595,,C,A,gnomAD Exomes,PASS,NA,p.Asp287Glu,p.Asp287Glu,c.861C>A,missense_variant,,1,109406,9.14026653017202E-06,0,0,0,7164,0,0,0,17112,0,0,0,2320,0,0,0,9046,0,0,0,13394,0,0,0,42768,0,0,1,1914,0,0,0,15688,0,0
17,39975600,rs782540237,T,C,gnomAD Exomes,PASS,NA,p.Met1?,p.Met1?,c.2T>C,start_lost,,1,109406,9.14026653017202E-06,0,0,0,7164,0,0,1,17112,0,0,0,2320,0,0,0,9046,0,0,0,13394,0,0,0,42768,0,0,0,1914,0,0,0,15688,0,0
17,39975602,rs782198044,C,T,gnomAD Exomes,PASS,NA,p.Arg290Cys,p.Arg290Cys,c.868C>T,missense_variant,,1,109406,9.14026653017202E-06,0,0,0,7164,0,0,0,17112,0,0,0,2320,0,0,0,9046,0,0,0,13394,0,0,1,42768,0,0,0,1914,0,0,0,15688,0,0
17,39975627,rs782390585,T,C,gnomAD Exomes,PASS,NA,p.Met298Thr,p.Met298Thr,c.893T>C,missense_variant,,1,109404,9.14043362217103E-06,0,0,0,7164,0,0,0,17110,0,0,0,2320,0,0,0,9046,0,0,0,13394,0,0,0,42768,0,0,0,1914,0,0,1,15688,0,0
17,39975643,rs781919687,C,G,gnomAD Exomes,PASS,NA,p.Phe303Leu,p.Phe303Leu,c.909C>G,missense_variant,,3,109400,2.74223034734918E-05,0,0,0,7164,0,0,0,17110,0,0,0,2320,0,0,0,9046,0,0,0,13392,0,0,3,42766,0,0,0,1914,0,0,0,15688,0,0
17,39975648,rs782727657,C,G,gnomAD Exomes,PASS,NA,p.Ser305Cys,p.Ser305Cys,c.914C>G,missense_variant,,1,109400,9.14076782449726E-06,0,0,0,7164,0,0,0,17110,0,0,0,2320,0,0,0,9046,0,0,0,13394,0,0,1,42764,0,0,0,1914,0,0,0,15688,0,0
17,39975781,,G,C,gnomAD Exomes,PASS,NA,c.918-1G>C,,c.918-1G>C,splice_acceptor_variant,,1,109352,9.14478015948497E-06,0,0,0,7154,0,0,1,17098,0,0,0,2318,0,0,0,9046,0,0,0,13386,0,0,0,42748,0,0,0,1914,0,0,0,15688,0,0
17,39975787,rs372992209,C,T,gnomAD Exomes,PASS,NA,p.Ser308Phe,p.Ser308Phe,c.923C>T,missense_variant,,6,109366,5.48616571877914E-05,0,0,0,7156,0,0,0,17104,0,0,0,2318,0,0,0,9046,0,0,0,13386,0,0,6,42754,0,0,0,1914,0,0,0,15688,0,0
17,39975789,rs781797406,C,T,"gnomAD Exomes,gnomAD Genomes",PASS,PASS,p.Arg309Cys,p.Arg309Cys,c.925C>T,missense_variant,,2,120224,1.66356135214267E-05,0,0,1,9730,0,0,1,17348,0,0,0,2356,0,0,0,9960,0,0,0,14550,0,0,0,48254,0,0,0,2338,0,0,0,15688,0,0
17,39975790,rs782424797,G,A,gnomAD Exomes,PASS,NA,p.Arg309His,p.Arg309His,c.926G>A,missense_variant,,0,109314,0,0,0,0,7150,0,0,0,17096,0,0,0,2316,0,0,0,9046,0,0,0,13372,0,0,0,42742,0,0,0,1910,0,0,0,15682,0,0
17,39975796,rs782625599,A,C,gnomAD Exomes,PASS,NA,p.His311Pro,p.His311Pro,c.932A>C,missense_variant,,5,109376,4.57138677589233E-05,0,0,0,7162,0,0,0,17100,0,0,0,2318,0,0,0,9046,0,0,0,13390,0,0,5,42758,0,0,0,1914,0,0,0,15688,0,0
17,39975801,rs181194136,T,C,gnomAD Genomes,NA,PASS,p.Tyr313His,p.Tyr313His,c.937T>C,missense_variant,,1,10854,9.21319329279528E-05,0,0,1,2570,0,0,0,246,0,0,0,38,0,0,0,916,0,0,0,1162,0,0,0,5500,0,0,0,422,0,0,0,0,0,0
17,39975817,rs184451318,G,A,gnomAD Exomes,PASS,NA,p.Gly318Glu,p.Gly318Glu,c.953G>A,missense_variant,,1,109344,9.14544922446591E-06,0,0,0,7158,0,0,0,17102,0,0,0,2318,0,0,0,9046,0,0,0,13382,0,0,1,42746,0,0,0,1914,0,0,0,15678,0,0
17,39975820,rs782410336,A,T,gnomAD Exomes,PASS,NA,p.Gln319Leu,p.Gln319Leu,c.956A>T,missense_variant,,2,109346,1.8290563898085E-05,0,0,0,7158,0,0,0,17100,0,0,0,2318,0,0,0,9046,0,0,0,13386,0,0,2,42748,0,0,0,1914,0,0,0,15676,0,0
17,39975823,rs782578403,G,T,gnomAD Exomes,PASS,NA,p.Gly320Val,p.Gly320Val,c.959G>T,missense_variant,,1,109338,9.14595108745358E-06,0,0,0,7156,0,0,1,17098,0,0,0,2320,0,0,0,9046,0,0,0,13376,0,0,0,42748,0,0,0,1914,0,0,0,15680,0,0
17,39975826,,A,G,gnomAD Exomes,PASS,NA,p.Tyr321Cys,p.Tyr321Cys,c.962A>G,missense_variant,,1,109338,9.14595108745358E-06,0,0,0,7152,0,0,0,17100,0,0,0,2318,0,0,0,9046,0,0,0,13380,0,0,0,42750,0,0,0,1914,0,0,1,15678,0,0
17,39975828,rs782177446,A,G,"gnomAD Exomes,gnomAD Genomes",PASS,PASS,p.Ile322Val,p.Ile322Val,c.964A>G,missense_variant,,13,120192,0.00010816027689,0,0,0,9722,0,0,0,17348,0,0,0,2356,0,0,13,9962,0,0,0,14542,0,0,0,48246,0,0,0,2336,0,0,0,15680,0,0
17,39975835,rs781960934,C,G,"gnomAD Exomes,gnomAD Genomes",PASS,PASS,p.Pro324Arg,p.Pro324Arg,c.971C>G,missense_variant,,4,120184,3.32823004726087E-05,0,0,0,9724,0,0,0,17346,0,0,0,2354,0,0,0,9960,0,0,0,14540,0,0,4,48246,0,0,0,2334,0,0,0,15680,0,0
17,39975837,rs782237567,G,A,gnomAD Exomes,PASS,NA,p.Gly325Arg,p.Gly325Arg,c.973G>A,missense_variant,,0,109294,0,0,0,0,7148,0,0,0,17098,0,0,0,2316,0,0,0,9046,0,0,0,13368,0,0,0,42730,0,0,0,1908,0,0,0,15680,0,0
17,39975857,rs534241103,G,T,gnomAD Exomes,PASS,NA,p.Gln331His,p.Gln331His,c.993G>T,missense_variant,,1,109056,9.16960093896713E-06,0,0,1,7100,0,0,0,17066,0,0,0,2312,0,0,0,9034,0,0,0,13332,0,0,0,42658,0,0,0,1902,0,0,0,15652,0,0
17,39975861,rs782081090,G,T,gnomAD Exomes,PASS,NA,p.Ala333Ser,p.Ala333Ser,c.997G>T,missense_variant,,3,108888,2.75512453162883E-05,0,0,0,7082,0,0,3,17042,0,0,0,2310,0,0,0,9026,0,0,0,13292,0,0,0,42608,0,0,0,1896,0,0,0,15632,0,0
17,39975867,rs369599375,A,G,"gnomAD Exomes,gnomAD Genomes",PASS,PASS,p.Met335Val,p.Met335Val,c.1003A>G,missense_variant,,6,119664,5.01403931006819E-05,0,0,1,9602,0,0,1,17288,0,0,0,2340,0,0,4,9940,0,0,0,14470,0,0,0,48088,0,0,0,2320,0,0,0,15616,0,0
17,39975868,rs781853286,T,C,gnomAD Exomes,PASS,NA,p.Met335Thr,p.Met335Thr,c.1004T>C,missense_variant,,1,108744,9.19590965938351E-06,0,0,1,7030,0,0,0,17032,0,0,0,2300,0,0,0,9020,0,0,0,13284,0,0,0,42568,0,0,0,1896,0,0,0,15614,0,0
17,39975869,rs782549693,G,T,gnomAD Exomes,PASS,NA,p.Met335Ile,p.Met335Ile,c.1005G>T,missense_variant,,0,108686,0,0,0,0,7018,0,0,0,17036,0,0,0,2300,0,0,0,9020,0,0,0,13270,0,0,0,42534,0,0,0,1900,0,0,0,15608,0,0
17,39975877,rs782670082,G,A,gnomAD Exomes,PASS,NA,p.Arg338His,p.Arg338His,c.1013G>A,missense_variant,,1,107938,9.26457781318905E-06,0,0,0,6876,0,0,1,16950,0,0,0,2284,0,0,0,8978,0,0,0,13196,0,0,0,42270,0,0,0,1886,0,0,0,15498,0,0
17,39975877,rs782670082,G,T,gnomAD Exomes,PASS,NA,p.Arg338Leu,p.Arg338Leu,c.1013G>T,missense_variant,,1,107938,9.26457781318905E-06,0,0,0,6876,0,0,1,16950,0,0,0,2284,0,0,0,8978,0,0,0,13196,0,0,0,42270,0,0,0,1886,0,0,0,15498,0,0
17,39975879,rs377642451,C,T,gnomAD Exomes,PASS,NA,p.Arg339Trp,p.Arg339Trp,c.1015C>T,missense_variant,,8,107608,7.43439149505613E-05,0,0,0,6824,0,0,2,16898,0,0,5,2272,0,0,0,8968,0,0,0,13164,0,0,1,42144,0,0,0,1880,0,0,0,15458,0,0
17,39975880,rs782216438,G,A,gnomAD Exomes,PASS,NA,p.Arg339Gln,p.Arg339Gln,c.1016G>A,missense_variant,,3,107456,2.79184038117927E-05,0,0,0,6800,0,0,1,16882,0,0,0,2270,0,0,1,8966,0,0,0,13166,0,0,0,42030,0,0,0,1886,0,0,1,15456,0,0
17,39975889,rs782400022,C,T,gnomAD Exomes,PASS,NA,p.Thr342Ile,p.Thr342Ile,c.1025C>T,missense_variant,,1,106688,9.37312537492501E-06,0,0,0,6684,0,0,0,16812,0,0,0,2230,0,0,0,8940,0,0,0,13060,0,0,1,41726,0,0,0,1860,0,0,0,15376,0,0
17,39975892,,T,TC,gnomAD Genomes,NA,PASS,p.His346AlafsTer27,p.His346AlafsTer27,c.1034dupC,frameshift_variant,,1,10824,9.23872875092387E-05,0,0,0,2574,0,0,1,244,0,0,0,38,0,0,0,914,0,0,0,1158,0,0,0,5472,0,0,0,424,0,0,0,0,0,0
17,39975898,rs371394900,C,T,gnomAD Exomes,PASS,NA,p.Pro345Leu,p.Pro345Leu,c.1034C>T,missense_variant,,4,104688,3.82087727342198E-05,0,0,0,6424,0,0,1,16622,0,0,0,2170,0,0,0,8820,0,0,0,12898,0,0,3,40788,0,0,0,1840,0,0,0,15126,0,0
17,39975909,,T,C,gnomAD Exomes,PASS,NA,p.Tyr349His,p.Tyr349His,c.1045T>C,missense_variant,,1,102688,9.73823621065752E-06,0,0,0,6168,0,0,0,16472,0,0,0,2080,0,0,0,8706,0,0,0,12688,0,0,0,39826,0,0,0,1800,0,0,1,14948,0,0
17,39975924,,A,G,gnomAD Exomes,PASS,NA,p.Thr354Ala,p.Thr354Ala,c.1060A>G,missense_variant,,1,97950,1.02092904543134E-05,0,0,0,5672,0,0,0,16112,0,0,0,1950,0,0,1,8300,0,0,0,12106,0,0,0,37530,0,0,0,1756,0,0,0,14524,0,0
17,39976091,,A,G,gnomAD Exomes,PASS,NA,c.292-2A>G,,c.292-2A>G,splice_acceptor_variant,,1,61384,1.62908901342369E-05,0,0,0,2970,0,0,0,12010,0,0,0,1206,0,0,0,4236,0,0,0,11136,0,0,0,18206,0,0,0,1340,0,0,1,10280,0,0
17,39976107,,C,T,gnomAD Exomes,PASS,NA,p.Leu103Phe,p.Leu103Phe,c.306C>T,missense_variant,,1,61880,1.61603102779573E-05,0,0,0,2940,0,0,0,11954,0,0,0,1268,0,0,0,4220,0,0,0,11176,0,0,1,18454,0,0,0,1354,0,0,0,10514,0,0
17,39976119,rs147015741,G,A,"gnomAD Exomes,gnomAD Genomes",PASS,PASS,p.Ala107Thr,p.Ala107Thr,c.318G>A,missense_variant,,40,73004,0.00054791518273,0,0,33,5462,0,0,4,12078,0,0,0,1362,0,0,0,5118,0,0,0,12388,0,0,1,24170,0,0,0,1760,0,0,2,10666,0,0
17,39976126,rs782324224,T,G,"gnomAD Exomes,gnomAD Genomes",PASS,PASS,p.Leu109Arg,p.Leu109Arg,c.325T>G,missense_variant,,30,73992,0.000405449237755,0,0,0,5458,0,0,0,12208,0,0,0,1404,0,0,0,5128,0,0,2,12486,0,0,23,24642,0,0,3,1776,0,0,2,10890,0,0
17,39976129,,G,A,gnomAD Genomes,NA,PASS,p.Arg110His,p.Arg110His,c.328G>A,missense_variant,,1,10858,9.20979922637686E-05,0,0,1,2572,0,0,0,246,0,0,0,38,0,0,0,916,0,0,0,1162,0,0,0,5500,0,0,0,424,0,0,0,0,0,0
17,39976135,rs554145697,T,C,"gnomAD Exomes,gnomAD Genomes",PASS,PASS,p.Phe112Ser,p.Phe112Ser,c.334T>C,missense_variant,,18,74638,0.000241164018328,0,0,18,5414,0,0,0,12274,0,0,0,1460,0,0,0,5120,0,0,0,12544,0,0,0,25020,0,0,0,1786,0,0,0,11020,0,0
17,39976137,rs572437822,C,T,gnomAD Exomes,PASS,NA,p.Arg113Cys,p.Arg113Cys,c.336C>T,missense_variant,,0,63924,0,0,0,0,2834,0,0,0,12142,0,0,0,1416,0,0,0,4212,0,0,0,11396,0,0,0,19534,0,0,0,1368,0,0,0,11022,0,0
17,39976138,rs377206833,G,A,"gnomAD Exomes,gnomAD Genomes",PASS,PASS,p.Arg113His,p.Arg113His,c.337G>A,missense_variant,,1,74910,1.3349352556401E-05,0,0,1,5404,0,0,0,12378,0,0,0,1466,0,0,0,5126,0,0,0,12542,0,0,0,25156,0,0,0,1792,0,0,0,11046,0,0
17,39976146,rs540554031,GA,G,gnomAD Exomes,PASS,NA,p.Gln118SerfsTer51,p.Gln118SerfsTer51,c.347delA,frameshift_variant,lof_flag,1,64442,1.55178299866547E-05,0,0,0,2812,0,0,1,12218,0,0,0,1444,0,0,0,4210,0,0,0,11416,0,0,0,19838,0,0,0,1378,0,0,0,11126,0,0
17,39976146,rs540554031,G,A,gnomAD Exomes,PASS,NA,p.Glu116Lys,p.Glu116Lys,c.345G>A,missense_variant,,21,64442,0.00032587442972,0,0,0,2812,0,0,3,12218,0,0,2,1444,0,0,0,4210,0,0,1,11416,0,0,9,19838,0,0,1,1378,0,0,5,11126,0,0
17,39976161,rs782119516,T,A,gnomAD Exomes,PASS,NA,p.Leu121Met,p.Leu121Met,c.360T>A,missense_variant,,1,64396,1.5528914839431E-05,0,0,0,2764,0,0,0,12212,0,0,0,1454,0,0,0,4206,0,0,0,11416,0,0,1,19808,0,0,0,1372,0,0,0,11164,0,0
17,39976162,rs561990501,T,G,gnomAD Exomes,PASS,NA,p.Leu121Trp,p.Leu121Trp,c.361T>G,missense_variant,,1,64344,1.55414646276265E-05,0,0,0,2764,0,0,0,12206,0,0,0,1452,0,0,1,4208,0,0,0,11410,0,0,0,19770,0,0,0,1374,0,0,0,11160,0,0
17,39976176,rs782820247,G,T,gnomAD Exomes,PASS,NA,p.Gly126Cys,p.Gly126Cys,c.375G>T,missense_variant,,7,64040,0.000109306683323,0,0,0,2682,0,0,0,12206,0,0,0,1450,0,0,0,4202,0,0,0,11372,0,0,0,19602,0,0,0,1360,0,0,7,11166,0,0
17,39976180,rs538392232,A,C,gnomAD Exomes,PASS,NA,p.Tyr127Ser,p.Tyr127Ser,c.379A>C,missense_variant,,1,63970,1.56323276535876E-05,0,0,1,2668,0,0,0,12206,0,0,0,1448,0,0,0,4204,0,0,0,11380,0,0,0,19540,0,0,0,1360,0,0,0,11164,0,0
17,39976180,rs538392232,A,T,gnomAD Exomes,PASS,NA,p.Tyr127Phe,p.Tyr127Phe,c.379A>T,missense_variant,,35,63970,0.000547131467876,0,0,0,2668,0,0,0,12206,0,0,0,1448,0,0,0,4204,0,0,0,11380,0,0,0,19540,0,0,1,1360,0,0,34,11164,0,0
17,39976212,,C,G,gnomAD Exomes,PASS,NA,p.Pro138Ala,p.Pro138Ala,c.411C>G,missense_variant,,1,62912,1.58952187182096E-05,0,0,0,2604,0,0,1,12084,0,0,0,1406,0,0,0,4210,0,0,0,11326,0,0,0,18896,0,0,0,1326,0,0,0,11060,0,0
17,39976227,,G,GCC,gnomAD Exomes,PASS,NA,p.Ser144ProfsTer26,p.Ser144ProfsTer26,c.427_428dupCC,frameshift_variant,lof_flag,1,60952,1.64063525397034E-05,0,0,0,2594,0,0,0,11546,0,0,0,1306,0,0,0,4210,0,0,0,11202,0,0,0,18168,0,0,0,1294,0,0,1,10632,0,0
17,39976232,,A,AGT,gnomAD Exomes,PASS,NA,p.Ser146CysfsTer24,p.Ser146CysfsTer24,c.434_435dupGT,frameshift_variant,lof_flag,1,60650,1.64880461665293E-05,0,0,0,2602,0,0,0,11568,0,0,0,1280,0,0,0,4212,0,0,0,11176,0,0,1,17924,0,0,0,1278,0,0,0,10610,0,0
17,39976258,rs782743057,G,T,gnomAD Exomes,PASS,NA,p.Ser153Ile,p.Ser153Ile,c.457G>T,missense_variant,,1,55574,1.79940259833735E-05,0,0,0,2594,0,0,0,10094,0,0,0,1034,0,0,1,4214,0,0,0,10976,0,0,0,16180,0,0,0,1182,0,0,0,9300,0,0
17,39976261,rs782185191,A,G,gnomAD Exomes,PASS,NA,p.His154Arg,p.His154Arg,c.460A>G,missense_variant,,2,54270,3.68527731711811E-05,0,0,0,2598,0,0,0,9718,0,0,0,976,0,0,0,4214,0,0,0,10926,0,0,2,15768,0,0,0,1156,0,0,0,8914,0,0
17,39976270,rs782518432,C,T,"gnomAD Exomes,gnomAD Genomes",PASS,PASS,p.Pro157Leu,p.Pro157Leu,c.469C>T,missense_variant,,2,62056,3.22289544927162E-05,0,0,0,5148,0,0,0,9358,0,0,0,892,0,0,0,5128,0,0,0,11896,0,0,2,20042,0,0,0,1532,0,0,0,8060,0,0
17,39976272,rs781806534,C,A,"gnomAD Exomes,gnomAD Genomes",PASS,PASS,p.Gln158Lys,p.Gln158Lys,c.471C>A,missense_variant,,1,61664,1.62169174883238E-05,0,0,1,5152,0,0,0,9338,0,0,0,874,0,0,0,5126,0,0,0,11856,0,0,0,19842,0,0,0,1508,0,0,0,7968,0,0
17,39976274,,G,C,gnomAD Exomes,PASS,NA,p.Gln158His,p.Gln158His,c.473G>C,missense_variant,,1,50540,1.97863078749505E-05,0,0,0,2576,0,0,1,9190,0,0,0,798,0,0,0,4218,0,0,0,10644,0,0,0,14156,0,0,0,1086,0,0,0,7872,0,0
17,39976527,,A,G,gnomAD Exomes,PASS,NA,p.Lys357Arg,p.Lys357Arg,c.1070A>G,missense_variant,,1,109406,9.14026653017202E-06,0,0,0,7164,0,0,0,17112,0,0,0,2320,0,0,0,9046,0,0,0,13392,0,0,0,42768,0,0,0,1914,0,0,1,15690,0,0
17,39976544,rs782552532,G,A,gnomAD Exomes,PASS,NA,p.Val363Met,p.Val363Met,c.1087G>A,missense_variant,,1,109408,9.14009944428195E-06,0,0,0,7164,0,0,0,17112,0,0,0,2320,0,0,0,9046,0,0,0,13394,0,0,1,42768,0,0,0,1914,0,0,0,15690,0,0
17,39976556,rs781804615,A,G,gnomAD Exomes,PASS,NA,p.Asn367Asp,p.Asn367Asp,c.1099A>G,missense_variant,,2,109408,1.82801988885639E-05,0,0,0,7164,0,0,0,17112,0,0,0,2320,0,0,0,9046,0,0,0,13394,0,0,2,42768,0,0,0,1914,0,0,0,15690,0,0
17,39976559,rs370277647,G,A,gnomAD Exomes,PASS,NA,p.Val368Ile,p.Val368Ile,c.1102G>A,missense_variant,,9,109406,8.22623987715482E-05,0,0,0,7164,0,0,0,17112,0,0,0,2320,0,0,0,9046,0,0,0,13394,0,0,3,42766,0,0,0,1914,0,0,6,15690,0,0
17,39976576,,C,A,gnomAD Exomes,PASS,NA,p.Phe373Leu,p.Phe373Leu,c.1119C>A,missense_variant,,1,109408,9.14009944428195E-06,0,0,0,7164,0,0,0,17112,0,0,0,2320,0,0,0,9046,0,0,0,13394,0,0,1,42768,0,0,0,1914,0,0,0,15690,0,0
17,39976581,rs782416650,A,ATGT,gnomAD Exomes,PASS,NA,p.Asn375_Pro376insVal,p.Asn375_Pro376insVal,c.1124_1125insTGT,inframe_insertion,,2,109408,1.82801988885639E-05,0,0,0,7164,0,0,0,17112,0,0,0,2320,0,0,0,9046,0,0,0,13394,0,0,0,42768,0,0,0,1914,0,0,2,15690,0,0
17,39976587,rs782640718,C,T,gnomAD Exomes,PASS,NA,p.Ala377Val,p.Ala377Val,c.1130C>T,missense_variant,,2,109406,1.8280533060344E-05,0,0,0,7164,0,0,0,17112,0,0,0,2320,0,0,0,9046,0,0,0,13392,0,0,0,42768,0,0,0,1914,0,0,2,15690,0,0
17,39976606,rs782220242,G,T,gnomAD Exomes,PASS,NA,p.Arg383Ser,p.Arg383Ser,c.1149G>T,missense_variant,,3,109406,2.74207995905161E-05,0,0,0,7164,0,0,0,17112,0,0,0,2320,0,0,0,9046,0,0,0,13392,0,0,2,42768,0,0,0,1914,0,0,1,15690,0,0
17,39976616,rs781992912,C,T,gnomAD Exomes,PASS,NA,p.Arg387Trp,p.Arg387Trp,c.1159C>T,missense_variant,,1,109408,9.14009944428195E-06,0,0,0,7164,0,0,1,17112,0,0,0,2320,0,0,0,9046,0,0,0,13394,0,0,0,42768,0,0,0,1914,0,0,0,15690,0,0
17,39976617,rs782107514,G,A,gnomAD Exomes,PASS,NA,p.Arg387Gln,p.Arg387Gln,c.1160G>A,missense_variant,,2,109408,1.82801988885639E-05,0,0,0,7164,0,0,1,17112,0,0,0,2320,0,0,0,9046,0,0,0,13394,0,0,0,42768,0,0,0,1914,0,0,1,15690,0,0
17,39976638,,A,G,gnomAD Exomes,PASS,NA,p.Glu394Gly,p.Glu394Gly,c.1181A>G,missense_variant,,1,109408,9.14009944428195E-06,0,0,0,7164,0,0,0,17112,0,0,0,2320,0,0,0,9046,0,0,0,13394,0,0,1,42768,0,0,0,1914,0,0,0,15690,0,0
17,39976639,rs782129974,GACC,G,gnomAD Exomes,PASS,NA,p.Thr396del,p.Thr396del,c.1187_1189delCCA,inframe_deletion,,1,109408,9.14009944428195E-06,0,0,0,7164,0,0,0,17112,0,0,0,2320,0,0,0,9046,0,0,0,13394,0,0,1,42768,0,0,0,1914,0,0,0,15690,0,0
17,39976648,rs781842398,G,T,gnomAD Exomes,PASS,NA,p.Lys397Asn,p.Lys397Asn,c.1191G>T,missense_variant,,1,109408,9.14009944428195E-06,0,0,0,7164,0,0,0,17112,0,0,0,2320,0,0,0,9046,0,0,0,13394,0,0,1,42768,0,0,0,1914,0,0,0,15690,0,0
17,39976680,rs781768559,G,GTTCT,gnomAD Exomes,PASS,NA,p.Leu410PhefsTer13,p.Leu410PhefsTer13,c.1226_1229dupCTTT,frameshift_variant,,1,109396,9.1411020512633E-06,0,0,0,7164,0,0,0,17112,0,0,0,2320,0,0,1,9046,0,0,0,13382,0,0,0,42768,0,0,0,1914,0,0,0,15690,0,0
17,39976689,rs782561237,T,C,gnomAD Exomes,PASS,NA,p.Leu411Pro,p.Leu411Pro,c.1232T>C,missense_variant,,1,109388,9.14177057812557E-06,0,0,1,7164,0,0,0,17112,0,0,0,2320,0,0,0,9046,0,0,0,13374,0,0,0,42768,0,0,0,1914,0,0,0,15690,0,0
17,39976694,rs139413427,G,A,gnomAD Exomes,PASS,NA,p.Gly413Ser,p.Gly413Ser,c.1237G>A,missense_variant,,1,109366,9.14360953129857E-06,0,0,0,7164,0,0,0,17112,0,0,0,2320,0,0,0,9046,0,0,0,13352,0,0,0,42768,0,0,0,1914,0,0,1,15690,0,0
17,39976698,rs782589156,C,T,gnomAD Exomes,PASS,NA,p.Thr414Ile,p.Thr414Ile,c.1241C>T,missense_variant,,1,109360,9.1441111923921E-06,0,0,0,7164,0,0,1,17112,0,0,0,2320,0,0,0,9046,0,0,0,13346,0,0,0,42768,0,0,0,1914,0,0,0,15690,0,0
17,39976702,,G,GCTGTT,gnomAD Exomes,PASS,NA,p.Thr418CysfsTer20,p.Thr418CysfsTer20,c.1247_1251dupTGTTC,frameshift_variant,,1,109346,9.14528194904249E-06,0,0,1,7164,0,0,0,17112,0,0,0,2320,0,0,0,9046,0,0,0,13332,0,0,0,42768,0,0,0,1914,0,0,0,15690,0,0
17,39976713,rs146422412,C,T,"gnomAD Exomes,gnomAD Genomes",PASS,PASS,p.Ser419Leu,p.Ser419Leu,c.1256C>T,missense_variant,,141,120038,0.001174628034456,0,0,1,9736,0,0,13,17358,0,0,0,2358,0,0,0,9958,0,0,22,14350,0,0,98,48254,0,0,1,2334,0,0,6,15690,0,0
17,39976713,rs146422412,CG,C,gnomAD Exomes,PASS,NA,c.1256+1delG,,c.1256+1delG,splice_donor_variant,,1,109192,9.15818008645322E-06,0,0,0,7162,0,0,0,17112,0,0,0,2320,0,0,0,9046,0,0,0,13188,0,0,1,42764,0,0,0,1910,0,0,0,15690,0,0
17,39976714,rs782815501,G,A,gnomAD Genomes,NA,PASS,c.1256+1G>A,,c.1256+1G>A,splice_donor_variant,,1,10868,9.20132499079868E-05,0,0,0,2574,0,0,0,244,0,0,0,38,0,0,0,916,0,0,0,1162,0,0,1,5510,0,0,0,424,0,0,0,0,0,0
17,39977200,rs782431151,C,T,gnomAD Exomes,PASS,NA,p.His420Tyr,p.His420Tyr,c.1258C>T,missense_variant,,1,106776,9.36540046452386E-06,0,0,1,6668,0,0,0,16808,0,0,0,2240,0,0,0,8930,0,0,0,13280,0,0,0,41622,0,0,0,1848,0,0,0,15380,0,0
17,39977201,,A,G,gnomAD Exomes,PASS,NA,p.His420Arg,p.His420Arg,c.1259A>G,missense_variant,,0,106888,0,0,0,0,6684,0,0,0,16832,0,0,0,2240,0,0,0,8944,0,0,0,13280,0,0,0,41660,0,0,0,1850,0,0,0,15398,0,0
17,39977203,rs375489229,G,A,gnomAD Exomes,PASS,NA,p.Asp421Asn,p.Asp421Asn,c.1261G>A,missense_variant,,1,106864,9.35768827668813E-06,0,0,0,6686,0,0,0,16824,0,0,0,2238,0,0,0,8946,0,0,0,13276,0,0,1,41650,0,0,0,1846,0,0,0,15398,0,0
17,39977209,rs782520404,G,A,gnomAD Exomes,PASS,NA,p.Gly423Arg,p.Gly423Arg,c.1267G>A,missense_variant,,1,106800,9.36329588014981E-06,0,0,0,6674,0,0,0,16828,0,0,0,2242,0,0,1,8920,0,0,0,13278,0,0,0,41628,0,0,0,1842,0,0,0,15388,0,0
17,39977212,rs576471844,G,A,gnomAD Exomes,PASS,NA,p.Ala424Thr,p.Ala424Thr,c.1270G>A,missense_variant,,1,106662,9.37541017419512E-06,0,0,0,6666,0,0,0,16828,0,0,0,2240,0,0,0,8908,0,0,0,13274,0,0,0,41544,0,0,0,1842,0,0,1,15360,0,0
17,39977213,rs782550716,C,T,gnomAD Exomes,PASS,NA,p.Ala424Val,p.Ala424Val,c.1271C>T,missense_variant,,7,106632,6.56463350588941E-05,0,0,0,6666,0,0,0,16828,0,0,0,2242,0,0,0,8898,0,0,0,13268,0,0,0,41510,0,0,1,1846,0,0,6,15374,0,0
17,39977218,rs782185490,C,G,gnomAD Exomes,PASS,NA,p.Gln426Glu,p.Gln426Glu,c.1276C>G,missense_variant,,1,106930,9.35191246609932E-06,0,0,1,6694,0,0,0,16840,0,0,0,2256,0,0,0,8940,0,0,0,13274,0,0,0,41674,0,0,0,1846,0,0,0,15406,0,0
17,39977219,,A,G,gnomAD Exomes,PASS,NA,p.Gln426Arg,p.Gln426Arg,c.1277A>G,missense_variant,,0,107026,0,0,0,0,6700,0,0,0,16856,0,0,0,2260,0,0,0,8944,0,0,0,13284,0,0,0,41706,0,0,0,1850,0,0,0,15426,0,0
17,39977221,rs782360497,G,C,gnomAD Exomes,PASS,NA,p.Glu427Gln,p.Glu427Gln,c.1279G>C,missense_variant,,1,107072,9.33950986252241E-06,0,0,0,6710,0,0,0,16856,0,0,0,2264,0,0,0,8934,0,0,0,13280,0,0,1,41750,0,0,0,1854,0,0,0,15424,0,0
17,39977225,,C,T,gnomAD Exomes,PASS,NA,p.Ala428Val,p.Ala428Val,c.1283C>T,missense_variant,,2,106818,1.87234361249977E-05,0,0,1,6670,0,0,0,16846,0,0,0,2256,0,0,0,8920,0,0,0,13266,0,0,1,41610,0,0,0,1858,0,0,0,15392,0,0
17,39977231,,T,C,gnomAD Exomes,PASS,NA,p.Leu430Pro,p.Leu430Pro,c.1289T>C,missense_variant,,1,106726,9.36978805539419E-06,0,0,0,6648,0,0,1,16834,0,0,0,2250,0,0,0,8926,0,0,0,13266,0,0,0,41596,0,0,0,1854,0,0,0,15352,0,0
17,39977236,rs782060402,G,A,gnomAD Exomes,PASS,NA,p.Ala432Thr,p.Ala432Thr,c.1294G>A,missense_variant,,0,106430,0,0,0,0,6618,0,0,0,16820,0,0,0,2232,0,0,0,8884,0,0,0,13262,0,0,0,41474,0,0,0,1842,0,0,0,15298,0,0
17,39977240,,A,G,gnomAD Exomes,PASS,NA,p.Asn433Ser,p.Asn433Ser,c.1298A>G,missense_variant,,1,106430,9.39584703561026E-06,0,0,0,6626,0,0,0,16816,0,0,0,2238,0,0,0,8882,0,0,1,13248,0,0,0,41486,0,0,0,1854,0,0,0,15280,0,0
17,39977241,rs782702833,C,A,gnomAD Exomes,PASS,NA,p.Asn433Lys,p.Asn433Lys,c.1299C>A,missense_variant,,2,106314,1.88121978290724E-05,0,0,1,6600,0,0,0,16832,0,0,0,2240,0,0,0,8874,0,0,0,13238,0,0,1,41414,0,0,0,1846,0,0,0,15270,0,0
17,39977241,rs782702833,C,G,gnomAD Exomes,PASS,NA,p.Asn433Lys,p.Asn433Lys,c.1299C>G,missense_variant,,3,106314,2.82182967436086E-05,0,0,0,6600,0,0,3,16832,0,0,0,2240,0,0,0,8874,0,0,0,13238,0,0,0,41414,0,0,0,1846,0,0,0,15270,0,0
17,39977249,rs61749879,T,C,"gnomAD Exomes,gnomAD Genomes",PASS,PASS,p.Ile436Thr,p.Ile436Thr,c.1307T>C,missense_variant,,256,115988,0.002207124874987,0,0,6,9002,0,0,49,16986,0,0,7,2216,0,0,0,9696,0,0,0,14326,0,0,179,46376,0,0,7,2248,0,0,8,15138,0,0
17,39977251,rs781862355,G,A,gnomAD Exomes,PASS,NA,p.Glu437Lys,p.Glu437Lys,c.1309G>A,missense_variant,,0,104586,0,0,0,0,6364,0,0,0,16678,0,0,0,2162,0,0,0,8728,0,0,0,13118,0,0,0,40662,0,0,0,1824,0,0,0,15050,0,0
17,39977264,rs577855172,C,T,gnomAD Exomes,PASS,NA,p.Thr441Met,p.Thr441Met,c.1322C>T,missense_variant,,1,101316,9.87010936081172E-06,0,0,1,6030,0,0,0,16374,0,0,0,2104,0,0,0,8402,0,0,0,12888,0,0,0,39162,0,0,0,1760,0,0,0,14596,0,0
17,39977278,rs781812058,A,G,gnomAD Exomes,PASS,NA,p.Met446Val,p.Met446Val,c.1336A>G,missense_variant,,2,97766,2.04570095943375E-05,0,0,0,5750,0,0,0,16036,0,0,0,1996,0,0,0,8038,0,0,0,12710,0,0,2,37334,0,0,0,1740,0,0,0,14162,0,0
17,39977280,rs781815331,G,T,gnomAD Exomes,PASS,NA,p.Met446Ile,p.Met446Ile,c.1338G>T,missense_variant,,1,97464,1.02601986374456E-05,0,0,0,5752,0,0,0,15942,0,0,0,1984,0,0,0,8028,0,0,0,12700,0,0,0,37176,0,0,0,1726,0,0,1,14156,0,0
17,39977296,rs782633070,C,T,gnomAD Exomes,PASS,NA,p.Arg452Trp,p.Arg452Trp,c.1354C>T,missense_variant,,1,93842,1.06562093732018E-05,0,0,0,5406,0,0,0,15532,0,0,0,1902,0,0,0,7578,0,0,0,12556,0,0,1,35266,0,0,0,1672,0,0,0,13930,0,0
17,39977297,rs781863245,G,A,gnomAD Exomes,PASS,NA,p.Arg452Gln,p.Arg452Gln,c.1355G>A,missense_variant,,0,93162,0,0,0,0,5338,0,0,0,15420,0,0,0,1890,0,0,0,7522,0,0,0,12530,0,0,0,34946,0,0,0,1672,0,0,0,13844,0,0
17,39977299,rs782505235,C,T,gnomAD Exomes,PASS,NA,p.Gln453Ter,p.Gln453Ter,c.1357C>T,stop_gained,,1,91412,1.09394827812541E-05,0,0,0,5170,0,0,0,15208,0,0,0,1852,0,0,0,7338,0,0,0,12466,0,0,1,34058,0,0,0,1646,0,0,0,13674,0,0
17,39977305,rs146701946,A,G,"gnomAD Exomes,gnomAD Genomes",PASS,PASS,p.Ile455Val,p.Ile455Val,c.1363A>G,missense_variant,,142,98702,0.001438673988369,2,0,0,7410,0,0,5,15010,0,0,0,1832,0,0,0,7856,0,0,12,13486,0,0,76,37724,0,0,3,2034,0,0,46,13350,2,0
17,39977308,rs782275233,G,A,gnomAD Exomes,PASS,NA,p.Val456Met,p.Val456Met,c.1366G>A,missense_variant,,2,85196,2.34752805296023E-05,0,0,0,4612,0,0,0,14436,0,0,1,1756,0,0,0,6676,0,0,0,12220,0,0,0,30800,0,0,0,1588,0,0,1,13108,0,0
17,39977323,,G,A,gnomAD Exomes,PASS,NA,p.Ala461Thr,p.Ala461Thr,c.1381G>A,missense_variant,,0,77718,0,0,0,0,4012,0,0,0,13518,0,0,0,1646,0,0,0,5912,0,0,0,11916,0,0,0,26744,0,0,0,1498,0,0,0,12472,0,0
17,39977329,rs782423500,G,A,gnomAD Exomes,PASS,NA,p.Gly463Arg,p.Gly463Arg,c.1387G>A,missense_variant,,1,75306,1.32791543834489E-05,0,0,0,3810,0,0,0,13252,0,0,0,1598,0,0,0,5656,0,0,0,11822,0,0,1,25454,0,0,0,1474,0,0,0,12240,0,0
17,39977336,,G,T,gnomAD Exomes,PASS,NA,p.Ser465Ile,p.Ser465Ile,c.1394G>T,missense_variant,,1,73150,1.36705399863295E-05,0,0,0,3612,0,0,0,13042,0,0,0,1570,0,0,1,5426,0,0,0,11730,0,0,0,24244,0,0,0,1454,0,0,0,12072,0,0
17,39977341,rs760432800,G,A,gnomAD Exomes,PASS,NA,p.Ala467Thr,p.Ala467Thr,c.1399G>A,missense_variant,,1,71612,1.39641400882534E-05,0,0,0,3486,0,0,0,12874,0,0,0,1558,0,0,0,5222,0,0,0,11668,0,0,1,23414,0,0,0,1438,0,0,0,11952,0,0
17,39977342,,G,A,gnomAD Exomes,PASS,NA,c.1399+1G>A,,c.1399+1G>A,splice_donor_variant,,1,70484,1.41876170478406E-05,0,0,0,3372,0,0,0,12766,0,0,0,1532,0,0,0,5144,0,0,0,11626,0,0,0,22764,0,0,1,1426,0,0,0,11854,0,0
17,39977908,rs542334549,C,T,gnomAD Exomes,PASS,NA,p.Arg468Trp,p.Arg468Trp,c.1402C>T,missense_variant,,3,109378,2.74278191226755E-05,0,0,0,7164,0,0,1,17100,0,0,0,2320,0,0,0,9046,0,0,0,13380,0,0,1,42766,0,0,1,1914,0,0,0,15688,0,0
17,39977909,,G,A,gnomAD Exomes,PASS,NA,p.Arg468Gln,p.Arg468Gln,c.1403G>A,missense_variant,,1,109364,9.14377674554698E-06,0,0,0,7164,0,0,0,17102,0,0,0,2320,0,0,0,9046,0,0,0,13368,0,0,1,42760,0,0,0,1914,0,0,0,15690,0,0
17,39977917,rs781978984,C,T,gnomAD Exomes,PASS,NA,p.Pro471Ser,p.Pro471Ser,c.1411C>T,missense_variant,,1,109394,9.14126917381209E-06,0,0,0,7164,0,0,0,17102,0,0,0,2320,0,0,0,9046,0,0,1,13392,0,0,0,42766,0,0,0,1914,0,0,0,15690,0,0
17,39977959,rs781930058,C,T,"gnomAD Exomes,gnomAD Genomes",PASS,PASS,p.Arg485Trp,p.Arg485Trp,c.1453C>T,missense_variant,,2,120254,1.66314634024648E-05,0,0,2,9736,0,0,0,17352,0,0,0,2358,0,0,0,9958,0,0,0,14556,0,0,0,48268,0,0,0,2336,0,0,0,15690,0,0
17,39977960,rs144314381,G,A,"gnomAD Exomes,gnomAD Genomes",PASS,PASS,p.Arg485Gln,p.Arg485Gln,c.1454G>A,missense_variant,,3,120252,2.49476100189602E-05,0,0,0,9736,0,0,0,17352,0,0,0,2356,0,0,1,9960,0,0,1,14556,0,0,1,48264,0,0,0,2338,0,0,0,15690,0,0
17,39977981,rs782742068,G,A,gnomAD Exomes,PASS,NA,p.Gly492Asp,p.Gly492Asp,c.1475G>A,missense_variant,,1,109402,9.14060072027934E-06,0,0,0,7164,0,0,0,17106,0,0,0,2320,0,0,0,9046,0,0,0,13394,0,0,1,42768,0,0,0,1914,0,0,0,15690,0,0
17,39977982,rs781822714,C,CT,gnomAD Exomes,PASS,NA,p.Tyr493LeufsTer15,p.Tyr493LeufsTer15,c.1477dupT,frameshift_variant,,1,109402,9.14060072027934E-06,0,0,0,7164,0,0,0,17106,0,0,0,2320,0,0,0,9046,0,0,0,13394,0,0,1,42768,0,0,0,1914,0,0,0,15690,0,0
17,39977991,rs182545136,T,G,gnomAD Exomes,PASS,NA,p.Phe495Leu,p.Phe495Leu,c.1485T>G,missense_variant,,8,109402,7.31248057622347E-05,0,0,0,7164,0,0,7,17106,0,0,0,2320,0,0,1,9046,0,0,0,13394,0,0,0,42768,0,0,0,1914,0,0,0,15690,0,0
17,39977999,,A,G,gnomAD Exomes,PASS,NA,p.His498Arg,p.His498Arg,c.1493A>G,missense_variant,,1,109402,9.14060072027934E-06,0,0,0,7164,0,0,1,17106,0,0,0,2320,0,0,0,9046,0,0,0,13394,0,0,0,42768,0,0,0,1914,0,0,0,15690,0,0
17,39978018,,C,A,gnomAD Exomes,PASS,NA,p.Asn504Lys,p.Asn504Lys,c.1512C>A,missense_variant,,1,109402,9.14060072027934E-06,0,0,0,7164,0,0,0,17106,0,0,0,2320,0,0,1,9046,0,0,0,13394,0,0,0,42768,0,0,0,1914,0,0,0,15690,0,0
17,39978029,rs199997285,A,G,gnomAD Exomes,PASS,NA,p.Asp508Gly,p.Asp508Gly,c.1523A>G,missense_variant,,1,109402,9.14060072027934E-06,0,0,0,7164,0,0,0,17106,0,0,0,2320,0,0,0,9046,0,0,0,13394,0,0,1,42768,0,0,0,1914,0,0,0,15690,0,0
17,39978032,rs782180826,T,C,gnomAD Exomes,PASS,NA,p.Met509Thr,p.Met509Thr,c.1526T>C,missense_variant,,1,109402,9.14060072027934E-06,0,0,0,7164,0,0,0,17106,0,0,0,2320,0,0,0,9046,0,0,0,13394,0,0,1,42768,0,0,0,1914,0,0,0,15690,0,0
17,39978032,rs782180826,T,G,gnomAD Exomes,PASS,NA,p.Met509Arg,p.Met509Arg,c.1526T>G,missense_variant,,1,109402,9.14060072027934E-06,0,0,0,7164,0,0,0,17106,0,0,0,2320,0,0,0,9046,0,0,0,13394,0,0,0,42768,0,0,0,1914,0,0,1,15690,0,0
17,39978042,,C,A,gnomAD Exomes,PASS,NA,p.Asn512Lys,p.Asn512Lys,c.1536C>A,missense_variant,,2,109402,1.82812014405587E-05,0,0,0,7164,0,0,2,17106,0,0,0,2320,0,0,0,9046,0,0,0,13394,0,0,0,42768,0,0,0,1914,0,0,0,15690,0,0
17,39978044,rs782611610,A,G,gnomAD Exomes,PASS,NA,p.Lys513Arg,p.Lys513Arg,c.1538A>G,missense_variant,,2,109404,1.82808672443421E-05,0,0,0,7164,0,0,0,17108,0,0,0,2320,0,0,0,9046,0,0,0,13394,0,0,2,42768,0,0,0,1914,0,0,0,15690,0,0
17,39978052,rs76022961,G,A,"gnomAD Exomes,gnomAD Genomes",PASS,PASS,p.Glu516Lys,p.Glu516Lys,c.1546G>A,missense_variant,,272,120264,0.002261690946584,3,0,242,9734,3,0,28,17354,0,0,0,2358,0,0,0,9962,0,0,0,14552,0,0,1,48276,0,0,1,2338,0,0,0,15690,0,0
17,39978055,rs112668233,G,T,gnomAD Exomes,PASS,NA,p.Val517Phe,p.Val517Phe,c.1549G>T,missense_variant,,7,109402,6.39842050419553E-05,0,0,0,7164,0,0,1,17108,0,0,0,2320,0,0,0,9046,0,0,0,13392,0,0,6,42768,0,0,0,1914,0,0,0,15690,0,0
17,39978062,rs140883152,C,T,gnomAD Exomes,PASS,NA,p.Pro519Leu,p.Pro519Leu,c.1556C>T,missense_variant,,8,109398,7.31274794786011E-05,0,0,0,7164,0,0,0,17108,0,0,0,2320,0,0,0,9046,0,0,0,13388,0,0,6,42768,0,0,1,1914,0,0,1,15690,0,0
17,39978488,rs782710515,T,A,gnomAD Exomes,PASS,NA,p.Ile526Asn,p.Ile526Asn,c.1577T>A,missense_variant,,2,108458,1.84403179110808E-05,0,0,0,6920,0,0,0,17008,0,0,0,2264,0,0,2,9034,0,0,0,13366,0,0,0,42448,0,0,0,1894,0,0,0,15524,0,0
17,39978496,,CAAGT,C,gnomAD Exomes,PASS,NA,p.Gln529ArgfsTer18,p.Gln529ArgfsTer18,c.1586_1589delAAGT,frameshift_variant,,1,108804,9.19083857211132E-06,0,0,0,6994,0,0,0,17046,0,0,0,2288,0,0,1,9036,0,0,0,13378,0,0,0,42564,0,0,0,1904,0,0,0,15594,0,0
17,39978514,,G,A,gnomAD Exomes,PASS,NA,p.Gly535Arg,p.Gly535Arg,c.1603G>A,missense_variant,,1,109080,9.16758342500917E-06,0,0,0,7070,0,0,0,17062,0,0,0,2298,0,0,1,9042,0,0,0,13386,0,0,0,42670,0,0,0,1910,0,0,0,15642,0,0
17,39978517,rs781875214,C,T,gnomAD Exomes,PASS,NA,p.Arg536Cys,p.Arg536Cys,c.1606C>T,missense_variant,,3,109064,2.75067850069684E-05,0,0,1,7076,0,0,0,17060,0,0,0,2298,0,0,0,9040,0,0,0,13390,0,0,0,42654,0,0,0,1908,0,0,2,15638,0,0
17,39978518,rs533463011,G,A,gnomAD Exomes,PASS,NA,p.Arg536His,p.Arg536His,c.1607G>A,missense_variant,,2,109052,1.8339874555258E-05,0,0,1,7070,0,0,1,17060,0,0,0,2300,0,0,0,9040,0,0,0,13390,0,0,0,42650,0,0,0,1906,0,0,0,15636,0,0
17,39978524,rs144237565,T,C,gnomAD Exomes,PASS,NA,p.Met538Thr,p.Met538Thr,c.1613T>C,missense_variant,,1,109084,9.16724725899307E-06,0,0,0,7082,0,0,0,17056,0,0,0,2302,0,0,0,9040,0,0,0,13388,0,0,1,42650,0,0,0,1912,0,0,0,15654,0,0
17,39978527,rs782494753,C,G,gnomAD Exomes,PASS,NA,p.Pro539Arg,p.Pro539Arg,c.1616C>G,missense_variant,,1,109100,9.16590284142988E-06,0,0,0,7094,0,0,0,17064,0,0,0,2298,0,0,0,9036,0,0,0,13388,0,0,1,42664,0,0,0,1912,0,0,0,15644,0,0
17,39978532,rs782682320,C,G,gnomAD Exomes,PASS,NA,p.Gln541Glu,p.Gln541Glu,c.1621C>G,missense_variant,,1,109134,9.16304726299778E-06,0,0,0,7098,0,0,0,17074,0,0,0,2296,0,0,0,9042,0,0,0,13384,0,0,1,42680,0,0,0,1910,0,0,0,15650,0,0
17,39978534,rs782331928,G,T,gnomAD Exomes,PASS,NA,p.Gln541His,p.Gln541His,c.1623G>T,missense_variant,,1,109124,9.16388695429053E-06,0,0,0,7098,0,0,0,17068,0,0,0,2300,0,0,0,9038,0,0,0,13388,0,0,1,42676,0,0,0,1908,0,0,0,15648,0,0
17,39978550,rs563857056,A,G,gnomAD Exomes,PASS,NA,p.Ile547Val,p.Ile547Val,c.1639A>G,missense_variant,,1,109086,9.16707918523E-06,0,0,0,7080,0,0,0,17076,0,0,0,2302,0,0,1,9038,0,0,0,13388,0,0,0,42654,0,0,0,1908,0,0,0,15640,0,0
17,39978551,rs368139860,T,C,gnomAD Exomes,PASS,NA,p.Ile547Thr,p.Ile547Thr,c.1640T>C,missense_variant,,3,109080,2.75027502750275E-05,0,0,0,7074,0,0,0,17074,0,0,0,2298,0,0,0,9036,0,0,0,13384,0,0,1,42664,0,0,0,1908,0,0,2,15642,0,0
17,39978574,,G,C,gnomAD Exomes,PASS,NA,p.Asp555His,p.Asp555His,c.1663G>C,missense_variant,,1,108940,9.17936478795667E-06,0,0,0,7036,0,0,0,17056,0,0,0,2306,0,0,0,9034,0,0,0,13382,0,0,0,42602,0,0,0,1906,0,0,1,15618,0,0
17,39978578,rs138281924,G,A,"gnomAD Exomes,gnomAD Genomes",PASS,PASS,p.Arg556His,p.Arg556His,c.1667G>A,missense_variant,,89,119550,0.000744458385613,0,0,5,9566,0,0,2,17268,0,0,0,2332,0,0,1,9936,0,0,6,14530,0,0,74,48006,0,0,1,2326,0,0,0,15586,0,0
17,39978581,rs782805639,A,C,gnomAD Exomes,PASS,NA,p.Asn557Thr,p.Asn557Thr,c.1670A>C,missense_variant,,4,108894,3.67329696769335E-05,0,0,0,7022,0,0,0,17042,0,0,0,2296,0,0,0,9036,0,0,0,13374,0,0,4,42602,0,0,0,1908,0,0,0,15614,0,0
17,39978583,,C,A,gnomAD Exomes,PASS,NA,p.Gln558Lys,p.Gln558Lys,c.1672C>A,missense_variant,,1,108830,9.18864283745291E-06,0,0,1,7012,0,0,0,17044,0,0,0,2294,0,0,0,9032,0,0,0,13374,0,0,0,42570,0,0,0,1906,0,0,0,15598,0,0
17,39978589,rs372065952,G,A,gnomAD Exomes,PASS,NA,p.Gly560Ser,p.Gly560Ser,c.1678G>A,missense_variant,,1,108740,9.19624793084422E-06,0,0,0,6998,0,0,1,17042,0,0,0,2286,0,0,0,9028,0,0,0,13358,0,0,0,42538,0,0,0,1906,0,0,0,15584,0,0
17,39978594,,G,C,gnomAD Genomes,NA,PASS,p.Lys561Asn,p.Lys561Asn,c.1683G>C,missense_variant,,1,10872,9.19793966151582E-05,0,0,0,2574,0,0,0,246,0,0,0,38,0,0,0,914,0,0,0,1162,0,0,1,5514,0,0,0,424,0,0,0,0,0,0
17,39978601,rs373068431,G,A,gnomAD Exomes,PASS,NA,p.Val564Ile,p.Val564Ile,c.1690G>A,missense_variant,,1,108466,9.21947891505172E-06,0,0,0,6964,0,0,0,17028,0,0,0,2276,0,0,0,9014,0,0,0,13350,0,0,1,42386,0,0,0,1896,0,0,0,15552,0,0
17,39978604,rs201944190,G,A,"gnomAD Exomes,gnomAD Genomes",PASS,PASS,p.Asp565Asn,p.Asp565Asn,c.1693G>A,missense_variant,,4,119102,3.35846585279844E-05,0,0,2,9486,0,0,1,17260,0,0,0,2308,0,0,0,9912,0,0,0,14480,0,0,1,47832,0,0,0,2318,0,0,0,15506,0,0
17,39978622,rs781796732,T,C,gnomAD Exomes,PASS,NA,p.Ser571Pro,p.Ser571Pro,c.1711T>C,missense_variant,,1,107450,9.30665425779432E-06,0,0,0,6796,0,0,0,16926,0,0,0,2242,0,0,0,8954,0,0,1,13288,0,0,0,41948,0,0,0,1888,0,0,0,15408,0,0
17,39978622,rs781796732,T,G,gnomAD Exomes,PASS,NA,p.Ser571Ala,p.Ser571Ala,c.1711T>G,missense_variant,,1,107450,9.30665425779432E-06,0,0,1,6796,0,0,0,16926,0,0,0,2242,0,0,0,8954,0,0,0,13288,0,0,0,41948,0,0,0,1888,0,0,0,15408,0,0
17,39978634,rs782264908,G,A,gnomAD Exomes,PASS,NA,p.Glu575Lys,p.Glu575Lys,c.1723G>A,missense_variant,,4,105538,3.79010403835585E-05,0,0,0,6556,0,0,0,16696,0,0,0,2206,0,0,0,8780,0,0,1,13122,0,0,3,41144,0,0,0,1858,0,0,0,15176,0,0
17,39978641,rs782375420,G,A,gnomAD Exomes,PASS,NA,p.Arg577Gln,p.Arg577Gln,c.1730G>A,missense_variant,,2,103232,1.93738375697458E-05,0,0,1,6266,0,0,0,16462,0,0,0,2132,0,0,1,8618,0,0,0,12962,0,0,0,40120,0,0,0,1822,0,0,0,14850,0,0
17,39978648,,C,A,"gnomAD Exomes,gnomAD Genomes",PASS,PASS,p.His579Gln,p.His579Gln,c.1737C>A,missense_variant,,2,112824,1.7726724810324E-05,0,0,2,8672,0,0,0,16574,0,0,0,2158,0,0,0,9380,0,0,0,14020,0,0,0,45034,0,0,0,2236,0,0,0,14750,0,0
