Chromosome,Position,rsID,Reference,Alternate,Source,Filters - exomes,Filters - genomes,Consequence,Protein Consequence,Transcript Consequence,Annotation,Flags,Allele Count,Allele Number,Allele Frequency,Homozygote Count,Hemizygote Count,Allele Count African,Allele Number African,Homozygote Count African,Hemizygote Count African,Allele Count Latino,Allele Number Latino,Homozygote Count Latino,Hemizygote Count Latino,Allele Count Ashkenazi Jewish,Allele Number Ashkenazi Jewish,Homozygote Count Ashkenazi Jewish,Hemizygote Count Ashkenazi Jewish,Allele Count East Asian,Allele Number East Asian,Homozygote Count East Asian,Hemizygote Count East Asian,Allele Count European (Finnish),Allele Number European (Finnish),Homozygote Count European (Finnish),Hemizygote Count European (Finnish),Allele Count European (non-Finnish),Allele Number European (non-Finnish),Homozygote Count European (non-Finnish),Hemizygote Count European (non-Finnish),Allele Count Other,Allele Number Other,Homozygote Count Other,Hemizygote Count Other,Allele Count South Asian,Allele Number South Asian,Homozygote Count South Asian,Hemizygote Count South Asian
10,77158523,rs770701075,G,A,gnomAD Genomes,NA,PASS,p.Ala642Val,p.Ala642Val,c.1925C>T,missense_variant,,1,10830,9.23361034164358E-05,0,0,0,2564,0,0,1,246,0,0,0,38,0,0,0,916,0,0,0,1162,0,0,0,5482,0,0,0,422,0,0,0,0,0,0
10,77158548,rs776727778,C,G,gnomAD Exomes,PASS,NA,p.Gly634Arg,p.Gly634Arg,c.1900G>C,missense_variant,,1,48140,2.0772746157042E-05,0,0,0,3348,0,0,0,6990,0,0,0,644,0,0,0,5944,0,0,0,4624,0,0,1,21424,0,0,0,908,0,0,0,4258,0,0
10,77158577,rs372696627,C,G,"gnomAD Exomes,gnomAD Genomes",PASS,PASS,p.Gly624Ala,p.Gly624Ala,c.1871G>C,missense_variant,,4,68772,5.81632059559123E-05,0,0,3,7138,0,0,1,9142,0,0,0,836,0,0,0,7994,0,0,0,7148,0,0,0,29456,0,0,0,1476,0,0,0,5582,0,0
10,77158580,rs753718877,G,A,gnomAD Exomes,PASS,NA,p.Thr623Ile,p.Thr623Ile,c.1868C>T,missense_variant,,4,57554,6.94999478750391E-05,0,0,0,4500,0,0,0,8830,0,0,0,802,0,0,0,7014,0,0,0,6070,0,0,0,23672,0,0,1,1052,0,0,3,5614,0,0
10,77158587,rs377107644,C,G,gnomAD Exomes,PASS,NA,p.Ala621Pro,p.Ala621Pro,c.1861G>C,missense_variant,,0,57134,0,0,0,0,4454,0,0,0,8726,0,0,0,794,0,0,0,6976,0,0,0,6132,0,0,0,23420,0,0,0,1048,0,0,0,5584,0,0
10,77158593,rs200846000,C,T,"gnomAD Exomes,gnomAD Genomes",PASS,PASS,p.Val619Met,p.Val619Met,c.1855G>A,missense_variant,,40,69196,0.000578068096422,1,0,1,7098,0,0,3,9060,0,0,0,836,0,0,0,7988,0,0,1,7642,0,0,32,29388,1,0,1,1484,0,0,2,5700,0,0
10,77158622,rs371070869,G,A,gnomAD Exomes,PASS,NA,p.Pro609Leu,p.Pro609Leu,c.1826C>T,missense_variant,,0,61918,0,0,0,0,4622,0,0,0,9742,0,0,0,854,0,0,0,7114,0,0,0,7508,0,0,0,24456,0,0,0,1104,0,0,0,6518,0,0
10,77158628,rs749769654,T,C,gnomAD Exomes,PASS,NA,p.Lys607Arg,p.Lys607Arg,c.1820A>G,missense_variant,,1,63378,1.57783457982265E-05,0,0,0,4624,0,0,0,10188,0,0,0,878,0,0,0,7112,0,0,0,7590,0,0,1,24946,0,0,0,1136,0,0,0,6904,0,0
10,77158665,rs759788032,C,T,gnomAD Exomes,PASS,NA,p.Ala595Thr,p.Ala595Thr,c.1783G>A,missense_variant,,0,76434,0,0,0,0,4788,0,0,0,13938,0,0,0,1340,0,0,0,7036,0,0,0,6658,0,0,0,30106,0,0,0,1378,0,0,0,11190,0,0
10,77158679,rs1162759867,C,T,gnomAD Exomes,PASS,NA,p.Arg590His,p.Arg590His,c.1769G>A,missense_variant,mnv,2,82860,2.41370987207338E-05,0,0,0,4988,0,0,0,15080,0,0,0,1582,0,0,0,7260,0,0,2,6552,0,0,0,33174,0,0,0,1516,0,0,0,12708,0,0
10,77158680,rs1417120818,G,A,gnomAD Exomes,PASS,NA,p.Arg590Cys,p.Arg590Cys,c.1768C>T,missense_variant,mnv,0,83974,0,0,0,0,5028,0,0,0,15152,0,0,0,1636,0,0,0,7334,0,0,0,6644,0,0,0,33694,0,0,0,1524,0,0,0,12962,0,0
10,77158706,rs753378226,G,A,gnomAD Exomes,PASS,NA,p.Pro581Leu,p.Pro581Leu,c.1742C>T,missense_variant,,0,95546,0,0,0,0,5824,0,0,0,16290,0,0,0,2114,0,0,0,8178,0,0,0,7364,0,0,0,39124,0,0,0,1718,0,0,0,14934,0,0
10,77158707,rs757138366,G,C,gnomAD Exomes,PASS,NA,p.Pro581Ala,p.Pro581Ala,c.1741C>G,missense_variant,,10,95760,0.000104427736007,0,0,0,5862,0,0,8,16318,0,0,0,2122,0,0,0,8178,0,0,0,7298,0,0,0,39278,0,0,2,1714,0,0,0,14990,0,0
10,77158707,rs757138366,G,A,gnomAD Exomes,PASS,NA,p.Pro581Ser,p.Pro581Ser,c.1741C>T,missense_variant,,0,95760,0,0,0,0,5862,0,0,0,16318,0,0,0,2122,0,0,0,8178,0,0,0,7298,0,0,0,39278,0,0,0,1714,0,0,0,14990,0,0
10,77158710,rs202007168,C,G,gnomAD Exomes,PASS,NA,p.Ala580Pro,p.Ala580Pro,c.1738G>C,missense_variant,,1,96096,1.04062604062604E-05,0,0,0,5930,0,0,1,16360,0,0,0,2132,0,0,0,8242,0,0,0,7304,0,0,0,39410,0,0,0,1724,0,0,0,14994,0,0
10,77158710,rs202007168,C,T,"gnomAD Exomes,gnomAD Genomes",PASS,PASS,p.Ala580Thr,p.Ala580Thr,c.1738G>A,missense_variant,,54,106946,0.000504927720532,0,0,3,8494,0,0,16,16606,0,0,0,2170,0,0,1,9158,0,0,2,8466,0,0,31,44912,0,0,0,2146,0,0,1,14994,0,0
10,77158715,rs779960201,G,A,"gnomAD Exomes,gnomAD Genomes",PASS,PASS,p.Ser578Leu,p.Ser578Leu,c.1733C>T,missense_variant,,2,109190,1.83166956681015E-05,0,0,2,8748,0,0,0,16782,0,0,0,2230,0,0,0,9338,0,0,0,8810,0,0,0,45854,0,0,0,2184,0,0,0,15244,0,0
10,77158724,rs1236326397,A,T,gnomAD Exomes,PASS,NA,p.Ile575Asn,p.Ile575Asn,c.1724T>A,missense_variant,,1,99936,1.00064040986231E-05,0,0,0,6332,0,0,0,16658,0,0,0,2236,0,0,0,8536,0,0,0,8130,0,0,1,40890,0,0,0,1778,0,0,0,15376,0,0
10,77158731,rs1475703418,T,C,gnomAD Exomes,PASS,NA,p.Met573Val,p.Met573Val,c.1717A>G,missense_variant,,2,100738,1.98534813079473E-05,1,0,0,6394,0,0,2,16696,1,0,0,2250,0,0,0,8586,0,0,0,8460,0,0,0,41136,0,0,0,1790,0,0,0,15426,0,0
10,77158733,rs1188200766,T,A,gnomAD Exomes,PASS,NA,p.His572Leu,p.His572Leu,c.1715A>T,missense_variant,,0,100320,0,0,0,0,6350,0,0,0,16674,0,0,0,2248,0,0,0,8540,0,0,0,8294,0,0,0,41042,0,0,0,1760,0,0,0,15412,0,0
10,77158739,rs748312326,G,A,gnomAD Exomes,PASS,NA,p.Ala570Val,p.Ala570Val,c.1709C>T,missense_variant,,1,100140,9.98601957259836E-06,0,0,1,6266,0,0,0,16694,0,0,0,2242,0,0,0,8436,0,0,0,8492,0,0,0,40800,0,0,0,1764,0,0,0,15446,0,0
10,77158749,rs777947871,C,T,gnomAD Exomes,PASS,NA,p.Ala567Thr,p.Ala567Thr,c.1699G>A,missense_variant,,4,100586,3.97669655816913E-05,0,0,0,6258,0,0,0,16700,0,0,0,2242,0,0,0,8380,0,0,0,9040,0,0,4,40712,0,0,0,1758,0,0,0,15496,0,0
10,77158751,rs749356117,G,A,gnomAD Exomes,PASS,NA,p.Ala566Val,p.Ala566Val,c.1697C>T,missense_variant,,2,101022,1.97976678347291E-05,0,0,0,6286,0,0,0,16710,0,0,0,2242,0,0,0,8394,0,0,0,9350,0,0,0,40772,0,0,0,1764,0,0,2,15504,0,0
10,77158752,rs527811293,C,T,gnomAD Exomes,PASS,NA,p.Ala566Thr,p.Ala566Thr,c.1696G>A,missense_variant,,1,101140,9.8872849515523E-06,0,0,0,6294,0,0,0,16710,0,0,0,2248,0,0,0,8396,0,0,0,9420,0,0,1,40786,0,0,0,1772,0,0,0,15514,0,0
10,77158755,rs746442862,C,G,gnomAD Exomes,PASS,NA,p.Ala565Pro,p.Ala565Pro,c.1693G>C,missense_variant,,3,101270,2.96237780191567E-05,0,0,0,6306,0,0,0,16692,0,0,0,2250,0,0,0,8396,0,0,0,9624,0,0,3,40742,0,0,0,1768,0,0,0,15492,0,0
10,77158763,rs772269152,G,C,gnomAD Exomes,PASS,NA,p.Ala562Gly,p.Ala562Gly,c.1685C>G,missense_variant,,1,102600,9.74658869395712E-06,0,0,0,6424,0,0,0,16742,0,0,0,2248,0,0,0,8456,0,0,0,10318,0,0,1,41116,0,0,0,1784,0,0,0,15512,0,0
10,77158764,rs775837722,C,T,gnomAD Exomes,PASS,NA,p.Ala562Thr,p.Ala562Thr,c.1684G>A,missense_variant,,2,102844,1.94469293298588E-05,0,0,0,6448,0,0,1,16766,0,0,0,2248,0,0,0,8502,0,0,0,10430,0,0,1,41156,0,0,0,1794,0,0,0,15500,0,0
10,77158769,rs768320504,G,C,gnomAD Exomes,PASS,NA,p.Ser560Cys,p.Ser560Cys,c.1679C>G,missense_variant,,2,103704,1.92856591838309E-05,0,0,0,6544,0,0,0,16798,0,0,0,2260,0,0,0,8580,0,0,0,10784,0,0,2,41392,0,0,0,1816,0,0,0,15530,0,0
10,77158778,rs111641846,C,G,"gnomAD Exomes,gnomAD Genomes",PASS,PASS,p.Ser557Thr,p.Ser557Thr,c.1670G>C,missense_variant,,12,115990,0.000103457194586,0,0,11,9260,0,0,1,17080,0,0,0,2318,0,0,0,9600,0,0,0,12602,0,0,0,47294,0,0,0,2266,0,0,0,15570,0,0
10,77158779,rs750316730,T,C,"gnomAD Exomes,gnomAD Genomes",PASS,PASS,p.Ser557Gly,p.Ser557Gly,c.1669A>G,missense_variant,,2,116132,1.72217821100127E-05,0,0,2,9268,0,0,0,17074,0,0,0,2322,0,0,0,9616,0,0,0,12684,0,0,0,47324,0,0,0,2270,0,0,0,15574,0,0
10,77158794,rs900017813,G,T,gnomAD Exomes,PASS,NA,p.Leu552Met,p.Leu552Met,c.1654C>A,missense_variant,,3,107098,2.80117275766121E-05,0,0,0,6858,0,0,3,16912,0,0,0,2300,0,0,0,8856,0,0,0,12380,0,0,0,42296,0,0,0,1888,0,0,0,15608,0,0
10,77158797,rs766045240,G,C,gnomAD Exomes,PASS,NA,p.Leu551Val,p.Leu551Val,c.1651C>G,missense_variant,,2,107464,1.86108836447554E-05,0,0,0,6892,0,0,0,16926,0,0,0,2300,0,0,0,8872,0,0,0,12554,0,0,0,42410,0,0,0,1886,0,0,2,15624,0,0
10,77158801,rs754865881,G,T,gnomAD Exomes,PASS,NA,p.Asp549Glu,p.Asp549Glu,c.1647C>A,missense_variant,,5,107666,4.64399160366318E-05,0,0,0,6924,0,0,5,16944,0,0,0,2298,0,0,0,8886,0,0,0,12678,0,0,0,42432,0,0,0,1880,0,0,0,15624,0,0
10,77158814,rs1350891421,A,G,gnomAD Exomes,PASS,NA,p.Phe545Ser,p.Phe545Ser,c.1634T>C,missense_variant,,1,108396,9.22543267279235E-06,0,0,0,7006,0,0,0,16998,0,0,0,2302,0,0,0,8944,0,0,1,12996,0,0,0,42608,0,0,0,1890,0,0,0,15652,0,0
10,77158817,rs916953322,G,A,gnomAD Exomes,PASS,NA,p.Ala544Val,p.Ala544Val,c.1631C>T,missense_variant,,1,108410,9.22424130615257E-06,0,0,0,7018,0,0,0,17000,0,0,0,2302,0,0,0,8940,0,0,0,12988,0,0,0,42618,0,0,0,1894,0,0,1,15650,0,0
10,77158820,rs747727902,G,A,gnomAD Exomes,PASS,NA,p.Thr543Met,p.Thr543Met,c.1628C>T,missense_variant,,1,108488,9.21760932084654E-06,0,0,0,7024,0,0,0,16992,0,0,0,2306,0,0,0,8948,0,0,0,13058,0,0,1,42610,0,0,0,1900,0,0,0,15650,0,0
10,77158866,rs1167723414,G,C,gnomAD Exomes,PASS,NA,p.Arg528Gly,p.Arg528Gly,c.1582C>G,missense_variant,,1,109002,9.17414359369553E-06,0,0,0,7098,0,0,0,17044,0,0,0,2314,0,0,0,8970,0,0,0,13318,0,0,1,42692,0,0,0,1908,0,0,0,15658,0,0
10,77158872,rs747352528,C,T,gnomAD Exomes,PASS,NA,p.Asp526Asn,p.Asp526Asn,c.1576G>A,missense_variant,,1,108976,9.17633240346498E-06,0,0,0,7082,0,0,0,17042,0,0,0,2316,0,0,0,8964,0,0,0,13324,0,0,1,42682,0,0,0,1904,0,0,0,15662,0,0
10,77158877,rs1443835311,G,C,gnomAD Exomes,PASS,NA,p.Pro524Arg,p.Pro524Arg,c.1571C>G,missense_variant,,1,108934,9.17987038023023E-06,0,0,0,7078,0,0,0,17040,0,0,0,2318,0,0,0,8940,0,0,0,13308,0,0,0,42686,0,0,0,1904,0,0,1,15660,0,0
10,77158882,rs761586463,G,C,gnomAD Exomes,PASS,NA,p.Asn522Lys,p.Asn522Lys,c.1566C>G,missense_variant,,1,108938,9.17953331252639E-06,0,0,0,7094,0,0,0,17038,0,0,0,2320,0,0,0,8952,0,0,0,13294,0,0,0,42678,0,0,0,1906,0,0,1,15656,0,0
10,77158883,rs772806840,T,C,gnomAD Exomes,PASS,NA,p.Asn522Ser,p.Asn522Ser,c.1565A>G,missense_variant,,3,108976,2.75289972103949E-05,0,0,0,7094,0,0,0,17040,0,0,0,2320,0,0,2,8960,0,0,0,13310,0,0,1,42690,0,0,0,1904,0,0,0,15658,0,0
10,77158893,rs766393096,C,A,gnomAD Exomes,PASS,NA,p.Val519Leu,p.Val519Leu,c.1555G>T,missense_variant,,1,108878,9.18459192858061E-06,0,0,0,7080,0,0,0,17034,0,0,0,2320,0,0,0,8950,0,0,0,13292,0,0,1,42648,0,0,0,1902,0,0,0,15652,0,0
10,77158893,rs766393096,C,T,gnomAD Exomes,PASS,NA,p.Val519Met,p.Val519Met,c.1555G>A,missense_variant,,1,108878,9.18459192858061E-06,0,0,1,7080,0,0,0,17034,0,0,0,2320,0,0,0,8950,0,0,0,13292,0,0,0,42648,0,0,0,1902,0,0,0,15652,0,0
10,77158893,rs766393096,C,G,gnomAD Exomes,PASS,NA,p.Val519Leu,p.Val519Leu,c.1555G>C,missense_variant,,2,108878,1.83691838571612E-05,0,0,0,7080,0,0,0,17034,0,0,0,2320,0,0,2,8950,0,0,0,13292,0,0,0,42648,0,0,0,1902,0,0,0,15652,0,0
10,77158894,rs759401114,C,A,gnomAD Exomes,PASS,NA,p.Trp518Cys,p.Trp518Cys,c.1554G>T,missense_variant,,1,108862,9.1859418346163E-06,0,0,0,7076,0,0,0,17026,0,0,0,2320,0,0,0,8940,0,0,0,13298,0,0,1,42654,0,0,0,1900,0,0,0,15648,0,0
10,77158903,rs1475564270,G,C,gnomAD Exomes,PASS,NA,p.Ile515Met,p.Ile515Met,c.1545C>G,missense_variant,,1,108796,9.19151439391154E-06,0,0,0,7074,0,0,0,17018,0,0,0,2316,0,0,0,8930,0,0,0,13274,0,0,1,42642,0,0,0,1898,0,0,0,15644,0,0
10,77158908,rs778820784,G,C,gnomAD Exomes,PASS,NA,p.His514Asp,p.His514Asp,c.1540C>G,missense_variant,,1,108700,9.19963201471941E-06,0,0,0,7064,0,0,0,17014,0,0,1,2314,0,0,0,8926,0,0,0,13256,0,0,0,42602,0,0,0,1896,0,0,0,15628,0,0
10,77158908,rs778820784,G,T,gnomAD Exomes,PASS,NA,p.His514Asn,p.His514Asn,c.1540C>A,missense_variant,,1,108700,9.19963201471941E-06,0,0,0,7064,0,0,1,17014,0,0,0,2314,0,0,0,8926,0,0,0,13256,0,0,0,42602,0,0,0,1896,0,0,0,15628,0,0
10,77158917,rs1414904816,G,A,gnomAD Exomes,PASS,NA,p.Pro511Ser,p.Pro511Ser,c.1531C>T,missense_variant,,3,108432,2.76671093404161E-05,0,0,0,7032,0,0,2,16996,0,0,0,2296,0,0,0,8892,0,0,0,13206,0,0,1,42534,0,0,0,1888,0,0,0,15588,0,0
10,77158923,rs781553581,T,C,gnomAD Exomes,PASS,NA,p.Asn509Asp,p.Asn509Asp,c.1525A>G,missense_variant,,2,108208,1.8482921780275E-05,0,0,2,7006,0,0,0,16966,0,0,0,2292,0,0,0,8878,0,0,0,13186,0,0,0,42428,0,0,0,1890,0,0,0,15562,0,0
10,77158925,rs1251742060,G,T,gnomAD Exomes,PASS,NA,p.Pro508His,p.Pro508His,c.1523C>A,missense_variant,,1,108116,9.24932479928965E-06,0,0,0,6998,0,0,1,16952,0,0,0,2284,0,0,0,8876,0,0,0,13174,0,0,0,42390,0,0,0,1888,0,0,0,15554,0,0
10,77158946,rs770631143,T,C,gnomAD Exomes,PASS,NA,p.Tyr501Cys,p.Tyr501Cys,c.1502A>G,missense_variant,,2,104970,1.90530627798419E-05,0,0,0,6796,0,0,0,16680,0,0,0,2154,0,0,0,8668,0,0,0,12834,0,0,2,40938,0,0,0,1844,0,0,0,15056,0,0
10,77158953,rs149554773,G,A,"gnomAD Exomes,gnomAD Genomes",PASS,PASS,p.Pro499Ser,p.Pro499Ser,c.1495C>T,missense_variant,,210,114300,0.001837270341207,0,0,1,9260,0,0,2,16750,0,0,0,2116,0,0,4,9538,0,0,84,13876,0,0,108,45798,0,0,10,2220,0,0,1,14742,0,0
10,77158953,rs149554773,G,C,gnomAD Exomes,PASS,NA,p.Pro499Ala,p.Pro499Ala,c.1495C>G,missense_variant,,2,103460,1.933114247052E-05,0,0,0,6700,0,0,0,16504,0,0,1,2078,0,0,0,8622,0,0,0,12716,0,0,1,40302,0,0,0,1796,0,0,0,14742,0,0
10,77158962,rs1434893468,C,G,gnomAD Exomes,PASS,NA,p.Ala496Pro,p.Ala496Pro,c.1486G>C,missense_variant,,1,100008,9.99920006399488E-06,0,0,0,6454,0,0,0,16290,0,0,0,1940,0,0,1,8468,0,0,0,12396,0,0,0,38646,0,0,0,1724,0,0,0,14090,0,0
10,77158967,rs1399429234,G,A,"gnomAD Exomes,gnomAD Genomes",PASS,PASS,p.Ser494Phe,p.Ser494Phe,c.1481C>T,missense_variant,mnv,4,110470,3.62089255001358E-05,0,0,0,8970,0,0,0,16570,0,0,0,1962,0,0,0,9346,0,0,4,13474,0,0,0,43944,0,0,0,2152,0,0,0,14052,0,0
10,77158970,rs765475906,G,A,gnomAD Exomes,PASS,NA,p.Pro493Leu,p.Pro493Leu,c.1478C>T,missense_variant,,1,98060,1.01978380583316E-05,0,0,0,6312,0,0,0,16204,0,0,0,1858,0,0,0,8372,0,0,0,12158,0,0,1,37642,0,0,0,1698,0,0,0,13816,0,0
10,77158977,rs1296184172,T,G,gnomAD Exomes,PASS,NA,p.Thr491Pro,p.Thr491Pro,c.1471A>C,missense_variant,,1,97304,1.02770698018581E-05,0,0,0,6238,0,0,1,16122,0,0,0,1836,0,0,0,8312,0,0,0,12104,0,0,0,37226,0,0,0,1676,0,0,0,13790,0,0
10,77158978,rs1328023760,GGCGCCAGCAGCC,G,gnomAD Exomes,PASS,NA,p.Ala487_Ala490del,p.Ala487_Ala490del,c.1458_1469delGGCTGCTGGCGC,inframe_deletion,,1,96922,1.03175749571821E-05,0,0,0,6210,0,0,1,16094,0,0,0,1812,0,0,0,8294,0,0,0,12036,0,0,0,37108,0,0,0,1666,0,0,0,13702,0,0
10,77158989,rs1296522929,C,T,gnomAD Exomes,PASS,NA,p.Ala487Thr,p.Ala487Thr,c.1459G>A,missense_variant,,0,94168,0,0,0,0,6040,0,0,0,15788,0,0,0,1704,0,0,0,8096,0,0,0,11690,0,0,0,35976,0,0,0,1628,0,0,0,13246,0,0
10,77158991,rs200222246,G,A,gnomAD Exomes,PASS,NA,p.Ala486Val,p.Ala486Val,c.1457C>T,missense_variant,,2,95062,2.10389009278155E-05,0,0,0,6112,0,0,0,15848,0,0,0,1742,0,0,0,8094,0,0,0,11784,0,0,0,36396,0,0,0,1654,0,0,2,13432,0,0
10,77159020,rs781484126,G,C,gnomAD Exomes,PASS,NA,p.His476Gln,p.His476Gln,c.1428C>G,missense_variant,,2,93890,2.13015230588987E-05,0,0,1,5632,0,0,0,15658,0,0,0,1892,0,0,0,7576,0,0,0,11134,0,0,1,36198,0,0,0,1674,0,0,0,14126,0,0
10,77159020,rs781484126,G,T,gnomAD Exomes,PASS,NA,p.His476Gln,p.His476Gln,c.1428C>A,missense_variant,,0,93890,0,0,0,0,5632,0,0,0,15658,0,0,0,1892,0,0,0,7576,0,0,0,11134,0,0,0,36198,0,0,0,1674,0,0,0,14126,0,0
10,77159027,rs1465082943,G,A,gnomAD Exomes,PASS,NA,p.Pro474Leu,p.Pro474Leu,c.1421C>T,missense_variant,,4,94566,4.22985005181566E-05,0,0,0,5556,0,0,1,15748,0,0,0,1974,0,0,0,7556,0,0,0,11054,0,0,3,36514,0,0,0,1678,0,0,0,14486,0,0
10,77159030,rs756470367,T,C,gnomAD Exomes,PASS,NA,p.His473Arg,p.His473Arg,c.1418A>G,missense_variant,,1,95338,1.04889970421028E-05,0,0,1,5582,0,0,0,15814,0,0,0,2012,0,0,0,7604,0,0,0,11100,0,0,0,36944,0,0,0,1692,0,0,0,14590,0,0
10,77159048,rs201443753,G,A,gnomAD Exomes,PASS,NA,p.Pro467Leu,p.Pro467Leu,c.1400C>T,missense_variant,,1,95948,1.04223120857131E-05,0,0,0,5546,0,0,0,15974,0,0,0,2094,0,0,0,7614,0,0,0,10630,0,0,1,37552,0,0,0,1686,0,0,0,14852,0,0
10,77159048,rs201443753,G,T,gnomAD Exomes,PASS,NA,p.Pro467Gln,p.Pro467Gln,c.1400C>A,missense_variant,,0,95948,0,0,0,0,5546,0,0,0,15974,0,0,0,2094,0,0,0,7614,0,0,0,10630,0,0,0,37552,0,0,0,1686,0,0,0,14852,0,0
10,77159065,rs755354647,CGCCGCA,C,gnomAD Genomes,NA,PASS,p.Ala460_Ala461del,p.Ala460_Ala461del,c.1377_1382delTGCGGC,inframe_deletion,,1,10854,9.21319329279528E-05,0,0,1,2562,0,0,0,246,0,0,0,38,0,0,0,916,0,0,0,1160,0,0,0,5510,0,0,0,422,0,0,0,0,0,0
10,77159079,rs760488543,C,G,gnomAD Exomes,PASS,NA,p.Ala457Pro,p.Ala457Pro,c.1369G>C,missense_variant,,1,97612,1.02446420522067E-05,0,0,0,5720,0,0,0,16318,0,0,0,2156,0,0,1,7996,0,0,0,9940,0,0,0,38806,0,0,0,1718,0,0,0,14958,0,0
10,77159090,rs763866208,T,G,gnomAD Exomes,PASS,NA,p.His453Pro,p.His453Pro,c.1358A>C,missense_variant,,1,99328,1.00676546391753E-05,0,0,0,5874,0,0,1,16458,0,0,0,2184,0,0,0,8144,0,0,0,10246,0,0,0,39598,0,0,0,1752,0,0,0,15072,0,0
10,77159090,rs763866208,T,C,gnomAD Exomes,PASS,NA,p.His453Arg,p.His453Arg,c.1358A>G,missense_variant,,2,99328,2.01353092783505E-05,0,0,0,5874,0,0,0,16458,0,0,0,2184,0,0,1,8144,0,0,1,10246,0,0,0,39598,0,0,0,1752,0,0,0,15072,0,0
10,77159091,rs773474618,G,C,gnomAD Exomes,PASS,NA,p.His453Asp,p.His453Asp,c.1357C>G,missense_variant,,1,99278,1.00727250750418E-05,0,0,0,5866,0,0,0,16452,0,0,0,2182,0,0,0,8144,0,0,0,10242,0,0,0,39542,0,0,0,1752,0,0,1,15098,0,0
10,77159094,rs766382072,C,G,gnomAD Exomes,PASS,NA,p.Ala452Pro,p.Ala452Pro,c.1354G>C,missense_variant,,0,98726,0,0,0,0,5820,0,0,0,16422,0,0,0,2186,0,0,0,8130,0,0,0,9968,0,0,0,39402,0,0,0,1746,0,0,0,15052,0,0
10,77159100,rs751657923,A,C,gnomAD Exomes,PASS,NA,p.Ser450Ala,p.Ser450Ala,c.1348T>G,missense_variant,,1,99166,1.00841014057237E-05,0,0,0,5870,0,0,0,16480,0,0,0,2192,0,0,0,8186,0,0,0,9986,0,0,0,39626,0,0,0,1746,0,0,1,15080,0,0
10,77159103,rs991280132,C,T,gnomAD Exomes,PASS,NA,p.Ala449Thr,p.Ala449Thr,c.1345G>A,missense_variant,,2,97740,2.04624514016779E-05,0,0,0,5718,0,0,0,16418,0,0,0,2172,0,0,0,8124,0,0,1,9492,0,0,1,39112,0,0,0,1724,0,0,0,14980,0,0
10,77159104,rs755096965,G,C,gnomAD Genomes,NA,PASS,p.Ser448Arg,p.Ser448Arg,c.1344C>G,missense_variant,,1,10850,9.21658986175115E-05,0,0,0,2560,0,0,0,246,0,0,0,38,0,0,0,916,0,0,0,1158,0,0,1,5508,0,0,0,424,0,0,0,0,0,0
10,77159114,rs1274322918,G,A,gnomAD Exomes,PASS,NA,p.Ala445Val,p.Ala445Val,c.1334C>T,missense_variant,,1,98088,1.01949270043227E-05,0,0,1,5812,0,0,0,16452,0,0,0,2174,0,0,0,8166,0,0,0,9308,0,0,0,39358,0,0,0,1740,0,0,0,15078,0,0
10,77159117,rs1219840593,G,A,gnomAD Exomes,PASS,NA,p.Ala444Val,p.Ala444Val,c.1331C>T,missense_variant,,1,98964,1.01046845317489E-05,0,0,0,5908,0,0,0,16532,0,0,0,2178,0,0,0,8234,0,0,0,9410,0,0,0,39790,0,0,0,1746,0,0,1,15166,0,0
10,77159120,rs1487991767,C,A,gnomAD Exomes,PASS,NA,p.Gly443Val,p.Gly443Val,c.1328G>T,missense_variant,,0,99812,0,0,0,0,6034,0,0,0,16566,0,0,0,2198,0,0,0,8282,0,0,0,9686,0,0,0,40068,0,0,0,1748,0,0,0,15230,0,0
10,77159129,rs1471304784,T,C,gnomAD Exomes,PASS,NA,p.His440Arg,p.His440Arg,c.1319A>G,missense_variant,,0,100326,0,0,0,0,6108,0,0,0,16624,0,0,0,2212,0,0,0,8286,0,0,0,9730,0,0,0,40314,0,0,0,1772,0,0,0,15280,0,0
10,77159141,rs753473412,T,C,gnomAD Exomes,PASS,NA,p.His436Arg,p.His436Arg,c.1307A>G,missense_variant,,1,100312,9.96889704123136E-06,0,0,0,6144,0,0,0,16624,0,0,0,2224,0,0,0,8314,0,0,0,9518,0,0,0,40478,0,0,0,1772,0,0,1,15238,0,0
10,77159142,rs1349089010,G,C,gnomAD Exomes,PASS,NA,p.His436Asp,p.His436Asp,c.1306C>G,missense_variant,,2,100142,1.99716402708154E-05,0,0,0,6110,0,0,0,16606,0,0,0,2226,0,0,0,8302,0,0,0,9438,0,0,0,40468,0,0,1,1770,0,0,1,15222,0,0
10,77159147,rs565308784,C,G,gnomAD Exomes,PASS,NA,p.Ser434Thr,p.Ser434Thr,c.1301G>C,missense_variant,,1,100118,9.98821390758904E-06,0,0,0,6108,0,0,0,16604,0,0,0,2222,0,0,1,8302,0,0,0,9370,0,0,0,40518,0,0,0,1766,0,0,0,15228,0,0
10,77159147,rs565308784,C,T,gnomAD Exomes,PASS,NA,p.Ser434Asn,p.Ser434Asn,c.1301G>A,missense_variant,,0,100118,0,0,0,0,6108,0,0,0,16604,0,0,0,2222,0,0,0,8302,0,0,0,9370,0,0,0,40518,0,0,0,1766,0,0,0,15228,0,0
10,77159170,rs1278976163,C,G,gnomAD Genomes,NA,PASS,p.Leu426Phe,p.Leu426Phe,c.1278G>C,missense_variant,,1,10838,9.22679461155195E-05,0,0,0,2562,0,0,0,246,0,0,0,38,0,0,0,916,0,0,0,1160,0,0,0,5492,0,0,1,424,0,0,0,0,0,0
10,77159171,rs1481839498,A,G,gnomAD Exomes,PASS,NA,p.Leu426Ser,p.Leu426Ser,c.1277T>C,missense_variant,,1,98694,1.01323282063753E-05,0,0,0,5994,0,0,0,16554,0,0,0,2220,0,0,0,8254,0,0,0,8588,0,0,0,40190,0,0,0,1760,0,0,1,15134,0,0
10,77159181,rs1180036878,T,C,gnomAD Exomes,PASS,NA,p.Thr423Ala,p.Thr423Ala,c.1267A>G,missense_variant,,1,97294,1.02781260920509E-05,0,0,0,5904,0,0,0,16512,0,0,0,2200,0,0,0,8198,0,0,0,7846,0,0,0,39820,0,0,0,1736,0,0,1,15078,0,0
10,77159195,rs1446525743,G,A,gnomAD Exomes,PASS,NA,p.Pro418Leu,p.Pro418Leu,c.1253C>T,missense_variant,,0,91746,0,0,0,0,5260,0,0,0,16184,0,0,0,2124,0,0,0,7794,0,0,0,6108,0,0,0,37920,0,0,0,1680,0,0,0,14676,0,0
10,77159196,rs1456907799,G,A,gnomAD Genomes,NA,PASS,p.Pro418Ser,p.Pro418Ser,c.1252C>T,missense_variant,,1,10820,9.24214417744917E-05,0,0,0,2548,0,0,0,246,0,0,0,38,0,0,0,914,0,0,0,1160,0,0,0,5490,0,0,1,424,0,0,0,0,0,0
10,77159205,rs774594205,C,T,gnomAD Exomes,PASS,NA,p.Gly415Arg,p.Gly415Arg,c.1243G>A,missense_variant,,3,88492,3.39013696153325E-05,0,0,0,4962,0,0,3,15896,0,0,0,2092,0,0,0,7532,0,0,0,5362,0,0,0,36572,0,0,0,1642,0,0,0,14434,0,0
10,77159213,rs1013304672,G,T,gnomAD Exomes,PASS,NA,p.Pro412His,p.Pro412His,c.1235C>A,missense_variant,,0,87164,0,0,0,0,4862,0,0,0,15792,0,0,0,2058,0,0,0,7450,0,0,0,4904,0,0,0,36078,0,0,0,1640,0,0,0,14380,0,0
10,77159241,rs557414546,C,G,gnomAD Exomes,PASS,NA,p.Gly403Arg,p.Gly403Arg,c.1207G>C,missense_variant,,1,78366,1.27606359900977E-05,0,0,0,4258,0,0,0,14974,0,0,0,1882,0,0,1,6620,0,0,0,3360,0,0,0,31954,0,0,0,1556,0,0,0,13762,0,0
10,77159243,rs754277692,A,G,gnomAD Exomes,PASS,NA,p.Leu402Pro,p.Leu402Pro,c.1205T>C,missense_variant,,2,77812,2.57029764046677E-05,0,0,0,4186,0,0,0,14910,0,0,0,1868,0,0,0,6544,0,0,0,3306,0,0,0,31700,0,0,2,1550,0,0,0,13748,0,0
10,77159246,rs1346318245,G,A,gnomAD Exomes,PASS,NA,p.Ser401Phe,p.Ser401Phe,c.1202C>T,missense_variant,,1,76284,1.31089088144303E-05,0,0,0,4108,0,0,1,14760,0,0,0,1858,0,0,0,6366,0,0,0,3136,0,0,0,30912,0,0,0,1524,0,0,0,13620,0,0
10,77159273,rs757916580,G,A,gnomAD Exomes,PASS,NA,p.Ala392Val,p.Ala392Val,c.1175C>T,missense_variant,,0,83774,0,0,0,0,4852,0,0,0,15780,0,0,0,1974,0,0,0,7528,0,0,0,3136,0,0,0,34688,0,0,0,1610,0,0,0,14206,0,0
10,77159292,rs746900509,G,A,gnomAD Exomes,PASS,NA,p.Pro386Ser,p.Pro386Ser,c.1156C>T,missense_variant,,1,90634,1.10333870291502E-05,0,0,0,5642,0,0,0,16352,0,0,0,2110,0,0,1,8192,0,0,0,3422,0,0,0,38472,0,0,0,1692,0,0,0,14752,0,0
10,77159300,rs768510203,G,A,gnomAD Exomes,PASS,NA,p.Pro383Leu,p.Pro383Leu,c.1148C>T,missense_variant,,1,92182,1.08481048360851E-05,0,0,0,5856,0,0,0,16454,0,0,0,2156,0,0,0,8274,0,0,0,3464,0,0,0,39372,0,0,0,1716,0,0,1,14890,0,0
10,77159301,rs952709871,G,C,gnomAD Exomes,PASS,NA,p.Pro383Ala,p.Pro383Ala,c.1147C>G,missense_variant,,4,92304,4.33350667360028E-05,0,0,2,5856,0,0,2,16466,0,0,0,2156,0,0,0,8280,0,0,0,3472,0,0,0,39454,0,0,0,1720,0,0,0,14900,0,0
10,77159307,rs199619600,G,A,gnomAD Exomes,PASS,NA,p.Leu381Phe,p.Leu381Phe,c.1141C>T,missense_variant,,11,93124,0.000118122073794,0,0,0,5962,0,0,0,16522,0,0,0,2192,0,0,0,8330,0,0,0,3496,0,0,11,39902,0,0,0,1724,0,0,0,14996,0,0
10,77159310,rs747904239,C,T,gnomAD Exomes,PASS,NA,p.Ala380Thr,p.Ala380Thr,c.1138G>A,missense_variant,,0,93442,0,0,0,0,6024,0,0,0,16570,0,0,0,2196,0,0,0,8326,0,0,0,3502,0,0,0,40086,0,0,0,1728,0,0,0,15010,0,0
10,77159313,rs774539181,C,T,gnomAD Exomes,PASS,NA,p.Val379Met,p.Val379Met,c.1135G>A,missense_variant,,0,93954,0,0,0,0,6088,0,0,0,16616,0,0,0,2210,0,0,0,8346,0,0,0,3538,0,0,0,40340,0,0,0,1732,0,0,0,15084,0,0
10,77159316,rs538043663,C,T,gnomAD Exomes,PASS,NA,p.Gly378Ser,p.Gly378Ser,c.1132G>A,missense_variant,,1,94424,1.05905278319071E-05,0,0,0,6154,0,0,0,16636,0,0,0,2236,0,0,0,8344,0,0,0,3572,0,0,1,40600,0,0,0,1742,0,0,0,15140,0,0
10,77159317,rs1332476584,G,C,gnomAD Genomes,NA,PASS,p.His377Gln,p.His377Gln,c.1131C>G,missense_variant,,1,10842,9.22339051835455E-05,0,0,1,2554,0,0,0,246,0,0,0,38,0,0,0,916,0,0,0,1160,0,0,0,5504,0,0,0,424,0,0,0,0,0,0
10,77159330,rs761194053,T,C,gnomAD Exomes,PASS,NA,p.Gln373Arg,p.Gln373Arg,c.1118A>G,missense_variant,,5,94784,5.27515192437542E-05,0,0,2,6204,0,0,2,16652,0,0,0,2240,0,0,0,8360,0,0,0,3544,0,0,1,40824,0,0,0,1738,0,0,0,15222,0,0
10,77159343,rs1233576323,C,T,gnomAD Genomes,NA,PASS,p.Gly369Ser,p.Gly369Ser,c.1105G>A,missense_variant,,1,10818,9.24385283786282E-05,0,0,1,2558,0,0,0,246,0,0,0,38,0,0,0,912,0,0,0,1158,0,0,0,5488,0,0,0,418,0,0,0,0,0,0
10,77159355,rs1402583584,C,G,gnomAD Genomes,NA,PASS,p.Gly365Arg,p.Gly365Arg,c.1093G>C,missense_variant,,1,10824,9.23872875092387E-05,0,0,0,2558,0,0,0,246,0,0,0,38,0,0,0,912,0,0,0,1160,0,0,1,5492,0,0,0,418,0,0,0,0,0,0
10,77159361,rs765756092,G,C,gnomAD Exomes,PASS,NA,p.Leu363Val,p.Leu363Val,c.1087C>G,missense_variant,,1,96620,1.03498240529911E-05,0,0,1,6554,0,0,0,16750,0,0,0,2290,0,0,0,8394,0,0,0,3716,0,0,0,41708,0,0,0,1794,0,0,0,15414,0,0
10,77159362,rs556668514,G,C,gnomAD Exomes,PASS,NA,p.Ser362Arg,p.Ser362Arg,c.1086C>G,missense_variant,,0,96632,0,0,0,0,6544,0,0,0,16754,0,0,0,2290,0,0,0,8390,0,0,0,3726,0,0,0,41718,0,0,0,1794,0,0,0,15416,0,0
10,77159372,rs765877137,T,C,gnomAD Exomes,PASS,NA,p.Tyr359Cys,p.Tyr359Cys,c.1076A>G,missense_variant,,1,96934,1.03162976870861E-05,0,0,0,6612,0,0,0,16776,0,0,0,2296,0,0,0,8404,0,0,0,3794,0,0,1,41816,0,0,0,1798,0,0,0,15438,0,0
10,77159375,rs751057510,G,A,gnomAD Exomes,PASS,NA,p.Thr358Ile,p.Thr358Ile,c.1073C>T,missense_variant,,1,97126,1.02959042892737E-05,0,0,0,6670,0,0,0,16798,0,0,0,2292,0,0,1,8412,0,0,0,3822,0,0,0,41880,0,0,0,1802,0,0,0,15450,0,0
10,77159375,rs751057510,G,T,gnomAD Exomes,PASS,NA,p.Thr358Asn,p.Thr358Asn,c.1073C>A,missense_variant,,5,97126,5.14795214463686E-05,0,0,0,6670,0,0,0,16798,0,0,0,2292,0,0,0,8412,0,0,0,3822,0,0,2,41880,0,0,0,1802,0,0,3,15450,0,0
10,77159379,rs754553663,T,C,gnomAD Exomes,PASS,NA,p.Met357Val,p.Met357Val,c.1069A>G,missense_variant,,5,97220,5.14297469656449E-05,0,0,0,6696,0,0,1,16792,0,0,0,2292,0,0,0,8408,0,0,0,3860,0,0,4,41898,0,0,0,1808,0,0,0,15466,0,0
10,77159384,rs781098421,G,A,gnomAD Exomes,PASS,NA,p.Ala355Val,p.Ala355Val,c.1064C>T,missense_variant,,2,97298,2.05554070998376E-05,0,0,0,6684,0,0,0,16792,0,0,0,2294,0,0,0,8418,0,0,0,3934,0,0,1,41902,0,0,0,1802,0,0,1,15472,0,0
10,77159385,rs1274016386,C,T,gnomAD Exomes,PASS,NA,p.Ala355Thr,p.Ala355Thr,c.1063G>A,missense_variant,,1,97344,1.02728468113084E-05,0,0,0,6698,0,0,0,16792,0,0,0,2298,0,0,0,8418,0,0,0,3956,0,0,1,41908,0,0,0,1800,0,0,0,15474,0,0
10,77159391,rs542484121,G,A,gnomAD Exomes,PASS,NA,p.Pro353Ser,p.Pro353Ser,c.1057C>T,missense_variant,,4,97466,4.10399523936552E-05,0,0,1,6698,0,0,0,16788,0,0,0,2300,0,0,0,8418,0,0,0,4062,0,0,0,41928,0,0,0,1804,0,0,3,15468,0,0
10,77159403,rs772205854,C,T,gnomAD Exomes,PASS,NA,p.Val349Met,p.Val349Met,c.1045G>A,missense_variant,,1,97660,1.02396067990989E-05,0,0,0,6702,0,0,0,16788,0,0,0,2302,0,0,0,8430,0,0,0,4228,0,0,1,41930,0,0,0,1802,0,0,0,15478,0,0
10,77159414,rs904705791,G,T,gnomAD Exomes,PASS,NA,p.Pro345Gln,p.Pro345Gln,c.1034C>A,missense_variant,,1,97378,1.02692599971246E-05,0,0,0,6600,0,0,0,16768,0,0,0,2290,0,0,0,8416,0,0,0,4392,0,0,1,41672,0,0,0,1774,0,0,0,15466,0,0
10,77159414,rs904705791,G,C,gnomAD Exomes,PASS,NA,p.Pro345Arg,p.Pro345Arg,c.1034C>G,missense_variant,,1,97378,1.02692599971246E-05,0,0,0,6600,0,0,0,16768,0,0,0,2290,0,0,0,8416,0,0,0,4392,0,0,1,41672,0,0,0,1774,0,0,0,15466,0,0
10,77159430,rs762427266,C,T,gnomAD Exomes,PASS,NA,p.Val340Met,p.Val340Met,c.1018G>A,missense_variant,,0,97066,0,0,0,0,6426,0,0,0,16734,0,0,0,2280,0,0,0,8404,0,0,0,4750,0,0,0,41302,0,0,0,1760,0,0,0,15410,0,0
10,77159430,rs762427266,C,G,gnomAD Exomes,PASS,NA,p.Val340Leu,p.Val340Leu,c.1018G>C,missense_variant,,1,97066,1.03022685595368E-05,0,0,0,6426,0,0,0,16734,0,0,0,2280,0,0,0,8404,0,0,0,4750,0,0,1,41302,0,0,0,1760,0,0,0,15410,0,0
10,77159438,rs375008085,A,G,"gnomAD Exomes,gnomAD Genomes",PASS,PASS,p.Val337Ala,p.Val337Ala,c.1010T>C,missense_variant,,8,107954,7.41056375863794E-05,0,0,7,8974,0,0,1,16978,0,0,0,2308,0,0,0,9316,0,0,0,6102,0,0,0,46724,0,0,0,2182,0,0,0,15370,0,0
10,77159447,rs752562212,G,C,gnomAD Exomes,PASS,NA,p.Ser334Cys,p.Ser334Cys,c.1001C>G,missense_variant,,2,97170,2.05824843058557E-05,0,0,0,6354,0,0,0,16706,0,0,0,2256,0,0,0,8394,0,0,0,5212,0,0,2,41138,0,0,0,1758,0,0,0,15352,0,0
10,77159450,rs749013315,C,G,gnomAD Exomes,PASS,NA,p.Gly333Ala,p.Gly333Ala,c.998G>C,missense_variant,,1,96808,1.03297248161309E-05,0,0,0,6290,0,0,0,16672,0,0,0,2240,0,0,0,8368,0,0,0,5208,0,0,0,40966,0,0,0,1756,0,0,1,15308,0,0
10,77159451,rs1451005712,C,T,"gnomAD Exomes,gnomAD Genomes",PASS,PASS,p.Gly333Ser,p.Gly333Ser,c.997G>A,missense_variant,,2,107828,1.85480580183255E-05,0,0,0,8866,0,0,1,16926,0,0,0,2276,0,0,0,9292,0,0,0,6456,0,0,1,46514,0,0,0,2178,0,0,0,15320,0,0
10,77159458,rs780135486,TGAG,T,gnomAD Exomes,PASS,NA,p.Ser330del,p.Ser330del,c.987_989delCTC,inframe_deletion,,1,96606,1.03513239343312E-05,0,0,1,6224,0,0,0,16642,0,0,0,2232,0,0,0,8344,0,0,0,5394,0,0,0,40738,0,0,0,1752,0,0,0,15280,0,0
10,77159466,rs1400002355,A,T,gnomAD Exomes,PASS,NA,p.Ser328Thr,p.Ser328Thr,c.982T>A,missense_variant,,1,95736,1.04453914932732E-05,0,0,0,6068,0,0,0,16592,0,0,0,2194,0,0,0,8280,0,0,0,5422,0,0,1,40234,0,0,0,1742,0,0,0,15204,0,0
10,77159481,rs758497746,GGCCGGA,G,gnomAD Exomes,PASS,NA,p.Ser321_Gly322del,p.Ser321_Gly322del,c.961_966delTCCGGC,inframe_deletion,,0,92674,0,0,0,0,5692,0,0,0,16340,0,0,0,2112,0,0,0,7962,0,0,0,5328,0,0,0,38652,0,0,0,1700,0,0,0,14888,0,0
10,77159483,rs1235523942,C,T,gnomAD Exomes,PASS,NA,p.Gly322Asp,p.Gly322Asp,c.965G>A,missense_variant,,1,91550,1.09229929000546E-05,0,0,0,5586,0,0,0,16226,0,0,0,2100,0,0,0,7874,0,0,0,5244,0,0,0,38060,0,0,0,1698,0,0,1,14762,0,0
10,77159490,rs1419560378,CGGAGCT,C,gnomAD Exomes,PASS,NA,p.Ser318_Ser319del,p.Ser318_Ser319del,c.952_957delAGCTCC,inframe_deletion,,2,91154,2.19408912390021E-05,0,0,0,5538,0,0,1,16168,0,0,0,2064,0,0,0,7800,0,0,0,5488,0,0,0,37718,0,0,0,1684,0,0,1,14694,0,0
10,77159490,rs1419560378,C,T,gnomAD Exomes,PASS,NA,p.Gly320Ser,p.Gly320Ser,c.958G>A,missense_variant,,1,91154,1.09704456195011E-05,0,0,0,5538,0,0,0,16168,0,0,0,2064,0,0,0,7800,0,0,0,5488,0,0,1,37718,0,0,0,1684,0,0,0,14694,0,0
10,77159496,rs940910771,T,C,gnomAD Exomes,PASS,NA,p.Ser318Gly,p.Ser318Gly,c.952A>G,missense_variant,,1,89990,1.11123458162018E-05,0,0,0,5390,0,0,0,16050,0,0,0,2048,0,0,0,7690,0,0,0,5570,0,0,1,37024,0,0,0,1676,0,0,0,14542,0,0
10,77159496,rs940910771,T,TGGAGCC,gnomAD Genomes,NA,PASS,p.Gly316_Ser317dup,p.Gly316_Ser317dup,c.946_951dupGGCTCC,inframe_insertion,,1,10854,9.21319329279528E-05,0,0,0,2566,0,0,0,246,0,0,0,38,0,0,0,916,0,0,0,1160,0,0,1,5504,0,0,0,424,0,0,0,0,0,0
10,77159504,rs377589870,G,A,gnomAD Exomes,PASS,NA,p.Ser315Leu,p.Ser315Leu,c.944C>T,missense_variant,,0,89218,0,0,0,0,5336,0,0,0,15886,0,0,0,2014,0,0,0,7618,0,0,0,5668,0,0,0,36562,0,0,0,1684,0,0,0,14450,0,0
10,77159511,rs763219704,C,G,gnomAD Exomes,PASS,NA,p.Gly313Arg,p.Gly313Arg,c.937G>C,missense_variant,,1,88310,1.13237458951421E-05,0,0,0,5240,0,0,0,15744,0,0,0,1974,0,0,0,7480,0,0,0,5792,0,0,0,36138,0,0,0,1658,0,0,1,14284,0,0
10,77159520,rs771380612,C,G,gnomAD Exomes,PASS,NA,p.Asp310His,p.Asp310His,c.928G>C,missense_variant,,1,88854,1.12544173588133E-05,0,0,0,5268,0,0,0,15740,0,0,0,1968,0,0,0,7474,0,0,0,6332,0,0,0,36120,0,0,0,1664,0,0,1,14288,0,0
10,77159541,rs1270611182,C,T,gnomAD Exomes,PASS,NA,p.Gly303Arg,p.Gly303Arg,c.907G>A,missense_variant,,0,90708,0,0,0,0,5336,0,0,0,15864,0,0,0,1940,0,0,0,7546,0,0,0,7680,0,0,0,36328,0,0,0,1656,0,0,0,14358,0,0
10,77159543,rs766973169,G,A,gnomAD Exomes,PASS,NA,p.Pro302Leu,p.Pro302Leu,c.905C>T,missense_variant,,0,91234,0,0,0,0,5340,0,0,0,15948,0,0,0,1962,0,0,0,7578,0,0,0,7810,0,0,0,36548,0,0,0,1672,0,0,0,14376,0,0
10,77159546,rs760226690,C,T,gnomAD Exomes,PASS,NA,p.Gly301Asp,p.Gly301Asp,c.902G>A,missense_variant,,1,91948,1.08757123591595E-05,0,0,0,5406,0,0,0,15990,0,0,0,1990,0,0,0,7696,0,0,0,7928,0,0,1,36854,0,0,0,1676,0,0,0,14408,0,0
10,77159556,rs763987409,G,A,gnomAD Exomes,PASS,NA,p.Pro298Ser,p.Pro298Ser,c.892C>T,missense_variant,,4,95280,4.19815281276238E-05,0,0,0,5674,0,0,0,16254,0,0,0,2078,0,0,0,7948,0,0,0,8912,0,0,4,38052,0,0,0,1702,0,0,0,14660,0,0
10,77159556,rs763987409,G,C,gnomAD Exomes,PASS,NA,p.Pro298Ala,p.Pro298Ala,c.892C>G,missense_variant,,1,95280,1.0495382031906E-05,0,0,0,5674,0,0,0,16254,0,0,0,2078,0,0,1,7948,0,0,0,8912,0,0,0,38052,0,0,0,1702,0,0,0,14660,0,0
10,77159557,rs753880807,A,C,gnomAD Exomes,PASS,NA,p.His297Gln,p.His297Gln,c.891T>G,missense_variant,,1,95696,1.04497575656245E-05,0,0,0,5708,0,0,0,16288,0,0,0,2088,0,0,0,7990,0,0,0,9052,0,0,0,38176,0,0,0,1714,0,0,1,14680,0,0
10,77159558,rs370967290,T,A,gnomAD Exomes,PASS,NA,p.His297Leu,p.His297Leu,c.890A>T,missense_variant,,5,96054,5.2054052928561E-05,0,0,0,5728,0,0,0,16302,0,0,5,2092,0,0,0,8012,0,0,0,9170,0,0,0,38310,0,0,0,1720,0,0,0,14720,0,0
10,77159594,rs755284288,C,G,gnomAD Exomes,PASS,NA,p.Ser285Thr,p.Ser285Thr,c.854G>C,missense_variant,,2,99100,2.01816347124117E-05,0,0,0,5904,0,0,1,16426,0,0,0,2126,0,0,1,8126,0,0,0,10862,0,0,0,39048,0,0,0,1756,0,0,0,14852,0,0
10,77159605,rs748220466,G,C,gnomAD Exomes,PASS,NA,p.His281Gln,p.His281Gln,c.843C>G,missense_variant,,1,98828,1.01185898733153E-05,0,0,0,5904,0,0,0,16340,0,0,0,2120,0,0,0,8080,0,0,0,10850,0,0,0,38956,0,0,0,1750,0,0,1,14828,0,0
10,77159605,rs748220466,G,T,gnomAD Exomes,PASS,NA,p.His281Gln,p.His281Gln,c.843C>A,missense_variant,,4,98828,4.0474359493261E-05,0,0,0,5904,0,0,0,16340,0,0,0,2120,0,0,0,8080,0,0,0,10850,0,0,2,38956,0,0,0,1750,0,0,2,14828,0,0
10,77159612,rs561645133,A,T,"gnomAD Exomes,gnomAD Genomes",PASS,PASS,p.Leu279Gln,p.Leu279Gln,c.836T>A,missense_variant,,2,109510,1.82631723130308E-05,0,0,2,8486,0,0,0,16568,0,0,0,2160,0,0,0,9026,0,0,0,11972,0,0,0,44380,0,0,0,2146,0,0,0,14772,0,0
10,77159618,rs1263333840,G,A,gnomAD Exomes,PASS,NA,p.Thr277Met,p.Thr277Met,c.830C>T,missense_variant,,0,97832,0,0,0,0,5814,0,0,0,16254,0,0,0,2106,0,0,0,8062,0,0,0,10628,0,0,0,38554,0,0,0,1708,0,0,0,14706,0,0
10,77159619,rs749812028,T,C,gnomAD Exomes,PASS,NA,p.Thr277Ala,p.Thr277Ala,c.829A>G,missense_variant,,0,97602,0,0,0,0,5780,0,0,0,16234,0,0,0,2096,0,0,0,8036,0,0,0,10632,0,0,0,38426,0,0,0,1714,0,0,0,14684,0,0
10,77159622,rs549718916,G,T,gnomAD Exomes,PASS,NA,p.Pro276Thr,p.Pro276Thr,c.826C>A,missense_variant,,1,96606,1.03513239343312E-05,0,0,0,5702,0,0,0,16140,0,0,0,2080,0,0,0,7926,0,0,0,10460,0,0,0,38030,0,0,0,1708,0,0,1,14560,0,0
10,77159624,rs1414307279,C,T,gnomAD Exomes,PASS,NA,p.Gly275Glu,p.Gly275Glu,c.824G>A,missense_variant,,0,95926,0,0,0,0,5636,0,0,0,16108,0,0,0,2074,0,0,0,7830,0,0,0,10332,0,0,0,37744,0,0,0,1706,0,0,0,14496,0,0
10,77159636,rs759137278,G,C,gnomAD Exomes,PASS,NA,p.Ser271Trp,p.Ser271Trp,c.812C>G,missense_variant,,1,95554,1.04652866442012E-05,0,0,0,5602,0,0,0,16124,0,0,0,2074,0,0,0,7750,0,0,0,10026,0,0,0,37850,0,0,0,1702,0,0,1,14426,0,0
10,77159636,rs759137278,G,A,gnomAD Exomes,PASS,NA,p.Ser271Leu,p.Ser271Leu,c.812C>T,missense_variant,,1,95554,1.04652866442012E-05,0,0,0,5602,0,0,0,16124,0,0,0,2074,0,0,0,7750,0,0,0,10026,0,0,1,37850,0,0,0,1702,0,0,0,14426,0,0
10,77159639,rs377695668,G,T,"gnomAD Exomes,gnomAD Genomes",PASS,PASS,p.Ala270Asp,p.Ala270Asp,c.809C>A,missense_variant,,5,106500,4.69483568075117E-05,0,0,5,8194,0,0,0,16372,0,0,0,2120,0,0,0,8674,0,0,0,11096,0,0,0,43488,0,0,0,2118,0,0,0,14438,0,0
10,77159640,rs561886749,C,T,gnomAD Exomes,PASS,NA,p.Ala270Thr,p.Ala270Thr,c.808G>A,missense_variant,,10,95352,0.000104874570014,0,0,0,5590,0,0,4,16094,0,0,0,2082,0,0,5,7738,0,0,0,9870,0,0,1,37892,0,0,0,1690,0,0,0,14396,0,0
10,77159642,rs1053361594,C,A,"gnomAD Exomes,gnomAD Genomes",PASS,PASS,p.Gly269Val,p.Gly269Val,c.806G>T,missense_variant,,2,106754,1.87346609963093E-05,0,0,1,8222,0,0,0,16404,0,0,0,2136,0,0,0,8762,0,0,0,10920,0,0,0,43704,0,0,0,2138,0,0,1,14468,0,0
10,77159644,rs1303907912,CCCGGTGCCCTTGCCACCGCCGCCCACG,C,gnomAD Exomes,PASS,NA,p.Asp259_Gly268delinsGlu,p.Asp259_Gly268delinsGlu,c.777_803delCGTGGGCGGCGGTGGCAAGGGCACCGG,inframe_deletion,,3,96938,3.09476160019806E-05,0,0,0,5744,0,0,3,16230,0,0,0,2100,0,0,0,7912,0,0,0,9988,0,0,0,38686,0,0,0,1714,0,0,0,14564,0,0
10,77159648,rs1226976445,G,T,gnomAD Exomes,PASS,NA,p.Thr267Asn,p.Thr267Asn,c.800C>A,missense_variant,,2,97292,2.05566747522921E-05,0,0,0,5824,0,0,0,16274,0,0,0,2116,0,0,0,7948,0,0,1,9852,0,0,0,38910,0,0,1,1720,0,0,0,14648,0,0
10,77159651,rs764904586,C,T,"gnomAD Exomes,gnomAD Genomes",PASS,PASS,p.Gly266Asp,p.Gly266Asp,c.797G>A,missense_variant,,2,108448,1.84420182944821E-05,0,0,1,8454,0,0,0,16578,0,0,0,2158,0,0,0,8912,0,0,0,10940,0,0,1,44580,0,0,0,2144,0,0,0,14682,0,0
10,77159653,rs1276216434,C,G,gnomAD Exomes,PASS,NA,p.Lys265Asn,p.Lys265Asn,c.795G>C,missense_variant,,2,97910,2.04269226840976E-05,0,0,0,5926,0,0,0,16358,0,0,0,2126,0,0,1,8042,0,0,1,9776,0,0,0,39246,0,0,0,1728,0,0,0,14708,0,0
10,77159664,rs1179905783,C,T,gnomAD Exomes,PASS,NA,p.Gly262Ser,p.Gly262Ser,c.784G>A,missense_variant,,0,99490,0,0,0,0,6158,0,0,0,16546,0,0,0,2180,0,0,0,8240,0,0,0,9412,0,0,0,40228,0,0,0,1758,0,0,0,14968,0,0
10,77159675,rs756201269,G,T,gnomAD Exomes,PASS,NA,p.Thr258Asn,p.Thr258Asn,c.773C>A,missense_variant,,6,101440,5.91482649842271E-05,0,0,0,6458,0,0,1,16690,0,0,0,2250,0,0,0,8386,0,0,0,9394,0,0,3,41226,0,0,2,1784,0,0,0,15252,0,0
10,77159679,rs777911563,C,T,gnomAD Exomes,PASS,NA,p.Asp257Asn,p.Asp257Asn,c.769G>A,missense_variant,,1,101658,9.83690412953235E-06,0,0,0,6498,0,0,0,16722,0,0,0,2252,0,0,1,8414,0,0,0,9334,0,0,0,41334,0,0,0,1796,0,0,0,15308,0,0
10,77159681,rs894393092,T,G,gnomAD Exomes,PASS,NA,p.Lys256Thr,p.Lys256Thr,c.767A>C,missense_variant,,1,101812,9.82202490865517E-06,0,0,0,6514,0,0,0,16746,0,0,0,2256,0,0,0,8414,0,0,0,9326,0,0,1,41426,0,0,0,1800,0,0,0,15330,0,0
10,77159696,rs374217789,C,T,"gnomAD Exomes,gnomAD Genomes",PASS,PASS,p.Gly251Asp,p.Gly251Asp,c.752G>A,missense_variant,,4,112330,3.56093652630642E-05,0,0,4,9100,0,0,0,17022,0,0,0,2300,0,0,0,9312,0,0,0,9972,0,0,0,46982,0,0,0,2236,0,0,0,15406,0,0
10,77159697,rs547646010,C,T,gnomAD Exomes,PASS,NA,p.Gly251Ser,p.Gly251Ser,c.751G>A,missense_variant,,1,101712,9.83168161082272E-06,0,0,0,6542,0,0,0,16780,0,0,0,2266,0,0,1,8408,0,0,0,8932,0,0,0,41550,0,0,0,1812,0,0,0,15422,0,0
10,77159702,rs140203659,G,A,"gnomAD Exomes,gnomAD Genomes",PASS,PASS,p.Pro249Leu,p.Pro249Leu,c.746C>T,missense_variant,,4,112484,3.55606130649692E-05,0,0,3,9100,0,0,0,17006,0,0,0,2300,0,0,0,9324,0,0,0,10120,0,0,0,46988,0,0,1,2230,0,0,0,15416,0,0
10,77159709,rs767985176,C,A,gnomAD Exomes,PASS,NA,p.Gly247Cys,p.Gly247Cys,c.739G>T,missense_variant,,0,101552,0,0,0,0,6546,0,0,0,16756,0,0,0,2258,0,0,0,8394,0,0,0,8872,0,0,0,41512,0,0,0,1808,0,0,0,15406,0,0
10,77159712,rs761609221,C,G,gnomAD Exomes,PASS,NA,p.Gly246Arg,p.Gly246Arg,c.736G>C,missense_variant,,1,101662,9.83651708603018E-06,0,0,0,6542,0,0,0,16752,0,0,0,2260,0,0,0,8400,0,0,0,8998,0,0,1,41502,0,0,0,1814,0,0,0,15394,0,0
10,77159714,rs1004043583,G,A,gnomAD Genomes,NA,PASS,p.Ala245Val,p.Ala245Val,c.734C>T,missense_variant,,1,10830,9.23361034164358E-05,0,0,0,2554,0,0,0,246,0,0,0,38,0,0,0,916,0,0,0,1162,0,0,1,5490,0,0,0,424,0,0,0,0,0,0
10,77159720,rs1389966661,G,A,gnomAD Genomes,NA,PASS,p.Ser243Phe,p.Ser243Phe,c.728C>T,missense_variant,,1,10814,9.24727205474385E-05,0,0,0,2556,0,0,0,246,0,0,0,36,0,0,0,912,0,0,0,1162,0,0,1,5478,0,0,0,424,0,0,0,0,0,0
10,77159720,rs1389966661,G,C,gnomAD Exomes,PASS,NA,p.Ser243Cys,p.Ser243Cys,c.728C>G,missense_variant,,1,101930,9.81065437064652E-06,0,0,0,6534,0,0,0,16770,0,0,0,2276,0,0,0,8394,0,0,0,9188,0,0,0,41544,0,0,0,1804,0,0,1,15420,0,0
10,77159732,rs752897716,C,T,gnomAD Exomes,PASS,NA,p.Gly239Glu,p.Gly239Glu,c.716G>A,missense_variant,,2,101832,1.96401916882709E-05,0,0,0,6498,0,0,2,16758,0,0,0,2274,0,0,0,8388,0,0,0,9338,0,0,0,41384,0,0,0,1796,0,0,0,15396,0,0
10,77159733,rs1369076318,C,T,gnomAD Exomes,PASS,NA,p.Gly239Arg,p.Gly239Arg,c.715G>A,missense_variant,,1,101744,9.82858940084919E-06,0,0,0,6500,0,0,0,16758,0,0,0,2270,0,0,0,8388,0,0,0,9282,0,0,1,41368,0,0,0,1792,0,0,0,15386,0,0
10,77159738,rs1262469156,G,C,gnomAD Exomes,PASS,NA,p.Ser237Trp,p.Ser237Trp,c.710C>G,missense_variant,,1,101180,9.8833761612967E-06,0,0,0,6402,0,0,0,16712,0,0,0,2250,0,0,0,8376,0,0,0,9214,0,0,1,41110,0,0,0,1794,0,0,0,15322,0,0
10,77159751,rs200297480,C,G,"gnomAD Exomes,gnomAD Genomes",PASS,PASS,p.Ala233Pro,p.Ala233Pro,c.697G>C,missense_variant,,51,111008,0.000459426347651,0,0,2,8814,0,0,6,16916,0,0,0,2250,0,0,0,9224,0,0,1,10322,0,0,38,46100,0,0,1,2202,0,0,3,15180,0,0
10,77159752,rs747123943,GCTGGAGCTCGGGCTGCCTGTC,G,gnomAD Exomes,PASS,NA,p.Arg225_Ser231del,p.Arg225_Ser231del,c.675_695delGACAGGCAGCCCGAGCTCCAG,inframe_deletion,,3,100268,2.99198148960785E-05,0,0,0,6262,0,0,0,16664,0,0,0,2214,0,0,0,8318,0,0,0,9198,0,0,3,40626,0,0,0,1786,0,0,0,15200,0,0
10,77159763,rs746627047,G,C,gnomAD Exomes,PASS,NA,p.Pro229Ala,p.Pro229Ala,c.685C>G,missense_variant,,1,100118,9.98821390758904E-06,0,0,0,6256,0,0,0,16630,0,0,0,2204,0,0,0,8288,0,0,0,9268,0,0,0,40622,0,0,0,1774,0,0,1,15076,0,0
10,77159777,rs768379247,G,A,gnomAD Exomes,PASS,NA,p.Pro224Leu,p.Pro224Leu,c.671C>T,missense_variant,,3,99406,3.01792648331087E-05,0,0,0,6172,0,0,1,16586,0,0,0,2178,0,0,0,8196,0,0,0,9256,0,0,2,40280,0,0,0,1772,0,0,0,14966,0,0
10,77159778,rs776198849,G,A,gnomAD Exomes,PASS,NA,p.Pro224Ser,p.Pro224Ser,c.670C>T,missense_variant,,1,99532,1.0047020053852E-05,0,0,0,6174,0,0,0,16588,0,0,0,2178,0,0,0,8204,0,0,0,9296,0,0,1,40328,0,0,0,1774,0,0,0,14990,0,0
10,77159782,rs747667090,G,C,"gnomAD Exomes,gnomAD Genomes",PASS,PASS,p.Phe222Leu,p.Phe222Leu,c.666C>G,missense_variant,,6,109892,5.45990608961526E-05,0,0,0,8668,0,0,0,16782,0,0,0,2210,0,0,0,9064,0,0,0,10516,0,0,6,45560,0,0,0,2180,0,0,0,14912,0,0
10,77159786,rs1286275576,G,A,gnomAD Exomes,PASS,NA,p.Pro221Leu,p.Pro221Leu,c.662C>T,missense_variant,,1,98140,1.01895251681272E-05,0,0,0,6022,0,0,0,16458,0,0,0,2160,0,0,0,8090,0,0,0,9190,0,0,1,39682,0,0,0,1742,0,0,0,14796,0,0
10,77159787,rs769258576,G,A,gnomAD Genomes,NA,PASS,p.Pro221Ser,p.Pro221Ser,c.661C>T,missense_variant,,1,10822,9.24043614858621E-05,0,0,0,2558,0,0,0,246,0,0,0,38,0,0,0,914,0,0,0,1162,0,0,1,5480,0,0,0,424,0,0,0,0,0,0
10,77159787,rs769258576,G,C,gnomAD Exomes,PASS,NA,p.Pro221Ala,p.Pro221Ala,c.661C>G,missense_variant,,1,97434,1.02633577601248E-05,0,0,0,5950,0,0,1,16410,0,0,0,2138,0,0,0,8024,0,0,0,9068,0,0,0,39396,0,0,0,1734,0,0,0,14714,0,0
10,77159789,rs773221751,T,C,gnomAD Exomes,PASS,NA,p.Gln220Arg,p.Gln220Arg,c.659A>G,missense_variant,,3,96600,3.1055900621118E-05,0,0,3,5874,0,0,0,16330,0,0,0,2124,0,0,0,7952,0,0,0,8990,0,0,0,38990,0,0,0,1724,0,0,0,14616,0,0
10,77159791,rs762984909,G,C,gnomAD Exomes,PASS,NA,p.Cys219Trp,p.Cys219Trp,c.657C>G,missense_variant,,0,95722,0,0,0,0,5790,0,0,0,16252,0,0,0,2102,0,0,0,7868,0,0,0,8828,0,0,0,38634,0,0,0,1712,0,0,0,14536,0,0
10,77159799,rs1252621872,C,T,gnomAD Exomes,PASS,NA,p.Ala217Thr,p.Ala217Thr,c.649G>A,missense_variant,,0,91422,0,0,0,0,5330,0,0,0,15844,0,0,0,2012,0,0,0,7522,0,0,0,8346,0,0,0,36638,0,0,0,1670,0,0,0,14060,0,0
10,77159804,rs759296161,G,T,gnomAD Exomes,PASS,NA,p.Pro215Gln,p.Pro215Gln,c.644C>A,missense_variant,,1,89308,1.11972051775877E-05,0,0,1,5132,0,0,0,15582,0,0,0,1952,0,0,0,7262,0,0,0,8524,0,0,0,35430,0,0,0,1650,0,0,0,13776,0,0
10,77159804,rs759296161,G,A,gnomAD Exomes,PASS,NA,p.Pro215Leu,p.Pro215Leu,c.644C>T,missense_variant,,1,89308,1.11972051775877E-05,0,0,0,5132,0,0,0,15582,0,0,0,1952,0,0,0,7262,0,0,0,8524,0,0,0,35430,0,0,0,1650,0,0,1,13776,0,0
10,77159824,rs1422353181,C,G,gnomAD Exomes,PASS,NA,p.Glu208Asp,p.Glu208Asp,c.624G>C,missense_variant,,1,74968,1.33390246505176E-05,0,0,0,3882,0,0,1,13948,0,0,0,1656,0,0,0,5732,0,0,0,8738,0,0,0,27212,0,0,0,1484,0,0,0,12316,0,0
10,77159831,rs754074409,G,A,gnomAD Exomes,PASS,NA,p.Ser206Leu,p.Ser206Leu,c.617C>T,missense_variant,,0,67986,0,0,0,0,3286,0,0,0,13062,0,0,0,1548,0,0,0,4836,0,0,0,8706,0,0,0,23328,0,0,0,1402,0,0,0,11818,0,0
10,77159836,rs757355455,A,ACCCCCG,gnomAD Exomes,PASS,NA,p.Gly203_Gly204dup,p.Gly203_Gly204dup,c.606_611dupCGGGGG,inframe_insertion,,6,60152,9.97473068227158E-05,0,0,0,2650,0,0,0,12252,0,0,0,1448,0,0,0,4146,0,0,0,7572,0,0,0,19466,0,0,0,1316,0,0,6,11302,0,0
10,77159836,rs757355455,ACCCCCGCCGCCG,A,"gnomAD Exomes,gnomAD Genomes",PASS,PASS,p.Gly201_Gly204del,p.Gly201_Gly204del,c.600_611delCGGCGGCGGGGG,inframe_deletion,,1,70362,1.42122168215798E-05,0,0,0,5116,0,0,0,12496,0,0,0,1472,0,0,0,5040,0,0,0,8718,0,0,1,24502,0,0,0,1716,0,0,0,11302,0,0
10,77159837,rs1370610175,C,A,gnomAD Exomes,PASS,NA,p.Gly204Val,p.Gly204Val,c.611G>T,missense_variant,,1,62242,1.60663217762925E-05,0,0,0,2752,0,0,0,12318,0,0,0,1462,0,0,0,4188,0,0,0,9068,0,0,1,19774,0,0,0,1342,0,0,0,11338,0,0
10,77159839,rs757346147,C,CCCGCCG,gnomAD Exomes,PASS,NA,p.Gly203_Gly204dup,p.Gly203_Gly204dup,c.603_608dupCGGCGG,inframe_insertion,,1,61596,1.62348204428859E-05,0,0,0,2662,0,0,0,12254,0,0,0,1454,0,0,0,4098,0,0,0,9180,0,0,0,19326,0,0,0,1326,0,0,1,11296,0,0
10,77159840,rs765246409,C,T,"gnomAD Exomes,gnomAD Genomes",PASS,PASS,p.Gly203Glu,p.Gly203Glu,c.608G>A,missense_variant,,4,72458,5.52043942697839E-05,0,0,2,5218,0,0,2,12502,0,0,0,1492,0,0,0,5012,0,0,0,10394,0,0,0,24796,0,0,0,1748,0,0,0,11296,0,0
10,77159851,rs745636128,C,CCCGCCA,"gnomAD Exomes,gnomAD Genomes",PASS,PASS,p.Gly203_Gly204dup,p.Gly203_Gly204dup,c.591_596dupTGGCGG,inframe_insertion,,24,72986,0.000328830186611,0,0,3,5164,0,0,9,12452,0,0,0,1490,0,0,0,4974,0,0,0,11360,0,0,9,24514,0,0,1,1736,0,0,2,11296,0,0
10,77159851,rs745636128,CCCGCCACCGCCA,C,gnomAD Exomes,PASS,NA,p.Gly201_Gly204del,p.Gly201_Gly204del,c.585_596delTGGCGGTGGCGG,inframe_deletion,,1,62236,1.60678706857767E-05,0,0,0,2608,0,0,0,12206,0,0,0,1452,0,0,0,4058,0,0,0,10202,0,0,1,19096,0,0,0,1318,0,0,0,11296,0,0
10,77159852,rs1245504690,C,T,gnomAD Exomes,PASS,NA,p.Gly199Glu,p.Gly199Glu,c.596G>A,missense_variant,,1,62112,1.60999484801649E-05,0,0,0,2600,0,0,0,12188,0,0,0,1452,0,0,1,4036,0,0,0,10198,0,0,0,19042,0,0,0,1316,0,0,0,11280,0,0
10,77159865,rs1203063558,C,A,gnomAD Exomes,PASS,NA,p.Gly195Cys,p.Gly195Cys,c.583G>T,missense_variant,,1,63060,1.58579130986362E-05,0,0,0,2638,0,0,0,12232,0,0,0,1454,0,0,0,4098,0,0,0,10862,0,0,0,19114,0,0,0,1328,0,0,1,11334,0,0
10,77159870,rs937726969,C,G,gnomAD Exomes,PASS,NA,p.Gly193Ala,p.Gly193Ala,c.578G>C,missense_variant,,1,63422,1.57673993251553E-05,0,0,0,2674,0,0,1,12246,0,0,0,1454,0,0,0,4136,0,0,0,11024,0,0,0,19192,0,0,0,1332,0,0,0,11364,0,0
10,77159873,rs1236069174,C,A,gnomAD Exomes,PASS,NA,p.Gly192Val,p.Gly192Val,c.575G>T,missense_variant,,1,63562,1.57326704634845E-05,0,0,0,2698,0,0,1,12248,0,0,0,1456,0,0,0,4150,0,0,0,11072,0,0,0,19232,0,0,0,1336,0,0,0,11370,0,0
10,77159877,rs1162497789,C,A,gnomAD Exomes,PASS,NA,p.Gly191Cys,p.Gly191Cys,c.571G>T,missense_variant,,2,63898,3.12998841904285E-05,1,0,0,2734,0,0,0,12270,0,0,0,1454,0,0,0,4202,0,0,0,11160,0,0,0,19332,0,0,0,1340,0,0,2,11406,1,0
10,77159880,rs556504619,C,T,gnomAD Exomes,PASS,NA,p.Gly190Ser,p.Gly190Ser,c.568G>A,missense_variant,,23,64130,0.000358646499298,0,0,0,2754,0,0,0,12280,0,0,0,1454,0,0,0,4228,0,0,0,11214,0,0,0,19434,0,0,0,1338,0,0,23,11428,0,0
10,77159882,rs189219189,C,G,"gnomAD Exomes,gnomAD Genomes",PASS,PASS,p.Gly189Ala,p.Gly189Ala,c.566G>C,missense_variant,,75,75010,0.000999866684442,0,0,68,5316,0,0,5,12540,0,0,0,1492,0,0,0,5160,0,0,0,12386,0,0,0,24930,0,0,2,1754,0,0,0,11432,0,0
10,77159889,rs768654884,CCTT,C,gnomAD Exomes,PASS,NA,p.Lys186del,p.Lys186del,c.556_558delAAG,inframe_deletion,,0,65092,0,0,0,0,2900,0,0,0,12330,0,0,0,1464,0,0,0,4336,0,0,0,11324,0,0,0,19898,0,0,0,1354,0,0,0,11486,0,0
10,77159893,rs1452243732,C,G,gnomAD Exomes,PASS,NA,p.Lys185Asn,p.Lys185Asn,c.555G>C,missense_variant,,1,65652,1.52318284286846E-05,0,0,0,2956,0,0,0,12360,0,0,0,1470,0,0,0,4402,0,0,0,11362,0,0,0,20214,0,0,0,1360,0,0,1,11528,0,0
10,77159898,rs1367562569,C,T,gnomAD Exomes,PASS,NA,p.Asp184Asn,p.Asp184Asn,c.550G>A,missense_variant,,1,66526,1.50317169227069E-05,0,0,0,3032,0,0,0,12382,0,0,0,1484,0,0,0,4502,0,0,0,11404,0,0,1,20766,0,0,0,1366,0,0,0,11590,0,0
10,77159906,rs554497686,G,A,gnomAD Exomes,PASS,NA,p.Pro181Leu,p.Pro181Leu,c.542C>T,missense_variant,,2,69326,2.88492052043966E-05,0,0,1,3286,0,0,0,12466,0,0,0,1506,0,0,1,4782,0,0,0,11508,0,0,0,22584,0,0,0,1390,0,0,0,11804,0,0
10,77159918,rs771819807,G,A,gnomAD Exomes,PASS,NA,p.Pro177Leu,p.Pro177Leu,c.530C>T,missense_variant,,1,73008,1.36971290817445E-05,0,0,0,3588,0,0,0,12584,0,0,0,1568,0,0,0,5008,0,0,0,11568,0,0,0,25152,0,0,0,1442,0,0,1,12098,0,0
10,77159923,rs1189557437,G,T,gnomAD Exomes,PASS,NA,p.Phe175Leu,p.Phe175Leu,c.525C>A,missense_variant,,0,74436,0,0,0,0,3674,0,0,0,12620,0,0,0,1604,0,0,0,5042,0,0,0,11606,0,0,0,26208,0,0,0,1478,0,0,0,12204,0,0
10,77159930,rs1248271716,G,A,gnomAD Exomes,PASS,NA,p.Ser173Leu,p.Ser173Leu,c.518C>T,missense_variant,,1,77878,1.28405968309407E-05,0,0,0,3962,0,0,0,12828,0,0,0,1674,0,0,0,5358,0,0,0,11726,0,0,1,28326,0,0,0,1520,0,0,0,12484,0,0
10,77159933,rs1450873152,T,A,gnomAD Genomes,NA,PASS,p.Lys172Met,p.Lys172Met,c.515A>T,missense_variant,,1,10786,9.27127758205081E-05,0,0,0,2546,0,0,0,244,0,0,0,38,0,0,0,916,0,0,0,1156,0,0,1,5468,0,0,0,418,0,0,0,0,0,0
10,77159943,rs572520819,C,T,"gnomAD Exomes,gnomAD Genomes",PASS,PASS,p.Val169Met,p.Val169Met,c.505G>A,missense_variant,,20,96546,0.000207155138483,0,0,1,7236,0,0,1,13792,0,0,0,1852,0,0,17,6920,0,0,0,13230,0,0,0,38226,0,0,1,2020,0,0,0,13270,0,0
10,77159946,rs1469124157,C,T,gnomAD Exomes,PASS,NA,p.Gly168Ser,p.Gly168Ser,c.502G>A,missense_variant,,0,88294,0,0,0,0,4904,0,0,0,13892,0,0,0,1850,0,0,0,6262,0,0,0,12174,0,0,0,34110,0,0,0,1614,0,0,0,13488,0,0
10,77159948,rs763071809,A,C,gnomAD Exomes,PASS,NA,p.Ile167Ser,p.Ile167Ser,c.500T>G,missense_variant,,1,89878,1.11261932842297E-05,0,0,0,5002,0,0,0,14102,0,0,0,1880,0,0,0,6428,0,0,0,12268,0,0,1,34918,0,0,0,1630,0,0,0,13650,0,0
10,77159955,rs1295002387,T,C,gnomAD Exomes,PASS,NA,p.Ser165Gly,p.Ser165Gly,c.493A>G,missense_variant,,1,94066,1.06308336699764E-05,0,0,0,5402,0,0,1,14760,0,0,0,1936,0,0,0,6970,0,0,0,12490,0,0,0,36746,0,0,0,1670,0,0,0,14092,0,0
10,77159966,rs1281953752,G,A,gnomAD Genomes,NA,PASS,p.Pro161Leu,p.Pro161Leu,c.482C>T,missense_variant,,1,10826,9.23702198411232E-05,0,0,0,2552,0,0,0,246,0,0,0,38,0,0,1,916,0,0,0,1162,0,0,0,5492,0,0,0,420,0,0,0,0,0,0
10,77159966,rs1281953752,G,C,gnomAD Exomes,PASS,NA,p.Pro161Arg,p.Pro161Arg,c.482C>G,missense_variant,,2,98726,2.02580880416506E-05,0,0,0,5850,0,0,0,15642,0,0,0,2028,0,0,0,7580,0,0,0,12738,0,0,2,38500,0,0,0,1730,0,0,0,14658,0,0
10,77159978,rs375190066,G,A,gnomAD Exomes,PASS,NA,p.Thr157Ile,p.Thr157Ile,c.470C>T,missense_variant,,1,102322,9.77306933015383E-06,0,0,0,6192,0,0,0,16260,0,0,0,2106,0,0,0,8102,0,0,0,12920,0,0,0,39874,0,0,0,1782,0,0,1,15086,0,0
10,77159984,rs778979431,T,C,gnomAD Exomes,PASS,NA,p.Lys155Arg,p.Lys155Arg,c.464A>G,missense_variant,,2,103444,1.93341324774757E-05,0,0,0,6304,0,0,0,16468,0,0,0,2132,0,0,0,8236,0,0,0,12998,0,0,2,40300,0,0,0,1784,0,0,0,15222,0,0
10,77159995,rs773670452,AGCACCGCCGCCG,A,gnomAD Exomes,PASS,NA,p.Gly148_Ala151del,p.Gly148_Ala151del,c.441_452delCGGCGGCGGTGC,inframe_deletion,,1,105278,9.49866068884287E-06,0,0,0,6510,0,0,0,16732,0,0,0,2208,0,0,0,8462,0,0,0,13124,0,0,1,40976,0,0,0,1822,0,0,0,15444,0,0
10,77160000,rs988912812,C,T,gnomAD Exomes,PASS,NA,p.Gly150Ser,p.Gly150Ser,c.448G>A,missense_variant,,0,105852,0,0,0,0,6578,0,0,0,16784,0,0,0,2224,0,0,0,8526,0,0,0,13174,0,0,0,41220,0,0,0,1836,0,0,0,15510,0,0
10,77160001,rs917383944,GCCGCCGGCA,G,gnomAD Exomes,PASS,NA,p.Ala147_Gly149del,p.Ala147_Gly149del,c.438_446delTGCCGGCGG,inframe_deletion,,1,105864,9.44608176528376E-06,0,0,0,6586,0,0,1,16792,0,0,0,2218,0,0,0,8520,0,0,0,13158,0,0,0,41240,0,0,0,1840,0,0,0,15510,0,0
10,77160006,rs986810449,C,A,gnomAD Exomes,PASS,NA,p.Gly148Cys,p.Gly148Cys,c.442G>T,missense_variant,,0,106456,0,0,0,0,6636,0,0,0,16826,0,0,0,2238,0,0,0,8632,0,0,0,13236,0,0,0,41482,0,0,0,1860,0,0,0,15546,0,0
10,77160008,rs762048081,G,A,gnomAD Exomes,PASS,NA,p.Ala147Val,p.Ala147Val,c.440C>T,missense_variant,,1,106540,9.38614604843251E-06,0,0,0,6654,0,0,1,16830,0,0,0,2244,0,0,0,8630,0,0,0,13220,0,0,0,41536,0,0,0,1868,0,0,0,15558,0,0
10,77160020,rs1238734398,C,T,gnomAD Exomes,PASS,NA,p.Gly143Asp,p.Gly143Asp,c.428G>A,missense_variant,,1,107320,9.3179276928811E-06,0,0,0,6746,0,0,0,16906,0,0,0,2274,0,0,0,8726,0,0,0,13264,0,0,0,41922,0,0,0,1890,0,0,1,15592,0,0
10,77160021,rs143900049,C,T,"gnomAD Exomes,gnomAD Genomes",PASS,PASS,p.Gly143Ser,p.Gly143Ser,c.427G>A,missense_variant,,27,118266,0.000228298919385,0,0,26,9326,0,0,1,17154,0,0,0,2322,0,0,0,9634,0,0,0,14432,0,0,0,47490,0,0,0,2312,0,0,0,15596,0,0
10,77160027,rs763020449,C,T,gnomAD Exomes,PASS,NA,p.Gly141Arg,p.Gly141Arg,c.421G>A,missense_variant,,5,107792,4.63856315867597E-05,0,0,0,6846,0,0,0,16938,0,0,0,2298,0,0,5,8756,0,0,0,13284,0,0,0,42166,0,0,0,1896,0,0,0,15608,0,0
10,77160035,rs759988869,G,A,gnomAD Exomes,PASS,NA,p.Ala138Val,p.Ala138Val,c.413C>T,missense_variant,,5,108034,4.62817261232575E-05,0,0,0,6888,0,0,2,16970,0,0,0,2302,0,0,0,8772,0,0,0,13268,0,0,3,42318,0,0,0,1900,0,0,0,15616,0,0
10,77160045,rs756585404,A,G,gnomAD Exomes,PASS,NA,p.Ser135Pro,p.Ser135Pro,c.403T>C,missense_variant,,2,108254,1.84750678958745E-05,0,0,0,6940,0,0,2,16986,0,0,0,2312,0,0,0,8802,0,0,0,13270,0,0,0,42414,0,0,0,1900,0,0,0,15630,0,0
10,77160050,rs200837919,T,C,"gnomAD Exomes,gnomAD Genomes",PASS,PASS,p.Lys133Arg,p.Lys133Arg,c.398A>G,missense_variant,,5,119158,4.19610936739455E-05,0,0,2,9506,0,0,0,17242,0,0,2,2352,0,0,0,9726,0,0,0,14432,0,0,0,47938,0,0,0,2326,0,0,1,15636,0,0
10,77160059,rs778291336,G,A,gnomAD Exomes,PASS,NA,p.Pro130Leu,p.Pro130Leu,c.389C>T,missense_variant,,1,108384,9.22645408916445E-06,0,0,0,6980,0,0,0,17002,0,0,0,2314,0,0,0,8818,0,0,0,13246,0,0,1,42490,0,0,0,1898,0,0,0,15636,0,0
10,77160099,rs752660875,C,T,gnomAD Exomes,PASS,NA,p.Ala117Thr,p.Ala117Thr,c.349G>A,missense_variant,,1,107802,9.2762657464611E-06,0,0,0,6990,0,0,0,16932,0,0,0,2308,0,0,0,8766,0,0,0,12888,0,0,1,42408,0,0,0,1896,0,0,0,15614,0,0
10,77160871,rs200506550,G,C,gnomAD Exomes,PASS,NA,p.Pro103Ala,p.Pro103Ala,c.307C>G,missense_variant,,1,108994,9.1748169624016E-06,0,0,0,7144,0,0,0,17002,0,0,0,2306,0,0,0,9046,0,0,0,13244,0,0,1,42668,0,0,0,1908,0,0,0,15676,0,0
10,77160891,rs1443371847,A,G,gnomAD Exomes,PASS,NA,p.Leu96Pro,p.Leu96Pro,c.287T>C,missense_variant,,1,108796,9.19151439391154E-06,0,0,1,7144,0,0,0,16950,0,0,0,2286,0,0,0,9044,0,0,0,13280,0,0,0,42546,0,0,0,1900,0,0,0,15646,0,0
10,77160895,rs752574413,G,A,gnomAD Exomes,PASS,NA,p.Pro95Ser,p.Pro95Ser,c.283C>T,missense_variant,,3,108806,2.75720088965682E-05,0,0,0,7146,0,0,0,16974,0,0,0,2280,0,0,0,9044,0,0,0,13280,0,0,3,42556,0,0,0,1900,0,0,0,15626,0,0
10,77160910,rs757050303,G,A,gnomAD Exomes,PASS,NA,p.Pro90Ser,p.Pro90Ser,c.268C>T,missense_variant,,1,108394,9.22560289314907E-06,0,0,0,7128,0,0,0,16868,0,0,0,2264,0,0,0,9042,0,0,0,13244,0,0,0,42386,0,0,0,1890,0,0,1,15572,0,0
10,77160913,rs1166110794,G,A,gnomAD Exomes,PASS,NA,p.His89Tyr,p.His89Tyr,c.265C>T,missense_variant,,1,108252,9.23770461515723E-06,0,0,0,7126,0,0,0,16862,0,0,0,2252,0,0,0,9046,0,0,0,13236,0,0,1,42312,0,0,0,1882,0,0,0,15536,0,0
10,77160916,rs955064711,A,C,gnomAD Exomes,PASS,NA,p.Leu88Val,p.Leu88Val,c.262T>G,missense_variant,,1,108292,9.23429246851106E-06,0,0,0,7126,0,0,1,16880,0,0,0,2256,0,0,0,9046,0,0,0,13236,0,0,0,42326,0,0,0,1886,0,0,0,15536,0,0
10,77160919,rs1470128601,T,C,gnomAD Exomes,PASS,NA,p.Ile87Val,p.Ile87Val,c.259A>G,missense_variant,,1,108378,9.22696488217166E-06,0,0,0,7138,0,0,1,16962,0,0,0,2256,0,0,0,9044,0,0,0,13230,0,0,0,42336,0,0,0,1892,0,0,0,15520,0,0
10,77160924,rs766694576,C,T,gnomAD Exomes,PASS,NA,p.Gly85Asp,p.Gly85Asp,c.254G>A,missense_variant,,1,107996,9.25960220748916E-06,0,0,0,7128,0,0,0,16938,0,0,0,2224,0,0,1,9040,0,0,0,13202,0,0,0,42148,0,0,0,1884,0,0,0,15432,0,0
10,77160927,rs751895967,G,T,gnomAD Exomes,PASS,NA,p.Thr84Asn,p.Thr84Asn,c.251C>A,missense_variant,,1,108152,9.24624602411421E-06,0,0,0,7126,0,0,0,16954,0,0,0,2236,0,0,0,9044,0,0,0,13188,0,0,1,42254,0,0,0,1888,0,0,0,15462,0,0
10,77160954,rs150950256,T,C,gnomAD Exomes,PASS,NA,p.Lys75Arg,p.Lys75Arg,c.224A>G,missense_variant,,1,107418,9.30942672550224E-06,0,0,0,7084,0,0,0,16828,0,0,0,2196,0,0,0,9018,0,0,0,13092,0,0,1,42042,0,0,0,1882,0,0,0,15276,0,0
10,77160958,rs369149918,T,A,gnomAD Exomes,PASS,NA,p.Ile74Phe,p.Ile74Phe,c.220A>T,missense_variant,,1,107216,9.32696612445904E-06,0,0,0,7066,0,0,0,16800,0,0,0,2170,0,0,0,9020,0,0,1,13068,0,0,0,41964,0,0,0,1886,0,0,0,15242,0,0
10,77160958,rs369149918,T,C,gnomAD Exomes,PASS,NA,p.Ile74Val,p.Ile74Val,c.220A>G,missense_variant,,1,107216,9.32696612445904E-06,0,0,0,7066,0,0,0,16800,0,0,0,2170,0,0,0,9020,0,0,0,13068,0,0,1,41964,0,0,0,1886,0,0,0,15242,0,0
10,77160961,rs1426901194,G,A,gnomAD Exomes,PASS,NA,p.Pro73Ser,p.Pro73Ser,c.217C>T,missense_variant,,1,106864,9.35768827668813E-06,0,0,0,7034,0,0,1,16754,0,0,0,2164,0,0,0,9012,0,0,0,13014,0,0,0,41824,0,0,0,1874,0,0,0,15188,0,0
10,77160976,rs1380622961,G,A,gnomAD Exomes,PASS,NA,p.Gln68Ter,p.Gln68Ter,c.202C>T,stop_gained,,1,106180,9.41796948577887E-06,0,0,0,6916,0,0,0,16746,0,0,0,2154,0,0,0,8978,0,0,0,12878,0,0,0,41516,0,0,0,1864,0,0,1,15128,0,0
10,77160979,rs1317714128,G,A,gnomAD Exomes,PASS,NA,p.Arg67Cys,p.Arg67Cys,c.199C>T,missense_variant,,1,106010,9.43307235166493E-06,0,0,1,6896,0,0,0,16732,0,0,0,2144,0,0,0,8962,0,0,0,12816,0,0,0,41458,0,0,0,1854,0,0,0,15148,0,0
10,77160984,rs745534319,G,A,gnomAD Exomes,PASS,NA,p.Pro65Leu,p.Pro65Leu,c.194C>T,missense_variant,,1,105582,9.47131139777614E-06,0,0,0,6778,0,0,0,16708,0,0,0,2160,0,0,0,8928,0,0,0,12766,0,0,1,41314,0,0,0,1838,0,0,0,15090,0,0
10,77160987,rs1323302213,T,G,gnomAD Exomes,PASS,NA,p.Asp64Ala,p.Asp64Ala,c.191A>C,missense_variant,,1,105636,9.46646976409557E-06,0,0,0,6782,0,0,0,16780,0,0,0,2156,0,0,0,8940,0,0,1,12712,0,0,0,41302,0,0,0,1838,0,0,0,15126,0,0
10,77160988,rs994168143,C,T,gnomAD Exomes,PASS,NA,p.Asp64Asn,p.Asp64Asn,c.190G>A,missense_variant,,4,105324,3.79780486878584E-05,0,0,0,6732,0,0,4,16752,0,0,0,2158,0,0,0,8886,0,0,0,12704,0,0,0,41148,0,0,0,1832,0,0,0,15112,0,0
10,77160993,rs764069684,G,A,gnomAD Exomes,PASS,NA,p.Pro62Leu,p.Pro62Leu,c.185C>T,missense_variant,,2,104708,1.91007372884593E-05,0,0,0,6654,0,0,0,16660,0,0,0,2154,0,0,0,8816,0,0,0,12602,0,0,2,40894,0,0,0,1824,0,0,0,15104,0,0
10,77160994,rs761662001,G,C,gnomAD Exomes,PASS,NA,p.Pro62Ala,p.Pro62Ala,c.184C>G,missense_variant,,1,104520,9.56754688097972E-06,0,0,0,6588,0,0,0,16634,0,0,0,2154,0,0,0,8796,0,0,0,12608,0,0,1,40802,0,0,0,1808,0,0,0,15130,0,0
10,77160996,rs765125199,G,A,gnomAD Exomes,PASS,NA,p.Pro61Leu,p.Pro61Leu,c.182C>T,missense_variant,,2,103988,1.9232988421741E-05,0,0,0,6492,0,0,0,16608,0,0,0,2140,0,0,2,8758,0,0,0,12526,0,0,0,40596,0,0,0,1802,0,0,0,15066,0,0
10,77160996,rs765125199,G,T,gnomAD Exomes,PASS,NA,p.Pro61His,p.Pro61His,c.182C>A,missense_variant,,1,103988,9.61649421087049E-06,0,0,0,6492,0,0,0,16608,0,0,0,2140,0,0,0,8758,0,0,0,12526,0,0,1,40596,0,0,0,1802,0,0,0,15066,0,0
10,77160997,rs1266621889,G,A,gnomAD Exomes,PASS,NA,p.Pro61Ser,p.Pro61Ser,c.181C>T,missense_variant,,1,103056,9.70346219531129E-06,0,0,1,6376,0,0,0,16506,0,0,0,2122,0,0,0,8646,0,0,0,12364,0,0,0,40282,0,0,0,1786,0,0,0,14974,0,0
10,77161000,rs755269789,C,A,gnomAD Exomes,PASS,NA,p.Val60Leu,p.Val60Leu,c.178G>T,missense_variant,,0,102954,0,0,0,0,6352,0,0,0,16484,0,0,0,2090,0,0,0,8630,0,0,0,12386,0,0,0,40178,0,0,0,1792,0,0,0,15042,0,0
10,77161000,rs755269789,C,G,gnomAD Genomes,NA,PASS,p.Val60Leu,p.Val60Leu,c.178G>C,missense_variant,,1,10828,9.235315847802E-05,0,0,0,2560,0,0,0,246,0,0,0,38,0,0,0,916,0,0,0,1162,0,0,1,5484,0,0,0,422,0,0,0,0,0,0
10,77161006,rs1451894682,G,A,gnomAD Exomes,PASS,NA,p.His58Tyr,p.His58Tyr,c.172C>T,missense_variant,,0,101304,0,0,0,0,6106,0,0,0,16302,0,0,0,2082,0,0,0,8374,0,0,0,12130,0,0,0,39608,0,0,0,1778,0,0,0,14924,0,0
10,77161008,rs767660621,A,C,gnomAD Exomes,PASS,NA,p.Val57Gly,p.Val57Gly,c.170T>G,missense_variant,,1,101408,9.86115493846639E-06,0,0,0,6090,0,0,0,16300,0,0,0,2092,0,0,0,8380,0,0,0,12228,0,0,1,39568,0,0,0,1780,0,0,0,14970,0,0
10,77161011,rs1192481800,A,G,gnomAD Genomes,NA,PASS,p.Phe56Ser,p.Phe56Ser,c.167T>C,missense_variant,,1,10842,9.22339051835455E-05,0,0,0,2560,0,0,0,246,0,0,0,38,0,0,1,916,0,0,0,1162,0,0,0,5498,0,0,0,422,0,0,0,0,0,0
10,77161014,rs752804558,G,T,gnomAD Exomes,PASS,NA,p.Pro55His,p.Pro55His,c.164C>A,missense_variant,,0,99492,0,0,0,0,5870,0,0,0,16110,0,0,0,2074,0,0,0,8138,0,0,0,11980,0,0,0,38758,0,0,0,1746,0,0,0,14816,0,0
10,77161015,rs756210383,G,A,gnomAD Exomes,PASS,NA,p.Pro55Ser,p.Pro55Ser,c.163C>T,missense_variant,,7,97426,7.18494036499497E-05,0,0,0,5608,0,0,1,15888,0,0,0,2028,0,0,0,7900,0,0,0,11660,0,0,3,38010,0,0,0,1716,0,0,3,14616,0,0
10,77161027,rs377658290,C,T,"gnomAD Exomes,gnomAD Genomes",PASS,PASS,p.Gly51Ser,p.Gly51Ser,c.151G>A,missense_variant,,1,98374,1.01652875759855E-05,0,0,1,7226,0,0,0,15008,0,0,0,1878,0,0,0,7694,0,0,0,11384,0,0,0,39344,0,0,0,2040,0,0,0,13800,0,0
10,77161032,rs745483116,G,C,gnomAD Exomes,PASS,NA,p.Pro49Arg,p.Pro49Arg,c.146C>G,missense_variant,,0,85892,0,0,0,0,4502,0,0,0,14568,0,0,0,1818,0,0,0,6612,0,0,0,9836,0,0,0,33204,0,0,0,1614,0,0,0,13738,0,0
10,77161036,rs781534277,A,ACGAGCCTGGGCCGGGGC,gnomAD Exomes,PASS,NA,p.Ser48AlafsTer36,p.Ser48AlafsTer36,c.125_141dupGCCCCGGCCCAGGCTCG,frameshift_variant,,1,83368,1.19950100758085E-05,0,0,0,4332,0,0,0,14292,0,0,0,1764,0,0,0,6382,0,0,0,9558,0,0,0,31894,0,0,0,1596,0,0,1,13550,0,0
10,77161039,rs923688202,A,G,gnomAD Exomes,PASS,NA,p.Ser47Pro,p.Ser47Pro,c.139T>C,missense_variant,,1,81728,1.22357086922475E-05,0,0,0,4214,0,0,1,14158,0,0,0,1746,0,0,0,6222,0,0,0,9350,0,0,0,31054,0,0,0,1574,0,0,0,13410,0,0
10,77161043,rs750741025,T,TGGGCCG,gnomAD Exomes,PASS,NA,p.Pro45_Gly46dup,p.Pro45_Gly46dup,c.129_134dupCGGCCC,inframe_insertion,,3,79034,3.79583470405142E-05,0,0,1,4028,0,0,0,13876,0,0,1,1714,0,0,0,5956,0,0,0,8908,0,0,1,29782,0,0,0,1524,0,0,0,13246,0,0
10,77161048,rs935115439,C,T,"gnomAD Exomes,gnomAD Genomes",PASS,PASS,p.Gly44Ser,p.Gly44Ser,c.130G>A,missense_variant,,4,83934,4.76564920056234E-05,0,0,0,6204,0,0,0,13590,0,0,0,1678,0,0,0,6406,0,0,1,9106,0,0,1,32338,0,0,1,1862,0,0,1,12750,0,0
10,77161051,rs775054967,G,A,gnomAD Exomes,PASS,NA,p.Pro43Ser,p.Pro43Ser,c.127C>T,missense_variant,,0,70824,0,0,0,0,3464,0,0,0,13120,0,0,0,1614,0,0,0,5228,0,0,0,7628,0,0,0,25788,0,0,0,1434,0,0,0,12548,0,0
10,77161051,rs775054967,G,C,gnomAD Exomes,PASS,NA,p.Pro43Ala,p.Pro43Ala,c.127C>G,missense_variant,,1,70824,1.4119507511578E-05,0,0,0,3464,0,0,0,13120,0,0,0,1614,0,0,0,5228,0,0,0,7628,0,0,0,25788,0,0,0,1434,0,0,1,12548,0,0
10,77161051,rs775054967,GGCCGGA,G,gnomAD Exomes,PASS,NA,p.Ser41_Gly42del,p.Ser41_Gly42del,c.121_126delTCCGGC,inframe_deletion,,1,70824,1.4119507511578E-05,0,0,0,3464,0,0,0,13120,0,0,0,1614,0,0,0,5228,0,0,0,7628,0,0,0,25788,0,0,0,1434,0,0,1,12548,0,0
10,77161053,rs756952833,C,A,gnomAD Exomes,PASS,NA,p.Gly42Val,p.Gly42Val,c.125G>T,missense_variant,,4,69318,5.77050693903459E-05,0,0,0,3366,0,0,0,12964,0,0,0,1578,0,0,0,5120,0,0,2,7342,0,0,0,25084,0,0,0,1424,0,0,2,12440,0,0
10,77161054,rs373358017,C,T,gnomAD Exomes,PASS,NA,p.Gly42Ser,p.Gly42Ser,c.124G>A,missense_variant,,0,68970,0,0,0,0,3350,0,0,0,12940,0,0,0,1572,0,0,0,5076,0,0,0,7244,0,0,0,24938,0,0,0,1420,0,0,0,12430,0,0
10,77161059,rs375353140,C,G,gnomAD Exomes,PASS,NA,p.Ser40Thr,p.Ser40Thr,c.119G>C,missense_variant,,2,66538,3.00580119630888E-05,0,0,0,3186,0,0,0,12764,0,0,0,1548,0,0,2,4874,0,0,0,6844,0,0,0,23728,0,0,0,1392,0,0,0,12202,0,0
10,77161065,rs761853069,C,G,gnomAD Exomes,PASS,NA,p.Gly38Ala,p.Gly38Ala,c.113G>C,missense_variant,,1,63226,1.58162781134343E-05,0,0,0,3006,0,0,1,12608,0,0,0,1512,0,0,0,4612,0,0,0,6088,0,0,0,22100,0,0,0,1350,0,0,0,11950,0,0
10,77161071,rs770592586,A,AGCGCGCTGGTCCAGGCAGGGTCT,gnomAD Exomes,PASS,NA,p.Leu36GlnfsTer50,p.Leu36GlnfsTer50,c.84_106dupAGACCCTGCCTGGACCAGCGCGC,frameshift_variant,,1,61128,1.63591152990446E-05,0,0,0,2884,0,0,1,12478,0,0,0,1488,0,0,0,4472,0,0,0,5544,0,0,0,21146,0,0,0,1330,0,0,0,11786,0,0
10,77161077,rs762893634,C,T,gnomAD Exomes,PASS,NA,p.Ser34Asn,p.Ser34Asn,c.101G>A,missense_variant,,1,59130,1.69118890580078E-05,0,0,0,2766,0,0,0,12380,0,0,0,1470,0,0,0,4324,0,0,1,4966,0,0,0,20276,0,0,0,1316,0,0,0,11632,0,0
10,77161087,rs548026488,C,A,gnomAD Exomes,PASS,NA,p.Ala31Ser,p.Ala31Ser,c.91G>T,missense_variant,,1,57352,1.74361835681406E-05,0,0,0,2604,0,0,0,12308,0,0,0,1462,0,0,0,4144,0,0,0,4418,0,0,1,19634,0,0,0,1304,0,0,0,11478,0,0
10,77161087,rs548026488,C,G,"gnomAD Exomes,gnomAD Genomes",PASS,PASS,p.Ala31Pro,p.Ala31Pro,c.91G>C,missense_variant,,16,68138,0.000234817576096,0,0,14,5104,0,0,2,12554,0,0,0,1500,0,0,0,5060,0,0,0,5580,0,0,0,25134,0,0,0,1728,0,0,0,11478,0,0
10,77161090,rs1197708527,G,A,gnomAD Exomes,PASS,NA,p.Pro30Ser,p.Pro30Ser,c.88C>T,missense_variant,,1,55882,1.78948498622097E-05,0,0,0,2452,0,0,0,12098,0,0,0,1402,0,0,0,4094,0,0,0,4138,0,0,1,19062,0,0,0,1282,0,0,0,11354,0,0
10,77161092,rs1027382680,T,C,gnomAD Genomes,NA,PASS,p.Asp29Gly,p.Asp29Gly,c.86A>G,missense_variant,,1,10494,9.52925481227368E-05,0,0,0,2448,0,0,0,238,0,0,0,38,0,0,0,914,0,0,0,1144,0,0,1,5308,0,0,0,404,0,0,0,0,0,0
10,77161093,rs113760752,C,T,gnomAD Exomes,PASS,NA,p.Asp29Asn,p.Asp29Asn,c.85G>A,missense_variant,,1,56350,1.77462289263532E-05,0,0,1,2432,0,0,0,12254,0,0,0,1454,0,0,0,4076,0,0,0,4094,0,0,0,19346,0,0,0,1290,0,0,0,11404,0,0
10,77161095,rs1181893902,G,GCACCGCCGCCTCCGC,gnomAD Exomes,PASS,NA,p.Gly23_Gly27dup,p.Gly23_Gly27dup,c.68_82dupGCGGAGGCGGCGGTG,inframe_insertion,lcr,1,54640,1.83016105417277E-05,0,0,0,2406,0,0,1,12008,0,0,0,1356,0,0,0,4064,0,0,0,3794,0,0,0,18540,0,0,0,1262,0,0,0,11210,0,0
10,77161096,rs1384653057,C,T,gnomAD Exomes,PASS,NA,p.Ala28Thr,p.Ala28Thr,c.82G>A,missense_variant,lcr,0,56006,0,0,0,0,2394,0,0,0,12238,0,0,0,1454,0,0,0,4062,0,0,0,3936,0,0,0,19246,0,0,0,1286,0,0,0,11390,0,0
10,77161097,rs878911254,A,ACCGCCG,gnomAD Exomes,PASS,NA,p.Gly26_Gly27dup,p.Gly26_Gly27dup,c.75_80dupCGGCGG,inframe_insertion,lcr,1,53968,1.85294989623481E-05,0,0,0,2370,0,0,0,11978,0,0,0,1332,0,0,0,4050,0,0,0,3518,0,0,0,18308,0,0,1,1256,0,0,0,11156,0,0
10,77161097,rs878911254,A,ACCGCCGCCTCCGCCT,"gnomAD Exomes,gnomAD Genomes",PASS,PASS,p.Gly23_Gly27dup,p.Gly23_Gly27dup,c.66_80dupAGGCGGAGGCGGCGG,inframe_insertion,lcr,5,64300,7.7760497667185E-05,0,0,0,4700,0,0,2,12214,0,0,0,1370,0,0,3,4966,0,0,0,4662,0,0,0,23574,0,0,0,1658,0,0,0,11156,0,0
10,77161097,rs878911254,ACCGCCGCCTCCGCCT,A,gnomAD Exomes,PASS,NA,p.Gly23_Gly27del,p.Gly23_Gly27del,c.66_80delAGGCGGAGGCGGCGG,inframe_deletion,lcr,1,53968,1.85294989623481E-05,0,0,0,2370,0,0,0,11978,0,0,0,1332,0,0,0,4050,0,0,0,3518,0,0,1,18308,0,0,0,1256,0,0,0,11156,0,0
10,77161100,rs762649774,G,GCCGCCGCCGCCTCCGCCT,gnomAD Exomes,PASS,NA,p.Gly22_Gly27dup,p.Gly22_Gly27dup,c.77_78insAGGCGGAGGCGGCGGCGG,inframe_insertion,lcr,1,55358,1.80642364247263E-05,0,0,0,2546,0,0,0,12200,0,0,0,1444,0,0,0,4042,0,0,0,3730,0,0,1,18860,0,0,0,1272,0,0,0,11264,0,0
10,77161100,rs762649774,G,GCCGCCT,"gnomAD Exomes,gnomAD Genomes",PASS,PASS,p.Gly26_Gly27dup,p.Gly26_Gly27dup,c.72_77dupAGGCGG,inframe_insertion,lcr,19,66162,0.000287173906472,0,0,11,5092,0,0,1,12446,0,0,0,1482,0,0,2,4954,0,0,0,4892,0,0,1,24340,0,0,0,1692,0,0,4,11264,0,0
10,77161100,rs762649774,G,GCCGCCTCCGCCT,"gnomAD Exomes,gnomAD Genomes",PASS,PASS,p.Gly24_Gly27dup,p.Gly24_Gly27dup,c.66_77dupAGGCGGAGGCGG,inframe_insertion,lcr,2098,66162,0.03171004504096,47,0,49,5092,0,0,337,12446,7,0,121,1482,3,0,0,4954,0,0,96,4892,1,0,1249,24340,32,0,76,1692,1,0,170,11264,3,0
10,77161100,rs762649774,G,GCCGCCTCCGCCTCCGCCT,gnomAD Exomes,PASS,NA,p.Gly22_Gly27dup,p.Gly22_Gly27dup,c.77_78insAGGCGGAGGCGGAGGCGG,inframe_insertion,lcr,1,55358,1.80642364247263E-05,0,0,0,2546,0,0,0,12200,0,0,0,1444,0,0,0,4042,0,0,0,3730,0,0,1,18860,0,0,0,1272,0,0,0,11264,0,0
10,77161100,rs762649774,GCCGCCT,G,"gnomAD Exomes,gnomAD Genomes",PASS,PASS,p.Gly26_Gly27del,p.Gly26_Gly27del,c.72_77delAGGCGG,inframe_deletion,lcr,1626,66162,0.024576040627551,180,0,1408,5092,178,0,161,12446,2,0,0,1482,0,0,1,4954,0,0,2,4892,0,0,21,24340,0,0,17,1692,0,0,16,11264,0,0
10,77161105,rs1173189326,C,G,gnomAD Exomes,PASS,NA,p.Gly25Arg,p.Gly25Arg,c.73G>C,missense_variant,lcr,1,55842,1.79076680634648E-05,0,0,0,2540,0,0,0,12218,0,0,0,1454,0,0,0,4044,0,0,0,3996,0,0,1,19030,0,0,0,1278,0,0,0,11282,0,0
10,77161106,rs780118403,T,TCCG,"gnomAD Exomes,gnomAD Genomes",PASS,PASS,p.Gly27dup,p.Gly27dup,c.69_71dupCGG,inframe_insertion,lcr,217,66510,0.00326266726808,0,0,15,5018,0,0,22,12460,0,0,11,1492,0,0,0,4952,0,0,6,5104,0,0,83,24508,0,0,7,1702,0,0,73,11274,0,0
10,77161106,rs780118403,T,TCCGCCG,gnomAD Exomes,PASS,NA,p.Gly26_Gly27dup,p.Gly26_Gly27dup,c.71_72insCGGCGG,inframe_insertion,lcr,1,55708,1.79507431607669E-05,0,0,0,2486,0,0,0,12214,0,0,0,1454,0,0,0,4040,0,0,0,3942,0,0,1,19018,0,0,0,1280,0,0,0,11274,0,0
10,77161106,rs780118403,TCCGCCTCCGCCGCCG,T,gnomAD Exomes,PASS,NA,p.Gly23_Gly27del,p.Gly23_Gly27del,c.57_71delCGGCGGCGGAGGCGG,inframe_deletion,lcr,1,55708,1.79507431607669E-05,0,0,0,2486,0,0,0,12214,0,0,0,1454,0,0,0,4040,0,0,0,3942,0,0,0,19018,0,0,0,1280,0,0,1,11274,0,0
10,77161109,rs1007318667,G,GCCT,gnomAD Exomes,PASS,NA,p.Gly27dup,p.Gly27dup,c.66_68dupAGG,inframe_insertion,lcr,3,55718,5.38425643418644E-05,0,0,0,2496,0,0,0,12206,0,0,0,1452,0,0,3,4038,0,0,0,4042,0,0,0,18992,0,0,0,1282,0,0,0,11210,0,0
10,77161109,rs1007318667,GCCT,G,"gnomAD Exomes,gnomAD Genomes",PASS,PASS,p.Gly27del,p.Gly27del,c.66_68delAGG,inframe_deletion,lcr,3,66544,4.50829526328444E-05,0,0,3,5054,0,0,0,12452,0,0,0,1488,0,0,0,4948,0,0,0,5200,0,0,0,24486,0,0,0,1706,0,0,0,11210,0,0
10,77161112,rs11542744,T,TCCG,"gnomAD Exomes,gnomAD Genomes",PASS,PASS,p.Gly27dup,p.Gly27dup,c.63_65dupCGG,inframe_insertion,lcr,12,63658,0.000188507336077,0,0,2,4834,0,0,1,11912,0,0,0,1464,0,0,2,4596,0,0,0,4710,0,0,3,23614,0,0,0,1638,0,0,4,10890,0,0
10,77161112,rs11542744,T,TCCGCCG,"gnomAD Exomes,gnomAD Genomes",PASS,PASS,p.Gly26_Gly27dup,p.Gly26_Gly27dup,c.60_65dupCGGCGG,inframe_insertion,lcr,31,63658,0.000486977284866,1,0,1,4834,0,0,0,11912,0,0,0,1464,0,0,1,4596,0,0,8,4710,0,0,12,23614,0,0,0,1638,0,0,9,10890,1,0
10,77161112,rs11542744,T,TCCGCCTCCGCCG,"gnomAD Exomes,gnomAD Genomes",PASS,PASS,p.Gly24_Gly27dup,p.Gly24_Gly27dup,c.65_66insCGGCGGAGGCGG,inframe_insertion,lcr,68,63658,0.001068208237771,0,0,1,4834,0,0,0,11912,0,0,1,1464,0,0,0,4596,0,0,2,4710,0,0,43,23614,0,0,2,1638,0,0,19,10890,0,0
10,77161112,rs11542744,T,TCCGCCTCCGCCTCCG,gnomAD Genomes,NA,PASS,p.Gly23_Gly27dup,p.Gly23_Gly27dup,c.65_66insCGGAGGCGGAGGCGG,inframe_insertion,lcr,2,10690,0.000187090739008,0,0,0,2496,0,0,0,242,0,0,0,38,0,0,0,914,0,0,0,1136,0,0,2,5448,0,0,0,416,0,0,0,0,0,0
10,77161112,rs11542744,TCCG,T,gnomAD Exomes,PASS,NA,p.Gly27del,p.Gly27del,c.63_65delCGG,inframe_deletion,lcr,28,52968,0.000528621054221,0,0,1,2338,0,0,0,11670,0,0,0,1426,0,0,0,3682,0,0,24,3574,0,0,2,18166,0,0,0,1222,0,0,1,10890,0,0
10,77161112,rs11542744,TCCGCCG,T,"gnomAD Exomes,gnomAD Genomes",PASS,PASS,p.Gly26_Gly27del,p.Gly26_Gly27del,c.60_65delCGGCGG,inframe_deletion,lcr,13,63658,0.00020421628075,0,0,1,4834,0,0,1,11912,0,0,0,1464,0,0,3,4596,0,0,0,4710,0,0,5,23614,0,0,3,1638,0,0,0,10890,0,0
10,77161115,rs752148679,G,GCCT,gnomAD Exomes,PASS,NA,p.Gly27dup,p.Gly27dup,c.62_63insAGG,inframe_insertion,lcr,1,51316,1.94870995401044E-05,0,0,0,2214,0,0,1,11396,0,0,0,1382,0,0,0,3584,0,0,0,3414,0,0,0,17714,0,0,0,1190,0,0,0,10422,0,0
10,77161126,rs569991258,C,T,gnomAD Exomes,PASS,NA,p.Gly18Ser,p.Gly18Ser,c.52G>A,missense_variant,lcr,1,56704,1.76354401805869E-05,0,0,0,2602,0,0,0,12216,0,0,0,1454,0,0,0,4032,0,0,0,4802,0,0,0,19020,0,0,0,1286,0,0,1,11292,0,0
10,77161126,rs569991258,C,CGCCGCT,gnomAD Exomes,PASS,NA,p.Ser16_Gly17dup,p.Ser16_Gly17dup,c.46_51dupAGCGGC,inframe_insertion,lcr,1,56704,1.76354401805869E-05,0,0,0,2602,0,0,0,12216,0,0,0,1454,0,0,0,4032,0,0,0,4802,0,0,1,19020,0,0,0,1286,0,0,0,11292,0,0
10,77161128,rs1283645789,C,T,gnomAD Genomes,NA,PASS,p.Gly17Asp,p.Gly17Asp,c.50G>A,missense_variant,lcr,5,10850,0.000460829493088,0,0,0,2566,0,0,0,246,0,0,0,38,0,0,0,916,0,0,0,1160,0,0,5,5500,0,0,0,424,0,0,0,0,0,0
10,77161129,rs767764991,CGCT,C,gnomAD Exomes,PASS,NA,p.Ser16del,p.Ser16del,c.46_48delAGC,inframe_deletion,lcr,7,56886,0.000123053123791,0,0,0,2606,0,0,3,12220,0,0,4,1454,0,0,0,4038,0,0,0,4970,0,0,0,19018,0,0,0,1292,0,0,0,11288,0,0
10,77161132,rs976544550,T,C,"gnomAD Exomes,gnomAD Genomes",PASS,PASS,p.Ser16Gly,p.Ser16Gly,c.46A>G,missense_variant,,4,67722,5.90650010336375E-05,0,0,0,5164,0,0,1,12458,0,0,0,1492,0,0,0,4956,0,0,1,6186,0,0,2,24460,0,0,0,1718,0,0,0,11288,0,0
10,77161135,rs956436529,G,C,gnomAD Genomes,NA,PASS,p.His15Asp,p.His15Asp,c.43C>G,missense_variant,,3,10812,0.000277469478357,0,0,3,2560,0,0,0,246,0,0,0,38,0,0,0,916,0,0,0,1162,0,0,0,5466,0,0,0,424,0,0,0,0,0,0
10,77161141,rs1214606813,T,C,gnomAD Exomes,PASS,NA,p.Ser13Gly,p.Ser13Gly,c.37A>G,missense_variant,,0,57110,0,0,0,0,2604,0,0,0,12210,0,0,0,1454,0,0,0,4038,0,0,0,5198,0,0,0,19018,0,0,0,1296,0,0,0,11292,0,0
10,77161149,rs1217847122,A,G,gnomAD Exomes,PASS,NA,p.Leu10Pro,p.Leu10Pro,c.29T>C,missense_variant,,1,56740,1.76242509693338E-05,0,0,0,2580,0,0,0,12202,0,0,0,1454,0,0,1,4026,0,0,0,4928,0,0,0,18998,0,0,0,1290,0,0,0,11262,0,0
10,77161152,rs537447500,G,A,"gnomAD Exomes,gnomAD Genomes",PASS,PASS,p.Ala9Val,p.Ala9Val,c.26C>T,missense_variant,,7,67436,0.000103802123495,0,0,3,5140,0,0,0,12446,0,0,0,1490,0,0,0,4934,0,0,0,5970,0,0,4,24496,0,0,0,1710,0,0,0,11250,0,0
10,77161159,rs779751573,G,A,gnomAD Exomes,PASS,NA,p.Leu7Phe,p.Leu7Phe,c.19C>T,missense_variant,,8,56276,0.000142156514322,0,0,0,2552,0,0,8,12182,0,0,0,1452,0,0,0,4012,0,0,0,4576,0,0,0,18990,0,0,0,1288,0,0,0,11224,0,0
10,77161165,rs1486251358,G,A,gnomAD Exomes,PASS,NA,p.Pro5Ser,p.Pro5Ser,c.13C>T,missense_variant,,0,56032,0,0,0,0,2524,0,0,0,12178,0,0,0,1452,0,0,0,3998,0,0,0,4422,0,0,0,18980,0,0,0,1284,0,0,0,11194,0,0
10,77161170,rs1188285501,G,C,gnomAD Exomes,PASS,NA,p.Thr3Arg,p.Thr3Arg,c.8C>G,missense_variant,,1,55888,1.7892928714572E-05,0,0,0,2502,0,0,0,12160,0,0,0,1450,0,0,0,3998,0,0,0,4356,0,0,0,18972,0,0,0,1280,0,0,1,11170,0,0
10,77161172,rs1418005586,G,T,gnomAD Exomes,PASS,NA,p.Ser2Arg,p.Ser2Arg,c.6C>A,missense_variant,,2,55464,3.60594259339391E-05,0,0,0,2374,0,0,0,12126,0,0,0,1440,0,0,0,3944,0,0,0,4308,0,0,0,18870,0,0,0,1274,0,0,2,11128,0,0
10,77161173,rs746644250,C,T,gnomAD Exomes,PASS,NA,p.Ser2Asn,p.Ser2Asn,c.5G>A,missense_variant,,2,55382,3.6112816438554E-05,0,0,0,2366,0,0,0,12126,0,0,0,1440,0,0,0,3938,0,0,0,4258,0,0,2,18862,0,0,0,1274,0,0,0,11118,0,0
10,77161176,rs938950499,A,G,gnomAD Genomes,NA,PASS,p.Met1?,p.Met1?,c.2T>C,start_lost,,1,10822,9.24043614858621E-05,0,0,1,2568,0,0,0,246,0,0,0,38,0,0,0,916,0,0,0,1162,0,0,0,5476,0,0,0,416,0,0,0,0,0,0
10,77161177,rs1431879859,T,A,gnomAD Exomes,PASS,NA,p.Met1?,p.Met1?,c.1A>T,start_lost,,0,54606,0,0,0,0,2180,0,0,0,12078,0,0,0,1434,0,0,0,3856,0,0,0,4000,0,0,0,18748,0,0,0,1264,0,0,0,11046,0,0
10,77161177,rs1431879859,T,C,gnomAD Exomes,PASS,NA,p.Met1?,p.Met1?,c.1A>G,start_lost,,0,54606,0,0,0,0,2180,0,0,0,12078,0,0,0,1434,0,0,0,3856,0,0,0,4000,0,0,0,18748,0,0,0,1264,0,0,0,11046,0,0
