Chromosome,Position,rsID,Reference,Alternate,Source,Filters - exomes,Filters - genomes,Consequence,Protein Consequence,Transcript Consequence,Annotation,Flags,Allele Count,Allele Number,Allele Frequency,Homozygote Count,Hemizygote Count,Allele Count African,Allele Number African,Homozygote Count African,Hemizygote Count African,Allele Count Latino,Allele Number Latino,Homozygote Count Latino,Hemizygote Count Latino,Allele Count Ashkenazi Jewish,Allele Number Ashkenazi Jewish,Homozygote Count Ashkenazi Jewish,Hemizygote Count Ashkenazi Jewish,Allele Count East Asian,Allele Number East Asian,Homozygote Count East Asian,Hemizygote Count East Asian,Allele Count European (Finnish),Allele Number European (Finnish),Homozygote Count European (Finnish),Hemizygote Count European (Finnish),Allele Count European (non-Finnish),Allele Number European (non-Finnish),Homozygote Count European (non-Finnish),Hemizygote Count European (non-Finnish),Allele Count Other,Allele Number Other,Homozygote Count Other,Hemizygote Count Other,Allele Count South Asian,Allele Number South Asian,Homozygote Count South Asian,Hemizygote Count South Asian
8,145137635,rs782363496,T,A,gnomAD Exomes,PASS,NA,p.Met1?,p.Met1?,c.2T>A,start_lost,,0,27692,0,0,0,0,136,0,0,0,6720,0,0,0,1046,0,0,0,226,0,0,0,1112,0,0,0,10266,0,0,0,542,0,0,0,7644,0,0
8,145137652,rs781957928,C,T,gnomAD Exomes,PASS,NA,p.Pro7Ser,p.Pro7Ser,c.19C>T,missense_variant,,1,30174,3.31411148671041E-05,0,0,0,138,0,0,0,7464,0,0,0,1124,0,0,0,254,0,0,0,1276,0,0,0,11252,0,0,1,586,0,0,0,8080,0,0
8,145137662,,G,C,gnomAD Exomes,PASS,NA,p.Arg10Pro,p.Arg10Pro,c.29G>C,missense_variant,,1,30204,3.31081975897232E-05,0,0,0,136,0,0,0,7446,0,0,0,1136,0,0,0,250,0,0,0,1270,0,0,0,11306,0,0,0,594,0,0,1,8066,0,0
8,145137677,,G,A,gnomAD Exomes,PASS,NA,p.Arg15His,p.Arg15His,c.44G>A,missense_variant,,1,30698,3.25754120789628E-05,0,0,0,140,0,0,1,7478,0,0,0,1142,0,0,0,326,0,0,0,1288,0,0,0,11598,0,0,0,600,0,0,0,8126,0,0
8,145137677,,G,T,gnomAD Exomes,PASS,NA,p.Arg15Leu,p.Arg15Leu,c.44G>T,missense_variant,mnv,0,30698,0,0,0,0,140,0,0,0,7478,0,0,0,1142,0,0,0,326,0,0,0,1288,0,0,0,11598,0,0,0,600,0,0,0,8126,0,0
8,145137682,rs545501388,G,T,gnomAD Exomes,PASS,NA,p.Val17Leu,p.Val17Leu,c.49G>T,missense_variant,,1,30920,3.23415265200517E-05,0,0,1,140,0,0,0,7460,0,0,0,1142,0,0,0,352,0,0,0,1310,0,0,0,11740,0,0,0,608,0,0,0,8168,0,0
8,145137683,,T,G,gnomAD Exomes,PASS,NA,p.Val17Gly,p.Val17Gly,c.50T>G,missense_variant,,1,30876,3.23876149760332E-05,0,0,0,140,0,0,1,7422,0,0,0,1146,0,0,0,358,0,0,0,1310,0,0,0,11730,0,0,0,604,0,0,0,8166,0,0
8,145137691,,C,G,gnomAD Genomes,NA,PASS,p.Leu20Val,p.Leu20Val,c.58C>G,missense_variant,,1,10834,9.23020121838656E-05,0,0,0,2558,0,0,0,244,0,0,0,38,0,0,1,916,0,0,0,1158,0,0,0,5500,0,0,0,420,0,0,0,0,0,0
8,145138028,rs782090972,G,A,gnomAD Exomes,PASS,NA,p.Val26Met,p.Val26Met,c.76G>A,missense_variant,,1,108120,9.24898261191269E-06,0,0,0,7056,0,0,0,16956,0,0,0,2304,0,0,0,8608,0,0,0,13252,0,0,0,42434,0,0,0,1876,0,0,1,15634,0,0
8,145138038,rs782336808,A,G,gnomAD Exomes,PASS,NA,p.Tyr29Cys,p.Tyr29Cys,c.86A>G,missense_variant,,1,108292,9.23429246851106E-06,0,0,1,7088,0,0,0,16984,0,0,0,2306,0,0,0,8628,0,0,0,13274,0,0,0,42470,0,0,0,1886,0,0,0,15656,0,0
8,145138041,rs782044661,T,C,gnomAD Exomes,PASS,NA,p.Val30Ala,p.Val30Ala,c.89T>C,missense_variant,,1,108294,9.23412192734593E-06,0,0,0,7084,0,0,0,16994,0,0,0,2306,0,0,0,8624,0,0,0,13270,0,0,1,42476,0,0,0,1886,0,0,0,15654,0,0
8,145138044,rs782817912,C,A,gnomAD Exomes,PASS,NA,p.Ala31Glu,p.Ala31Glu,c.92C>A,missense_variant,,1,108230,9.23958237087684E-06,0,0,0,7078,0,0,0,16982,0,0,0,2304,0,0,0,8626,0,0,0,13264,0,0,1,42440,0,0,0,1884,0,0,0,15652,0,0
8,145138046,,G,A,gnomAD Exomes,PASS,NA,p.Gly32Ser,p.Gly32Ser,c.94G>A,missense_variant,,1,108224,9.2400946185689E-06,0,0,0,7070,0,0,1,16988,0,0,0,2302,0,0,0,8620,0,0,0,13268,0,0,0,42436,0,0,0,1886,0,0,0,15654,0,0
8,145138051,,C,G,gnomAD Genomes,NA,PASS,p.Ile33Met,p.Ile33Met,c.99C>G,missense_variant,,1,10866,9.20301859009755E-05,0,0,0,2572,0,0,0,246,0,0,0,38,0,0,0,916,0,0,0,1162,0,0,1,5510,0,0,0,422,0,0,0,0,0,0
8,145138053,,C,A,gnomAD Genomes,NA,PASS,p.Ala34Asp,p.Ala34Asp,c.101C>A,missense_variant,,1,10864,9.20471281296024E-05,0,0,1,2570,0,0,0,246,0,0,0,38,0,0,0,916,0,0,0,1162,0,0,0,5512,0,0,0,420,0,0,0,0,0,0
8,145138077,rs781792698,C,A,gnomAD Exomes,PASS,NA,p.Pro42Gln,p.Pro42Gln,c.125C>A,missense_variant,,0,108512,0,0,0,0,7122,0,0,0,17028,0,0,0,2318,0,0,0,8638,0,0,0,13288,0,0,0,42564,0,0,0,1890,0,0,0,15664,0,0
8,145138092,,G,A,gnomAD Exomes,PASS,NA,p.Arg47His,p.Arg47His,c.140G>A,missense_variant,,1,108570,9.21064750851985E-06,0,0,0,7132,0,0,1,17038,0,0,0,2320,0,0,0,8638,0,0,0,13290,0,0,0,42596,0,0,0,1890,0,0,0,15666,0,0
8,145138093,rs782699739,CA,C,gnomAD Exomes,PASS,NA,p.Thr48LeufsTer52,p.Thr48LeufsTer52,c.142delA,frameshift_variant,,1,108568,9.21081718370054E-06,0,0,0,7132,0,0,0,17038,0,0,0,2320,0,0,1,8638,0,0,0,13290,0,0,0,42594,0,0,0,1890,0,0,0,15666,0,0
8,145138094,rs201909833,A,C,gnomAD Exomes,PASS,NA,p.Thr48Pro,p.Thr48Pro,c.142A>C,missense_variant,,2,108562,1.8422652493506E-05,0,0,0,7130,0,0,0,17030,0,0,0,2320,0,0,0,8638,0,0,0,13292,0,0,2,42596,0,0,0,1890,0,0,0,15666,0,0
8,145138100,rs567889599,A,G,gnomAD Exomes,PASS,NA,p.Met1?,p.Met1?,c.1A>G,start_lost,,1,108554,9.21200508502681E-06,0,0,0,7132,0,0,0,17032,0,0,0,2320,0,0,0,8638,0,0,0,13286,0,0,0,42590,0,0,0,1894,0,0,1,15662,0,0
8,145138101,rs200581623,T,A,gnomAD Exomes,PASS,NA,p.Met1?,p.Met1?,c.2T>A,start_lost,,4,108556,3.68473414643133E-05,0,0,0,7132,0,0,0,17032,0,0,0,2320,0,0,0,8638,0,0,0,13288,0,0,4,42586,0,0,0,1894,0,0,0,15666,0,0
8,145138107,,A,T,gnomAD Exomes,PASS,NA,p.Glu52Val,p.Glu52Val,c.155A>T,missense_variant,,1,108550,9.21234454168586E-06,0,0,0,7132,0,0,0,17036,0,0,0,2320,0,0,0,8638,0,0,1,13284,0,0,0,42584,0,0,0,1894,0,0,0,15662,0,0
8,145138115,rs782306067,A,G,gnomAD Exomes,PASS,NA,p.Met55Val,p.Met55Val,c.163A>G,missense_variant,,2,108516,1.84304618673744E-05,0,0,0,7132,0,0,0,17020,0,0,0,2320,0,0,0,8638,0,0,0,13280,0,0,0,42574,0,0,0,1892,0,0,2,15660,0,0
8,145138118,rs782158310,G,C,gnomAD Exomes,PASS,NA,p.Gly56Arg,p.Gly56Arg,c.166G>C,missense_variant,,1,108508,9.21591034762414E-06,0,0,0,7130,0,0,0,17014,0,0,0,2320,0,0,1,8636,0,0,0,13278,0,0,0,42580,0,0,0,1892,0,0,0,15658,0,0
8,145138119,rs782395107,G,A,gnomAD Exomes,PASS,NA,p.Gly56Asp,p.Gly56Asp,c.167G>A,missense_variant,,1,108470,9.21913893242371E-06,0,0,0,7126,0,0,0,17006,0,0,0,2318,0,0,0,8636,0,0,0,13274,0,0,1,42564,0,0,0,1892,0,0,0,15654,0,0
8,145138127,,A,G,gnomAD Exomes,PASS,NA,p.Met59Val,p.Met59Val,c.175A>G,missense_variant,,1,108420,9.22339051835455E-06,0,0,0,7132,0,0,1,16972,0,0,0,2320,0,0,0,8638,0,0,0,13276,0,0,0,42552,0,0,0,1888,0,0,0,15642,0,0
8,145138134,rs782097441,A,T,gnomAD Exomes,PASS,NA,p.Glu61Val,p.Glu61Val,c.182A>T,missense_variant,,1,108314,9.23241686208615E-06,0,0,0,7130,0,0,0,16916,0,0,0,2314,0,0,0,8638,0,0,0,13272,0,0,1,42538,0,0,0,1880,0,0,0,15626,0,0
8,145138149,rs782748731,G,T,gnomAD Exomes,PASS,NA,p.Gly66Val,p.Gly66Val,c.197G>T,missense_variant,,2,108004,1.8517832672864E-05,0,0,1,7118,0,0,0,16842,0,0,0,2300,0,0,0,8636,0,0,0,13234,0,0,1,42390,0,0,0,1876,0,0,0,15608,0,0
8,145138157,rs781808388,C,T,gnomAD Exomes,PASS,NA,p.Arg69Cys,p.Arg69Cys,c.205C>T,missense_variant,,0,107422,0,0,0,0,7106,0,0,0,16638,0,0,0,2274,0,0,0,8634,0,0,0,13214,0,0,0,42154,0,0,0,1864,0,0,0,15538,0,0
8,145138171,rs781805764,TG,T,gnomAD Exomes,PASS,NA,p.Ala74ProfsTer26,p.Ala74ProfsTer26,c.220delG,frameshift_variant,,1,106944,9.3506882106523E-06,0,0,0,7080,0,0,0,16582,0,0,0,2248,0,0,0,8622,0,0,0,13206,0,0,1,41844,0,0,0,1856,0,0,0,15506,0,0
8,145138172,rs369294562,G,T,gnomAD Exomes,PASS,NA,p.Ala74Ser,p.Ala74Ser,c.220G>T,missense_variant,,3,106984,2.80415763104763E-05,0,0,1,7078,0,0,2,16632,0,0,0,2248,0,0,0,8622,0,0,0,13202,0,0,0,41848,0,0,0,1852,0,0,0,15502,0,0
8,145138173,rs782793294,C,T,gnomAD Exomes,PASS,NA,p.Ala74Val,p.Ala74Val,c.221C>T,missense_variant,,1,106798,9.36347122605292E-06,0,0,0,7080,0,0,0,16634,0,0,0,2236,0,0,0,8620,0,0,0,13194,0,0,1,41714,0,0,0,1848,0,0,0,15472,0,0
8,145138190,rs781815658,C,T,gnomAD Exomes,PASS,NA,p.His80Tyr,p.His80Tyr,c.238C>T,missense_variant,,1,106838,9.35996555532675E-06,0,0,0,7106,0,0,1,16616,0,0,0,2212,0,0,0,8618,0,0,0,13178,0,0,0,41792,0,0,0,1866,0,0,0,15450,0,0
8,145138197,rs782442448,A,G,gnomAD Genomes,NA,PASS,p.Lys82Arg,p.Lys82Arg,c.245A>G,missense_variant,,1,10858,9.20979922637686E-05,0,0,1,2570,0,0,0,246,0,0,0,38,0,0,0,916,0,0,0,1162,0,0,0,5504,0,0,0,422,0,0,0,0,0,0
8,145138203,rs782283727,C,G,gnomAD Exomes,PASS,NA,p.Ser84Trp,p.Ser84Trp,c.251C>G,missense_variant,,1,107152,9.33253695684635E-06,0,0,0,7114,0,0,0,16792,0,0,0,2244,0,0,0,8628,0,0,0,13202,0,0,0,41832,0,0,0,1864,0,0,1,15476,0,0
8,145138315,rs373173010,A,C,gnomAD Exomes,PASS,NA,p.Glu93Ala,p.Glu93Ala,c.278A>C,missense_variant,,1,108630,9.20556015833563E-06,0,0,1,7134,0,0,0,17050,0,0,0,2320,0,0,0,8638,0,0,0,13308,0,0,0,42608,0,0,0,1896,0,0,0,15676,0,0
8,145138317,,C,T,gnomAD Exomes,PASS,NA,p.Arg94Trp,p.Arg94Trp,c.280C>T,missense_variant,,1,108626,9.20589914016902E-06,0,0,0,7134,0,0,0,17050,0,0,0,2320,0,0,0,8638,0,0,0,13308,0,0,1,42604,0,0,0,1896,0,0,0,15676,0,0
8,145138327,rs782292406,G,C,gnomAD Exomes,PASS,NA,p.Arg97Pro,p.Arg97Pro,c.290G>C,missense_variant,,1,108632,9.20539067678032E-06,0,0,0,7134,0,0,0,17054,0,0,0,2320,0,0,0,8638,0,0,0,13308,0,0,1,42606,0,0,0,1896,0,0,0,15676,0,0
8,145138332,,G,C,gnomAD Exomes,PASS,NA,p.Val99Leu,p.Val99Leu,c.295G>C,missense_variant,,1,108634,9.20522120146547E-06,0,0,0,7134,0,0,0,17054,0,0,0,2320,0,0,0,8638,0,0,0,13308,0,0,1,42608,0,0,0,1896,0,0,0,15676,0,0
8,145138336,rs781983303,G,A,gnomAD Exomes,PASS,NA,p.Gly100Glu,p.Gly100Glu,c.299G>A,missense_variant,,1,108634,9.20522120146547E-06,0,0,0,7134,0,0,0,17054,0,0,0,2320,0,0,0,8638,0,0,0,13308,0,0,1,42608,0,0,0,1896,0,0,0,15676,0,0
8,145138344,rs782229443,G,A,gnomAD Exomes,PASS,NA,p.Val103Ile,p.Val103Ile,c.307G>A,missense_variant,,1,108634,9.20522120146547E-06,0,0,0,7136,0,0,0,17054,0,0,0,2320,0,0,0,8638,0,0,0,13308,0,0,1,42608,0,0,0,1896,0,0,0,15674,0,0
8,145138351,rs201424010,C,T,"gnomAD Exomes,gnomAD Genomes",PASS,PASS,p.Thr105Met,p.Thr105Met,c.314C>T,missense_variant,,48,119496,0.00040168708576,1,0,0,9708,0,0,0,17298,0,0,0,2358,0,0,11,9554,0,0,17,14470,1,0,13,48116,0,0,1,2316,0,0,6,15676,0,0
8,145138363,rs782047705,C,G,gnomAD Exomes,PASS,NA,p.Ser109Cys,p.Ser109Cys,c.326C>G,missense_variant,,1,108632,9.20539067678032E-06,0,0,0,7136,0,0,0,17050,0,0,0,2320,0,0,0,8638,0,0,0,13308,0,0,1,42608,0,0,0,1896,0,0,0,15676,0,0
8,145138365,rs782794855,C,T,"gnomAD Exomes,gnomAD Genomes",PASS,PASS,p.Arg110Trp,p.Arg110Trp,c.328C>T,missense_variant,,3,119484,2.51079642462589E-05,0,0,1,9706,0,0,0,17296,0,0,0,2358,0,0,0,9554,0,0,0,14470,0,0,0,48110,0,0,0,2314,0,0,2,15676,0,0
8,145138380,rs782134168,C,T,gnomAD Exomes,PASS,NA,p.Pro115Ser,p.Pro115Ser,c.343C>T,missense_variant,,1,108630,9.20556015833563E-06,0,0,0,7136,0,0,0,17052,0,0,0,2320,0,0,0,8638,0,0,0,13304,0,0,0,42608,0,0,0,1896,0,0,1,15676,0,0
8,145138383,rs782785425,G,C,gnomAD Exomes,PASS,NA,p.Asp116His,p.Asp116His,c.346G>C,missense_variant,,1,108632,9.20539067678032E-06,0,0,0,7136,0,0,0,17052,0,0,0,2320,0,0,0,8638,0,0,0,13306,0,0,1,42608,0,0,0,1896,0,0,0,15676,0,0
8,145138399,rs782718480,G,A,gnomAD Exomes,PASS,NA,p.Arg121His,p.Arg121His,c.362G>A,missense_variant,,1,108628,9.20572964613175E-06,0,0,0,7136,0,0,1,17052,0,0,0,2320,0,0,0,8638,0,0,0,13302,0,0,0,42608,0,0,0,1896,0,0,0,15676,0,0
8,145138399,rs782718480,G,C,gnomAD Exomes,PASS,NA,p.Arg121Pro,p.Arg121Pro,c.362G>C,missense_variant,,1,108628,9.20572964613175E-06,0,0,1,7136,0,0,0,17052,0,0,0,2320,0,0,0,8638,0,0,0,13302,0,0,0,42608,0,0,0,1896,0,0,0,15676,0,0
8,145138403,,T,G,gnomAD Exomes,PASS,NA,p.Tyr122Ter,p.Tyr122Ter,c.366T>G,stop_gained,,1,108630,9.20556015833563E-06,0,0,0,7136,0,0,0,17052,0,0,0,2320,0,0,0,8638,0,0,0,13304,0,0,1,42608,0,0,0,1896,0,0,0,15676,0,0
8,145138617,,A,G,gnomAD Exomes,PASS,NA,p.Met123Val,p.Met123Val,c.367A>G,missense_variant,,1,101346,9.86718765417481E-06,0,0,0,7112,0,0,0,16964,0,0,0,2290,0,0,0,8612,0,0,0,6620,0,0,1,42310,0,0,0,1840,0,0,0,15598,0,0
8,145138621,rs116699684,T,C,"gnomAD Exomes,gnomAD Genomes",PASS,PASS,p.Val124Ala,p.Val124Ala,c.371T>C,missense_variant,mnv,132,112302,0.001175402040925,0,0,122,9676,0,0,9,17220,0,0,0,2334,0,0,0,9524,0,0,0,7806,0,0,0,47872,0,0,1,2262,0,0,0,15608,0,0
8,145138627,rs782253663,G,A,gnomAD Exomes,PASS,NA,p.Gly126Asp,p.Gly126Asp,c.377G>A,missense_variant,,1,101606,9.8419384682007E-06,0,0,0,7112,0,0,0,17002,0,0,0,2302,0,0,0,8612,0,0,0,6686,0,0,1,42420,0,0,0,1842,0,0,0,15630,0,0
8,145138635,rs782198831,G,A,gnomAD Exomes,PASS,NA,p.Val129Met,p.Val129Met,c.385G>A,missense_variant,,2,101982,1.96113039556E-05,0,0,0,7116,0,0,1,17022,0,0,0,2312,0,0,0,8612,0,0,0,6932,0,0,1,42492,0,0,0,1844,0,0,0,15652,0,0
8,145138641,rs531899674,G,A,gnomAD Exomes,PASS,NA,p.Gly131Ser,p.Gly131Ser,c.391G>A,missense_variant,,1,102058,9.7983499578671E-06,0,0,0,7112,0,0,0,17022,0,0,0,2310,0,0,1,8608,0,0,0,7008,0,0,0,42500,0,0,0,1844,0,0,0,15654,0,0
8,145138641,rs531899674,G,T,gnomAD Genomes,NA,PASS,p.Gly131Cys,p.Gly131Cys,c.391G>T,missense_variant,,1,10874,9.19624793084421E-05,0,0,0,2574,0,0,0,246,0,0,0,38,0,0,0,916,0,0,0,1162,0,0,1,5514,0,0,0,424,0,0,0,0,0,0
8,145138650,,C,T,gnomAD Exomes,PASS,NA,p.Arg134Trp,p.Arg134Trp,c.400C>T,missense_variant,,0,102464,0,0,0,0,7106,0,0,0,17024,0,0,0,2312,0,0,0,8612,0,0,0,7404,0,0,0,42500,0,0,0,1848,0,0,0,15658,0,0
8,145138651,rs782282932,G,A,gnomAD Exomes,PASS,NA,p.Arg134Gln,p.Arg134Gln,c.401G>A,missense_variant,,1,102624,9.74430932335516E-06,0,0,0,7120,0,0,0,17034,0,0,0,2312,0,0,1,8614,0,0,0,7506,0,0,0,42522,0,0,0,1848,0,0,0,15668,0,0
8,145138653,,G,A,gnomAD Exomes,PASS,NA,p.Ala135Thr,p.Ala135Thr,c.403G>A,missense_variant,,0,102610,0,0,0,0,7122,0,0,0,17032,0,0,0,2312,0,0,0,8614,0,0,0,7496,0,0,0,42518,0,0,0,1852,0,0,0,15664,0,0
8,145138657,,C,G,gnomAD Exomes,PASS,NA,p.Pro136Arg,p.Pro136Arg,c.407C>G,missense_variant,,1,103002,9.70854934855634E-06,0,0,0,7116,0,0,0,17032,0,0,0,2312,0,0,0,8616,0,0,0,7878,0,0,1,42528,0,0,0,1854,0,0,0,15666,0,0
8,145138659,rs550126943,C,T,gnomAD Exomes,PASS,NA,p.Arg137Cys,p.Arg137Cys,c.409C>T,missense_variant,,2,103208,1.93783427641268E-05,0,0,0,7116,0,0,0,17036,0,0,0,2312,0,0,2,8618,0,0,0,8070,0,0,0,42536,0,0,0,1854,0,0,0,15666,0,0
8,145138660,rs782078642,G,A,gnomAD Exomes,PASS,NA,p.Arg137His,p.Arg137His,c.410G>A,missense_variant,,1,103362,9.67473539598692E-06,0,0,0,7118,0,0,0,17036,0,0,0,2310,0,0,1,8618,0,0,0,8212,0,0,0,42544,0,0,0,1858,0,0,0,15666,0,0
8,145138660,rs782078642,G,T,gnomAD Exomes,PASS,NA,p.Arg137Leu,p.Arg137Leu,c.410G>T,missense_variant,,1,103362,9.67473539598692E-06,0,0,0,7118,0,0,0,17036,0,0,0,2310,0,0,0,8618,0,0,0,8212,0,0,1,42544,0,0,0,1858,0,0,0,15666,0,0
8,145138668,rs781916924,A,G,gnomAD Exomes,PASS,NA,p.Ser140Gly,p.Ser140Gly,c.418A>G,missense_variant,,1,103938,9.62112028324578E-06,0,0,0,7118,0,0,0,17038,0,0,0,2312,0,0,0,8624,0,0,0,8758,0,0,1,42562,0,0,0,1860,0,0,0,15666,0,0
8,145138670,,C,A,gnomAD Exomes,PASS,NA,p.Ser140Arg,p.Ser140Arg,c.420C>A,missense_variant,,0,103916,0,0,0,0,7116,0,0,0,17030,0,0,0,2312,0,0,0,8624,0,0,0,8756,0,0,0,42552,0,0,0,1862,0,0,0,15664,0,0
8,145138671,,A,T,gnomAD Genomes,NA,PASS,p.Thr141Ser,p.Thr141Ser,c.421A>T,missense_variant,,1,10870,9.19963201471941E-05,0,0,0,2572,0,0,0,246,0,0,0,38,0,0,0,916,0,0,0,1162,0,0,1,5512,0,0,0,424,0,0,0,0,0,0
8,145138686,rs374909184,C,G,gnomAD Exomes,PASS,NA,p.Leu146Val,p.Leu146Val,c.436C>G,missense_variant,,5,105002,4.76181406068456E-05,0,0,0,7120,0,0,0,17022,0,0,0,2308,0,0,0,8622,0,0,1,9830,0,0,4,42568,0,0,0,1864,0,0,0,15668,0,0
8,145138695,rs782471495,C,G,gnomAD Exomes,PASS,NA,p.Pro149Ala,p.Pro149Ala,c.445C>G,missense_variant,,1,105498,9.47885267967165E-06,0,0,0,7118,0,0,1,17030,0,0,0,2308,0,0,0,8628,0,0,0,10318,0,0,0,42560,0,0,0,1870,0,0,0,15666,0,0
8,145138695,rs782471495,C,T,"gnomAD Exomes,gnomAD Genomes",PASS,PASS,p.Pro149Ser,p.Pro149Ser,c.445C>T,missense_variant,,2,116370,1.7186560109994E-05,0,0,0,9692,0,0,0,17276,0,0,0,2346,0,0,0,9544,0,0,0,11480,0,0,2,48072,0,0,0,2294,0,0,0,15666,0,0
8,145138717,rs539348473,A,G,gnomAD Exomes,PASS,NA,p.Asn156Ser,p.Asn156Ser,c.467A>G,missense_variant,,1,106666,9.37505859411621E-06,0,0,1,7120,0,0,0,17044,0,0,0,2310,0,0,0,8626,0,0,0,11450,0,0,0,42568,0,0,0,1876,0,0,0,15672,0,0
8,145138728,,G,A,gnomAD Exomes,PASS,NA,p.Val160Met,p.Val160Met,c.478G>A,missense_variant,,1,107178,9.33027300378809E-06,0,0,0,7124,0,0,0,17042,0,0,0,2310,0,0,0,8628,0,0,0,11942,0,0,0,42576,0,0,0,1886,0,0,1,15670,0,0
8,145138740,,C,A,gnomAD Exomes,PASS,NA,p.Leu164Met,p.Leu164Met,c.490C>A,missense_variant,,0,107536,0,0,0,0,7116,0,0,0,17038,0,0,0,2316,0,0,0,8630,0,0,0,12306,0,0,0,42570,0,0,0,1890,0,0,0,15670,0,0
8,145138746,rs782008314,C,A,gnomAD Exomes,PASS,NA,p.Leu166Met,p.Leu166Met,c.496C>A,missense_variant,,2,107808,1.85514989611161E-05,0,0,0,7118,0,0,2,17042,0,0,0,2318,0,0,0,8630,0,0,0,12572,0,0,0,42564,0,0,0,1894,0,0,0,15670,0,0
8,145138751,,T,TG,gnomAD Exomes,PASS,NA,p.Ala168GlyfsTer21,p.Ala168GlyfsTer21,c.502dupG,frameshift_variant,,1,107906,9.26732526458214E-06,0,0,0,7106,0,0,0,17036,0,0,0,2316,0,0,0,8626,0,0,0,12724,0,0,1,42536,0,0,0,1892,0,0,0,15670,0,0
8,145138762,rs782719892,G,A,gnomAD Exomes,PASS,NA,p.Arg171Gln,p.Arg171Gln,c.512G>A,missense_variant,,1,108142,9.2471010338259E-06,0,0,0,7120,0,0,0,17042,0,0,0,2320,0,0,1,8636,0,0,0,12890,0,0,0,42572,0,0,0,1894,0,0,0,15668,0,0
8,145138764,rs781794496,G,C,gnomAD Exomes,PASS,NA,p.Gly172Arg,p.Gly172Arg,c.514G>C,missense_variant,,1,108248,9.23804596851674E-06,0,0,0,7124,0,0,0,17042,0,0,0,2318,0,0,0,8636,0,0,0,12984,0,0,1,42580,0,0,0,1890,0,0,0,15674,0,0
8,145138764,rs781794496,G,T,gnomAD Exomes,PASS,NA,p.Glu172Ter,p.Glu172Ter,c.514G>T,stop_gained,,0,108248,0,0,0,0,7124,0,0,0,17042,0,0,0,2318,0,0,0,8636,0,0,0,12984,0,0,0,42580,0,0,0,1890,0,0,0,15674,0,0
8,145138841,,G,A,gnomAD Genomes,NA,PASS,c.515-1G>A,,c.515-1G>A,splice_acceptor_variant,,1,10858,9.20979922637686E-05,0,0,0,2570,0,0,0,246,0,0,0,38,0,0,0,916,0,0,0,1162,0,0,1,5502,0,0,0,424,0,0,0,0,0,0
8,145138854,rs782220208,G,C,gnomAD Exomes,PASS,NA,p.Trp176Ser,p.Trp176Ser,c.527G>C,missense_variant,,2,108628,1.84114592922635E-05,0,0,0,7136,0,0,0,17046,0,0,0,2320,0,0,0,8638,0,0,0,13308,0,0,0,42608,0,0,0,1896,0,0,2,15676,0,0
8,145138866,rs781942869,T,C,"gnomAD Exomes,gnomAD Genomes",PASS,PASS,p.Ile180Thr,p.Ile180Thr,c.539T>C,missense_variant,,9,119496,7.53163285800361E-05,0,0,0,9706,0,0,0,17294,0,0,0,2358,0,0,0,9550,0,0,1,14470,0,0,7,48122,0,0,0,2320,0,0,1,15676,0,0
8,145138868,rs199578024,G,A,gnomAD Exomes,PASS,NA,p.Val181Ile,p.Val181Ile,c.541G>A,missense_variant,,67,108630,0.000616772530608,0,0,0,7136,0,0,5,17048,0,0,9,2320,0,0,0,8638,0,0,6,13308,0,0,3,42608,0,0,0,1896,0,0,44,15676,0,0
8,145138892,rs782133364,C,T,"gnomAD Exomes,gnomAD Genomes",PASS,PASS,p.Leu189Phe,p.Leu189Phe,c.565C>T,missense_variant,,2,119508,1.6735281320079E-05,0,0,0,9708,0,0,1,17296,0,0,0,2358,0,0,0,9554,0,0,0,14468,0,0,1,48128,0,0,0,2320,0,0,0,15676,0,0
8,145138905,rs781818907,A,G,gnomAD Exomes,PASS,NA,p.Glu193Gly,p.Glu193Gly,c.578A>G,missense_variant,,2,108630,1.84111203166713E-05,0,0,0,7136,0,0,0,17050,0,0,0,2320,0,0,0,8638,0,0,0,13306,0,0,0,42608,0,0,0,1896,0,0,2,15676,0,0
8,145138920,rs782064963,C,T,gnomAD Exomes,PASS,NA,p.Ala198Val,p.Ala198Val,c.593C>T,missense_variant,,5,108626,4.60294957008451E-05,0,0,0,7136,0,0,1,17052,0,0,0,2320,0,0,0,8638,0,0,1,13302,0,0,3,42606,0,0,0,1896,0,0,0,15676,0,0
8,145138925,,C,T,gnomAD Exomes,PASS,NA,p.His200Tyr,p.His200Tyr,c.598C>T,missense_variant,,1,108626,9.20589914016902E-06,0,0,0,7136,0,0,0,17052,0,0,0,2320,0,0,0,8638,0,0,0,13302,0,0,1,42606,0,0,0,1896,0,0,0,15676,0,0
8,145138928,rs781905290,GATGTCA,G,gnomAD Exomes,PASS,NA,p.Asn203_Val204del,p.Asn203_Val204del,c.608_613delATGTCA,inframe_deletion,,6,108624,5.52364118426867E-05,0,0,0,7136,0,0,0,17050,0,0,0,2320,0,0,0,8638,0,0,0,13300,0,0,6,42608,0,0,0,1896,0,0,0,15676,0,0
8,145138928,rs781905290,G,A,gnomAD Exomes,PASS,NA,p.Asp201Asn,p.Asp201Asn,c.601G>A,missense_variant,,3,108624,2.76182059213433E-05,0,0,0,7136,0,0,3,17050,0,0,0,2320,0,0,0,8638,0,0,0,13300,0,0,0,42608,0,0,0,1896,0,0,0,15676,0,0
8,145138935,rs782651271,A,G,gnomAD Exomes,PASS,NA,p.Asn203Ser,p.Asn203Ser,c.608A>G,missense_variant,,5,108614,4.60345811773804E-05,0,0,0,7136,0,0,0,17048,0,0,0,2320,0,0,1,8638,0,0,0,13304,0,0,0,42596,0,0,0,1896,0,0,4,15676,0,0
8,145138937,rs566122290,G,A,gnomAD Exomes,PASS,NA,p.Val204Ile,p.Val204Ile,c.610G>A,missense_variant,,1,108614,9.20691623547609E-06,0,0,0,7136,0,0,0,17048,0,0,0,2320,0,0,0,8638,0,0,0,13292,0,0,0,42608,0,0,0,1896,0,0,1,15676,0,0
8,145138941,rs782491794,C,T,gnomAD Exomes,PASS,NA,p.Thr205Ile,p.Thr205Ile,c.614C>T,missense_variant,,1,108626,9.20589914016902E-06,0,0,0,7136,0,0,0,17048,0,0,0,2320,0,0,0,8638,0,0,0,13304,0,0,1,42608,0,0,0,1896,0,0,0,15676,0,0
8,145138944,,G,T,gnomAD Exomes,PASS,NA,c.616+1G>T,,c.616+1G>T,splice_donor_variant,,1,108620,9.20640765973117E-06,0,0,0,7136,0,0,0,17050,0,0,0,2320,0,0,1,8638,0,0,0,13296,0,0,0,42608,0,0,0,1896,0,0,0,15676,0,0
8,145139038,rs782615259,CA,C,gnomAD Exomes,PASS,NA,p.Met207CysfsTer21,p.Met207CysfsTer21,c.619delA,frameshift_variant,,2,108620,1.84128153194623E-05,0,0,0,7136,0,0,0,17046,0,0,0,2320,0,0,0,8638,0,0,0,13302,0,0,2,42606,0,0,0,1896,0,0,0,15676,0,0
8,145139046,rs547212088,C,T,gnomAD Exomes,PASS,NA,p.Ser209Leu,p.Ser209Leu,c.626C>T,missense_variant,,1,108614,9.20691623547609E-06,0,0,0,7134,0,0,0,17046,0,0,0,2320,0,0,0,8638,0,0,0,13298,0,0,1,42608,0,0,0,1896,0,0,0,15674,0,0
8,145139049,rs73379188,C,T,"gnomAD Exomes,gnomAD Genomes",PASS,PASS,p.Ser210Phe,p.Ser210Phe,c.629C>T,missense_variant,,152,119488,0.001272094268881,2,0,146,9704,2,0,5,17292,0,0,0,2358,0,0,0,9554,0,0,0,14466,0,0,1,48120,0,0,0,2320,0,0,0,15674,0,0
8,145139054,rs782649794,C,G,gnomAD Exomes,PASS,NA,p.Leu212Val,p.Leu212Val,c.634C>G,missense_variant,,1,108626,9.20589914016902E-06,0,0,0,7134,0,0,0,17050,0,0,0,2320,0,0,1,8638,0,0,0,13304,0,0,0,42608,0,0,0,1896,0,0,0,15676,0,0
8,145139063,rs782498857,C,T,gnomAD Genomes,NA,PASS,p.Arg215Ter,p.Arg215Ter,c.643C>T,stop_gained,,3,10866,0.000276090557703,0,0,0,2572,0,0,0,246,0,0,0,38,0,0,0,916,0,0,0,1162,0,0,3,5508,0,0,0,424,0,0,0,0,0,0
8,145139064,rs782574370,G,A,gnomAD Exomes,PASS,NA,p.Arg215Gln,p.Arg215Gln,c.644G>A,missense_variant,,1,108626,9.20589914016902E-06,0,0,0,7132,0,0,0,17050,0,0,0,2320,0,0,0,8638,0,0,0,13306,0,0,1,42608,0,0,0,1896,0,0,0,15676,0,0
8,145139067,,C,A,gnomAD Genomes,NA,PASS,p.Ala216Asp,p.Ala216Asp,c.647C>A,missense_variant,,2,10866,0.000184060371802,0,0,0,2572,0,0,0,246,0,0,0,38,0,0,0,916,0,0,0,1162,0,0,2,5508,0,0,0,424,0,0,0,0,0,0
8,145139081,rs782414836,G,A,gnomAD Exomes,PASS,NA,p.Ala221Thr,p.Ala221Thr,c.661G>A,missense_variant,,3,108622,2.76187144409052E-05,0,0,0,7132,0,0,0,17052,0,0,0,2320,0,0,0,8638,0,0,0,13302,0,0,0,42606,0,0,0,1896,0,0,3,15676,0,0
8,145139087,,G,A,gnomAD Genomes,NA,PASS,p.Val223Met,p.Val223Met,c.667G>A,missense_variant,,1,10862,9.20640765973117E-05,0,0,0,2572,0,0,0,246,0,0,0,38,0,0,0,914,0,0,0,1162,0,0,0,5506,0,0,1,424,0,0,0,0,0,0
8,145139088,rs782255883,T,A,gnomAD Exomes,PASS,NA,p.Val223Glu,p.Val223Glu,c.668T>A,missense_variant,,1,108628,9.20572964613175E-06,0,0,0,7134,0,0,0,17052,0,0,0,2320,0,0,1,8638,0,0,0,13306,0,0,0,42606,0,0,0,1896,0,0,0,15676,0,0
8,145139096,,G,C,gnomAD Exomes,PASS,NA,p.Glu226Gln,p.Glu226Gln,c.676G>C,missense_variant,,1,108626,9.20589914016902E-06,0,0,0,7132,0,0,1,17052,0,0,0,2320,0,0,0,8638,0,0,0,13306,0,0,0,42606,0,0,0,1896,0,0,0,15676,0,0
8,145139120,rs537224939,A,C,gnomAD Exomes,PASS,NA,p.Ser234Arg,p.Ser234Arg,c.700A>C,missense_variant,,4,108624,3.68242745617911E-05,0,0,0,7134,0,0,0,17048,0,0,0,2320,0,0,0,8638,0,0,0,13306,0,0,0,42606,0,0,0,1896,0,0,4,15676,0,0
8,145139121,rs199943818,G,T,gnomAD Exomes,PASS,NA,p.Ser234Ile,p.Ser234Ile,c.701G>T,missense_variant,,5,108624,4.60303432022389E-05,0,0,0,7134,0,0,0,17048,0,0,0,2320,0,0,0,8638,0,0,0,13306,0,0,5,42606,0,0,0,1896,0,0,0,15676,0,0
8,145139133,rs781871886,C,G,gnomAD Exomes,PASS,NA,p.Ala238Gly,p.Ala238Gly,c.713C>G,missense_variant,,1,108622,9.20623814696839E-06,0,0,0,7134,0,0,0,17050,0,0,0,2320,0,0,0,8638,0,0,0,13306,0,0,0,42602,0,0,0,1896,0,0,1,15676,0,0
8,145139135,,G,A,gnomAD Exomes,PASS,NA,p.Val239Met,p.Val239Met,c.715G>A,missense_variant,,4,108624,3.68242745617911E-05,0,0,0,7134,0,0,1,17048,0,0,0,2320,0,0,0,8638,0,0,0,13308,0,0,3,42604,0,0,0,1896,0,0,0,15676,0,0
8,145139145,,T,C,gnomAD Exomes,PASS,NA,p.Leu242Pro,p.Leu242Pro,c.725T>C,missense_variant,,1,108626,9.20589914016902E-06,0,0,0,7134,0,0,0,17050,0,0,0,2320,0,0,0,8638,0,0,0,13308,0,0,1,42604,0,0,0,1896,0,0,0,15676,0,0
8,145139150,rs781826790,G,A,gnomAD Exomes,PASS,NA,p.Gly244Arg,p.Gly244Arg,c.730G>A,missense_variant,,3,108628,2.76171889383953E-05,0,0,0,7134,0,0,0,17050,0,0,0,2320,0,0,0,8638,0,0,2,13308,0,0,1,42606,0,0,0,1896,0,0,0,15676,0,0
8,145139160,rs782428839,C,T,gnomAD Exomes,PASS,NA,p.Pro247Leu,p.Pro247Leu,c.740C>T,missense_variant,segdup,1,108626,9.20589914016902E-06,0,0,0,7134,0,0,0,17050,0,0,0,2320,0,0,0,8638,0,0,0,13308,0,0,1,42604,0,0,0,1896,0,0,0,15676,0,0
8,145139190,,C,T,gnomAD Exomes,PASS,NA,p.Thr257Ile,p.Thr257Ile,c.770C>T,missense_variant,segdup,1,108630,9.20556015833563E-06,0,0,0,7136,0,0,0,17048,0,0,0,2320,0,0,0,8638,0,0,0,13308,0,0,1,42608,0,0,0,1896,0,0,0,15676,0,0
8,145139196,rs782688828,G,T,gnomAD Exomes,PASS,NA,p.Cys259Phe,p.Cys259Phe,c.776G>T,missense_variant,segdup,1,108626,9.20589914016902E-06,0,0,0,7136,0,0,0,17048,0,0,0,2320,0,0,0,8638,0,0,0,13304,0,0,1,42608,0,0,0,1896,0,0,0,15676,0,0
8,145139198,rs782271769,C,T,gnomAD Exomes,PASS,NA,p.Gln260Ter,p.Gln260Ter,c.778C>T,stop_gained,segdup,1,108618,9.20657717873649E-06,0,0,0,7136,0,0,0,17048,0,0,0,2320,0,0,0,8638,0,0,0,13298,0,0,0,42608,0,0,0,1894,0,0,1,15676,0,0
8,145139208,,G,T,gnomAD Exomes,PASS,NA,p.Gly263Val,p.Gly263Val,c.788G>T,missense_variant,segdup,0,108616,0,0,0,0,7136,0,0,0,17048,0,0,0,2320,0,0,0,8638,0,0,0,13296,0,0,0,42608,0,0,0,1894,0,0,0,15676,0,0
8,145139208,,G,A,gnomAD Exomes,PASS,NA,p.Gly263Asp,p.Gly263Asp,c.788G>A,missense_variant,segdup,1,108616,9.20674670398468E-06,0,0,0,7136,0,0,0,17048,0,0,0,2320,0,0,0,8638,0,0,1,13296,0,0,0,42608,0,0,0,1894,0,0,0,15676,0,0
8,145139220,rs368386520,C,T,"gnomAD Exomes,gnomAD Genomes",PASS,PASS,p.Thr267Met,p.Thr267Met,c.800C>T,missense_variant,segdup,3,119476,2.51096454518062E-05,0,0,0,9706,0,0,0,17294,0,0,0,2358,0,0,0,9554,0,0,0,14446,0,0,3,48124,0,0,0,2318,0,0,0,15676,0,0
8,145139228,rs782134271,G,A,gnomAD Exomes,PASS,NA,p.Gly270Ser,p.Gly270Ser,c.808G>A,missense_variant,segdup,2,108568,1.84216343674011E-05,0,0,0,7136,0,0,1,17048,0,0,0,2320,0,0,0,8636,0,0,0,13254,0,0,0,42608,0,0,1,1892,0,0,0,15674,0,0
8,145139236,,G,GGGGCTGCC,"gnomAD Exomes,gnomAD Genomes",PASS,PASS,p.Ter261ProfsTer?,p.Ter261ProfsTer?,c.774_775insGGGCTGCC,frameshift_variant,"segdup,lc_lof",2,119402,1.67501381886401E-05,0,0,0,9706,0,0,0,17290,0,0,0,2358,0,0,0,9552,0,0,0,14386,0,0,2,48124,0,0,0,2318,0,0,0,15668,0,0
8,145139239,rs782015301,G,GCTGC,gnomAD Exomes,PASS,NA,p.Ter261ProfsTer?,p.Ter261ProfsTer?,c.777_778insCTGC,frameshift_variant,"segdup,lc_lof",7,108444,6.45494448747741E-05,0,0,0,7136,0,0,5,17046,0,0,0,2320,0,0,0,8638,0,0,0,13146,0,0,2,42600,0,0,0,1894,0,0,0,15664,0,0
8,145139241,rs782779302,T,C,gnomAD Exomes,PASS,NA,p.Leu260Pro,p.Leu260Pro,c.779T>C,missense_variant,segdup,1,108452,9.2206690517464E-06,0,0,0,7134,0,0,0,17046,0,0,0,2320,0,0,0,8638,0,0,0,13156,0,0,1,42598,0,0,0,1894,0,0,0,15666,0,0
8,145139315,rs782689725,G,T,gnomAD Exomes,PASS,NA,c.814-1G>T,,c.814-1G>T,splice_acceptor_variant,segdup,3,107804,2.78282809543245E-05,0,0,0,7136,0,0,0,17022,0,0,0,2318,0,0,3,8636,0,0,0,12566,0,0,0,42588,0,0,0,1888,0,0,0,15650,0,0
8,145139321,rs782281662,G,T,gnomAD Exomes,PASS,NA,p.Gln273His,p.Gln273His,c.819G>T,missense_variant,segdup,1,107736,9.28194846662212E-06,0,0,0,7136,0,0,0,17024,0,0,0,2318,0,0,0,8636,0,0,0,12500,0,0,0,42584,0,0,0,1886,0,0,1,15652,0,0
8,145139322,,C,A,gnomAD Exomes,PASS,NA,p.Pro274Thr,p.Pro274Thr,c.820C>A,missense_variant,segdup,1,107718,9.28349950797453E-06,0,0,0,7132,0,0,0,17022,0,0,0,2312,0,0,0,8636,0,0,0,12510,0,0,0,42570,0,0,0,1882,0,0,1,15654,0,0
8,145139325,rs112703109,G,A,gnomAD Exomes,PASS,NA,p.Glu275Lys,p.Glu275Lys,c.823G>A,missense_variant,segdup,6,107758,5.56803207186473E-05,0,0,5,7134,0,0,0,17030,0,0,0,2316,0,0,0,8636,0,0,0,12518,0,0,1,42582,0,0,0,1888,0,0,0,15654,0,0
8,145139325,rs112703109,G,C,"gnomAD Exomes,gnomAD Genomes",PASS,PASS,p.Glu275Gln,p.Glu275Gln,c.823G>C,missense_variant,segdup,1089,118626,0.009180112285671,5,0,113,9706,0,0,73,17276,0,0,38,2354,0,0,1,9552,0,0,121,13680,0,0,258,48092,0,0,27,2312,1,0,458,15654,4,0
8,145139328,rs781940977,G,A,gnomAD Exomes,PASS,NA,p.Asp276Asn,p.Asp276Asn,c.826G>A,missense_variant,segdup,1,107818,9.27488916507448E-06,0,0,0,7136,0,0,0,17034,0,0,0,2320,0,0,0,8634,0,0,0,12554,0,0,1,42594,0,0,0,1886,0,0,0,15660,0,0
8,145139332,,G,A,gnomAD Exomes,PASS,NA,p.Trp277Ter,p.Trp277Ter,c.830G>A,stop_gained,segdup,1,107798,9.2766099556578E-06,0,0,0,7134,0,0,0,17034,0,0,0,2320,0,0,0,8632,0,0,0,12532,0,0,0,42596,0,0,0,1890,0,0,1,15660,0,0
8,145139333,rs782164038,G,A,gnomAD Exomes,PASS,NA,p.Trp277Ter,p.Trp277Ter,c.831G>A,stop_gained,segdup,1,107808,9.27574948055803E-06,0,0,0,7134,0,0,0,17034,0,0,0,2320,0,0,1,8632,0,0,0,12542,0,0,0,42596,0,0,0,1890,0,0,0,15660,0,0
8,145139335,rs782405922,C,T,gnomAD Exomes,PASS,NA,p.Thr278Ile,p.Thr278Ile,c.833C>T,missense_variant,segdup,2,107890,1.85373992028918E-05,0,0,0,7132,0,0,0,17038,0,0,0,2318,0,0,0,8632,0,0,0,12624,0,0,1,42600,0,0,1,1890,0,0,0,15656,0,0
8,145139347,rs782752908,G,A,gnomAD Exomes,PASS,NA,p.Gly282Glu,p.Gly282Glu,c.845G>A,missense_variant,segdup,12,107800,0.000111317254174,0,0,0,7128,0,0,12,17042,0,0,0,2320,0,0,0,8626,0,0,0,12548,0,0,0,42582,0,0,0,1890,0,0,0,15664,0,0
8,145139350,rs781883340,C,T,gnomAD Exomes,PASS,NA,p.Pro283Leu,p.Pro283Leu,c.848C>T,missense_variant,segdup,2,107844,1.85453061830051E-05,0,0,0,7128,0,0,0,17042,0,0,0,2320,0,0,0,8624,0,0,0,12600,0,0,2,42576,0,0,0,1890,0,0,0,15664,0,0
8,145139358,rs782695783,G,A,gnomAD Exomes,PASS,NA,p.Gly286Ser,p.Gly286Ser,c.856G>A,missense_variant,segdup,4,108036,3.70246954718797E-05,0,0,4,7128,0,0,0,17044,0,0,0,2320,0,0,0,8630,0,0,0,12774,0,0,0,42588,0,0,0,1888,0,0,0,15664,0,0
8,145139359,rs781910493,G,A,gnomAD Exomes,PASS,NA,p.Gly286Asp,p.Gly286Asp,c.857G>A,missense_variant,segdup,1,108004,9.25891633643198E-06,0,0,0,7124,0,0,0,17040,0,0,0,2320,0,0,1,8628,0,0,0,12748,0,0,0,42590,0,0,0,1890,0,0,0,15664,0,0
8,145139388,rs556111952,C,T,gnomAD Exomes,PASS,NA,p.Arg296Trp,p.Arg296Trp,c.886C>T,missense_variant,segdup,2,108232,1.84788232685343E-05,0,0,0,7096,0,0,0,17038,0,0,0,2316,0,0,0,8620,0,0,0,13062,0,0,2,42544,0,0,0,1890,0,0,0,15666,0,0
8,145139389,rs782195029,G,A,gnomAD Exomes,PASS,NA,p.Arg296Gln,p.Arg296Gln,c.887G>A,missense_variant,segdup,4,108312,3.69303493611049E-05,0,0,0,7104,0,0,0,17044,0,0,0,2318,0,0,0,8622,0,0,3,13104,0,0,0,42562,0,0,0,1892,0,0,1,15666,0,0
8,145139400,rs782263637,G,A,gnomAD Exomes,PASS,NA,p.Gly300Ser,p.Gly300Ser,c.898G>A,missense_variant,segdup,2,108334,1.84614248527701E-05,0,0,0,7110,0,0,0,17040,0,0,0,2312,0,0,0,8636,0,0,0,13132,0,0,2,42544,0,0,0,1892,0,0,0,15668,0,0
8,145139403,,C,T,gnomAD Exomes,PASS,NA,p.Arg301Cys,p.Arg301Cys,c.901C>T,missense_variant,segdup,1,108446,9.22117920439666E-06,0,0,0,7124,0,0,0,17046,0,0,0,2314,0,0,0,8634,0,0,0,13206,0,0,1,42558,0,0,0,1894,0,0,0,15670,0,0
8,145139404,rs782374867,G,A,gnomAD Exomes,PASS,NA,p.Arg301His,p.Arg301His,c.902G>A,missense_variant,segdup,1,108366,9.22798663787535E-06,0,0,0,7110,0,0,1,17042,0,0,0,2312,0,0,0,8634,0,0,0,13156,0,0,0,42548,0,0,0,1892,0,0,0,15672,0,0
8,145139409,rs200864475,C,G,gnomAD Exomes,PASS,NA,p.His303Asp,p.His303Asp,c.907C>G,missense_variant,segdup,9,108514,8.29386070000184E-05,0,0,0,7128,0,0,0,17044,0,0,0,2318,0,0,0,8634,0,0,0,13236,0,0,9,42586,0,0,0,1894,0,0,0,15674,0,0
8,145139409,rs200864475,C,T,gnomAD Exomes,PASS,NA,p.His303Tyr,p.His303Tyr,c.907C>T,missense_variant,segdup,1,108514,9.21540077777983E-06,0,0,0,7128,0,0,1,17044,0,0,0,2318,0,0,0,8634,0,0,0,13236,0,0,0,42586,0,0,0,1894,0,0,0,15674,0,0
8,145139410,,A,G,gnomAD Exomes,PASS,NA,p.His303Arg,p.His303Arg,c.908A>G,missense_variant,segdup,1,108510,9.21574048474795E-06,0,0,1,7126,0,0,0,17040,0,0,0,2320,0,0,0,8634,0,0,0,13242,0,0,0,42580,0,0,0,1894,0,0,0,15674,0,0
8,145139412,rs781913054,G,A,"gnomAD Exomes,gnomAD Genomes",PASS,PASS,p.Gly304Ser,p.Gly304Ser,c.910G>A,missense_variant,segdup,9,119396,7.53794096954672E-05,0,0,2,9704,0,0,0,17288,0,0,0,2358,0,0,6,9548,0,0,0,14418,0,0,0,48090,0,0,0,2316,0,0,1,15674,0,0
8,145139425,,T,A,gnomAD Exomes,PASS,NA,p.Leu308His,p.Leu308His,c.923T>A,missense_variant,"segdup,mnv",1,108588,9.20912071315431E-06,0,0,0,7134,0,0,0,17044,0,0,0,2320,0,0,0,8636,0,0,1,13276,0,0,0,42608,0,0,0,1896,0,0,0,15674,0,0
8,145139433,rs782802263,C,T,gnomAD Exomes,PASS,NA,p.Arg311Cys,p.Arg311Cys,c.931C>T,missense_variant,segdup,1,108590,9.20895110046966E-06,0,0,0,7136,0,0,1,17044,0,0,0,2320,0,0,0,8638,0,0,0,13276,0,0,0,42606,0,0,0,1896,0,0,0,15674,0,0
8,145139434,rs781880843,G,A,gnomAD Exomes,PASS,NA,p.Arg311His,p.Arg311His,c.932G>A,missense_variant,segdup,1,108592,9.20878149403271E-06,0,0,1,7134,0,0,0,17044,0,0,0,2320,0,0,0,8638,0,0,0,13280,0,0,0,42608,0,0,0,1894,0,0,0,15674,0,0
8,145139436,,T,C,gnomAD Exomes,PASS,NA,p.Tyr312His,p.Tyr312His,c.934T>C,missense_variant,segdup,1,108606,9.20759442388082E-06,0,0,0,7136,0,0,0,17044,0,0,0,2320,0,0,0,8638,0,0,0,13290,0,0,1,42608,0,0,0,1896,0,0,0,15674,0,0
8,145139437,rs201575958,A,G,gnomAD Genomes,NA,PASS,p.Tyr312Cys,p.Tyr312Cys,c.935A>G,missense_variant,segdup,1,10864,9.20471281296024E-05,0,0,0,2574,0,0,0,246,0,0,0,38,0,0,0,916,0,0,0,1162,0,0,1,5504,0,0,0,424,0,0,0,0,0,0
8,145139439,rs782124865,C,G,gnomAD Exomes,PASS,NA,p.Arg313Gly,p.Arg313Gly,c.937C>G,missense_variant,segdup,1,108598,9.20827271220464E-06,0,0,0,7136,0,0,0,17046,0,0,0,2320,0,0,0,8638,0,0,0,13280,0,0,1,42608,0,0,0,1896,0,0,0,15674,0,0
8,145139439,rs782124865,C,T,gnomAD Exomes,PASS,NA,p.Arg313Cys,p.Arg313Cys,c.937C>T,missense_variant,segdup,1,108598,9.20827271220464E-06,0,0,0,7136,0,0,0,17046,0,0,0,2320,0,0,0,8638,0,0,0,13280,0,0,0,42608,0,0,0,1896,0,0,1,15674,0,0
8,145139439,rs782124865,CGTGTG,C,gnomAD Exomes,PASS,NA,p.Val314GlyfsTer9,p.Val314GlyfsTer9,c.939_943delTGTGG,frameshift_variant,segdup,1,108598,9.20827271220464E-06,0,0,0,7136,0,0,0,17046,0,0,0,2320,0,0,0,8638,0,0,0,13280,0,0,0,42608,0,0,0,1896,0,0,1,15674,0,0
8,145139440,rs782573890,G,A,gnomAD Exomes,PASS,NA,p.Arg313His,p.Arg313His,c.938G>A,missense_variant,segdup,1,108596,9.20844229990055E-06,0,0,1,7136,0,0,0,17046,0,0,0,2320,0,0,0,8638,0,0,0,13282,0,0,0,42604,0,0,0,1896,0,0,0,15674,0,0
8,145139458,,T,C,gnomAD Exomes,PASS,NA,p.Leu319Pro,p.Leu319Pro,c.956T>C,missense_variant,segdup,0,108564,0,0,0,0,7134,0,0,0,17012,0,0,0,2316,0,0,0,8638,0,0,0,13294,0,0,0,42606,0,0,0,1894,0,0,0,15670,0,0
8,145139460,rs369617537,C,T,gnomAD Exomes,PASS,NA,p.Arg320Cys,p.Arg320Cys,c.958C>T,missense_variant,segdup,1,108592,9.20878149403271E-06,0,0,0,7136,0,0,0,17044,0,0,0,2320,0,0,0,8638,0,0,0,13276,0,0,1,42608,0,0,0,1896,0,0,0,15674,0,0
8,145139461,rs373198847,G,A,gnomAD Exomes,PASS,NA,p.Arg320His,p.Arg320His,c.959G>A,missense_variant,segdup,7,108602,6.44555348888602E-05,0,0,0,7136,0,0,1,17044,0,0,0,2320,0,0,1,8638,0,0,0,13286,0,0,0,42608,0,0,0,1896,0,0,5,15674,0,0
8,145139463,rs202176164,G,A,gnomAD Exomes,PASS,NA,p.Gly321Ser,p.Gly321Ser,c.961G>A,missense_variant,segdup,4,108600,3.68324125230203E-05,0,0,0,7136,0,0,0,17044,0,0,0,2320,0,0,0,8638,0,0,0,13286,0,0,4,42608,0,0,0,1896,0,0,0,15672,0,0
8,145139470,rs200104667,A,G,"gnomAD Exomes,gnomAD Genomes",PASS,PASS,p.Asn323Ser,p.Asn323Ser,c.968A>G,missense_variant,segdup,6,119474,5.02201315767447E-05,0,0,0,9708,0,0,0,17288,0,0,0,2358,0,0,2,9554,0,0,0,14452,0,0,4,48120,0,0,0,2320,0,0,0,15674,0,0
8,145139475,rs565517933,T,C,gnomAD Exomes,PASS,NA,p.Phe325Leu,p.Phe325Leu,c.973T>C,missense_variant,segdup,1,108604,9.2077639865935E-06,0,0,0,7136,0,0,0,17040,0,0,0,2320,0,0,0,8638,0,0,0,13296,0,0,1,42604,0,0,0,1896,0,0,0,15674,0,0
8,145139476,rs782429952,T,C,gnomAD Exomes,PASS,NA,p.Phe325Ser,p.Phe325Ser,c.974T>C,missense_variant,segdup,6,108606,5.52455665432849E-05,0,0,0,7136,0,0,6,17042,0,0,0,2320,0,0,0,8638,0,0,0,13298,0,0,0,42604,0,0,0,1896,0,0,0,15672,0,0
8,145139478,rs532849593,C,A,gnomAD Exomes,PASS,NA,p.Arg326Ser,p.Arg326Ser,c.976C>A,missense_variant,segdup,1,108588,9.20912071315431E-06,0,0,0,7136,0,0,0,17042,0,0,0,2320,0,0,0,8638,0,0,0,13280,0,0,0,42602,0,0,0,1896,0,0,1,15674,0,0
8,145139478,rs532849593,C,T,gnomAD Exomes,PASS,NA,p.Arg326Cys,p.Arg326Cys,c.976C>T,missense_variant,segdup,4,108588,3.68364828526172E-05,0,0,0,7136,0,0,0,17042,0,0,0,2320,0,0,3,8638,0,0,0,13280,0,0,0,42602,0,0,0,1896,0,0,1,15674,0,0
8,145139491,rs782085518,A,T,gnomAD Exomes,PASS,NA,p.Tyr330Phe,p.Tyr330Phe,c.989A>T,missense_variant,segdup,1,108568,9.21081718370054E-06,0,0,0,7136,0,0,1,17036,0,0,0,2320,0,0,0,8638,0,0,0,13280,0,0,0,42592,0,0,0,1896,0,0,0,15670,0,0
8,145139497,rs782708160,T,C,"gnomAD Exomes,gnomAD Genomes",PASS,PASS,p.Leu332Pro,p.Leu332Pro,c.995T>C,missense_variant,segdup,9,119394,7.53806723955977E-05,0,0,0,9708,0,0,9,17272,0,0,0,2358,0,0,0,9554,0,0,0,14420,0,0,0,48098,0,0,0,2318,0,0,0,15666,0,0
8,145139513,rs782140153,G,C,"gnomAD Exomes,gnomAD Genomes",PASS,PASS,c.1010+1G>C,,c.1010+1G>C,splice_donor_variant,segdup,3,119208,2.5166096235152E-05,0,0,2,9706,0,0,0,17246,0,0,0,2340,0,0,1,9554,0,0,0,14382,0,0,0,48018,0,0,0,2316,0,0,0,15646,0,0
8,145139622,rs773061439,CAG,C,gnomAD Exomes,PASS,NA,c.1011-2_1011-1delAG,,c.1011-2_1011-1delAG,splice_acceptor_variant,segdup,1,108312,9.23258734027624E-06,0,0,0,7134,0,0,0,17030,0,0,0,2300,0,0,0,8638,0,0,0,13166,0,0,1,42514,0,0,0,1894,0,0,0,15636,0,0
8,145139626,,G,T,gnomAD Exomes,PASS,NA,p.Ala338Ser,p.Ala338Ser,c.1012G>T,missense_variant,segdup,0,108382,0,0,0,0,7134,0,0,0,17032,0,0,0,2312,0,0,0,8638,0,0,0,13152,0,0,0,42558,0,0,0,1894,0,0,0,15662,0,0
8,145139627,rs782140159,C,T,gnomAD Exomes,PASS,NA,p.Ala338Val,p.Ala338Val,c.1013C>T,missense_variant,segdup,1,108368,9.22781632954378E-06,0,0,0,7134,0,0,1,17028,0,0,0,2306,0,0,0,8638,0,0,0,13182,0,0,0,42528,0,0,0,1892,0,0,0,15660,0,0
8,145139634,rs782795907,G,C,gnomAD Exomes,PASS,NA,p.Glu340Asp,p.Glu340Asp,c.1020G>C,missense_variant,segdup,1,108422,9.22322037962775E-06,0,0,0,7134,0,0,0,17034,0,0,0,2310,0,0,0,8638,0,0,0,13180,0,0,1,42564,0,0,0,1894,0,0,0,15668,0,0
8,145139636,rs373519736,G,A,gnomAD Exomes,PASS,NA,p.Gly341Asp,p.Gly341Asp,c.1022G>A,missense_variant,segdup,1,108426,9.22288012100419E-06,0,0,1,7132,0,0,0,17040,0,0,0,2314,0,0,0,8638,0,0,0,13152,0,0,0,42584,0,0,0,1894,0,0,0,15672,0,0
8,145139636,rs373519736,G,T,gnomAD Exomes,PASS,NA,p.Gly341Val,p.Gly341Val,c.1022G>T,missense_variant,segdup,2,108426,1.84457602420084E-05,0,0,0,7132,0,0,0,17040,0,0,0,2314,0,0,0,8638,0,0,0,13152,0,0,0,42584,0,0,0,1894,0,0,2,15672,0,0
8,145139644,rs537159876,C,T,gnomAD Exomes,PASS,NA,p.Arg344Cys,p.Arg344Cys,c.1030C>T,missense_variant,segdup,1,108466,9.21947891505172E-06,0,0,0,7134,0,0,0,17040,0,0,0,2318,0,0,0,8638,0,0,0,13176,0,0,0,42590,0,0,0,1896,0,0,1,15674,0,0
8,145139645,rs782442904,G,A,"gnomAD Exomes,gnomAD Genomes",PASS,PASS,p.Arg344His,p.Arg344His,c.1031G>A,missense_variant,segdup,3,119238,2.51597645046042E-05,0,0,0,9704,0,0,0,17288,0,0,0,2356,0,0,0,9552,0,0,0,14256,0,0,3,48090,0,0,0,2320,0,0,0,15672,0,0
8,145139654,rs376518725,A,G,"gnomAD Exomes,gnomAD Genomes",PASS,PASS,p.Asn347Ser,p.Asn347Ser,c.1040A>G,missense_variant,segdup,5,119352,4.18928882632884E-05,0,0,4,9706,0,0,0,17290,0,0,0,2358,0,0,0,9552,0,0,0,14352,0,0,1,48100,0,0,0,2318,0,0,0,15676,0,0
8,145139663,,T,G,gnomAD Exomes,PASS,NA,p.Leu350Arg,p.Leu350Arg,c.1049T>G,missense_variant,segdup,1,108480,9.21828908554572E-06,0,0,0,7134,0,0,1,17046,0,0,0,2320,0,0,0,8638,0,0,0,13162,0,0,0,42608,0,0,0,1896,0,0,0,15676,0,0
8,145139668,rs782645873,C,T,gnomAD Exomes,PASS,NA,p.Arg352Cys,p.Arg352Cys,c.1054C>T,missense_variant,segdup,2,108444,1.84426985356497E-05,0,0,0,7134,0,0,0,17046,0,0,0,2320,0,0,0,8638,0,0,0,13128,0,0,1,42606,0,0,0,1896,0,0,1,15676,0,0
8,145139669,,G,A,gnomAD Exomes,PASS,NA,p.Arg352His,p.Arg352His,c.1055G>A,missense_variant,segdup,1,108420,9.22339051835455E-06,0,0,0,7134,0,0,0,17044,0,0,0,2320,0,0,0,8638,0,0,0,13108,0,0,0,42604,0,0,0,1896,0,0,1,15676,0,0
8,145139678,rs782619577,A,T,gnomAD Exomes,PASS,NA,p.Gln355Leu,p.Gln355Leu,c.1064A>T,missense_variant,segdup,1,108498,9.2167597559402E-06,0,0,0,7134,0,0,0,17046,0,0,0,2320,0,0,0,8638,0,0,0,13180,0,0,1,42608,0,0,0,1896,0,0,0,15676,0,0
8,145139704,rs782007586,G,A,gnomAD Genomes,NA,PASS,p.Gly364Ser,p.Gly364Ser,c.1090G>A,missense_variant,segdup,2,10856,0.000184229918939,0,0,1,2574,0,0,0,246,0,0,0,38,0,0,0,912,0,0,0,1162,0,0,1,5502,0,0,0,422,0,0,0,0,0,0
8,145139716,,T,G,gnomAD Exomes,PASS,NA,p.Phe368Val,p.Phe368Val,c.1102T>G,missense_variant,segdup,2,108346,1.84593801340151E-05,0,0,0,7136,0,0,2,17046,0,0,0,2320,0,0,0,8638,0,0,0,13028,0,0,0,42608,0,0,0,1894,0,0,0,15676,0,0
8,145139718,rs371058225,C,A,gnomAD Exomes,PASS,NA,p.Phe368Leu,p.Phe368Leu,c.1104C>A,missense_variant,segdup,1,108348,9.22951969579503E-06,0,0,0,7136,0,0,0,17046,0,0,0,2320,0,0,0,8638,0,0,0,13034,0,0,0,42606,0,0,0,1892,0,0,1,15676,0,0
8,145139719,rs782071884,G,A,gnomAD Exomes,PASS,NA,p.Val369Ile,p.Val369Ile,c.1105G>A,missense_variant,segdup,5,108306,4.61654940631175E-05,0,0,1,7136,0,0,0,17044,0,0,0,2320,0,0,0,8638,0,0,0,12992,0,0,4,42608,0,0,0,1892,0,0,0,15676,0,0
8,145139720,rs782708367,T,G,gnomAD Exomes,PASS,NA,p.Val369Gly,p.Val369Gly,c.1106T>G,missense_variant,segdup,1,108372,9.22747573173882E-06,0,0,0,7136,0,0,0,17044,0,0,0,2320,0,0,1,8638,0,0,0,13058,0,0,0,42608,0,0,0,1892,0,0,0,15676,0,0
8,145139726,,T,G,gnomAD Exomes,PASS,NA,p.Ile371Ser,p.Ile371Ser,c.1112T>G,missense_variant,"segdup,mnv",1,108362,9.22832727339842E-06,0,0,0,7136,0,0,0,17042,0,0,0,2320,0,0,0,8638,0,0,0,13050,0,0,1,42608,0,0,0,1892,0,0,0,15676,0,0
8,145139728,rs782541041,G,A,"gnomAD Exomes,gnomAD Genomes",PASS,PASS,p.Gly372Ser,p.Gly372Ser,c.1114G>A,missense_variant,segdup,13,119170,0.000109087857682,0,0,0,9706,0,0,0,17290,0,0,0,2358,0,0,0,9552,0,0,1,14156,0,0,11,48116,0,0,1,2316,0,0,0,15676,0,0
8,145139731,rs781830698,C,G,gnomAD Exomes,PASS,NA,p.Leu373Val,p.Leu373Val,c.1117C>G,missense_variant,segdup,1,108356,9.22883827383809E-06,0,0,0,7136,0,0,0,17046,0,0,0,2320,0,0,0,8638,0,0,0,13040,0,0,0,42608,0,0,0,1892,0,0,1,15676,0,0
8,145139737,rs368756625,A,G,gnomAD Exomes,PASS,NA,p.Met375Val,p.Met375Val,c.1123A>G,missense_variant,segdup,1,108366,9.22798663787535E-06,0,0,1,7136,0,0,0,17046,0,0,0,2320,0,0,0,8638,0,0,0,13052,0,0,0,42608,0,0,0,1890,0,0,0,15676,0,0
8,145139741,rs782568002,C,G,gnomAD Exomes,PASS,NA,p.Pro376Arg,p.Pro376Arg,c.1127C>G,missense_variant,segdup,5,108304,4.6166346579997E-05,0,0,0,7136,0,0,5,17044,0,0,0,2320,0,0,0,8638,0,0,0,12994,0,0,0,42608,0,0,0,1888,0,0,0,15676,0,0
8,145139743,rs782414741,G,A,"gnomAD Exomes,gnomAD Genomes",PASS,PASS,p.Ala377Thr,p.Ala377Thr,c.1129G>A,missense_variant,segdup,2,119130,1.6788382439352E-05,0,0,2,9710,0,0,0,17288,0,0,0,2358,0,0,0,9552,0,0,0,14116,0,0,0,48120,0,0,0,2310,0,0,0,15676,0,0
8,145139746,,G,C,gnomAD Exomes,PASS,NA,p.Val378Leu,p.Val378Leu,c.1132G>C,missense_variant,segdup,1,108300,9.23361034164358E-06,0,0,0,7136,0,0,0,17044,0,0,0,2320,0,0,0,8638,0,0,0,12992,0,0,1,42604,0,0,0,1890,0,0,0,15676,0,0
8,145139749,rs373702712,G,A,gnomAD Exomes,PASS,NA,p.Gly379Ser,p.Gly379Ser,c.1135G>A,missense_variant,segdup,1,108282,9.23514526883508E-06,0,0,0,7136,0,0,1,17042,0,0,0,2320,0,0,0,8638,0,0,0,12980,0,0,0,42604,0,0,0,1886,0,0,0,15676,0,0
8,145139749,rs373702712,G,C,gnomAD Exomes,PASS,NA,p.Gly379Arg,p.Gly379Arg,c.1135G>C,missense_variant,segdup,2,108282,1.84702905376702E-05,0,0,0,7136,0,0,0,17042,0,0,0,2320,0,0,0,8638,0,0,0,12980,0,0,2,42604,0,0,0,1886,0,0,0,15676,0,0
8,145139758,rs781975618,C,T,gnomAD Exomes,PASS,NA,p.Leu382Phe,p.Leu382Phe,c.1144C>T,missense_variant,segdup,0,108342,0,0,0,0,7134,0,0,0,17044,0,0,0,2320,0,0,0,8638,0,0,0,13038,0,0,0,42604,0,0,0,1890,0,0,0,15674,0,0
8,145139764,rs782326666,G,T,gnomAD Exomes,PASS,NA,p.Val384Phe,p.Val384Phe,c.1150G>T,missense_variant,segdup,0,108326,0,0,0,0,7136,0,0,0,17040,0,0,0,2320,0,0,0,8638,0,0,0,13030,0,0,0,42600,0,0,0,1888,0,0,0,15674,0,0
8,145139771,rs782167375,G,A,gnomAD Exomes,PASS,NA,p.Gly386Asp,p.Gly386Asp,c.1157G>A,missense_variant,segdup,15,108280,0.000138529737717,0,0,0,7136,0,0,15,17032,0,0,0,2318,0,0,0,8638,0,0,0,13000,0,0,0,42590,0,0,0,1890,0,0,0,15676,0,0
8,145139945,rs187027021,C,T,"gnomAD Exomes,gnomAD Genomes",PASS,PASS,c.1165-1C>T,,c.1165-1C>T,splice_acceptor_variant,"segdup,lc_lof,lof_flag",10,116020,8.61920358558869E-05,0,0,0,9700,0,0,1,16664,0,0,0,2196,0,0,2,9548,0,0,0,14172,0,0,1,46468,0,0,1,2240,0,0,5,15032,0,0
8,145139955,rs781908018,CTG,C,gnomAD Exomes,PASS,NA,p.Trp393AspfsTer5,p.Trp393AspfsTer5,c.1177_1178delTG,frameshift_variant,segdup,1,106594,9.38139107266826E-06,0,0,0,7130,0,0,0,16680,0,0,0,2222,0,0,0,8638,0,0,0,13156,0,0,0,41632,0,0,0,1848,0,0,1,15288,0,0
8,145139990,rs782732052,TGAG,T,gnomAD Exomes,PASS,NA,p.Glu405del,p.Glu405del,c.1213_1215delGAG,inframe_deletion,segdup,1,106980,9.3475415965601E-06,0,0,0,7122,0,0,0,16716,0,0,0,2270,0,0,0,8638,0,0,0,13176,0,0,0,41750,0,0,0,1870,0,0,1,15438,0,0
8,145139992,rs781811694,A,G,gnomAD Exomes,PASS,NA,p.Glu404Gly,p.Glu404Gly,c.1211A>G,missense_variant,segdup,1,106930,9.35191246609932E-06,0,0,1,7120,0,0,0,16714,0,0,0,2272,0,0,0,8638,0,0,0,13166,0,0,0,41726,0,0,0,1866,0,0,0,15428,0,0
8,145139994,rs782698614,G,A,gnomAD Exomes,PASS,NA,p.Glu405Lys,p.Glu405Lys,c.1213G>A,missense_variant,segdup,0,106666,0,0,0,0,7120,0,0,0,16594,0,0,0,2262,0,0,0,8638,0,0,0,13146,0,0,0,41668,0,0,0,1848,0,0,0,15390,0,0
8,145139996,,G,GC,gnomAD Exomes,PASS,NA,p.Gly407ArgfsTer56,p.Gly407ArgfsTer56,c.1218dupC,frameshift_variant,segdup,1,106296,9.40769172875743E-06,0,0,0,7116,0,0,0,16554,0,0,0,2246,0,0,0,8638,0,0,0,13098,0,0,0,41448,0,0,0,1844,0,0,1,15352,0,0
8,145139999,rs782795832,CGG,C,gnomAD Exomes,PASS,NA,p.Gly408CysfsTer54,p.Gly408CysfsTer54,c.1222_1223delGG,frameshift_variant,segdup,1,106176,9.41832429174201E-06,0,0,0,7118,0,0,0,16532,0,0,0,2232,0,0,0,8632,0,0,0,13098,0,0,1,41432,0,0,0,1834,0,0,0,15298,0,0
8,145140000,rs782281657,G,A,gnomAD Exomes,PASS,NA,p.Gly407Arg,p.Gly407Arg,c.1219G>A,missense_variant,segdup,6,106136,5.65312429335946E-05,0,0,0,7110,0,0,0,16540,0,0,0,2238,0,0,5,8636,0,0,0,13074,0,0,0,41416,0,0,0,1832,0,0,1,15290,0,0
8,145140003,rs782630422,G,A,gnomAD Exomes,PASS,NA,p.Gly408Ser,p.Gly408Ser,c.1222G>A,missense_variant,segdup,0,106192,0,0,0,0,7118,0,0,0,16550,0,0,0,2234,0,0,0,8634,0,0,0,13090,0,0,0,41386,0,0,0,1852,0,0,0,15328,0,0
8,145140004,,G,T,gnomAD Exomes,PASS,NA,p.Gly408Val,p.Gly408Val,c.1223G>T,missense_variant,segdup,1,106154,9.42027620249826E-06,0,0,0,7118,0,0,0,16542,0,0,0,2236,0,0,0,8632,0,0,0,13088,0,0,1,41368,0,0,0,1850,0,0,0,15320,0,0
8,145140006,rs368103488,G,A,gnomAD Exomes,PASS,NA,p.Ala409Thr,p.Ala409Thr,c.1225G>A,missense_variant,segdup,1,105614,9.46844168386767E-06,0,0,0,7106,0,0,0,16396,0,0,0,2218,0,0,0,8636,0,0,0,13060,0,0,1,41140,0,0,0,1848,0,0,0,15210,0,0
8,145140010,rs781915933,C,G,gnomAD Exomes,PASS,NA,p.Pro410Arg,p.Pro410Arg,c.1229C>G,missense_variant,segdup,1,105800,9.45179584120983E-06,0,0,0,7108,0,0,0,16470,0,0,0,2212,0,0,0,8632,0,0,0,13082,0,0,0,41190,0,0,0,1842,0,0,1,15264,0,0
8,145140010,rs781915933,CT,C,gnomAD Exomes,PASS,NA,p.Gly411AlafsTer22,p.Gly411AlafsTer22,c.1230delT,frameshift_variant,segdup,1,105800,9.45179584120983E-06,0,0,0,7108,0,0,0,16470,0,0,0,2212,0,0,0,8632,0,0,0,13082,0,0,1,41190,0,0,0,1842,0,0,0,15264,0,0
8,145140020,rs370088989,T,G,"gnomAD Exomes,gnomAD Genomes",PASS,PASS,p.Ser413Arg,p.Ser413Arg,c.1239T>G,missense_variant,segdup,22,114238,0.000192580402318,0,0,13,9652,0,0,8,16128,0,0,0,2158,0,0,0,9538,0,0,0,14126,0,0,0,45638,0,0,1,2216,0,0,0,14782,0,0
8,145140025,rs532789731,C,A,gnomAD Exomes,PASS,NA,p.Pro415His,p.Pro415His,c.1244C>A,missense_variant,segdup,9,101424,8.87363937529579E-05,0,0,0,7044,0,0,0,15280,0,0,0,2040,0,0,0,8616,0,0,0,12864,0,0,0,39460,0,0,0,1750,0,0,9,14370,0,0
8,145140030,rs782362391,C,T,gnomAD Exomes,PASS,NA,p.Pro417Ser,p.Pro417Ser,c.1249C>T,missense_variant,segdup,8,99798,8.01619270927273E-05,0,0,0,7026,0,0,0,14906,0,0,0,1960,0,0,0,8600,0,0,0,12786,0,0,8,38750,0,0,0,1702,0,0,0,14068,0,0
8,145140043,,T,A,gnomAD Exomes,PASS,NA,c.1260+2T>A,,c.1260+2T>A,splice_donor_variant,,0,95026,0,0,0,0,6878,0,0,0,14054,0,0,0,1746,0,0,0,8504,0,0,0,12524,0,0,0,36684,0,0,0,1642,0,0,0,12994,0,0
8,145140193,,G,T,gnomAD Exomes,PASS,NA,p.Gly421Val,p.Gly421Val,c.1262G>T,missense_variant,,0,103274,0,0,0,0,6908,0,0,0,16700,0,0,0,2086,0,0,0,8578,0,0,0,11710,0,0,0,40614,0,0,0,1780,0,0,0,14898,0,0
8,145140199,rs200528951,G,A,"gnomAD Exomes,gnomAD Genomes",PASS,PASS,p.Gly423Glu,p.Gly423Glu,c.1268G>A,missense_variant,,13,115038,0.000113006137103,0,0,0,9488,0,0,2,17010,0,0,0,2192,0,0,0,9504,0,0,0,12896,0,0,11,46600,0,0,0,2232,0,0,0,15116,0,0
8,145140208,,C,T,gnomAD Exomes,PASS,NA,p.Ser426Leu,p.Ser426Leu,c.1277C>T,missense_variant,,1,105378,9.48964679534628E-06,0,0,0,6980,0,0,0,16858,0,0,0,2228,0,0,0,8598,0,0,0,11720,0,0,1,41782,0,0,0,1844,0,0,0,15368,0,0
8,145140213,rs782168461,G,C,gnomAD Exomes,PASS,NA,p.Val428Leu,p.Val428Leu,c.1282G>C,missense_variant,,10,106070,9.42773640049024E-05,0,0,0,7026,0,0,0,16902,0,0,0,2272,0,0,0,8618,0,0,0,11798,0,0,0,42122,0,0,0,1856,0,0,10,15476,0,0
8,145140213,rs782168461,G,A,gnomAD Exomes,PASS,NA,p.Val428Met,p.Val428Met,c.1282G>A,missense_variant,,2,106070,1.88554728009805E-05,0,0,0,7026,0,0,0,16902,0,0,0,2272,0,0,2,8618,0,0,0,11798,0,0,0,42122,0,0,0,1856,0,0,0,15476,0,0
8,145140216,rs115716841,G,A,"gnomAD Exomes,gnomAD Genomes",PASS,PASS,p.Ala429Thr,p.Ala429Thr,c.1285G>A,missense_variant,,590,116862,0.005048689907754,19,0,539,9580,19,0,45,17146,0,0,0,2308,0,0,0,9510,0,0,0,12878,0,0,2,47654,0,0,3,2278,0,0,1,15508,0,0
8,145140219,rs552282153,C,T,gnomAD Exomes,PASS,NA,p.Pro430Ser,p.Pro430Ser,c.1288C>T,missense_variant,,10,106308,9.40662979267788E-05,0,0,0,7042,0,0,0,16938,0,0,0,2282,0,0,10,8606,0,0,0,11834,0,0,0,42214,0,0,0,1860,0,0,0,15532,0,0
8,145140220,,C,G,gnomAD Exomes,PASS,NA,p.Pro430Arg,p.Pro430Arg,c.1289C>G,missense_variant,,1,106244,9.41229622378676E-06,0,0,0,7042,0,0,1,16934,0,0,0,2288,0,0,0,8614,0,0,0,11742,0,0,0,42228,0,0,0,1864,0,0,0,15532,0,0
8,145140231,rs782547316,TCA,T,gnomAD Exomes,PASS,NA,p.Gln435GlyfsTer27,p.Gln435GlyfsTer27,c.1303_1304delCA,frameshift_variant,,1,106310,9.40645282663908E-06,0,0,0,7046,0,0,0,16940,0,0,0,2298,0,0,0,8608,0,0,0,11702,0,0,1,42302,0,0,0,1864,0,0,0,15550,0,0
8,145140232,rs782045301,C,T,gnomAD Exomes,PASS,NA,p.Ser434Leu,p.Ser434Leu,c.1301C>T,missense_variant,,1,106308,9.40662979267788E-06,0,0,0,7042,0,0,0,16936,0,0,0,2296,0,0,1,8606,0,0,0,11726,0,0,0,42286,0,0,0,1864,0,0,0,15552,0,0
8,145140235,rs782796766,A,G,gnomAD Exomes,PASS,NA,p.Gln435Arg,p.Gln435Arg,c.1304A>G,missense_variant,,1,106226,9.41389113776288E-06,0,0,0,7044,0,0,0,16936,0,0,0,2300,0,0,1,8608,0,0,0,11642,0,0,0,42288,0,0,0,1860,0,0,0,15548,0,0
8,145140237,rs369394667,G,A,gnomAD Exomes,PASS,NA,p.Ala436Thr,p.Ala436Thr,c.1306G>A,missense_variant,,1,106190,9.4170825878143E-06,0,0,0,7040,0,0,0,16946,0,0,0,2298,0,0,0,8604,0,0,1,11568,0,0,0,42298,0,0,0,1866,0,0,0,15570,0,0
8,145140252,rs570627471,C,T,gnomAD Exomes,PASS,NA,p.Leu441Phe,p.Leu441Phe,c.1321C>T,missense_variant,,2,105974,1.88725536452337E-05,0,0,1,7050,0,0,0,16944,0,0,0,2298,0,0,0,8602,0,0,0,11272,0,0,1,42366,0,0,0,1864,0,0,0,15578,0,0
8,145140253,,T,C,gnomAD Exomes,PASS,NA,p.Leu441Pro,p.Leu441Pro,c.1322T>C,missense_variant,,0,106008,0,0,0,0,7046,0,0,0,16960,0,0,0,2298,0,0,0,8608,0,0,0,11294,0,0,0,42364,0,0,0,1864,0,0,0,15574,0,0
8,145140256,rs373624821,A,G,gnomAD Exomes,PASS,NA,p.Tyr442Cys,p.Tyr442Cys,c.1325A>G,missense_variant,,2,105968,1.88736222255775E-05,0,0,1,7054,0,0,0,16952,0,0,0,2300,0,0,0,8616,0,0,0,11184,0,0,0,42402,0,0,0,1870,0,0,1,15590,0,0
8,145140270,rs782714907,C,G,gnomAD Exomes,PASS,NA,p.Leu447Val,p.Leu447Val,c.1339C>G,missense_variant,,0,105424,0,0,0,0,7080,0,0,0,16986,0,0,0,2302,0,0,0,8606,0,0,0,10510,0,0,0,42466,0,0,0,1860,0,0,0,15614,0,0
8,145140282,rs782597659,G,A,gnomAD Exomes,PASS,NA,p.Val451Ile,p.Val451Ile,c.1351G>A,missense_variant,,3,104764,2.86357909205452E-05,0,0,0,7096,0,0,0,16990,0,0,0,2312,0,0,0,8622,0,0,0,9768,0,0,2,42482,0,0,0,1856,0,0,1,15638,0,0
8,145140289,rs782176482,C,T,gnomAD Exomes,PASS,NA,p.Thr453Ile,p.Thr453Ile,c.1358C>T,missense_variant,,1,104012,9.6142752759297E-06,0,0,0,7112,0,0,0,16994,0,0,0,2312,0,0,1,8628,0,0,0,8986,0,0,0,42484,0,0,0,1850,0,0,0,15646,0,0
8,145140293,rs782436065,G,C,gnomAD Exomes,PASS,NA,p.Gln454His,p.Gln454His,c.1362G>C,missense_variant,,1,104034,9.61224215160429E-06,0,0,1,7108,0,0,0,16994,0,0,0,2318,0,0,0,8626,0,0,0,9000,0,0,0,42488,0,0,0,1854,0,0,0,15646,0,0
8,145140300,,C,T,gnomAD Exomes,PASS,NA,p.Pro457Ser,p.Pro457Ser,c.1369C>T,missense_variant,,1,103796,9.63428263131527E-06,0,0,1,7118,0,0,0,17016,0,0,0,2318,0,0,0,8618,0,0,0,8708,0,0,0,42508,0,0,0,1848,0,0,0,15662,0,0
8,145140303,rs376830006,G,A,gnomAD Exomes,PASS,NA,p.Val458Met,p.Val458Met,c.1372G>A,missense_variant,,2,103606,1.93039013184565E-05,0,0,0,7122,0,0,0,17012,0,0,0,2318,0,0,0,8624,0,0,0,8506,0,0,2,42508,0,0,0,1846,0,0,0,15670,0,0
8,145140319,rs781979516,C,T,gnomAD Exomes,PASS,NA,p.Ala463Val,p.Ala463Val,c.1388C>T,missense_variant,,1,102274,9.77765610027964E-06,0,0,0,7096,0,0,1,17022,0,0,0,2318,0,0,0,8622,0,0,0,7216,0,0,0,42490,0,0,0,1838,0,0,0,15672,0,0
8,145140324,,G,A,gnomAD Exomes,PASS,NA,p.Val465Met,p.Val465Met,c.1393G>A,missense_variant,,1,102246,9.78033370498602E-06,0,0,0,7096,0,0,0,17018,0,0,0,2318,0,0,0,8622,0,0,0,7164,0,0,1,42510,0,0,0,1844,0,0,0,15674,0,0
8,145140332,rs782625133,ACTGCTGGCGATT,A,gnomAD Exomes,PASS,NA,p.Leu468_Ile471del,p.Leu468_Ile471del,c.1402_1413delCTGCTGGCGATT,inframe_deletion,,1,101742,9.8287826069863E-06,0,0,0,7110,0,0,0,17022,0,0,0,2320,0,0,0,8618,0,0,0,6616,0,0,1,42536,0,0,0,1846,0,0,0,15674,0,0
8,145140349,,C,G,gnomAD Exomes,PASS,NA,p.Ala473Gly,p.Ala473Gly,c.1418C>G,missense_variant,,1,101336,9.86816136417463E-06,0,0,0,7118,0,0,0,17024,0,0,0,2320,0,0,0,8614,0,0,0,6212,0,0,1,42532,0,0,0,1844,0,0,0,15672,0,0
8,145140360,rs561318989,G,C,gnomAD Exomes,PASS,NA,p.Ala477Pro,p.Ala477Pro,c.1429G>C,missense_variant,,44,101290,0.000434396287886,0,0,0,7122,0,0,0,17016,0,0,0,2314,0,0,0,8612,0,0,0,6170,0,0,0,42540,0,0,0,1848,0,0,44,15668,0,0
8,145140360,rs561318989,G,T,gnomAD Exomes,PASS,NA,p.Ala477Ser,p.Ala477Ser,c.1429G>T,missense_variant,,0,101290,0,0,0,0,7122,0,0,0,17016,0,0,0,2314,0,0,0,8612,0,0,0,6170,0,0,0,42540,0,0,0,1848,0,0,0,15668,0,0
8,145140367,,C,T,gnomAD Exomes,PASS,NA,p.Pro479Leu,p.Pro479Leu,c.1436C>T,missense_variant,,1,101272,9.87439766174263E-06,0,0,0,7124,0,0,1,17006,0,0,0,2314,0,0,0,8618,0,0,0,6202,0,0,0,42506,0,0,0,1846,0,0,0,15656,0,0
8,145140381,,C,T,gnomAD Exomes,PASS,NA,p.Arg484Trp,p.Arg484Trp,c.1450C>T,missense_variant,,2,101780,1.96502259775987E-05,0,0,0,7126,0,0,0,17006,0,0,0,2310,0,0,0,8618,0,0,0,6734,0,0,0,42486,0,0,0,1850,0,0,2,15650,0,0
8,145140382,rs374430537,G,A,gnomAD Exomes,PASS,NA,p.Arg484Gln,p.Arg484Gln,c.1451G>A,missense_variant,,1,101882,9.8152764963389E-06,0,0,0,7124,0,0,0,17006,0,0,0,2314,0,0,1,8618,0,0,0,6808,0,0,0,42506,0,0,0,1850,0,0,0,15656,0,0
8,145140478,rs782144477,T,C,gnomAD Exomes,PASS,NA,p.Val485Ala,p.Val485Ala,c.1454T>C,missense_variant,segdup,1,108188,9.24316929788886E-06,0,0,0,7136,0,0,0,17034,0,0,0,2320,0,0,0,8638,0,0,0,12904,0,0,1,42592,0,0,0,1892,0,0,0,15672,0,0
8,145140480,rs782494128,G,A,gnomAD Exomes,PASS,NA,p.Val486Ile,p.Val486Ile,c.1456G>A,missense_variant,segdup,1,108240,9.23872875092387E-06,0,0,0,7136,0,0,0,17034,0,0,0,2320,0,0,0,8638,0,0,0,12944,0,0,0,42602,0,0,0,1892,0,0,1,15674,0,0
8,145140496,rs202106798,C,T,gnomAD Exomes,PASS,NA,p.Pro491Leu,p.Pro491Leu,c.1472C>T,missense_variant,segdup,4,108400,3.690036900369E-05,0,0,0,7136,0,0,0,17036,0,0,0,2320,0,0,0,8638,0,0,0,13098,0,0,4,42606,0,0,0,1892,0,0,0,15674,0,0
8,145140500,rs782339984,CAG,C,"gnomAD Exomes,gnomAD Genomes",PASS,PASS,p.Arg493GlyfsTer152,p.Arg493GlyfsTer152,c.1477_1478delAG,frameshift_variant,segdup,18,119320,0.000150854844117,0,0,0,9706,0,0,4,17282,0,0,0,2356,0,0,1,9554,0,0,0,14314,0,0,13,48120,0,0,0,2314,0,0,0,15674,0,0
8,145140501,rs73379193,A,G,"gnomAD Exomes,gnomAD Genomes",PASS,PASS,p.Arg493Gly,p.Arg493Gly,c.1477A>G,missense_variant,segdup,168,119318,0.001408002145527,2,0,159,9704,2,0,8,17280,0,0,0,2358,0,0,0,9554,0,0,0,14316,0,0,1,48114,0,0,0,2316,0,0,0,15676,0,0
8,145140516,,C,A,gnomAD Genomes,NA,PASS,p.Leu498Met,p.Leu498Met,c.1492C>A,missense_variant,segdup,1,10866,9.20301859009755E-05,0,0,1,2568,0,0,0,246,0,0,0,38,0,0,0,916,0,0,0,1160,0,0,0,5514,0,0,0,424,0,0,0,0,0,0
8,145140543,,G,A,gnomAD Exomes,PASS,NA,p.Ala507Thr,p.Ala507Thr,c.1519G>A,missense_variant,segdup,1,108534,9.21370261853428E-06,0,0,0,7136,0,0,0,17038,0,0,0,2320,0,0,0,8638,0,0,0,13224,0,0,0,42608,0,0,0,1894,0,0,1,15676,0,0
8,145140559,rs782625698,G,T,gnomAD Exomes,PASS,NA,p.Cys512Phe,p.Cys512Phe,c.1535G>T,missense_variant,segdup,1,108486,9.21777925262246E-06,0,0,0,7134,0,0,1,17044,0,0,0,2320,0,0,0,8638,0,0,0,13176,0,0,0,42604,0,0,0,1894,0,0,0,15676,0,0
8,145140564,rs112521600,G,A,"gnomAD Exomes,gnomAD Genomes",PASS,PASS,p.Ala514Thr,p.Ala514Thr,c.1540G>A,missense_variant,segdup,500,119320,0.004190412336574,4,0,8,9702,0,0,28,17288,0,0,1,2358,0,0,0,9554,0,0,27,14334,0,0,367,48098,3,0,6,2310,0,0,63,15676,1,0
8,145140565,rs782571129,C,G,gnomAD Exomes,PASS,NA,p.Ala514Gly,p.Ala514Gly,c.1541C>G,missense_variant,segdup,1,108514,9.21540077777983E-06,0,0,1,7136,0,0,0,17044,0,0,0,2320,0,0,0,8638,0,0,0,13198,0,0,0,42608,0,0,0,1894,0,0,0,15676,0,0
8,145140568,,T,C,gnomAD Exomes,PASS,NA,p.Leu515Pro,p.Leu515Pro,c.1544T>C,missense_variant,segdup,1,108518,9.21506109585507E-06,0,0,0,7136,0,0,0,17044,0,0,0,2320,0,0,0,8638,0,0,0,13206,0,0,0,42606,0,0,0,1892,0,0,1,15676,0,0
8,145140574,rs782299927,A,G,gnomAD Exomes,PASS,NA,p.Asn517Ser,p.Asn517Ser,c.1550A>G,missense_variant,segdup,1,108516,9.2152309336872E-06,0,0,0,7136,0,0,0,17044,0,0,0,2320,0,0,0,8638,0,0,0,13206,0,0,1,42604,0,0,0,1892,0,0,0,15676,0,0
8,145140597,rs375091786,G,A,gnomAD Exomes,PASS,NA,p.Ala525Thr,p.Ala525Thr,c.1573G>A,missense_variant,segdup,1,108266,9.23651007703249E-06,0,0,0,7136,0,0,0,17040,0,0,0,2320,0,0,0,8638,0,0,0,12960,0,0,1,42604,0,0,0,1892,0,0,0,15676,0,0
8,145140604,,C,T,gnomAD Exomes,PASS,NA,p.Thr527Ile,p.Thr527Ile,c.1580C>T,missense_variant,segdup,1,108256,9.23736328702335E-06,0,0,1,7136,0,0,0,17044,0,0,0,2320,0,0,0,8638,0,0,0,12944,0,0,0,42606,0,0,0,1892,0,0,0,15676,0,0
8,145140609,rs782074262,G,T,gnomAD Exomes,PASS,NA,p.Val529Leu,p.Val529Leu,c.1585G>T,missense_variant,segdup,0,108206,0,0,0,0,7134,0,0,0,17044,0,0,0,2320,0,0,0,8638,0,0,0,12896,0,0,0,42606,0,0,0,1892,0,0,0,15676,0,0
8,145140622,rs200059746,C,T,"gnomAD Exomes,gnomAD Genomes",PASS,PASS,p.Ala533Val,p.Ala533Val,c.1598C>T,missense_variant,segdup,24,118670,0.00020224151007,0,0,0,9702,0,0,0,17290,0,0,0,2356,0,0,0,9552,0,0,0,13676,0,0,6,48106,0,0,1,2312,0,0,17,15676,0,0
8,145140640,rs782574810,G,A,gnomAD Exomes,PASS,NA,p.Gly539Glu,p.Gly539Glu,c.1616G>A,missense_variant,segdup,5,107364,4.65705450616594E-05,0,0,0,7136,0,0,0,17042,0,0,0,2320,0,0,0,8636,0,0,0,12072,0,0,0,42598,0,0,0,1888,0,0,5,15672,0,0
8,145140646,rs557855070,G,A,gnomAD Exomes,PASS,NA,p.Arg541Gln,p.Arg541Gln,c.1622G>A,missense_variant,segdup,3,107050,2.80242877160205E-05,0,0,0,7136,0,0,1,17040,0,0,0,2318,0,0,0,8636,0,0,0,11770,0,0,0,42596,0,0,1,1886,0,0,1,15668,0,0
8,145140784,rs200574909,G,A,gnomAD Exomes,PASS,NA,c.1623-1G>A,,c.1623-1G>A,splice_acceptor_variant,segdup,1,107048,9.34160376653464E-06,0,0,0,7136,0,0,0,16982,0,0,0,2304,0,0,0,8636,0,0,0,12002,0,0,1,42510,0,0,0,1878,0,0,0,15600,0,0
8,145140804,rs781891059,C,A,"gnomAD Exomes,gnomAD Genomes",PASS,PASS,p.Leu548Met,p.Leu548Met,c.1642C>A,missense_variant,segdup,2,117816,1.69756230053643E-05,0,0,0,9710,0,0,0,17266,0,0,0,2352,0,0,2,9552,0,0,0,12936,0,0,0,48080,0,0,0,2292,0,0,0,15628,0,0
8,145140820,rs372282426,C,T,gnomAD Exomes,PASS,NA,p.Pro553Leu,p.Pro553Leu,c.1658C>T,missense_variant,segdup,3,106502,2.81684850988714E-05,0,0,0,7124,0,0,0,17036,0,0,0,2320,0,0,0,8632,0,0,0,11354,0,0,2,42522,0,0,0,1862,0,0,1,15652,0,0
8,145140825,,G,A,gnomAD Genomes,NA,PASS,p.Ala555Thr,p.Ala555Thr,c.1663G>A,missense_variant,segdup,1,10864,9.20471281296024E-05,0,0,0,2572,0,0,0,246,0,0,0,38,0,0,0,916,0,0,0,1160,0,0,1,5510,0,0,0,422,0,0,0,0,0,0
8,145140829,rs375812008,C,T,gnomAD Exomes,PASS,NA,p.Thr556Met,p.Thr556Met,c.1667C>T,missense_variant,segdup,2,106602,1.87613740830378E-05,0,0,0,7134,0,0,0,17036,0,0,0,2320,0,0,1,8634,0,0,0,11374,0,0,1,42570,0,0,0,1872,0,0,0,15662,0,0
8,145140842,rs782183722,C,G,gnomAD Exomes,PASS,NA,p.Ser560Arg,p.Ser560Arg,c.1680C>G,missense_variant,segdup,1,106476,9.39178782072955E-06,0,0,0,7134,0,0,0,17034,0,0,0,2320,0,0,0,8634,0,0,0,11256,0,0,0,42558,0,0,0,1872,0,0,1,15668,0,0
8,145140850,rs782243947,T,C,gnomAD Exomes,PASS,NA,p.Leu563Pro,p.Leu563Pro,c.1688T>C,missense_variant,segdup,4,104472,3.8287770885979E-05,0,0,0,7116,0,0,4,17032,0,0,0,2306,0,0,0,8612,0,0,0,9440,0,0,0,42456,0,0,0,1852,0,0,0,15658,0,0
8,145140855,rs782355767,C,T,gnomAD Exomes,PASS,NA,p.Arg565Trp,p.Arg565Trp,c.1693C>T,missense_variant,segdup,1,104052,9.61057932572175E-06,0,0,0,7110,0,0,0,17024,0,0,0,2308,0,0,0,8606,0,0,0,9028,0,0,1,42466,0,0,0,1854,0,0,0,15656,0,0
8,145140862,rs782199600,T,C,gnomAD Exomes,PASS,NA,p.Leu567Pro,p.Leu567Pro,c.1700T>C,missense_variant,segdup,2,102752,1.94643413266895E-05,0,0,0,7090,0,0,0,17014,0,0,0,2306,0,0,0,8590,0,0,0,7828,0,0,1,42432,0,0,0,1846,0,0,1,15646,0,0
8,145140865,rs782305274,A,G,"gnomAD Exomes,gnomAD Genomes",PASS,PASS,p.Gln568Arg,p.Gln568Arg,c.1703A>G,missense_variant,segdup,3,113612,2.64056613737985E-05,0,0,0,9658,0,0,0,17256,0,0,0,2342,0,0,2,9506,0,0,0,9008,0,0,1,47932,0,0,0,2270,0,0,0,15640,0,0
8,145140871,rs782774305,C,T,gnomAD Exomes,PASS,NA,p.Ala570Val,p.Ala570Val,c.1709C>T,missense_variant,segdup,2,102656,1.94825436408978E-05,0,0,2,7088,0,0,0,17004,0,0,0,2306,0,0,0,8588,0,0,0,7748,0,0,0,42432,0,0,0,1848,0,0,0,15642,0,0
8,145140873,rs564194070,C,T,gnomAD Exomes,PASS,NA,p.Pro571Ser,p.Pro571Ser,c.1711C>T,missense_variant,segdup,20,103080,0.000194024058983,0,0,1,7092,0,0,0,17018,0,0,0,2306,0,0,0,8586,0,0,0,8132,0,0,0,42450,0,0,0,1848,0,0,19,15648,0,0
8,145140882,rs782735238,C,G,gnomAD Exomes,PASS,NA,p.Leu574Val,p.Leu574Val,c.1720C>G,missense_variant,segdup,5,103820,4.81602774031978E-05,0,0,0,7098,0,0,0,17018,0,0,0,2306,0,0,0,8594,0,0,2,8828,0,0,1,42462,0,0,2,1852,0,0,0,15662,0,0
8,145140885,rs781814383,G,T,gnomAD Exomes,PASS,NA,p.Ala575Ser,p.Ala575Ser,c.1723G>T,missense_variant,segdup,6,103834,5.77845407092089E-05,0,0,0,7100,0,0,0,17018,0,0,0,2306,0,0,0,8590,0,0,0,8846,0,0,0,42456,0,0,0,1858,0,0,6,15660,0,0
8,145140888,rs367544103,G,A,"gnomAD Exomes,gnomAD Genomes",PASS,PASS,p.Glu576Lys,p.Glu576Lys,c.1726G>A,missense_variant,segdup,20,115120,0.000173731758165,0,0,6,9670,0,0,0,17262,0,0,1,2346,0,0,0,9522,0,0,0,10442,0,0,6,47930,0,0,0,2280,0,0,7,15668,0,0
8,145140892,,GCTGGCAGCTCTTC,G,gnomAD Genomes,NA,PASS,p.Leu580ArgfsTer2,p.Leu580ArgfsTer2,c.1739_1751delTCTTCCTGGCAGC,frameshift_variant,segdup,1,10846,9.21998893601328E-05,0,0,0,2568,0,0,0,246,0,0,0,38,0,0,0,916,0,0,0,1160,0,0,1,5494,0,0,0,424,0,0,0,0,0,0
8,145140913,rs782507310,C,T,gnomAD Exomes,PASS,NA,p.Ala584Val,p.Ala584Val,c.1751C>T,missense_variant,segdup,1,106710,9.3711929528629E-06,0,0,0,7110,0,0,0,17030,0,0,0,2316,0,0,1,8632,0,0,0,11532,0,0,0,42536,0,0,0,1880,0,0,0,15674,0,0
8,145140930,rs200225572,C,G,"gnomAD Exomes,gnomAD Genomes",PASS,PASS,p.Leu590Val,p.Leu590Val,c.1768C>G,missense_variant,segdup,9,118538,7.59250198248663E-05,0,0,0,9692,0,0,0,17286,0,0,0,2358,0,0,0,9550,0,0,0,13590,0,0,7,48078,0,0,2,2308,0,0,0,15676,0,0
8,145140933,rs782451651,G,A,"gnomAD Exomes,gnomAD Genomes",PASS,PASS,p.Glu591Lys,p.Glu591Lys,c.1771G>A,missense_variant,segdup,2,118646,1.68568683310015E-05,0,0,0,9690,0,0,0,17286,0,0,0,2358,0,0,0,9548,0,0,0,13702,0,0,2,48080,0,0,0,2306,0,0,0,15676,0,0
8,145140934,,A,G,gnomAD Exomes,PASS,NA,p.Glu591Gly,p.Glu591Gly,c.1772A>G,missense_variant,segdup,0,107872,0,0,0,0,7126,0,0,0,17040,0,0,0,2320,0,0,0,8636,0,0,0,12604,0,0,0,42584,0,0,0,1886,0,0,0,15676,0,0
8,145140946,rs375160633,A,G,gnomAD Exomes,PASS,NA,p.Tyr595Cys,p.Tyr595Cys,c.1784A>G,missense_variant,segdup,2,108080,1.85048112509252E-05,0,0,2,7130,0,0,0,17040,0,0,0,2320,0,0,0,8638,0,0,0,12806,0,0,0,42584,0,0,0,1886,0,0,0,15676,0,0
8,145140949,rs782404792,G,A,gnomAD Exomes,PASS,NA,p.Gly596Asp,p.Gly596Asp,c.1787G>A,missense_variant,segdup,1,108134,9.24778515545527E-06,0,0,0,7128,0,0,0,17042,0,0,0,2320,0,0,0,8638,0,0,0,12846,0,0,1,42596,0,0,0,1888,0,0,0,15676,0,0
8,145140949,rs782404792,G,T,gnomAD Exomes,PASS,NA,p.Gly596Val,p.Gly596Val,c.1787G>T,missense_variant,segdup,1,108134,9.24778515545527E-06,0,0,0,7128,0,0,0,17042,0,0,0,2320,0,0,1,8638,0,0,0,12846,0,0,0,42596,0,0,0,1888,0,0,0,15676,0,0
8,145140951,rs369331503,G,A,gnomAD Exomes,PASS,NA,p.Ala597Thr,p.Ala597Thr,c.1789G>A,missense_variant,segdup,2,108160,1.8491124260355E-05,0,0,0,7128,0,0,0,17042,0,0,0,2320,0,0,0,8638,0,0,0,12870,0,0,1,42596,0,0,0,1890,0,0,1,15676,0,0
8,145140952,,C,T,gnomAD Genomes,NA,PASS,p.Ala597Val,p.Ala597Val,c.1790C>T,missense_variant,segdup,1,10862,9.20640765973117E-05,0,0,0,2568,0,0,0,246,0,0,0,38,0,0,0,916,0,0,0,1162,0,0,1,5508,0,0,0,424,0,0,0,0,0,0
8,145140953,rs782172838,CCTGCTCTTCCCA,C,gnomAD Exomes,PASS,NA,p.Phe600_Leu603del,p.Phe600_Leu603del,c.1797_1808delCTTCCCACTGCT,inframe_deletion,segdup,1,108250,9.2378752886836E-06,0,0,0,7132,0,0,0,17042,0,0,0,2320,0,0,0,8638,0,0,0,12952,0,0,1,42602,0,0,0,1888,0,0,0,15676,0,0
8,145140973,,C,T,gnomAD Exomes,PASS,NA,p.Ser604Phe,p.Ser604Phe,c.1811C>T,missense_variant,segdup,1,108398,9.22526245871695E-06,0,0,0,7136,0,0,0,17040,0,0,0,2320,0,0,0,8638,0,0,0,13098,0,0,0,42602,0,0,1,1888,0,0,0,15676,0,0
8,145140978,,G,A,gnomAD Exomes,PASS,NA,p.Gly606Ser,p.Gly606Ser,c.1816G>A,missense_variant,segdup,1,108396,9.22543267279235E-06,0,0,0,7136,0,0,0,17040,0,0,0,2320,0,0,0,8638,0,0,0,13090,0,0,1,42608,0,0,0,1888,0,0,0,15676,0,0
8,145140982,rs782042621,T,A,gnomAD Exomes,PASS,NA,p.Leu607His,p.Leu607His,c.1820T>A,missense_variant,segdup,1,108398,9.22526245871695E-06,0,0,0,7132,0,0,0,17034,0,0,0,2320,0,0,0,8638,0,0,0,13108,0,0,1,42602,0,0,0,1888,0,0,0,15676,0,0
8,145140993,,T,C,gnomAD Exomes,PASS,NA,p.Trp611Arg,p.Trp611Arg,c.1831T>C,missense_variant,segdup,1,108402,9.22492204940868E-06,0,0,0,7136,0,0,1,17042,0,0,0,2320,0,0,0,8638,0,0,0,13094,0,0,0,42608,0,0,0,1888,0,0,0,15676,0,0
8,145140996,,C,A,gnomAD Exomes,PASS,NA,p.Leu612Met,p.Leu612Met,c.1834C>A,missense_variant,segdup,1,108376,9.22713515907581E-06,0,0,1,7136,0,0,0,17040,0,0,0,2320,0,0,0,8638,0,0,0,13068,0,0,0,42606,0,0,0,1892,0,0,0,15676,0,0
8,145140999,rs781834246,C,G,gnomAD Exomes,PASS,NA,p.Leu613Val,p.Leu613Val,c.1837C>G,missense_variant,segdup,2,108340,1.84604024367731E-05,0,0,0,7136,0,0,0,17040,0,0,0,2320,0,0,2,8638,0,0,0,13032,0,0,0,42606,0,0,0,1892,0,0,0,15676,0,0
8,145141007,rs782075601,G,A,gnomAD Genomes,NA,PASS,p.Trp615Ter,p.Trp615Ter,c.1845G>A,stop_gained,"segdup,lc_lof",1,10866,9.20301859009755E-05,0,0,0,2564,0,0,0,246,0,0,0,38,0,0,0,916,0,0,0,1162,0,0,1,5516,0,0,0,424,0,0,0,0,0,0
8,145141021,rs200239582,G,A,"gnomAD Exomes,gnomAD Genomes",PASS,PASS,p.Trp620Ter,p.Trp620Ter,c.1859G>A,stop_gained,"segdup,lc_lof",22,118934,0.000184976541611,0,0,0,9704,0,0,0,17284,0,0,0,2358,0,0,22,9554,0,0,0,13928,0,0,0,48120,0,0,0,2314,0,0,0,15672,0,0
8,145141022,,G,C,gnomAD Exomes,PASS,NA,p.Trp620Cys,p.Trp620Cys,c.1860G>C,missense_variant,segdup,1,108042,9.25565983598971E-06,0,0,0,7136,0,0,0,17036,0,0,0,2320,0,0,1,8638,0,0,0,12748,0,0,0,42602,0,0,0,1890,0,0,0,15672,0,0
8,145141025,rs13255101,G,T,"gnomAD Exomes,gnomAD Genomes",PASS,PASS,p.Lys621Asn,p.Lys621Asn,c.1863G>T,missense_variant,segdup,134,118868,0.001127300871555,0,0,1,9704,0,0,4,17280,0,0,0,2358,0,0,0,9554,0,0,5,13874,0,0,123,48116,0,0,1,2312,0,0,0,15670,0,0
