Chromosome,Position,rsID,Reference,Alternate,Source,Filters - exomes,Filters - genomes,Consequence,Protein Consequence,Transcript Consequence,Annotation,Flags,Allele Count,Allele Number,Allele Frequency,Homozygote Count,Hemizygote Count,Allele Count African,Allele Number African,Homozygote Count African,Hemizygote Count African,Allele Count Latino,Allele Number Latino,Homozygote Count Latino,Hemizygote Count Latino,Allele Count Ashkenazi Jewish,Allele Number Ashkenazi Jewish,Homozygote Count Ashkenazi Jewish,Hemizygote Count Ashkenazi Jewish,Allele Count East Asian,Allele Number East Asian,Homozygote Count East Asian,Hemizygote Count East Asian,Allele Count European (Finnish),Allele Number European (Finnish),Homozygote Count European (Finnish),Hemizygote Count European (Finnish),Allele Count European (non-Finnish),Allele Number European (non-Finnish),Homozygote Count European (non-Finnish),Hemizygote Count European (non-Finnish),Allele Count Other,Allele Number Other,Homozygote Count Other,Hemizygote Count Other,Allele Count South Asian,Allele Number South Asian,Homozygote Count South Asian,Hemizygote Count South Asian
9,139100579,rs369747427,C,T,"gnomAD Exomes,gnomAD Genomes",PASS,PASS,p.Val698Met,p.Val698Met,c.2092G>A,missense_variant,,5,118500,4.21940928270042E-05,0,0,0,9730,0,0,0,17206,0,0,0,2250,0,0,0,9950,0,0,2,14378,0,0,3,47250,0,0,0,2310,0,0,0,15426,0,0
9,139100584,rs373296655,G,T,gnomAD Exomes,PASS,NA,p.Pro696Gln,p.Pro696Gln,c.2087C>A,missense_variant,,2,108422,1.84464407592555E-05,0,0,1,7164,0,0,0,17050,0,0,0,2266,0,0,0,9044,0,0,0,13280,0,0,1,42142,0,0,0,1896,0,0,0,15580,0,0
9,139100589,rs1351391383,G,T,gnomAD Exomes,PASS,NA,p.His694Gln,p.His694Gln,c.2082C>A,missense_variant,,1,108748,9.19557141280759E-06,0,0,0,7164,0,0,1,17056,0,0,0,2290,0,0,0,9046,0,0,0,13324,0,0,0,42328,0,0,0,1900,0,0,0,15640,0,0
9,139100600,rs762534720,C,T,gnomAD Exomes,PASS,NA,p.Val691Ile,p.Val691Ile,c.2071G>A,missense_variant,,1,108974,9.17650081670857E-06,0,0,0,7164,0,0,1,17070,0,0,0,2300,0,0,0,9046,0,0,0,13354,0,0,0,42492,0,0,0,1910,0,0,0,15638,0,0
9,139100602,rs1448526603,T,A,gnomAD Exomes,PASS,NA,p.Lys690Met,p.Lys690Met,c.2069A>T,missense_variant,,1,109122,9.16405491101703E-06,0,0,0,7164,0,0,0,17072,0,0,0,2308,0,0,0,9044,0,0,0,13366,0,0,1,42600,0,0,0,1908,0,0,0,15660,0,0
9,139100608,rs144126188,C,T,gnomAD Exomes,PASS,NA,p.Arg688Gln,p.Arg688Gln,c.2063G>A,missense_variant,,8,109156,7.32896038696911E-05,0,0,2,7164,0,0,2,17064,0,0,0,2308,0,0,0,9046,0,0,0,13376,0,0,3,42624,0,0,0,1908,0,0,1,15666,0,0
9,139100609,rs773810225,G,A,gnomAD Exomes,PASS,NA,p.Arg688Trp,p.Arg688Trp,c.2062C>T,missense_variant,,1,109258,9.1526478610262E-06,0,0,1,7164,0,0,0,17078,0,0,0,2318,0,0,0,9046,0,0,0,13380,0,0,0,42684,0,0,0,1910,0,0,0,15678,0,0
9,139100623,rs1461519130,C,T,gnomAD Exomes,PASS,NA,p.Arg683Gln,p.Arg683Gln,c.2048G>A,missense_variant,,1,109354,9.14461290853558E-06,0,0,0,7164,0,0,0,17092,0,0,0,2320,0,0,0,9044,0,0,0,13392,0,0,1,42740,0,0,0,1914,0,0,0,15688,0,0
9,139100624,rs777638132,G,A,gnomAD Exomes,PASS,NA,p.Arg683Trp,p.Arg683Trp,c.2047C>T,missense_variant,,3,109374,2.74288222063745E-05,0,0,0,7164,0,0,1,17092,0,0,0,2320,0,0,0,9046,0,0,0,13392,0,0,2,42756,0,0,0,1914,0,0,0,15690,0,0
9,139100624,rs777638132,GGAA,G,gnomAD Exomes,PASS,NA,p.Phe682del,p.Phe682del,c.2044_2046delTTC,inframe_deletion,,7,109374,6.40005851482071E-05,0,0,0,7164,0,0,2,17092,0,0,0,2320,0,0,0,9046,0,0,0,13392,0,0,5,42756,0,0,0,1914,0,0,0,15690,0,0
9,139100630,rs1184876921,A,G,gnomAD Exomes,PASS,NA,p.Phe681Leu,p.Phe681Leu,c.2041T>C,missense_variant,,1,109382,9.14227203744674E-06,0,0,0,7164,0,0,1,17092,0,0,0,2320,0,0,0,9046,0,0,0,13394,0,0,0,42762,0,0,0,1914,0,0,0,15690,0,0
9,139100632,rs750877370,A,T,gnomAD Exomes,PASS,NA,p.Phe680Tyr,p.Phe680Tyr,c.2039T>A,missense_variant,,1,109382,9.14227203744674E-06,0,0,0,7164,0,0,0,17092,0,0,0,2320,0,0,0,9046,0,0,0,13394,0,0,1,42762,0,0,0,1914,0,0,0,15690,0,0
9,139100634,rs756563763,G,T,gnomAD Exomes,PASS,NA,p.Tyr679Ter,p.Tyr679Ter,c.2037C>A,stop_gained,lc_lof,1,109388,9.14177057812557E-06,0,0,0,7164,0,0,0,17096,0,0,0,2320,0,0,0,9046,0,0,1,13394,0,0,0,42764,0,0,0,1914,0,0,0,15690,0,0
9,139100637,rs766786858,C,T,gnomAD Exomes,PASS,NA,p.Met678Ile,p.Met678Ile,c.2034G>A,missense_variant,,1,109382,9.14227203744674E-06,0,0,1,7164,0,0,0,17096,0,0,0,2320,0,0,0,9046,0,0,0,13394,0,0,0,42760,0,0,0,1914,0,0,0,15688,0,0
9,139100666,rs370105290,C,A,gnomAD Exomes,PASS,NA,p.Val669Leu,p.Val669Leu,c.2005G>T,missense_variant,,1,109394,9.14126917381209E-06,0,0,0,7164,0,0,0,17102,0,0,0,2320,0,0,0,9046,0,0,0,13394,0,0,1,42766,0,0,0,1912,0,0,0,15690,0,0
9,139100666,rs370105290,C,T,gnomAD Exomes,PASS,NA,p.Val669Met,p.Val669Met,c.2005G>A,missense_variant,,6,109394,5.48476150428725E-05,0,0,0,7164,0,0,0,17102,0,0,0,2320,0,0,0,9046,0,0,0,13394,0,0,2,42766,0,0,0,1912,0,0,4,15690,0,0
9,139100675,rs144561104,C,T,"gnomAD Exomes,gnomAD Genomes",PASS,PASS,p.Val666Met,p.Val666Met,c.1996G>A,missense_variant,,34,120252,0.000282739580215,0,0,32,9730,0,0,0,17348,0,0,0,2358,0,0,0,9962,0,0,0,14556,0,0,2,48272,0,0,0,2336,0,0,0,15690,0,0
9,139100694,rs1217229133,C,CA,gnomAD Exomes,PASS,NA,p.Asp660GlyfsTer97,p.Asp660GlyfsTer97,c.1976dupT,frameshift_variant,,3,109396,2.74233061537899E-05,0,0,0,7164,0,0,3,17102,0,0,0,2320,0,0,0,9046,0,0,0,13394,0,0,0,42768,0,0,0,1912,0,0,0,15690,0,0
9,139100702,rs773967727,A,G,gnomAD Exomes,PASS,NA,p.Ser657Pro,p.Ser657Pro,c.1969T>C,missense_variant,,1,109396,9.1411020512633E-06,0,0,0,7164,0,0,0,17102,0,0,0,2320,0,0,0,9046,0,0,0,13394,0,0,1,42768,0,0,0,1912,0,0,0,15690,0,0
9,139100711,rs998697220,C,A,gnomAD Exomes,PASS,NA,p.Val654Phe,p.Val654Phe,c.1960G>T,missense_variant,,1,109396,9.1411020512633E-06,0,0,0,7164,0,0,1,17102,0,0,0,2320,0,0,0,9046,0,0,0,13394,0,0,0,42768,0,0,0,1912,0,0,0,15690,0,0
9,139100714,rs761441281,C,T,"gnomAD Exomes,gnomAD Genomes",PASS,PASS,p.Gly653Arg,p.Gly653Arg,c.1957G>A,missense_variant,,13,120272,0.000108088333112,0,0,2,9736,0,0,4,17348,0,0,0,2358,0,0,0,9962,0,0,2,14556,0,0,3,48286,0,0,2,2336,0,0,0,15690,0,0
9,139100726,rs142355207,C,T,gnomAD Exomes,PASS,NA,p.Ala649Thr,p.Ala649Thr,c.1945G>A,missense_variant,,4,109394,3.65650766952484E-05,0,0,0,7164,0,0,1,17102,0,0,0,2320,0,0,2,9046,0,0,0,13392,0,0,0,42768,0,0,0,1912,0,0,1,15690,0,0
9,139100744,rs565835624,T,C,gnomAD Exomes,PASS,NA,p.Lys643Glu,p.Lys643Glu,c.1927A>G,missense_variant,,5,109388,4.57088528906279E-05,0,0,1,7164,0,0,2,17100,0,0,0,2320,0,0,2,9046,0,0,0,13390,0,0,0,42766,0,0,0,1912,0,0,0,15690,0,0
9,139100753,rs750395867,C,T,gnomAD Exomes,PASS,NA,p.Gly640Arg,p.Gly640Arg,c.1918G>A,missense_variant,,2,109364,1.8287553491094E-05,0,0,0,7162,0,0,0,17096,0,0,0,2320,0,0,1,9046,0,0,0,13386,0,0,1,42754,0,0,0,1912,0,0,0,15688,0,0
9,139100769,rs746508624,C,G,gnomAD Exomes,PASS,NA,p.Gln634His,p.Gln634His,c.1902G>C,missense_variant,,4,109356,3.65777826548155E-05,0,0,0,7162,0,0,1,17092,0,0,0,2320,0,0,0,9046,0,0,0,13384,0,0,2,42754,0,0,0,1912,0,0,1,15686,0,0
9,139100775,rs1282351017,T,G,gnomAD Exomes,PASS,NA,p.Lys632Asn,p.Lys632Asn,c.1896A>C,missense_variant,,1,109332,9.14645300552446E-06,0,0,0,7164,0,0,1,17086,0,0,0,2316,0,0,0,9046,0,0,0,13382,0,0,0,42742,0,0,0,1912,0,0,0,15684,0,0
9,139100779,rs747685953,C,A,gnomAD Exomes,PASS,NA,p.Gly631Val,p.Gly631Val,c.1892G>T,missense_variant,,2,109338,1.82919021749072E-05,0,0,0,7164,0,0,0,17086,0,0,0,2316,0,0,0,9046,0,0,0,13378,0,0,2,42752,0,0,0,1910,0,0,0,15686,0,0
9,139100788,rs766622396,C,T,gnomAD Exomes,PASS,NA,p.Ser628Asn,p.Ser628Asn,c.1883G>A,missense_variant,,2,109314,1.82959181806539E-05,0,0,0,7164,0,0,1,17080,0,0,0,2320,0,0,0,9046,0,0,0,13382,0,0,0,42726,0,0,0,1912,0,0,1,15684,0,0
9,139100806,rs752970083,G,A,"gnomAD Exomes,gnomAD Genomes",PASS,PASS,p.Pro622Leu,p.Pro622Leu,c.1865C>T,missense_variant,mnv,5,120170,4.16077223932762E-05,0,0,1,9738,0,0,4,17332,0,0,0,2358,0,0,0,9960,0,0,0,14522,0,0,0,48244,0,0,0,2336,0,0,0,15680,0,0
9,139100809,rs915938154,A,G,gnomAD Exomes,PASS,NA,p.Leu621Pro,p.Leu621Pro,c.1862T>C,missense_variant,,2,109308,1.82969224576426E-05,0,0,0,7164,0,0,2,17084,0,0,0,2318,0,0,0,9046,0,0,0,13364,0,0,0,42736,0,0,0,1912,0,0,0,15684,0,0
9,139100824,rs1169671641,C,T,gnomAD Exomes,PASS,NA,p.Gly616Asp,p.Gly616Asp,c.1847G>A,missense_variant,,2,109296,1.82989313424096E-05,0,0,2,7164,0,0,0,17086,0,0,0,2318,0,0,0,9046,0,0,0,13376,0,0,0,42714,0,0,0,1914,0,0,0,15678,0,0
9,139100833,rs751628576,C,A,gnomAD Exomes,PASS,NA,p.Gly613Val,p.Gly613Val,c.1838G>T,missense_variant,,1,109316,9.14779172307805E-06,0,0,0,7164,0,0,0,17092,0,0,0,2314,0,0,0,9046,0,0,0,13376,0,0,1,42726,0,0,0,1914,0,0,0,15684,0,0
9,139100833,rs751628576,C,G,gnomAD Exomes,PASS,NA,p.Gly613Ala,p.Gly613Ala,c.1838G>C,missense_variant,,1,109316,9.14779172307805E-06,0,0,0,7164,0,0,1,17092,0,0,0,2314,0,0,0,9046,0,0,0,13376,0,0,0,42726,0,0,0,1914,0,0,0,15684,0,0
9,139100837,rs757304046,G,A,gnomAD Exomes,PASS,NA,p.Pro612Ser,p.Pro612Ser,c.1834C>T,missense_variant,,2,109336,1.82922367747128E-05,0,0,0,7164,0,0,0,17092,0,0,0,2318,0,0,0,9046,0,0,0,13380,0,0,0,42738,0,0,0,1912,0,0,2,15686,0,0
9,139100842,rs375837990,C,T,gnomAD Exomes,PASS,NA,p.Arg610His,p.Arg610His,c.1829G>A,missense_variant,,1,109306,9.14862862056978E-06,0,0,0,7164,0,0,0,17088,0,0,0,2320,0,0,0,9046,0,0,0,13382,0,0,1,42716,0,0,0,1912,0,0,0,15678,0,0
9,139100846,rs111999951,C,T,"gnomAD Exomes,gnomAD Genomes",PASS,PASS,p.Val609Ile,p.Val609Ile,c.1825G>A,missense_variant,,182,120198,0.00151416828899,2,0,160,9734,2,0,14,17340,0,0,0,2356,0,0,0,9962,0,0,0,14550,0,0,2,48240,0,0,3,2334,0,0,3,15682,0,0
9,139100854,rs573715778,G,A,gnomAD Exomes,PASS,NA,p.Thr606Ile,p.Thr606Ile,c.1817C>T,missense_variant,,2,109348,1.82902293594762E-05,0,0,0,7164,0,0,0,17096,0,0,0,2320,0,0,0,9046,0,0,0,13386,0,0,0,42734,0,0,0,1914,0,0,2,15688,0,0
9,139100860,rs757951204,C,T,gnomAD Exomes,PASS,NA,p.Arg604Gln,p.Arg604Gln,c.1811G>A,missense_variant,,6,109352,5.48686809569098E-05,0,0,1,7164,0,0,1,17096,0,0,0,2320,0,0,0,9046,0,0,0,13386,0,0,1,42740,0,0,1,1914,0,0,2,15686,0,0
9,139100861,rs199805211,G,A,gnomAD Exomes,PASS,NA,p.Arg604Ter,p.Arg604Ter,c.1810C>T,stop_gained,lc_lof,6,109352,5.48686809569098E-05,0,0,1,7164,0,0,0,17096,0,0,0,2320,0,0,1,9046,0,0,0,13386,0,0,4,42740,0,0,0,1914,0,0,0,15686,0,0
9,139100872,rs142654204,G,A,gnomAD Exomes,PASS,NA,p.Ser600Phe,p.Ser600Phe,c.1799C>T,missense_variant,,3,109362,2.74318318977341E-05,0,0,0,7164,0,0,0,17096,0,0,0,2320,0,0,0,9046,0,0,0,13386,0,0,3,42748,0,0,0,1914,0,0,0,15688,0,0
9,139100875,rs1195600431,A,G,gnomAD Exomes,PASS,NA,p.Val599Ala,p.Val599Ala,c.1796T>C,missense_variant,,1,109370,9.1432751211484E-06,0,0,0,7164,0,0,1,17096,0,0,0,2320,0,0,0,9046,0,0,0,13386,0,0,0,42754,0,0,0,1914,0,0,0,15690,0,0
9,139100881,rs150236336,G,A,gnomAD Exomes,PASS,NA,p.Pro597Leu,p.Pro597Leu,c.1790C>T,missense_variant,,1,109376,9.14277355178467E-06,0,0,0,7164,0,0,1,17100,0,0,0,2320,0,0,0,9046,0,0,0,13384,0,0,0,42758,0,0,0,1914,0,0,0,15690,0,0
9,139100881,rs150236336,G,C,"gnomAD Exomes,gnomAD Genomes",PASS,PASS,p.Pro597Arg,p.Pro597Arg,c.1790C>G,missense_variant,,43,120240,0.000357618097139,0,0,4,9732,0,0,1,17346,0,0,0,2358,0,0,0,9962,0,0,35,14546,0,0,3,48268,0,0,0,2338,0,0,0,15690,0,0
9,139100882,rs201225826,G,C,gnomAD Exomes,PASS,NA,p.Pro597Ala,p.Pro597Ala,c.1789C>G,missense_variant,,1,109370,9.1432751211484E-06,0,0,0,7164,0,0,0,17098,0,0,0,2320,0,0,0,9046,0,0,0,13382,0,0,1,42756,0,0,0,1914,0,0,0,15690,0,0
9,139100882,rs201225826,G,T,gnomAD Exomes,PASS,NA,p.Pro597Thr,p.Pro597Thr,c.1789C>A,missense_variant,,21,109370,0.000192008777544,0,0,0,7164,0,0,0,17098,0,0,0,2320,0,0,20,9046,0,0,0,13382,0,0,0,42756,0,0,1,1914,0,0,0,15690,0,0
9,139100885,rs1164368335,G,T,gnomAD Exomes,PASS,NA,p.Pro596Thr,p.Pro596Thr,c.1786C>A,missense_variant,,1,109370,9.1432751211484E-06,0,0,0,7164,0,0,0,17100,0,0,0,2320,0,0,0,9046,0,0,0,13382,0,0,0,42756,0,0,0,1914,0,0,1,15688,0,0
9,139100890,rs1426526630,A,G,gnomAD Exomes,PASS,NA,p.Leu594Pro,p.Leu594Pro,c.1781T>C,missense_variant,,1,109380,9.1424392027793E-06,0,0,0,7164,0,0,0,17100,0,0,0,2320,0,0,0,9046,0,0,0,13384,0,0,0,42764,0,0,0,1914,0,0,1,15688,0,0
9,139100893,rs1384014407,CTT,C,gnomAD Exomes,PASS,NA,p.Arg593ThrfsTer62,p.Arg593ThrfsTer62,c.1776_1777delAA,frameshift_variant,lc_lof,1,109382,9.14227203744674E-06,0,0,0,7164,0,0,0,17100,0,0,0,2320,0,0,0,9046,0,0,0,13384,0,0,1,42764,0,0,0,1914,0,0,0,15690,0,0
9,139100900,rs189416352,C,T,"gnomAD Exomes,gnomAD Genomes",PASS,PASS,p.Glu591Lys,p.Glu591Lys,c.1771G>A,missense_variant,,5,120248,4.15807331514869E-05,0,0,0,9732,0,0,2,17346,0,0,0,2358,0,0,0,9962,0,0,0,14546,0,0,3,48276,0,0,0,2338,0,0,0,15690,0,0
9,139100923,rs201877940,G,A,gnomAD Exomes,PASS,NA,p.Thr583Ile,p.Thr583Ile,c.1748C>T,missense_variant,,3,109394,2.74238075214363E-05,0,0,0,7164,0,0,0,17104,0,0,0,2320,0,0,3,9046,0,0,0,13390,0,0,0,42768,0,0,0,1912,0,0,0,15690,0,0
9,139100929,rs765116169,C,G,gnomAD Exomes,PASS,NA,p.Gly581Ala,p.Gly581Ala,c.1742G>C,missense_variant,,1,109396,9.1411020512633E-06,0,0,0,7164,0,0,0,17104,0,0,0,2320,0,0,0,9046,0,0,0,13390,0,0,1,42768,0,0,0,1914,0,0,0,15690,0,0
9,139100939,rs1461069873,A,T,gnomAD Genomes,NA,PASS,p.Ser578Thr,p.Ser578Thr,c.1732T>A,missense_variant,,1,10838,9.22679461155195E-05,0,0,0,2568,0,0,0,246,0,0,0,38,0,0,0,912,0,0,0,1160,0,0,1,5496,0,0,0,418,0,0,0,0,0,0
9,139100954,rs768957094,C,T,gnomAD Exomes,PASS,NA,p.Ala573Thr,p.Ala573Thr,c.1717G>A,missense_variant,,3,109390,2.74248103117287E-05,0,0,2,7164,0,0,0,17104,0,0,0,2320,0,0,0,9046,0,0,1,13384,0,0,0,42768,0,0,0,1914,0,0,0,15690,0,0
9,139100960,rs780792103,A,C,gnomAD Exomes,PASS,NA,p.Tyr571Asp,p.Tyr571Asp,c.1711T>G,missense_variant,,1,109400,9.14076782449726E-06,0,0,0,7164,0,0,0,17104,0,0,0,2320,0,0,0,9046,0,0,0,13394,0,0,1,42768,0,0,0,1914,0,0,0,15690,0,0
9,139100962,rs368303324,G,A,gnomAD Exomes,PASS,NA,p.Thr570Met,p.Thr570Met,c.1709C>T,missense_variant,,1,109396,9.1411020512633E-06,0,0,0,7164,0,0,0,17104,0,0,0,2320,0,0,0,9046,0,0,0,13390,0,0,1,42768,0,0,0,1914,0,0,0,15690,0,0
9,139100962,rs368303324,G,T,gnomAD Exomes,PASS,NA,p.Thr570Lys,p.Thr570Lys,c.1709C>A,missense_variant,,1,109396,9.1411020512633E-06,0,0,0,7164,0,0,1,17104,0,0,0,2320,0,0,0,9046,0,0,0,13390,0,0,0,42768,0,0,0,1914,0,0,0,15690,0,0
9,139100966,rs201357152,C,G,gnomAD Exomes,PASS,NA,p.Asp569His,p.Asp569His,c.1705G>C,missense_variant,,12,109400,0.000109689213894,0,0,0,7164,0,0,4,17104,0,0,0,2320,0,0,0,9046,0,0,0,13394,0,0,6,42768,0,0,2,1914,0,0,0,15690,0,0
9,139100967,rs761961722,T,G,gnomAD Exomes,PASS,NA,p.Leu568Phe,p.Leu568Phe,c.1704A>C,missense_variant,,1,109398,9.14093493482513E-06,0,0,0,7164,0,0,0,17104,0,0,0,2320,0,0,1,9046,0,0,0,13392,0,0,0,42768,0,0,0,1914,0,0,0,15690,0,0
9,139100972,rs1390108091,G,T,gnomAD Exomes,PASS,NA,p.Leu567Ile,p.Leu567Ile,c.1699C>A,missense_variant,,1,109400,9.14076782449726E-06,0,0,0,7164,0,0,0,17104,0,0,0,2320,0,0,1,9046,0,0,0,13394,0,0,0,42768,0,0,0,1914,0,0,0,15690,0,0
9,139100974,rs939706237,T,C,gnomAD Genomes,NA,PASS,p.Asn566Ser,p.Asn566Ser,c.1697A>G,missense_variant,,1,10836,9.22849760059062E-05,0,0,1,2568,0,0,0,246,0,0,0,38,0,0,0,908,0,0,0,1162,0,0,0,5496,0,0,0,418,0,0,0,0,0,0
9,139100978,rs374591343,C,T,gnomAD Exomes,PASS,NA,p.Asp565Asn,p.Asp565Asn,c.1693G>A,missense_variant,,1,109396,9.1411020512633E-06,0,0,0,7164,0,0,0,17104,0,0,0,2320,0,0,0,9046,0,0,0,13390,0,0,0,42768,0,0,0,1914,0,0,1,15690,0,0
9,139100978,rs374591343,C,G,gnomAD Exomes,PASS,NA,p.Asp565His,p.Asp565His,c.1693G>C,missense_variant,,1,109396,9.1411020512633E-06,0,0,0,7164,0,0,0,17104,0,0,0,2320,0,0,0,9046,0,0,0,13390,0,0,1,42768,0,0,0,1914,0,0,0,15690,0,0
9,139100993,rs752669842,G,C,gnomAD Exomes,PASS,NA,p.Gln560Glu,p.Gln560Glu,c.1678C>G,missense_variant,,3,109396,2.74233061537899E-05,0,0,0,7164,0,0,0,17104,0,0,0,2320,0,0,3,9046,0,0,0,13392,0,0,0,42768,0,0,0,1912,0,0,0,15690,0,0
9,139101004,rs1479707035,G,C,gnomAD Exomes,PASS,NA,p.Thr556Arg,p.Thr556Arg,c.1667C>G,missense_variant,,1,109394,9.14126917381209E-06,0,0,0,7164,0,0,0,17104,0,0,0,2320,0,0,0,9046,0,0,0,13390,0,0,1,42768,0,0,0,1912,0,0,0,15690,0,0
9,139101008,rs763883958,G,T,gnomAD Exomes,PASS,NA,p.Leu555Ile,p.Leu555Ile,c.1663C>A,missense_variant,,1,109398,9.14093493482513E-06,0,0,0,7164,0,0,1,17104,0,0,0,2320,0,0,0,9046,0,0,0,13392,0,0,0,42768,0,0,0,1914,0,0,0,15690,0,0
9,139101010,rs756922727,A,G,gnomAD Exomes,PASS,NA,p.Val554Ala,p.Val554Ala,c.1661T>C,missense_variant,,1,109400,9.14076782449726E-06,0,0,0,7164,0,0,0,17104,0,0,0,2320,0,0,0,9046,0,0,0,13394,0,0,0,42768,0,0,0,1914,0,0,1,15690,0,0
9,139101028,rs376591814,C,A,gnomAD Exomes,PASS,NA,p.Ser548Ile,p.Ser548Ile,c.1643G>T,missense_variant,,1,109400,9.14076782449726E-06,0,0,0,7164,0,0,0,17104,0,0,0,2320,0,0,0,9046,0,0,0,13394,0,0,1,42768,0,0,0,1914,0,0,0,15690,0,0
9,139101028,rs376591814,C,T,gnomAD Exomes,PASS,NA,p.Ser548Asn,p.Ser548Asn,c.1643G>A,missense_variant,,2,109400,1.82815356489945E-05,0,0,0,7164,0,0,2,17104,0,0,0,2320,0,0,0,9046,0,0,0,13394,0,0,0,42768,0,0,0,1914,0,0,0,15690,0,0
9,139101031,rs779195053,G,C,gnomAD Exomes,PASS,NA,p.Ala547Gly,p.Ala547Gly,c.1640C>G,missense_variant,,1,109400,9.14076782449726E-06,0,0,0,7164,0,0,0,17104,0,0,0,2320,0,0,0,9046,0,0,0,13394,0,0,0,42768,0,0,0,1914,0,0,1,15690,0,0
9,139101052,rs748403670,T,C,gnomAD Exomes,PASS,NA,p.His540Arg,p.His540Arg,c.1619A>G,missense_variant,,1,109400,9.14076782449726E-06,0,0,1,7164,0,0,0,17104,0,0,0,2320,0,0,0,9046,0,0,0,13394,0,0,0,42768,0,0,0,1914,0,0,0,15690,0,0
9,139101059,rs772324137,C,A,gnomAD Exomes,PASS,NA,p.Ala538Ser,p.Ala538Ser,c.1612G>T,missense_variant,,1,109398,9.14093493482513E-06,0,0,0,7164,0,0,0,17104,0,0,0,2320,0,0,0,9046,0,0,0,13394,0,0,0,42768,0,0,0,1912,0,0,1,15690,0,0
9,139101068,rs760804991,G,C,gnomAD Exomes,PASS,NA,p.Leu535Val,p.Leu535Val,c.1603C>G,missense_variant,,2,109394,1.82825383476242E-05,0,0,0,7164,0,0,0,17104,0,0,0,2320,0,0,0,9044,0,0,0,13390,0,0,0,42768,0,0,0,1914,0,0,2,15690,0,0
9,139101073,rs200487085,G,A,gnomAD Exomes,PASS,NA,p.Pro533Leu,p.Pro533Leu,c.1598C>T,missense_variant,,7,109368,6.40040962621608E-05,0,0,0,7164,0,0,0,17090,0,0,4,2320,0,0,0,9038,0,0,0,13386,0,0,3,42766,0,0,0,1914,0,0,0,15690,0,0
9,139101082,rs763819126,C,T,gnomAD Exomes,PASS,NA,p.Trp530Ter,p.Trp530Ter,c.1589G>A,stop_gained,lc_lof,1,109354,9.14461290853558E-06,0,0,0,7164,0,0,0,17072,0,0,0,2320,0,0,0,9040,0,0,0,13394,0,0,1,42762,0,0,0,1914,0,0,0,15688,0,0
9,139101092,rs148837479,T,G,gnomAD Exomes,PASS,NA,p.Lys527Gln,p.Lys527Gln,c.1579A>C,missense_variant,,1,109324,9.1471223153196E-06,0,0,0,7164,0,0,0,17068,0,0,0,2320,0,0,0,9030,0,0,0,13390,0,0,1,42752,0,0,0,1914,0,0,0,15686,0,0
9,139101100,rs201259325,C,T,gnomAD Exomes,PASS,NA,p.Arg524Gln,p.Arg524Gln,c.1571G>A,missense_variant,,3,109300,2.74473924977127E-05,0,0,0,7164,0,0,1,17068,0,0,0,2310,0,0,1,9028,0,0,0,13388,0,0,1,42748,0,0,0,1914,0,0,0,15680,0,0
9,139101101,rs55964657,G,A,"gnomAD Exomes,gnomAD Genomes",PASS,PASS,p.Arg524Trp,p.Arg524Trp,c.1570C>T,missense_variant,,460,120144,0.003828738846717,2,0,4,9732,0,0,84,17312,0,0,0,2352,0,0,0,9930,0,0,28,14542,0,0,315,48252,2,0,14,2338,0,0,15,15686,0,0
9,139101104,rs1054283128,G,C,"gnomAD Exomes,gnomAD Genomes",PASS,PASS,p.Pro523Ala,p.Pro523Ala,c.1567C>G,missense_variant,,2,120156,1.66450281300975E-05,0,0,2,9734,0,0,0,17318,0,0,0,2352,0,0,0,9932,0,0,0,14542,0,0,0,48258,0,0,0,2336,0,0,0,15684,0,0
9,139101110,rs1214214537,C,T,gnomAD Exomes,PASS,NA,p.Glu521Lys,p.Glu521Lys,c.1561G>A,missense_variant,,1,109258,9.1526478610262E-06,0,0,0,7164,0,0,0,17064,0,0,0,2306,0,0,0,9020,0,0,0,13380,0,0,1,42734,0,0,0,1914,0,0,0,15676,0,0
9,139103118,rs373189547,C,T,gnomAD Exomes,PASS,NA,p.Arg514His,p.Arg514His,c.1541G>A,missense_variant,,2,109336,1.82922367747128E-05,0,0,1,7162,0,0,0,17096,0,0,0,2318,0,0,0,9046,0,0,0,13348,0,0,0,42762,0,0,0,1914,0,0,1,15690,0,0
9,139103119,rs148017914,G,A,"gnomAD Exomes,gnomAD Genomes",PASS,PASS,p.Arg514Cys,p.Arg514Cys,c.1540C>T,missense_variant,,13,120236,0.000108120695965,0,0,1,9736,0,0,3,17344,0,0,0,2358,0,0,0,9962,0,0,0,14528,0,0,9,48282,0,0,0,2336,0,0,0,15690,0,0
9,139103122,rs757462508,C,T,gnomAD Exomes,PASS,NA,p.Gly513Ser,p.Gly513Ser,c.1537G>A,missense_variant,,4,109370,3.65731004845936E-05,0,0,0,7164,0,0,0,17100,0,0,0,2320,0,0,0,9046,0,0,0,13374,0,0,1,42764,0,0,0,1912,0,0,3,15690,0,0
9,139103131,rs1453224993,T,A,gnomAD Exomes,PASS,NA,p.Met510Leu,p.Met510Leu,c.1528A>T,missense_variant,,1,109392,9.14143630247184E-06,0,0,0,7164,0,0,0,17106,0,0,0,2320,0,0,0,9046,0,0,0,13384,0,0,0,42768,0,0,0,1914,0,0,1,15690,0,0
9,139103150,rs376036294,C,G,"gnomAD Exomes,gnomAD Genomes",PASS,PASS,p.Trp503Cys,p.Trp503Cys,c.1509G>C,missense_variant,,28,120278,0.00023279402717,0,0,0,9736,0,0,0,17354,0,0,0,2358,0,0,0,9962,0,0,15,14554,0,0,12,48288,0,0,1,2336,0,0,0,15690,0,0
9,139103166,rs372409618,T,C,gnomAD Exomes,PASS,NA,p.Asp498Gly,p.Asp498Gly,c.1493A>G,missense_variant,,1,109402,9.14060072027934E-06,0,0,0,7164,0,0,0,17108,0,0,1,2320,0,0,0,9046,0,0,0,13392,0,0,0,42768,0,0,0,1914,0,0,0,15690,0,0
9,139103168,rs758354522,TG,T,gnomAD Genomes,NA,PASS,p.Pro497GlnfsTer15,p.Pro497GlnfsTer15,c.1490delC,frameshift_variant,,1,10874,9.19624793084421E-05,0,0,0,2570,0,0,0,246,0,0,0,38,0,0,0,916,0,0,0,1162,0,0,1,5520,0,0,0,422,0,0,0,0,0,0
9,139103181,rs766107268,G,A,gnomAD Exomes,PASS,NA,p.Ser493Leu,p.Ser493Leu,c.1478C>T,missense_variant,,2,109402,1.82812014405587E-05,0,0,0,7164,0,0,0,17108,0,0,0,2320,0,0,0,9046,0,0,0,13392,0,0,2,42768,0,0,0,1914,0,0,0,15690,0,0
9,139103182,rs776136958,A,T,gnomAD Exomes,PASS,NA,p.Ser493Thr,p.Ser493Thr,c.1477T>A,missense_variant,,1,109404,9.14043362217103E-06,0,0,1,7164,0,0,0,17108,0,0,0,2320,0,0,0,9046,0,0,0,13394,0,0,0,42768,0,0,0,1914,0,0,0,15690,0,0
9,139103186,rs1470127701,C,T,gnomAD Exomes,PASS,NA,p.Met491Ile,p.Met491Ile,c.1473G>A,missense_variant,,1,109400,9.14076782449726E-06,0,0,0,7164,0,0,1,17108,0,0,0,2320,0,0,0,9046,0,0,0,13390,0,0,0,42768,0,0,0,1914,0,0,0,15690,0,0
9,139103188,rs375685716,T,C,gnomAD Exomes,PASS,NA,p.Met491Val,p.Met491Val,c.1471A>G,missense_variant,,2,109404,1.82808672443421E-05,0,0,0,7164,0,0,0,17108,0,0,2,2320,0,0,0,9046,0,0,0,13394,0,0,0,42768,0,0,0,1914,0,0,0,15690,0,0
9,139103191,rs764664459,A,G,gnomAD Exomes,PASS,NA,p.Ser490Pro,p.Ser490Pro,c.1468T>C,missense_variant,,1,109404,9.14043362217103E-06,0,0,1,7164,0,0,0,17108,0,0,0,2320,0,0,0,9046,0,0,0,13394,0,0,0,42768,0,0,0,1914,0,0,0,15690,0,0
9,139103202,rs758853181,A,G,gnomAD Exomes,PASS,NA,p.Met486Thr,p.Met486Thr,c.1457T>C,missense_variant,,4,109404,3.65617344886841E-05,0,0,0,7164,0,0,4,17108,0,0,0,2320,0,0,0,9046,0,0,0,13394,0,0,0,42768,0,0,0,1914,0,0,0,15690,0,0
9,139103205,rs1176007485,T,C,gnomAD Exomes,PASS,NA,p.Glu485Gly,p.Glu485Gly,c.1454A>G,missense_variant,,1,109404,9.14043362217103E-06,0,0,1,7164,0,0,0,17108,0,0,0,2320,0,0,0,9046,0,0,0,13394,0,0,0,42768,0,0,0,1914,0,0,0,15690,0,0
9,139103208,rs764476276,T,A,gnomAD Exomes,PASS,NA,p.Glu484Val,p.Glu484Val,c.1451A>T,missense_variant,,2,109404,1.82808672443421E-05,0,0,0,7164,0,0,0,17108,0,0,0,2320,0,0,0,9046,0,0,0,13394,0,0,1,42768,0,0,0,1914,0,0,1,15690,0,0
9,139103210,rs751996064,A,T,gnomAD Exomes,PASS,NA,p.Phe483Leu,p.Phe483Leu,c.1449T>A,missense_variant,,1,109404,9.14043362217103E-06,0,0,0,7164,0,0,0,17110,0,0,0,2320,0,0,0,9046,0,0,0,13394,0,0,0,42766,0,0,0,1914,0,0,1,15690,0,0
9,139103218,rs1327009279,C,T,gnomAD Exomes,PASS,NA,p.Glu481Lys,p.Glu481Lys,c.1441G>A,missense_variant,,1,109406,9.14026653017202E-06,0,0,0,7164,0,0,0,17110,0,0,0,2320,0,0,0,9046,0,0,0,13394,0,0,0,42768,0,0,0,1914,0,0,1,15690,0,0
9,139103220,rs145948763,C,G,"gnomAD Exomes,gnomAD Genomes",PASS,PASS,p.Gly480Ala,p.Gly480Ala,c.1439G>C,missense_variant,,5,120286,4.15675972266099E-05,0,0,0,9736,0,0,0,17356,0,0,0,2358,0,0,2,9962,0,0,0,14556,0,0,3,48292,0,0,0,2336,0,0,0,15690,0,0
9,139103229,rs1288672800,T,C,gnomAD Exomes,PASS,NA,p.Lys477Arg,p.Lys477Arg,c.1430A>G,missense_variant,,1,109402,9.14060072027934E-06,0,0,0,7162,0,0,0,17108,0,0,0,2320,0,0,0,9046,0,0,0,13394,0,0,1,42768,0,0,0,1914,0,0,0,15690,0,0
9,139103232,rs746010500,C,T,gnomAD Exomes,PASS,NA,p.Cys476Tyr,p.Cys476Tyr,c.1427G>A,missense_variant,,2,109400,1.82815356489945E-05,0,0,0,7162,0,0,0,17108,0,0,0,2320,0,0,0,9046,0,0,0,13394,0,0,2,42766,0,0,0,1914,0,0,0,15690,0,0
9,139103237,rs756275035,AAAG,A,gnomAD Exomes,PASS,NA,p.Phe474del,p.Phe474del,c.1419_1421delCTT,inframe_deletion,,5,109402,4.57030036013967E-05,0,0,0,7162,0,0,0,17108,0,0,0,2320,0,0,0,9046,0,0,0,13394,0,0,0,42768,0,0,0,1914,0,0,5,15690,0,0
9,139103247,rs748124260,T,G,gnomAD Exomes,PASS,NA,p.His471Pro,p.His471Pro,c.1412A>C,missense_variant,,7,109402,6.39842050419553E-05,0,0,0,7162,0,0,0,17108,0,0,0,2320,0,0,7,9046,0,0,0,13394,0,0,0,42768,0,0,0,1914,0,0,0,15690,0,0
9,139103251,rs373864386,C,T,"gnomAD Exomes,gnomAD Genomes",PASS,PASS,p.Val470Ile,p.Val470Ile,c.1408G>A,missense_variant,,2,120282,1.66275918258759E-05,0,0,2,9736,0,0,0,17354,0,0,0,2358,0,0,0,9962,0,0,0,14556,0,0,0,48288,0,0,0,2338,0,0,0,15690,0,0
9,139103263,rs116326444,T,C,"gnomAD Exomes,gnomAD Genomes",PASS,PASS,p.Met466Val,p.Met466Val,c.1396A>G,missense_variant,,61,120270,0.000507192150994,0,0,60,9736,0,0,0,17352,0,0,0,2358,0,0,0,9960,0,0,0,14556,0,0,0,48280,0,0,1,2338,0,0,0,15690,0,0
9,139103265,rs1183206541,G,C,gnomAD Exomes,PASS,NA,p.Thr465Arg,p.Thr465Arg,c.1394C>G,missense_variant,,1,109396,9.1411020512633E-06,0,0,0,7162,0,0,0,17102,0,0,0,2320,0,0,0,9046,0,0,1,13394,0,0,0,42768,0,0,0,1914,0,0,0,15690,0,0
9,139103277,rs139149286,G,A,"gnomAD Exomes,gnomAD Genomes",PASS,PASS,p.Ala461Val,p.Ala461Val,c.1382C>T,missense_variant,,100,120258,0.000831545510486,0,0,86,9736,0,0,12,17342,0,0,0,2358,0,0,0,9962,0,0,0,14556,0,0,2,48278,0,0,0,2336,0,0,0,15690,0,0
9,139103284,rs147441275,G,A,gnomAD Exomes,PASS,NA,p.Pro459Ser,p.Pro459Ser,c.1375C>T,missense_variant,,4,109374,3.65717629418326E-05,0,0,2,7154,0,0,2,17094,0,0,0,2320,0,0,0,9046,0,0,0,13392,0,0,0,42766,0,0,0,1914,0,0,0,15688,0,0
9,139103287,rs774943622,C,T,gnomAD Exomes,PASS,NA,p.Asp458Asn,p.Asp458Asn,c.1372G>A,missense_variant,,1,109358,9.14427842498948E-06,0,0,0,7154,0,0,0,17088,0,0,0,2320,0,0,0,9046,0,0,0,13390,0,0,0,42760,0,0,0,1912,0,0,1,15688,0,0
9,139103288,rs149522972,G,C,gnomAD Exomes,PASS,NA,p.Asp457Glu,p.Asp457Glu,c.1371C>G,missense_variant,,3,109354,2.74338387256067E-05,0,0,0,7156,0,0,0,17090,0,0,0,2320,0,0,0,9044,0,0,0,13388,0,0,0,42756,0,0,0,1914,0,0,3,15686,0,0
9,139107014,rs750853432,G,A,gnomAD Exomes,PASS,NA,p.Ala449Val,p.Ala449Val,c.1346C>T,missense_variant,,1,109262,9.15231278944189E-06,0,0,0,7154,0,0,0,17046,0,0,0,2320,0,0,0,9046,0,0,0,13388,0,0,1,42744,0,0,0,1914,0,0,0,15650,0,0
9,139107020,rs754111895,G,A,gnomAD Exomes,PASS,NA,p.Pro447Leu,p.Pro447Leu,c.1340C>T,missense_variant,,3,109334,2.74388570801398E-05,0,0,0,7154,0,0,0,17074,0,0,0,2318,0,0,1,9046,0,0,0,13392,0,0,2,42756,0,0,0,1914,0,0,0,15680,0,0
9,139107029,rs144728279,G,A,gnomAD Exomes,PASS,NA,p.Ser444Leu,p.Ser444Leu,c.1331C>T,missense_variant,,4,109364,3.65751069821879E-05,0,0,0,7154,0,0,0,17092,0,0,0,2320,0,0,0,9046,0,0,0,13392,0,0,4,42760,0,0,0,1914,0,0,0,15686,0,0
9,139107032,rs751539272,G,A,gnomAD Exomes,PASS,NA,p.Ala443Val,p.Ala443Val,c.1328C>T,missense_variant,,12,109378,0.000109711276491,0,0,1,7158,0,0,11,17098,0,0,0,2320,0,0,0,9046,0,0,0,13392,0,0,0,42760,0,0,0,1914,0,0,0,15690,0,0
9,139107038,rs140008320,ACAGT,A,"gnomAD Exomes,gnomAD Genomes",PASS,PASS,p.Thr440LeufsTer26,p.Thr440LeufsTer26,c.1318_1321delACTG,frameshift_variant,,2,120264,1.66300804895896E-05,0,0,1,9728,0,0,0,17346,0,0,0,2358,0,0,0,9962,0,0,0,14556,0,0,1,48286,0,0,0,2338,0,0,0,15690,0,0
9,139107053,rs755898076,A,G,"gnomAD Exomes,gnomAD Genomes",PASS,PASS,p.Phe436Ser,p.Phe436Ser,c.1307T>C,missense_variant,,2,120262,1.66303570537659E-05,0,0,0,9730,0,0,0,17348,0,0,0,2358,0,0,0,9962,0,0,0,14556,0,0,2,48282,0,0,0,2338,0,0,0,15688,0,0
9,139107066,rs1452483153,G,T,gnomAD Exomes,PASS,NA,p.Leu432Ile,p.Leu432Ile,c.1294C>A,missense_variant,,1,109392,9.14143630247184E-06,0,0,0,7160,0,0,0,17106,0,0,0,2320,0,0,0,9046,0,0,0,13394,0,0,1,42762,0,0,0,1914,0,0,0,15690,0,0
9,139107074,rs747659197,G,A,"gnomAD Exomes,gnomAD Genomes",PASS,PASS,p.Pro429Leu,p.Pro429Leu,c.1286C>T,missense_variant,,2,120252,1.66317400126401E-05,0,0,0,9732,0,0,0,17348,0,0,0,2356,0,0,0,9960,0,0,0,14554,0,0,2,48278,0,0,0,2336,0,0,0,15688,0,0
9,139107093,rs748192091,ATCGGCT,A,gnomAD Exomes,PASS,NA,p.Arg422_Ser423del,p.Arg422_Ser423del,c.1261_1266delAGCCGA,inframe_deletion,,1,109384,9.14210487822716E-06,0,0,0,7160,0,0,1,17098,0,0,0,2320,0,0,0,9046,0,0,0,13394,0,0,0,42762,0,0,0,1914,0,0,0,15690,0,0
9,139107095,rs147671406,C,T,"gnomAD Exomes,gnomAD Genomes",PASS,PASS,p.Arg422Gln,p.Arg422Gln,c.1265G>A,missense_variant,,70,120266,0.000582043137711,0,0,69,9734,0,0,1,17344,0,0,0,2358,0,0,0,9962,0,0,0,14556,0,0,0,48284,0,0,0,2338,0,0,0,15690,0,0
9,139107096,rs1210859663,G,A,gnomAD Exomes,PASS,NA,p.Arg422Ter,p.Arg422Ter,c.1264C>T,stop_gained,,1,109378,9.14260637422516E-06,0,0,0,7158,0,0,0,17098,0,0,0,2320,0,0,1,9046,0,0,0,13394,0,0,0,42760,0,0,0,1914,0,0,0,15688,0,0
9,139107099,rs773839611,T,G,gnomAD Exomes,PASS,NA,p.Ser421Arg,p.Ser421Arg,c.1261A>C,missense_variant,,1,109390,9.14160343724289E-06,0,0,1,7160,0,0,0,17102,0,0,0,2320,0,0,0,9046,0,0,0,13394,0,0,0,42764,0,0,0,1914,0,0,0,15690,0,0
9,139107114,rs777009917,C,T,gnomAD Exomes,PASS,NA,p.Val416Ile,p.Val416Ile,c.1246G>A,missense_variant,,1,109374,9.14294073545815E-06,0,0,1,7158,0,0,0,17094,0,0,0,2320,0,0,0,9042,0,0,0,13394,0,0,0,42762,0,0,0,1914,0,0,0,15690,0,0
9,139107129,rs536279838,T,C,gnomAD Exomes,PASS,NA,p.Asn411Asp,p.Asn411Asp,c.1231A>G,missense_variant,,1,108990,9.1751536838242E-06,0,0,0,7148,0,0,0,16954,0,0,0,2316,0,0,0,9028,0,0,0,13392,0,0,0,42698,0,0,0,1906,0,0,1,15548,0,0
9,139107131,rs375455213,G,T,"gnomAD Exomes,gnomAD Genomes",PASS,PASS,p.Thr410Asn,p.Thr410Asn,c.1229C>A,missense_variant,,12,119842,0.000100131840256,0,0,12,9712,0,0,0,17206,0,0,0,2354,0,0,0,9940,0,0,0,14552,0,0,0,48206,0,0,0,2326,0,0,0,15546,0,0
9,139107143,rs201261864,C,A,gnomAD Exomes,PASS,NA,p.Gly406Val,p.Gly406Val,c.1217G>T,missense_variant,,1,106236,9.41300500771867E-06,0,0,1,7080,0,0,0,16036,0,0,0,2270,0,0,0,8924,0,0,0,13348,0,0,0,42210,0,0,0,1844,0,0,0,14524,0,0
9,139108447,rs368735255,C,T,gnomAD Exomes,PASS,NA,p.Arg403Gln,p.Arg403Gln,c.1208G>A,missense_variant,,3,109370,2.74298253634452E-05,0,0,0,7162,0,0,0,17104,0,0,0,2320,0,0,2,9046,0,0,0,13370,0,0,1,42766,0,0,0,1914,0,0,0,15688,0,0
9,139108449,rs757999451,C,T,gnomAD Exomes,PASS,NA,p.Met402Ile,p.Met402Ile,c.1206G>A,missense_variant,,2,109374,1.82858814709163E-05,0,0,0,7162,0,0,0,17106,0,0,0,2320,0,0,0,9046,0,0,0,13372,0,0,1,42764,0,0,1,1914,0,0,0,15690,0,0
9,139108452,rs1240748069,CTTG,C,gnomAD Exomes,PASS,NA,p.Asn400del,p.Asn400del,c.1200_1202delCAA,inframe_deletion,,2,109368,1.82868846463316E-05,0,0,1,7162,0,0,0,17106,0,0,0,2320,0,0,1,9046,0,0,0,13366,0,0,0,42764,0,0,0,1914,0,0,0,15690,0,0
9,139108456,rs552170220,T,C,gnomAD Exomes,PASS,NA,p.Asn400Ser,p.Asn400Ser,c.1199A>G,missense_variant,,6,109366,5.48616571877914E-05,0,0,2,7160,0,0,0,17106,0,0,0,2320,0,0,0,9044,0,0,0,13370,0,0,0,42762,0,0,0,1914,0,0,4,15690,0,0
9,139108462,rs747554299,A,C,gnomAD Exomes,PASS,NA,p.Val398Gly,p.Val398Gly,c.1193T>G,missense_variant,,4,109372,3.65724317009838E-05,0,0,0,7162,0,0,0,17106,0,0,0,2320,0,0,0,9046,0,0,0,13370,0,0,4,42764,0,0,0,1914,0,0,0,15690,0,0
9,139108472,rs771605962,G,A,gnomAD Exomes,PASS,NA,p.Leu395Phe,p.Leu395Phe,c.1183C>T,missense_variant,,1,109360,9.1441111923921E-06,0,0,0,7160,0,0,0,17108,0,0,0,2320,0,0,0,9046,0,0,0,13356,0,0,0,42766,0,0,0,1914,0,0,1,15690,0,0
9,139108475,rs200166292,C,T,gnomAD Exomes,PASS,NA,p.Val394Met,p.Val394Met,c.1180G>A,missense_variant,,17,109368,0.000155438519494,0,0,0,7160,0,0,9,17108,0,0,2,2320,0,0,0,9046,0,0,0,13362,0,0,6,42768,0,0,0,1914,0,0,0,15690,0,0
9,139108480,rs763184376,T,C,gnomAD Exomes,PASS,NA,p.Asn392Ser,p.Asn392Ser,c.1175A>G,missense_variant,,1,109358,9.14427842498948E-06,0,0,0,7158,0,0,0,17110,0,0,0,2320,0,0,0,9046,0,0,0,13352,0,0,0,42768,0,0,0,1914,0,0,1,15690,0,0
9,139108481,rs1214056009,T,C,gnomAD Exomes,PASS,NA,p.Asn392Asp,p.Asn392Asp,c.1174A>G,missense_variant,,1,109368,9.14344232316582E-06,0,0,0,7158,0,0,1,17110,0,0,0,2320,0,0,0,9046,0,0,0,13362,0,0,0,42768,0,0,0,1914,0,0,0,15690,0,0
9,139108483,rs375186579,T,C,"gnomAD Exomes,gnomAD Genomes",PASS,PASS,p.Tyr391Cys,p.Tyr391Cys,c.1172A>G,missense_variant,,3,120226,2.49530051735897E-05,0,0,1,9732,0,0,0,17356,0,0,0,2358,0,0,0,9962,0,0,0,14514,0,0,2,48284,0,0,0,2330,0,0,0,15690,0,0
9,139108494,rs1313754239,G,C,gnomAD Genomes,NA,PASS,p.Asp387Glu,p.Asp387Glu,c.1161C>G,missense_variant,,1,10870,9.19963201471941E-05,0,0,0,2574,0,0,0,246,0,0,0,38,0,0,0,916,0,0,0,1162,0,0,1,5514,0,0,0,420,0,0,0,0,0,0
9,139108501,rs766357655,G,A,gnomAD Exomes,PASS,NA,p.Pro385Leu,p.Pro385Leu,c.1154C>T,missense_variant,,1,109328,9.14678764817796E-06,0,0,0,7156,0,0,0,17110,0,0,1,2320,0,0,0,9046,0,0,0,13332,0,0,0,42762,0,0,0,1912,0,0,0,15690,0,0
9,139108510,rs753807189,G,C,gnomAD Exomes,PASS,NA,p.Ala382Gly,p.Ala382Gly,c.1145C>G,missense_variant,,106,108302,0.000978744621521,0,0,1,7036,0,0,9,17032,0,0,0,2306,0,0,71,8862,0,0,4,13114,0,0,15,42402,0,0,2,1882,0,0,4,15668,0,0
9,139108525,rs758087530,A,G,gnomAD Exomes,PASS,NA,p.Leu377Pro,p.Leu377Pro,c.1130T>C,missense_variant,,3,109344,2.74363476733977E-05,0,0,0,7160,0,0,3,17110,0,0,0,2320,0,0,0,9044,0,0,0,13340,0,0,0,42766,0,0,0,1914,0,0,0,15690,0,0
9,139108552,rs781617567,G,A,"gnomAD Exomes,gnomAD Genomes",PASS,PASS,p.Pro368Leu,p.Pro368Leu,c.1103C>T,missense_variant,,9,120082,7.49487849969188E-05,0,0,0,9730,0,0,0,17354,0,0,0,2358,0,0,5,9960,0,0,0,14400,0,0,1,48260,0,0,0,2330,0,0,3,15690,0,0
9,139108555,rs746326285,C,T,gnomAD Exomes,PASS,NA,p.Arg367Gln,p.Arg367Gln,c.1100G>A,missense_variant,,1,109190,9.15834783405074E-06,0,0,0,7154,0,0,0,17106,0,0,0,2320,0,0,0,9040,0,0,0,13226,0,0,0,42748,0,0,0,1908,0,0,1,15688,0,0
9,139108556,rs770075933,G,A,gnomAD Exomes,PASS,NA,p.Arg367Trp,p.Arg367Trp,c.1099C>T,missense_variant,,2,109194,1.83160246900013E-05,0,0,0,7154,0,0,0,17106,0,0,0,2320,0,0,0,9042,0,0,0,13226,0,0,2,42746,0,0,0,1910,0,0,0,15690,0,0
9,139110549,rs769823166,C,G,gnomAD Exomes,PASS,NA,p.Lys354Asn,p.Lys354Asn,c.1062G>C,missense_variant,,2,109262,1.83046255788838E-05,0,0,0,7148,0,0,2,17078,0,0,0,2318,0,0,0,9046,0,0,0,13356,0,0,0,42724,0,0,0,1912,0,0,0,15680,0,0
9,139110551,rs1368673716,T,C,gnomAD Exomes,PASS,NA,p.Lys354Glu,p.Lys354Glu,c.1060A>G,missense_variant,,1,109292,9.14980053434835E-06,0,0,1,7148,0,0,0,17086,0,0,0,2318,0,0,0,9046,0,0,0,13364,0,0,0,42740,0,0,0,1912,0,0,0,15678,0,0
9,139110554,rs1408983125,G,C,gnomAD Exomes,PASS,NA,p.Leu353Val,p.Leu353Val,c.1057C>G,missense_variant,,1,109282,9.15063779945462E-06,0,0,0,7144,0,0,0,17086,0,0,0,2318,0,0,1,9044,0,0,0,13364,0,0,0,42734,0,0,0,1912,0,0,0,15680,0,0
9,139110556,rs61744120,G,A,"gnomAD Exomes,gnomAD Genomes",PASS,PASS,p.Thr352Met,p.Thr352Met,c.1055C>T,missense_variant,,1204,120150,0.010020807324178,29,0,16,9724,0,0,62,17336,0,0,0,2358,0,0,1,9958,0,0,754,14520,26,0,342,48248,2,0,29,2336,1,0,0,15670,0,0
9,139110572,rs369920025,C,T,"gnomAD Exomes,gnomAD Genomes",PASS,PASS,p.Gly347Arg,p.Gly347Arg,c.1039G>A,missense_variant,,3,120142,2.49704516322352E-05,0,0,1,9726,0,0,2,17338,0,0,0,2358,0,0,0,9958,0,0,0,14484,0,0,0,48256,0,0,0,2336,0,0,0,15686,0,0
9,139110580,rs749995120,G,A,gnomAD Exomes,PASS,NA,p.Ser344Phe,p.Ser344Phe,c.1031C>T,missense_variant,,1,109290,9.14996797511209E-06,0,0,0,7156,0,0,0,17098,0,0,0,2320,0,0,1,9046,0,0,0,13328,0,0,0,42748,0,0,0,1912,0,0,0,15682,0,0
9,139110581,rs755566167,A,T,gnomAD Exomes,PASS,NA,p.Ser344Thr,p.Ser344Thr,c.1030T>A,missense_variant,,1,109300,9.14913083257091E-06,0,0,0,7158,0,0,1,17096,0,0,0,2318,0,0,0,9046,0,0,0,13338,0,0,0,42748,0,0,0,1912,0,0,0,15684,0,0
9,139110583,rs1378476659,T,C,gnomAD Exomes,PASS,NA,p.Lys343Arg,p.Lys343Arg,c.1028A>G,missense_variant,,1,109308,9.14846122882131E-06,0,0,0,7160,0,0,0,17096,0,0,0,2320,0,0,1,9046,0,0,0,13338,0,0,0,42754,0,0,0,1914,0,0,0,15680,0,0
9,139110587,rs1166290992,G,A,gnomAD Exomes,PASS,NA,p.His342Tyr,p.His342Tyr,c.1024C>T,missense_variant,,1,109282,9.15063779945462E-06,0,0,0,7154,0,0,0,17092,0,0,0,2320,0,0,0,9044,0,0,0,13328,0,0,0,42754,0,0,0,1910,0,0,1,15680,0,0
9,139110592,rs755348356,G,A,gnomAD Exomes,PASS,NA,p.Ala340Val,p.Ala340Val,c.1019C>T,missense_variant,,1,109276,9.15114023207292E-06,0,0,0,7158,0,0,0,17088,0,0,0,2320,0,0,0,9046,0,0,0,13316,0,0,1,42750,0,0,0,1912,0,0,0,15686,0,0
9,139110596,rs1308334656,G,C,gnomAD Exomes,PASS,NA,p.Leu339Val,p.Leu339Val,c.1015C>G,missense_variant,,1,109284,9.15047033417518E-06,0,0,0,7158,0,0,0,17094,0,0,0,2320,0,0,1,9044,0,0,0,13320,0,0,0,42750,0,0,0,1912,0,0,0,15686,0,0
9,139110604,rs777754229,C,A,gnomAD Exomes,PASS,NA,p.Arg336Leu,p.Arg336Leu,c.1007G>T,missense_variant,,1,109278,9.15097274840316E-06,0,0,0,7158,0,0,1,17094,0,0,0,2320,0,0,0,9046,0,0,0,13310,0,0,0,42752,0,0,0,1912,0,0,0,15686,0,0
9,139110616,rs758688345,T,C,gnomAD Exomes,PASS,NA,p.His332Arg,p.His332Arg,c.995A>G,missense_variant,,1,109272,9.15147521780511E-06,0,0,0,7156,0,0,0,17098,0,0,0,2320,0,0,0,9046,0,0,0,13292,0,0,1,42762,0,0,0,1912,0,0,0,15686,0,0
9,139110640,rs747175246,G,A,gnomAD Exomes,PASS,NA,p.Thr324Met,p.Thr324Met,c.971C>T,missense_variant,,1,109222,9.15566460969402E-06,0,0,0,7160,0,0,0,17084,0,0,0,2320,0,0,0,9044,0,0,0,13270,0,0,0,42752,0,0,0,1908,0,0,1,15684,0,0
9,139110652,rs202194021,G,A,gnomAD Exomes,PASS,NA,p.Ser320Leu,p.Ser320Leu,c.959C>T,missense_variant,,2,109126,1.83274380074409E-05,0,0,0,7154,0,0,0,17054,0,0,0,2312,0,0,0,9044,0,0,0,13248,0,0,2,42732,0,0,0,1912,0,0,0,15670,0,0
9,139110874,rs199709197,G,A,gnomAD Exomes,PASS,NA,c.956+2C>T,,c.956+2C>T,splice_donor_variant,"lc_lof,lof_flag",1,109390,9.14160343724289E-06,0,0,1,7162,0,0,0,17098,0,0,0,2320,0,0,0,9046,0,0,0,13394,0,0,0,42768,0,0,0,1914,0,0,0,15688,0,0
9,139110898,rs781540198,C,T,gnomAD Exomes,PASS,NA,p.Val312Met,p.Val312Met,c.934G>A,missense_variant,,1,109398,9.14093493482513E-06,0,0,0,7164,0,0,0,17102,0,0,0,2320,0,0,0,9046,0,0,0,13394,0,0,1,42768,0,0,0,1914,0,0,0,15690,0,0
9,139110910,rs1254339681,TTTC,T,gnomAD Exomes,PASS,NA,p.Glu307del,p.Glu307del,c.919_921delGAA,inframe_deletion,,1,109396,9.1411020512633E-06,0,0,1,7162,0,0,0,17102,0,0,0,2320,0,0,0,9046,0,0,0,13394,0,0,0,42768,0,0,0,1914,0,0,0,15690,0,0
9,139110922,rs1482213135,G,A,gnomAD Exomes,PASS,NA,p.His304Tyr,p.His304Tyr,c.910C>T,missense_variant,,1,109400,9.14076782449726E-06,0,0,0,7162,0,0,1,17106,0,0,0,2320,0,0,0,9046,0,0,0,13394,0,0,0,42768,0,0,0,1914,0,0,0,15690,0,0
9,139110940,rs771922260,G,C,gnomAD Exomes,PASS,NA,p.Pro298Ala,p.Pro298Ala,c.892C>G,missense_variant,,1,109400,9.14076782449726E-06,0,0,0,7162,0,0,0,17108,0,0,0,2320,0,0,0,9046,0,0,0,13392,0,0,1,42768,0,0,0,1914,0,0,0,15690,0,0
9,139110945,rs368708856,G,A,gnomAD Exomes,PASS,NA,p.Ser296Leu,p.Ser296Leu,c.887C>T,missense_variant,,33,109396,0.000301656367692,0,0,0,7160,0,0,0,17108,0,0,0,2320,0,0,0,9046,0,0,0,13392,0,0,0,42766,0,0,0,1914,0,0,33,15690,0,0
9,139110946,rs549217646,A,AT,gnomAD Exomes,PASS,NA,p.Ser296IlefsTer6,p.Ser296IlefsTer6,c.885dupA,frameshift_variant,,1,109396,9.1411020512633E-06,0,0,0,7162,0,0,0,17108,0,0,0,2320,0,0,0,9046,0,0,0,13390,0,0,1,42768,0,0,0,1914,0,0,0,15688,0,0
9,139110946,rs549217646,A,G,gnomAD Exomes,PASS,NA,p.Ser296Pro,p.Ser296Pro,c.886T>C,missense_variant,,31,109396,0.000283374163589,2,0,0,7162,0,0,2,17108,0,0,0,2320,0,0,0,9046,0,0,0,13390,0,0,0,42768,0,0,0,1914,0,0,29,15688,2,0
9,139110948,rs201765666,T,C,gnomAD Exomes,PASS,NA,p.Lys295Arg,p.Lys295Arg,c.884A>G,missense_variant,,14,109398,0.000127973089088,0,0,0,7162,0,0,0,17108,0,0,13,2320,0,0,0,9046,0,0,0,13390,0,0,0,42768,0,0,0,1914,0,0,1,15690,0,0
9,139110951,rs1303907697,T,C,gnomAD Exomes,PASS,NA,p.Lys294Arg,p.Lys294Arg,c.881A>G,missense_variant,,1,109402,9.14060072027934E-06,0,0,0,7162,0,0,0,17108,0,0,0,2320,0,0,0,9046,0,0,0,13394,0,0,1,42768,0,0,0,1914,0,0,0,15690,0,0
9,139110952,rs759114385,T,C,"gnomAD Exomes,gnomAD Genomes",PASS,PASS,p.Lys294Glu,p.Lys294Glu,c.880A>G,missense_variant,,6,120272,4.98869229745909E-05,0,0,0,9736,0,0,0,17354,0,0,0,2358,0,0,6,9960,0,0,0,14556,0,0,0,48280,0,0,0,2338,0,0,0,15690,0,0
9,139110963,rs141727399,G,A,"gnomAD Exomes,gnomAD Genomes",PASS,PASS,p.Pro290Leu,p.Pro290Leu,c.869C>T,missense_variant,,7,120254,5.82101219086267E-05,0,0,0,9732,0,0,1,17352,0,0,0,2358,0,0,4,9960,0,0,0,14556,0,0,0,48268,0,0,0,2338,0,0,2,15690,0,0
9,139110984,rs546723008,G,A,gnomAD Exomes,PASS,NA,p.Ser283Leu,p.Ser283Leu,c.848C>T,missense_variant,,1,109376,9.14277355178467E-06,0,0,0,7160,0,0,1,17100,0,0,0,2320,0,0,0,9044,0,0,0,13392,0,0,0,42758,0,0,0,1914,0,0,0,15688,0,0
9,139110993,rs139939482,G,A,gnomAD Exomes,PASS,NA,p.Ala280Val,p.Ala280Val,c.839C>T,missense_variant,,30,109314,0.00027443877271,0,0,0,7154,0,0,1,17092,0,0,27,2320,0,0,0,9038,0,0,0,13366,0,0,1,42744,0,0,1,1914,0,0,0,15686,0,0
9,139110996,rs766516788,C,T,gnomAD Exomes,PASS,NA,p.Arg279Gln,p.Arg279Gln,c.836G>A,missense_variant,,1,109292,9.14980053434835E-06,0,0,0,7154,0,0,0,17090,0,0,0,2320,0,0,1,9034,0,0,0,13358,0,0,0,42736,0,0,0,1914,0,0,0,15686,0,0
9,139110997,rs752708799,G,A,gnomAD Exomes,PASS,NA,p.Arg279Trp,p.Arg279Trp,c.835C>T,missense_variant,,1,109262,9.15231278944189E-06,0,0,0,7150,0,0,0,17090,0,0,0,2318,0,0,0,9034,0,0,0,13330,0,0,1,42742,0,0,0,1914,0,0,0,15684,0,0
9,139111009,rs746838402,C,T,gnomAD Exomes,PASS,NA,p.Val275Met,p.Val275Met,c.823G>A,missense_variant,,2,109072,1.83365116620214E-05,0,0,0,7144,0,0,0,17018,0,0,0,2320,0,0,1,9016,0,0,0,13272,0,0,0,42722,0,0,0,1912,0,0,1,15668,0,0
9,139111010,rs372271403,G,T,gnomAD Exomes,PASS,NA,p.His42Gln,p.His42Gln,c.124C>A,missense_variant,,0,108996,0,0,0,0,7146,0,0,0,16990,0,0,0,2320,0,0,0,9018,0,0,0,13252,0,0,0,42712,0,0,0,1908,0,0,0,15650,0,0
9,139113643,rs767414712,C,A,gnomAD Exomes,PASS,NA,p.Val274Phe,p.Val274Phe,c.820G>T,missense_variant,,0,104444,0,0,0,0,7076,0,0,0,15658,0,0,0,2186,0,0,0,8866,0,0,0,13220,0,0,0,41246,0,0,0,1776,0,0,0,14416,0,0
9,139113643,rs767414712,C,T,gnomAD Exomes,PASS,NA,p.Val274Ile,p.Val274Ile,c.820G>A,missense_variant,,1,104444,9.57450882769714E-06,0,0,0,7076,0,0,0,15658,0,0,0,2186,0,0,1,8866,0,0,0,13220,0,0,0,41246,0,0,0,1776,0,0,0,14416,0,0
9,139113649,rs755929735,T,G,gnomAD Exomes,PASS,NA,p.Ile272Leu,p.Ile272Leu,c.814A>C,missense_variant,,1,105244,9.50172931473528E-06,0,0,0,7100,0,0,0,15682,0,0,0,2234,0,0,1,8900,0,0,0,13288,0,0,0,41672,0,0,0,1792,0,0,0,14576,0,0
9,139113655,rs958046579,C,A,gnomAD Exomes,PASS,NA,p.Gly270Ter,p.Gly270Ter,c.808G>T,stop_gained,,1,105894,9.44340566982076E-06,0,0,0,7106,0,0,0,15848,0,0,0,2248,0,0,0,8940,0,0,0,13320,0,0,1,41926,0,0,0,1812,0,0,0,14694,0,0
9,139113660,rs201972372,G,A,gnomAD Exomes,PASS,NA,p.Ser268Leu,p.Ser268Leu,c.803C>T,missense_variant,,1,106890,9.35541210590326E-06,0,0,0,7122,0,0,0,16118,0,0,0,2278,0,0,0,8980,0,0,0,13338,0,0,1,42236,0,0,0,1832,0,0,0,14986,0,0
9,139113663,rs772753193,C,T,gnomAD Exomes,PASS,NA,p.Gly267Glu,p.Gly267Glu,c.800G>A,missense_variant,,1,107280,9.3214019388516E-06,0,0,0,7122,0,0,0,16300,0,0,0,2284,0,0,0,8974,0,0,0,13358,0,0,0,42306,0,0,0,1826,0,0,1,15110,0,0
9,139113696,rs1359068493,G,A,gnomAD Genomes,NA,PASS,p.Ser256Leu,p.Ser256Leu,c.767C>T,missense_variant,,1,10872,9.19793966151582E-05,0,0,0,2572,0,0,0,246,0,0,0,38,0,0,0,916,0,0,0,1162,0,0,1,5514,0,0,0,424,0,0,0,0,0,0
9,139113706,rs748605467,C,T,gnomAD Exomes,PASS,NA,p.Gly253Ser,p.Gly253Ser,c.757G>A,missense_variant,,0,108750,0,0,0,0,7156,0,0,0,16796,0,0,0,2316,0,0,0,9024,0,0,0,13392,0,0,0,42716,0,0,0,1874,0,0,0,15476,0,0
9,139113709,rs552295830,G,A,gnomAD Exomes,PASS,NA,p.Leu252Phe,p.Leu252Phe,c.754C>T,missense_variant,,1,108784,9.1925283129872E-06,0,0,0,7160,0,0,0,16796,0,0,0,2316,0,0,0,9030,0,0,0,13394,0,0,0,42716,0,0,0,1878,0,0,1,15494,0,0
9,139113710,rs769799230,T,G,gnomAD Exomes,PASS,NA,p.Lys251Asn,p.Lys251Asn,c.753A>C,missense_variant,,5,108740,4.59812396542211E-05,0,0,0,7164,0,0,5,16780,0,0,0,2316,0,0,0,9016,0,0,0,13394,0,0,0,42706,0,0,0,1876,0,0,0,15488,0,0
9,139113711,rs570463948,T,A,gnomAD Exomes,PASS,NA,p.Lys251Ile,p.Lys251Ile,c.752A>T,missense_variant,,5,108736,4.59829311359623E-05,0,0,0,7160,0,0,0,16782,0,0,0,2316,0,0,0,9014,0,0,0,13392,0,0,0,42704,0,0,0,1874,0,0,5,15494,0,0
9,139113720,rs1449193619,A,G,gnomAD Exomes,PASS,NA,p.Phe248Ser,p.Phe248Ser,c.743T>C,missense_variant,,1,108736,9.19658622719247E-06,0,0,0,7158,0,0,0,16788,0,0,0,2314,0,0,0,9020,0,0,0,13394,0,0,1,42696,0,0,0,1878,0,0,0,15488,0,0
9,139113733,rs767506737,C,T,gnomAD Exomes,PASS,NA,p.Gly244Arg,p.Gly244Arg,c.730G>A,missense_variant,,2,108516,1.84304618673744E-05,0,0,0,7154,0,0,2,16712,0,0,0,2314,0,0,0,9004,0,0,0,13394,0,0,0,42660,0,0,0,1866,0,0,0,15412,0,0
9,139113745,rs760397530,G,A,gnomAD Exomes,PASS,NA,p.Arg240Ter,p.Arg240Ter,c.718C>T,stop_gained,,1,108100,9.25069380203515E-06,0,0,0,7142,0,0,0,16518,0,0,0,2304,0,0,0,8988,0,0,0,13394,0,0,1,42592,0,0,0,1856,0,0,0,15306,0,0
9,139113759,rs754697176,C,T,gnomAD Exomes,PASS,NA,p.Ser235Asn,p.Ser235Asn,c.704G>A,missense_variant,,1,107204,9.32801014887504E-06,0,0,0,7138,0,0,0,16206,0,0,0,2284,0,0,1,8966,0,0,0,13372,0,0,0,42276,0,0,0,1834,0,0,0,15128,0,0
9,139113761,rs778684891,T,G,gnomAD Exomes,PASS,NA,p.Glu234Asp,p.Glu234Asp,c.702A>C,missense_variant,,1,107130,9.33445346774946E-06,0,0,0,7142,0,0,0,16190,0,0,0,2276,0,0,0,8950,0,0,0,13364,0,0,1,42268,0,0,0,1836,0,0,0,15104,0,0
9,139113765,rs760643765,T,C,gnomAD Exomes,PASS,NA,p.Tyr233Cys,p.Tyr233Cys,c.698A>G,missense_variant,,3,106858,2.80746411125044E-05,0,0,0,7138,0,0,1,16114,0,0,0,2264,0,0,0,8958,0,0,0,13352,0,0,2,42164,0,0,0,1820,0,0,0,15048,0,0
9,139113766,rs757979275,A,G,gnomAD Exomes,PASS,NA,p.Tyr233His,p.Tyr233His,c.697T>C,missense_variant,,1,106772,9.36575132057094E-06,0,0,0,7130,0,0,0,16104,0,0,0,2266,0,0,0,8966,0,0,0,13356,0,0,1,42094,0,0,0,1822,0,0,0,15034,0,0
9,139113769,rs1187821346,G,A,gnomAD Genomes,NA,PASS,p.Pro232Ser,p.Pro232Ser,c.694C>T,missense_variant,,1,10878,9.19286633572348E-05,0,0,1,2574,0,0,0,246,0,0,0,38,0,0,0,916,0,0,0,1162,0,0,0,5518,0,0,0,424,0,0,0,0,0,0
9,139113770,rs771226562,G,C,gnomAD Exomes,PASS,NA,p.Ile231Met,p.Ile231Met,c.693C>G,missense_variant,,3,106058,2.82864093232005E-05,0,0,0,7122,0,0,0,15838,0,0,0,2258,0,0,3,8956,0,0,0,13332,0,0,0,41884,0,0,0,1804,0,0,0,14864,0,0
9,139115611,rs768070302,CCCGT,C,gnomAD Exomes,PASS,NA,p.Glu225Ter,p.Glu225Ter,c.669_672delACGG,frameshift_variant,,2,109308,1.82969224576426E-05,0,0,0,7148,0,0,0,17070,0,0,0,2320,0,0,0,9044,0,0,0,13392,0,0,2,42746,0,0,0,1914,0,0,0,15674,0,0
9,139115613,rs750834525,C,T,gnomAD Exomes,PASS,NA,p.Arg224Gln,p.Arg224Gln,c.671G>A,missense_variant,,1,109314,9.14795909032695E-06,0,0,0,7154,0,0,0,17066,0,0,0,2320,0,0,0,9046,0,0,0,13392,0,0,1,42746,0,0,0,1912,0,0,0,15678,0,0
9,139115614,rs769585779,G,A,gnomAD Exomes,PASS,NA,p.Arg224Trp,p.Arg224Trp,c.670C>T,missense_variant,,1,109322,9.14728965807431E-06,0,0,0,7152,0,0,1,17076,0,0,0,2320,0,0,0,9046,0,0,0,13384,0,0,0,42750,0,0,0,1914,0,0,0,15680,0,0
9,139115625,rs1371066711,G,A,gnomAD Exomes,PASS,NA,p.Ser220Phe,p.Ser220Phe,c.659C>T,missense_variant,,1,109384,9.14210487822716E-06,0,0,0,7158,0,0,0,17100,0,0,0,2320,0,0,0,9046,0,0,0,13392,0,0,0,42764,0,0,0,1914,0,0,1,15690,0,0
9,139115629,rs1296047491,T,C,gnomAD Exomes,PASS,NA,p.Ser219Gly,p.Ser219Gly,c.655A>G,missense_variant,,1,109380,9.1424392027793E-06,0,0,0,7160,0,0,0,17104,0,0,0,2320,0,0,0,9046,0,0,0,13388,0,0,1,42760,0,0,0,1914,0,0,0,15688,0,0
9,139115644,rs1354458415,C,G,gnomAD Exomes,PASS,NA,p.Val214Leu,p.Val214Leu,c.640G>C,missense_variant,,1,109386,9.14193772512022E-06,0,0,0,7156,0,0,0,17106,0,0,0,2320,0,0,0,9046,0,0,0,13390,0,0,0,42764,0,0,1,1914,0,0,0,15690,0,0
9,139115653,rs376098174,C,T,gnomAD Exomes,PASS,NA,p.Val211Met,p.Val211Met,c.631G>A,missense_variant,,2,109388,1.82835411562511E-05,0,0,0,7160,0,0,0,17104,0,0,0,2320,0,0,0,9046,0,0,0,13388,0,0,1,42766,0,0,0,1914,0,0,1,15690,0,0
9,139115664,rs140707238,C,G,gnomAD Exomes,PASS,NA,p.Gly207Ala,p.Gly207Ala,c.620G>C,missense_variant,,0,109078,0,0,0,0,7112,0,0,0,17088,0,0,0,2316,0,0,0,8978,0,0,0,13350,0,0,0,42646,0,0,0,1900,0,0,0,15688,0,0
9,139115664,rs140707238,C,T,"gnomAD Exomes,gnomAD Genomes",PASS,PASS,p.Gly207Asp,p.Gly207Asp,c.620G>A,missense_variant,,53,119950,0.000441850771155,0,0,5,9686,0,0,1,17334,0,0,0,2354,0,0,0,9894,0,0,1,14512,0,0,45,48158,0,0,1,2324,0,0,0,15688,0,0
9,139115668,rs769744648,G,A,gnomAD Exomes,PASS,NA,p.Arg206Cys,p.Arg206Cys,c.616C>T,missense_variant,,3,109396,2.74233061537899E-05,0,0,0,7162,0,0,0,17108,0,0,0,2320,0,0,0,9046,0,0,0,13392,0,0,3,42764,0,0,0,1914,0,0,0,15690,0,0
9,139115673,rs1471716295,T,C,gnomAD Exomes,PASS,NA,p.Asp204Gly,p.Asp204Gly,c.611A>G,missense_variant,,1,109390,9.14160343724289E-06,0,0,0,7162,0,0,1,17104,0,0,0,2320,0,0,0,9046,0,0,0,13390,0,0,0,42764,0,0,0,1914,0,0,0,15690,0,0
9,139115677,rs762822266,G,T,gnomAD Exomes,PASS,NA,p.Leu203Ile,p.Leu203Ile,c.607C>A,missense_variant,,1,109386,9.14193772512022E-06,0,0,0,7160,0,0,0,17102,0,0,0,2320,0,0,0,9046,0,0,0,13388,0,0,1,42766,0,0,0,1914,0,0,0,15690,0,0
9,139115680,rs543601595,G,C,gnomAD Exomes,PASS,NA,p.Leu202Val,p.Leu202Val,c.604C>G,missense_variant,,1,109380,9.1424392027793E-06,0,0,1,7160,0,0,0,17104,0,0,0,2320,0,0,0,9046,0,0,0,13382,0,0,0,42764,0,0,0,1914,0,0,0,15690,0,0
9,139115686,rs35300082,G,T,gnomAD Exomes,PASS,NA,p.Leu200Ile,p.Leu200Ile,c.598C>A,missense_variant,,1,109382,9.14227203744674E-06,0,0,0,7160,0,0,0,17102,0,0,0,2320,0,0,0,9044,0,0,0,13388,0,0,1,42766,0,0,0,1912,0,0,0,15690,0,0
9,139115689,rs1244562719,C,T,gnomAD Genomes,NA,PASS,p.Val199Ile,p.Val199Ile,c.595G>A,missense_variant,,1,10874,9.19624793084421E-05,0,0,1,2570,0,0,0,246,0,0,0,38,0,0,0,916,0,0,0,1162,0,0,0,5518,0,0,0,424,0,0,0,0,0,0
9,139115856,rs533266603,A,G,gnomAD Exomes,PASS,NA,p.Ile194Thr,p.Ile194Thr,c.581T>C,missense_variant,,1,109278,9.15097274840316E-06,0,0,0,7160,0,0,0,17090,0,0,0,2312,0,0,0,9046,0,0,0,13352,0,0,1,42732,0,0,0,1914,0,0,0,15672,0,0
9,139115857,rs545366071,T,C,gnomAD Exomes,PASS,NA,p.Ile194Val,p.Ile194Val,c.580A>G,missense_variant,,1,109284,9.15047033417518E-06,0,0,0,7160,0,0,0,17096,0,0,0,2318,0,0,1,9046,0,0,0,13358,0,0,0,42718,0,0,0,1914,0,0,0,15674,0,0
9,139115860,rs1319497988,G,A,gnomAD Genomes,NA,PASS,p.Pro193Ser,p.Pro193Ser,c.577C>T,missense_variant,,1,10882,9.18948722661275E-05,0,0,0,2574,0,0,0,246,0,0,0,38,0,0,0,916,0,0,0,1160,0,0,1,5524,0,0,0,424,0,0,0,0,0,0
9,139115869,rs148593601,G,A,"gnomAD Exomes,gnomAD Genomes",PASS,PASS,p.Arg190Cys,p.Arg190Cys,c.568C>T,missense_variant,,34,120210,0.000282838366192,0,0,2,9734,0,0,1,17346,0,0,0,2356,0,0,0,9962,0,0,1,14514,0,0,29,48278,0,0,0,2336,0,0,1,15684,0,0
9,139115871,rs751749579,G,A,gnomAD Exomes,PASS,NA,p.Pro189Leu,p.Pro189Leu,c.566C>T,missense_variant,,1,109330,9.14662032379036E-06,0,0,0,7162,0,0,0,17098,0,0,0,2318,0,0,0,9046,0,0,0,13356,0,0,0,42752,0,0,0,1912,0,0,1,15686,0,0
9,139115877,rs780148314,G,A,gnomAD Exomes,PASS,NA,p.Ala187Val,p.Ala187Val,c.560C>T,missense_variant,,1,109344,9.14544922446591E-06,0,0,0,7162,0,0,0,17098,0,0,0,2320,0,0,1,9046,0,0,0,13354,0,0,0,42760,0,0,0,1914,0,0,0,15690,0,0
9,139115884,rs749185615,G,T,gnomAD Exomes,PASS,NA,p.Pro185Thr,p.Pro185Thr,c.553C>A,missense_variant,,1,109340,9.14578379367112E-06,0,0,0,7160,0,0,0,17102,0,0,0,2320,0,0,0,9046,0,0,0,13350,0,0,0,42760,0,0,0,1914,0,0,1,15688,0,0
9,139115886,rs754829677,C,T,gnomAD Exomes,PASS,NA,p.Arg184Gln,p.Arg184Gln,c.551G>A,missense_variant,,2,109360,1.82882223847842E-05,0,0,0,7162,0,0,0,17102,0,0,0,2320,0,0,0,9046,0,0,0,13368,0,0,2,42760,0,0,0,1914,0,0,0,15688,0,0
9,139115887,rs199562922,G,A,gnomAD Exomes,PASS,NA,p.Arg184Trp,p.Arg184Trp,c.550C>T,missense_variant,,4,109364,3.65751069821879E-05,0,0,1,7162,0,0,0,17104,0,0,0,2318,0,0,0,9046,0,0,0,13370,0,0,2,42760,0,0,0,1914,0,0,1,15690,0,0
9,139115888,rs746178571,GC,G,gnomAD Exomes,PASS,NA,p.Ser183ThrfsTer9,p.Ser183ThrfsTer9,c.548delG,frameshift_variant,,1,109368,9.14344232316582E-06,0,0,0,7162,0,0,0,17106,0,0,0,2320,0,0,0,9044,0,0,0,13370,0,0,1,42762,0,0,0,1914,0,0,0,15690,0,0
9,139115890,rs747949401,T,G,gnomAD Exomes,PASS,NA,p.Ser183Arg,p.Ser183Arg,c.547A>C,missense_variant,,1,109382,9.14227203744674E-06,0,0,0,7162,0,0,0,17106,0,0,0,2320,0,0,0,9046,0,0,0,13378,0,0,1,42766,0,0,0,1914,0,0,0,15690,0,0
9,139115892,rs1281011185,C,T,gnomAD Exomes,PASS,NA,p.Gly182Glu,p.Gly182Glu,c.545G>A,missense_variant,,1,109370,9.1432751211484E-06,0,0,0,7162,0,0,0,17104,0,0,0,2320,0,0,0,9046,0,0,0,13374,0,0,1,42760,0,0,0,1914,0,0,0,15690,0,0
9,139115893,rs1349740423,C,T,gnomAD Exomes,PASS,NA,p.Gly182Arg,p.Gly182Arg,c.544G>A,missense_variant,,1,109370,9.1432751211484E-06,0,0,0,7162,0,0,0,17104,0,0,0,2320,0,0,0,9046,0,0,0,13372,0,0,1,42762,0,0,0,1914,0,0,0,15690,0,0
9,139115898,rs377198795,G,A,gnomAD Exomes,PASS,NA,p.Thr180Met,p.Thr180Met,c.539C>T,missense_variant,,2,109374,1.82858814709163E-05,0,0,0,7162,0,0,1,17106,0,0,0,2320,0,0,0,9046,0,0,0,13372,0,0,0,42764,0,0,0,1914,0,0,1,15690,0,0
9,139115899,rs1480762362,T,C,gnomAD Exomes,PASS,NA,p.Thr180Ala,p.Thr180Ala,c.538A>G,missense_variant,,1,109372,9.14310792524595E-06,0,0,0,7162,0,0,0,17106,0,0,0,2320,0,0,0,9046,0,0,0,13374,0,0,0,42762,0,0,0,1914,0,0,1,15688,0,0
9,139115900,rs1178361935,G,C,gnomAD Exomes,PASS,NA,p.His179Gln,p.His179Gln,c.537C>G,missense_variant,,1,109360,9.1441111923921E-06,0,0,0,7162,0,0,0,17106,0,0,1,2320,0,0,0,9046,0,0,0,13358,0,0,0,42764,0,0,0,1914,0,0,0,15690,0,0
9,139115925,rs369929602,G,A,"gnomAD Exomes,gnomAD Genomes",PASS,PASS,p.Thr171Met,p.Thr171Met,c.512C>T,missense_variant,,6,120228,4.99051801577004E-05,0,0,1,9728,0,0,3,17354,0,0,0,2358,0,0,0,9962,0,0,0,14522,0,0,2,48278,0,0,0,2336,0,0,0,15690,0,0
9,139115940,rs767660500,C,T,gnomAD Exomes,PASS,NA,p.Arg166Gln,p.Arg166Gln,c.497G>A,missense_variant,,1,109322,9.14728965807431E-06,0,0,0,7162,0,0,0,17100,0,0,0,2318,0,0,1,9046,0,0,0,13332,0,0,0,42760,0,0,0,1914,0,0,0,15690,0,0
9,139115941,rs1304059211,G,A,gnomAD Exomes,PASS,NA,p.Arg166Ter,p.Arg166Ter,c.496C>T,stop_gained,,0,109288,0,0,0,0,7162,0,0,0,17094,0,0,0,2320,0,0,0,9044,0,0,0,13306,0,0,0,42760,0,0,0,1912,0,0,0,15690,0,0
9,139115949,rs918490315,C,T,"gnomAD Exomes,gnomAD Genomes",PASS,PASS,p.Arg163Gln,p.Arg163Gln,c.488G>A,missense_variant,,3,120100,2.49791840133222E-05,0,0,0,9728,0,0,1,17346,0,0,0,2356,0,0,0,9962,0,0,0,14428,0,0,2,48258,0,0,0,2338,0,0,0,15684,0,0
9,139115951,rs1206208770,G,T,gnomAD Exomes,PASS,NA,p.Asp162Glu,p.Asp162Glu,c.486C>A,missense_variant,,1,109214,9.15633526837219E-06,0,0,0,7162,0,0,0,17102,0,0,0,2320,0,0,1,9046,0,0,0,13240,0,0,0,42748,0,0,0,1912,0,0,0,15684,0,0
9,139116716,rs1222770886,T,C,gnomAD Exomes,PASS,NA,p.Asn157Asp,p.Asn157Asp,c.469A>G,missense_variant,,1,107104,9.33671945025396E-06,0,0,0,7100,0,0,0,16286,0,0,0,2284,0,0,0,8944,0,0,0,13336,0,0,0,42462,0,0,0,1848,0,0,1,14844,0,0
9,139116719,rs773415345,C,A,gnomAD Exomes,PASS,NA,p.Glu156Ter,p.Glu156Ter,c.466G>T,stop_gained,,1,107124,9.33497628916022E-06,0,0,0,7110,0,0,0,16302,0,0,0,2290,0,0,0,8940,0,0,0,13330,0,0,1,42472,0,0,0,1852,0,0,0,14828,0,0
9,139116724,rs1208373724,G,A,gnomAD Exomes,PASS,NA,p.Thr154Ile,p.Thr154Ile,c.461C>T,missense_variant,,1,106880,9.3562874251497E-06,0,0,0,7096,0,0,0,16226,0,0,0,2286,0,0,0,8952,0,0,0,13300,0,0,0,42438,0,0,0,1846,0,0,1,14736,0,0
9,139118619,rs1275432944,C,G,gnomAD Exomes,PASS,NA,c.429+1G>C,,c.429+1G>C,splice_donor_variant,,1,109406,9.14026653017202E-06,0,0,0,7164,0,0,0,17112,0,0,0,2320,0,0,0,9046,0,0,0,13394,0,0,0,42768,0,0,1,1914,0,0,0,15688,0,0
9,139118639,rs767299034,T,G,gnomAD Exomes,PASS,NA,p.His137Pro,p.His137Pro,c.410A>C,missense_variant,,1,109408,9.14009944428195E-06,0,0,0,7164,0,0,0,17112,0,0,0,2320,0,0,0,9046,0,0,0,13394,0,0,1,42768,0,0,0,1914,0,0,0,15690,0,0
9,139118646,rs750150917,C,T,gnomAD Exomes,PASS,NA,p.Asp135Asn,p.Asp135Asn,c.403G>A,missense_variant,,2,109408,1.82801988885639E-05,0,0,0,7164,0,0,0,17112,0,0,0,2320,0,0,1,9046,0,0,0,13394,0,0,1,42768,0,0,0,1914,0,0,0,15690,0,0
9,139118655,rs1430632467,G,A,gnomAD Genomes,NA,PASS,p.His132Tyr,p.His132Tyr,c.394C>T,missense_variant,,1,10880,9.19117647058823E-05,0,0,1,2572,0,0,0,246,0,0,0,38,0,0,0,916,0,0,0,1162,0,0,0,5522,0,0,0,424,0,0,0,0,0,0
9,139118667,rs182367188,G,T,"gnomAD Exomes,gnomAD Genomes",PASS,PASS,p.Gln128Lys,p.Gln128Lys,c.382C>A,missense_variant,,300,120284,0.002494097303049,4,0,0,9736,0,0,297,17358,4,0,0,2358,0,0,0,9962,0,0,0,14556,0,0,0,48286,0,0,3,2338,0,0,0,15690,0,0
9,139118671,rs1459362760,C,G,gnomAD Exomes,PASS,NA,p.Lys126Asn,p.Lys126Asn,c.378G>C,missense_variant,mnv,1,109404,9.14043362217103E-06,0,0,0,7164,0,0,0,17112,0,0,0,2320,0,0,1,9046,0,0,0,13390,0,0,0,42768,0,0,0,1914,0,0,0,15690,0,0
9,139118673,rs12380852,T,C,"gnomAD Exomes,gnomAD Genomes",PASS,PASS,p.Lys126Glu,p.Lys126Glu,c.376A>G,missense_variant,mnv,12225,120278,0.101639535077071,770,0,426,9738,16,0,1921,17358,120,0,410,2358,45,0,1835,9962,173,0,1158,14552,48,0,5236,48282,303,0,281,2338,24,0,958,15690,41,0
9,139118682,rs748616900,T,C,gnomAD Exomes,PASS,NA,p.Met123Val,p.Met123Val,c.367A>G,missense_variant,,1,109408,9.14009944428195E-06,0,0,0,7164,0,0,0,17112,0,0,0,2320,0,0,0,9046,0,0,0,13394,0,0,1,42768,0,0,0,1914,0,0,0,15690,0,0
9,139118682,rs748616900,T,G,gnomAD Exomes,PASS,NA,p.Met123Leu,p.Met123Leu,c.367A>C,missense_variant,,1,109408,9.14009944428195E-06,0,0,0,7164,0,0,1,17112,0,0,0,2320,0,0,0,9046,0,0,0,13394,0,0,0,42768,0,0,0,1914,0,0,0,15690,0,0
9,139118700,rs747314448,C,T,gnomAD Exomes,PASS,NA,p.Val117Ile,p.Val117Ile,c.349G>A,missense_variant,,1,109396,9.1411020512633E-06,0,0,0,7164,0,0,0,17112,0,0,0,2320,0,0,0,9046,0,0,0,13382,0,0,1,42768,0,0,0,1914,0,0,0,15690,0,0
9,139118702,rs144677667,C,T,gnomAD Exomes,PASS,NA,p.Arg116His,p.Arg116His,c.347G>A,missense_variant,,3,109396,2.74233061537899E-05,0,0,0,7164,0,0,1,17112,0,0,0,2320,0,0,0,9046,0,0,0,13382,0,0,2,42768,0,0,0,1914,0,0,0,15690,0,0
9,139118704,rs745954157,A,C,gnomAD Exomes,PASS,NA,p.Ile115Met,p.Ile115Met,c.345T>G,missense_variant,,1,109402,9.14060072027934E-06,0,0,0,7164,0,0,1,17112,0,0,0,2320,0,0,0,9046,0,0,0,13388,0,0,0,42768,0,0,0,1914,0,0,0,15690,0,0
9,139118705,rs1468819696,A,G,gnomAD Exomes,PASS,NA,p.Ile115Thr,p.Ile115Thr,c.344T>C,missense_variant,,1,109398,9.14093493482513E-06,0,0,0,7164,0,0,0,17112,0,0,0,2320,0,0,0,9046,0,0,0,13384,0,0,1,42768,0,0,0,1914,0,0,0,15690,0,0
9,139118706,rs769809900,T,C,gnomAD Exomes,PASS,NA,p.Ile115Val,p.Ile115Val,c.343A>G,missense_variant,,5,109394,4.57063458690605E-05,0,0,0,7164,0,0,4,17112,0,0,0,2320,0,0,0,9046,0,0,0,13380,0,0,0,42768,0,0,0,1914,0,0,1,15690,0,0
9,139118715,rs537708113,C,T,gnomAD Exomes,PASS,NA,p.Ala112Thr,p.Ala112Thr,c.334G>A,missense_variant,,1,109354,9.14461290853558E-06,0,0,0,7164,0,0,1,17112,0,0,0,2320,0,0,0,9046,0,0,0,13340,0,0,0,42768,0,0,0,1914,0,0,0,15690,0,0
9,139137322,,C,G,gnomAD Exomes,PASS,NA,p.Asp110His,p.Asp110His,c.328G>C,missense_variant,,2,91514,2.18545796271609E-05,0,0,0,5222,0,0,0,16376,0,0,0,2190,0,0,0,7848,0,0,0,3690,0,0,2,39592,0,0,0,1678,0,0,0,14918,0,0
9,139137324,rs782614999,C,T,gnomAD Exomes,PASS,NA,p.Arg109Gln,p.Arg109Gln,c.326G>A,missense_variant,,1,91634,1.0912979898291E-05,0,0,0,5220,0,0,0,16398,0,0,0,2190,0,0,0,7852,0,0,0,3726,0,0,1,39634,0,0,0,1680,0,0,0,14934,0,0
9,139137325,rs782247963,G,A,gnomAD Exomes,PASS,NA,p.Arg109Ter,p.Arg109Ter,c.325C>T,stop_gained,,1,91858,1.08863680898779E-05,0,0,0,5278,0,0,0,16418,0,0,0,2198,0,0,0,7880,0,0,0,3730,0,0,0,39726,0,0,0,1680,0,0,1,14948,0,0
9,139137340,rs1034909104,G,C,gnomAD Exomes,PASS,NA,p.Leu104Val,p.Leu104Val,c.310C>G,missense_variant,,1,93438,1.07022838673773E-05,0,0,0,5496,0,0,1,16510,0,0,0,2218,0,0,0,8028,0,0,0,4014,0,0,0,40404,0,0,0,1714,0,0,0,15054,0,0
9,139137342,rs782021344,G,A,gnomAD Exomes,PASS,NA,p.Ala103Val,p.Ala103Val,c.308C>T,missense_variant,,0,93320,0,0,0,0,5464,0,0,0,16512,0,0,0,2214,0,0,0,8026,0,0,0,4004,0,0,0,40350,0,0,0,1714,0,0,0,15036,0,0
9,139137345,,C,T,gnomAD Exomes,PASS,NA,p.Arg102Gln,p.Arg102Gln,c.305G>A,missense_variant,,3,93664,3.20293816194055E-05,0,0,0,5526,0,0,3,16528,0,0,0,2224,0,0,0,8030,0,0,0,4066,0,0,0,40488,0,0,0,1720,0,0,0,15082,0,0
9,139137351,rs782294341,G,A,gnomAD Exomes,PASS,NA,p.Thr100Ile,p.Thr100Ile,c.299C>T,missense_variant,,1,94004,1.06378451980767E-05,0,0,0,5548,0,0,0,16544,0,0,0,2230,0,0,0,8070,0,0,0,4148,0,0,0,40640,0,0,0,1728,0,0,1,15096,0,0
9,139137352,rs782314775,T,G,gnomAD Exomes,PASS,NA,p.Thr100Pro,p.Thr100Pro,c.298A>C,missense_variant,,2,93898,2.12997081939977E-05,0,0,0,5530,0,0,0,16548,0,0,0,2226,0,0,0,8060,0,0,0,4134,0,0,0,40582,0,0,0,1726,0,0,2,15092,0,0
9,139137358,rs782087184,C,T,gnomAD Exomes,PASS,NA,p.Ala98Thr,p.Ala98Thr,c.292G>A,missense_variant,,1,93998,1.06385242239197E-05,0,0,0,5554,0,0,1,16544,0,0,0,2230,0,0,0,8050,0,0,0,4136,0,0,0,40664,0,0,0,1724,0,0,0,15096,0,0
9,139137360,rs782753633,T,C,gnomAD Exomes,PASS,NA,p.Tyr97Cys,p.Tyr97Cys,c.290A>G,missense_variant,,0,94348,0,0,0,0,5604,0,0,0,16558,0,0,0,2238,0,0,0,8070,0,0,0,4210,0,0,0,40814,0,0,0,1730,0,0,0,15124,0,0
9,139137380,,C,A,gnomAD Exomes,PASS,NA,p.Trp90Cys,p.Trp90Cys,c.270G>T,missense_variant,,1,93954,1.06435063967473E-05,0,0,0,5496,0,0,0,16534,0,0,0,2226,0,0,0,7954,0,0,0,4196,0,0,1,40702,0,0,0,1720,0,0,0,15126,0,0
9,139137384,rs782805570,G,A,gnomAD Exomes,PASS,NA,p.Ser89Leu,p.Ser89Leu,c.266C>T,missense_variant,,0,93704,0,0,0,0,5450,0,0,0,16516,0,0,0,2222,0,0,0,7938,0,0,0,4120,0,0,0,40634,0,0,0,1710,0,0,0,15114,0,0
9,139137387,rs781786081,G,A,gnomAD Exomes,PASS,NA,p.Ser88Leu,p.Ser88Leu,c.263C>T,missense_variant,,0,92998,0,0,0,0,5284,0,0,0,16422,0,0,0,2212,0,0,0,7816,0,0,0,4106,0,0,0,40410,0,0,0,1694,0,0,0,15054,0,0
9,139137392,rs782444030,G,T,gnomAD Exomes,PASS,NA,p.Phe86Leu,p.Phe86Leu,c.258C>A,missense_variant,,1,91072,1.09803232607168E-05,0,0,0,4772,0,0,0,16268,0,0,0,2176,0,0,0,7510,0,0,0,3988,0,0,1,39810,0,0,0,1666,0,0,0,14882,0,0
9,139137396,,T,C,gnomAD Exomes,PASS,NA,p.Gln85Arg,p.Gln85Arg,c.254A>G,missense_variant,,0,88698,0,0,0,0,4362,0,0,0,15896,0,0,0,2160,0,0,0,7070,0,0,0,3908,0,0,0,39072,0,0,0,1604,0,0,0,14626,0,0
9,139137397,,G,A,gnomAD Exomes,PASS,NA,p.Gln85Ter,p.Gln85Ter,c.253C>T,stop_gained,,0,89118,0,0,0,0,4386,0,0,0,16056,0,0,0,2158,0,0,0,7148,0,0,0,3866,0,0,0,39168,0,0,0,1620,0,0,0,14716,0,0
9,139137408,rs781834700,G,A,gnomAD Exomes,PASS,NA,p.Ala81Val,p.Ala81Val,c.242C>T,missense_variant,,2,89778,2.2277172581256E-05,0,0,0,4484,0,0,0,16030,0,0,0,2154,0,0,0,7046,0,0,0,4238,0,0,0,39484,0,0,0,1616,0,0,2,14726,0,0
9,139137416,rs370719089,G,C,gnomAD Exomes,PASS,NA,p.Ser78Arg,p.Ser78Arg,c.234C>G,missense_variant,,2,89064,2.24557621485673E-05,0,0,0,4382,0,0,0,15928,0,0,0,2144,0,0,1,6946,0,0,0,4154,0,0,1,39270,0,0,0,1610,0,0,0,14630,0,0
9,139137420,rs782649736,T,C,gnomAD Exomes,PASS,NA,p.Asn77Ser,p.Asn77Ser,c.230A>G,missense_variant,,5,88626,5.6416852842281E-05,0,0,0,4326,0,0,0,15826,0,0,0,2140,0,0,4,6880,0,0,0,4134,0,0,0,39152,0,0,0,1598,0,0,1,14570,0,0
9,139137444,rs782397498,C,T,gnomAD Exomes,PASS,NA,p.Gly69Asp,p.Gly69Asp,c.206G>A,missense_variant,,1,85458,1.17016546139624E-05,0,0,0,3998,0,0,0,15434,0,0,0,2076,0,0,0,6514,0,0,0,3636,0,0,1,38092,0,0,0,1532,0,0,0,14176,0,0
9,139137445,rs570092339,C,G,"gnomAD Exomes,gnomAD Genomes",PASS,PASS,p.Gly69Arg,p.Gly69Arg,c.205G>C,missense_variant,,4,95698,4.17981567012895E-05,0,0,4,6478,0,0,0,15626,0,0,0,2108,0,0,0,7400,0,0,0,4674,0,0,0,43324,0,0,0,1930,0,0,0,14158,0,0
9,139137472,rs530894426,C,G,gnomAD Exomes,PASS,NA,p.Glu60Gln,p.Glu60Gln,c.178G>C,missense_variant,,4,53174,7.52247338925038E-05,0,0,0,1982,0,0,0,9838,0,0,0,1344,0,0,0,3016,0,0,0,2158,0,0,0,24138,0,0,0,886,0,0,4,9812,0,0
9,139137478,rs781948371,C,T,"gnomAD Exomes,gnomAD Genomes",PASS,PASS,p.Ala58Thr,p.Ala58Thr,c.172G>A,missense_variant,,2,50520,3.95882818685669E-05,0,0,2,3790,0,0,0,8220,0,0,0,1002,0,0,0,2958,0,0,0,2416,0,0,0,23056,0,0,0,1078,0,0,0,8000,0,0
9,139137486,,A,T,"gnomAD Exomes,gnomAD Genomes",PASS,PASS,p.Leu55Gln,p.Leu55Gln,c.164T>A,missense_variant,,3,27736,0.000108162676666,0,0,3,3162,0,0,0,2538,0,0,0,480,0,0,0,1704,0,0,0,1614,0,0,0,13894,0,0,0,634,0,0,0,3710,0,0
9,139137492,rs782455625,G,A,gnomAD Exomes,PASS,NA,p.Ala53Val,p.Ala53Val,c.158C>T,missense_variant,,3,7412,0.000404749055586,0,0,0,298,0,0,0,848,0,0,0,166,0,0,0,258,0,0,0,308,0,0,0,3622,0,0,0,124,0,0,3,1788,0,0
9,139137507,,C,T,gnomAD Exomes,PASS,NA,p.Gly48Asp,p.Gly48Asp,c.143G>A,missense_variant,,1,898,0.001113585746102,0,0,0,22,0,0,0,188,0,0,0,38,0,0,0,2,0,0,0,36,0,0,1,342,0,0,0,26,0,0,0,244,0,0
9,139137519,,G,A,gnomAD Exomes,PASS,NA,p.Ala44Val,p.Ala44Val,c.131C>T,missense_variant,,0,304,0,0,0,0,14,0,0,0,86,0,0,0,26,0,0,0,2,0,0,0,10,0,0,0,106,0,0,0,10,0,0,0,50,0,0
9,139137625,rs549282673,C,A,gnomAD Genomes,NA,PASS,p.Ala9Ser,p.Ala9Ser,c.25G>T,missense_variant,,3,9818,0.000305561214097,0,0,1,2444,0,0,0,192,0,0,0,6,0,0,0,914,0,0,0,972,0,0,2,4924,0,0,0,366,0,0,0,0,0,0
9,139137625,rs549282673,C,T,gnomAD Genomes,NA,PASS,p.Ala9Thr,p.Ala9Thr,c.25G>A,missense_variant,,2,9818,0.000203707476064,0,0,0,2444,0,0,0,192,0,0,0,6,0,0,2,914,0,0,0,972,0,0,0,4924,0,0,0,366,0,0,0,0,0,0
9,139137639,,G,A,gnomAD Genomes,NA,PASS,p.Ala4Val,p.Ala4Val,c.11C>T,missense_variant,,1,10014,9.98601957259836E-05,0,0,1,2474,0,0,0,206,0,0,0,6,0,0,0,914,0,0,0,1042,0,0,0,5000,0,0,0,372,0,0,0,0,0,0
