Chromosome,Position,rsID,Reference,Alternate,Source,Filters - exomes,Filters - genomes,Consequence,Protein Consequence,Transcript Consequence,Annotation,Flags,Allele Count,Allele Number,Allele Frequency,Homozygote Count,Hemizygote Count,Allele Count African,Allele Number African,Homozygote Count African,Hemizygote Count African,Allele Count Latino,Allele Number Latino,Homozygote Count Latino,Hemizygote Count Latino,Allele Count Ashkenazi Jewish,Allele Number Ashkenazi Jewish,Homozygote Count Ashkenazi Jewish,Hemizygote Count Ashkenazi Jewish,Allele Count East Asian,Allele Number East Asian,Homozygote Count East Asian,Hemizygote Count East Asian,Allele Count European (Finnish),Allele Number European (Finnish),Homozygote Count European (Finnish),Hemizygote Count European (Finnish),Allele Count European (non-Finnish),Allele Number European (non-Finnish),Homozygote Count European (non-Finnish),Hemizygote Count European (non-Finnish),Allele Count Other,Allele Number Other,Homozygote Count Other,Hemizygote Count Other,Allele Count South Asian,Allele Number South Asian,Homozygote Count South Asian,Hemizygote Count South Asian
1,19545801,rs141380621,C,T,gnomAD Exomes,PASS,NA,p.Arg993Gln,p.Arg993Gln,c.2978G>A,missense_variant,,3,109376,0.000027428320655354007,0,0,0,7164,0,0,0,17104,0,0,0,2320,0,0,0,9046,0,0,0,13376,0,0,3,42764,0,0,0,1914,0,0,0,15688,0,0
1,19545802,rs758888994,G,A,gnomAD Exomes,PASS,NA,p.Arg993Ter,p.Arg993Ter,c.2977C>T,stop_gained,lc_lof,2,109376,0.00001828554710356934,0,0,0,7164,0,0,0,17106,0,0,0,2320,0,0,0,9046,0,0,0,13372,0,0,2,42768,0,0,0,1914,0,0,0,15686,0,0
1,19545802,rs758888994,G,C,gnomAD Exomes,PASS,NA,p.Arg993Gly,p.Arg993Gly,c.2977C>G,missense_variant,,1,109376,0.00000914277355178467,0,0,0,7164,0,0,0,17106,0,0,0,2320,0,0,0,9046,0,0,0,13372,0,0,1,42768,0,0,0,1914,0,0,0,15686,0,0
1,19545810,rs763991776,C,A,gnomAD Exomes,PASS,NA,p.Arg990Leu,p.Arg990Leu,c.2969G>T,missense_variant,,2,109390,0.000018283206874485784,0,0,0,7164,0,0,0,17108,0,0,0,2320,0,0,0,9046,0,0,0,13388,0,0,0,42764,0,0,0,1914,0,0,2,15686,0,0
1,19545810,rs763991776,C,CG,gnomAD Exomes,PASS,NA,p.Arg990ProfsTer12,p.Arg990ProfsTer12,c.2968dupC,frameshift_variant,lc_lof,1,109390,0.000009141603437242892,0,0,0,7164,0,0,1,17108,0,0,0,2320,0,0,0,9046,0,0,0,13388,0,0,0,42764,0,0,0,1914,0,0,0,15686,0,0
1,19545810,rs763991776,C,T,gnomAD Exomes,PASS,NA,p.Arg990Gln,p.Arg990Gln,c.2969G>A,missense_variant,,2,109390,0.000018283206874485784,0,0,0,7164,0,0,1,17108,0,0,0,2320,0,0,0,9046,0,0,0,13388,0,0,1,42764,0,0,0,1914,0,0,0,15686,0,0
1,19545811,rs755567367,G,A,gnomAD Exomes,PASS,NA,p.Arg990Trp,p.Arg990Trp,c.2968C>T,missense_variant,,2,109396,0.0000182822041025266,0,0,0,7164,0,0,1,17108,0,0,0,2320,0,0,1,9046,0,0,0,13386,0,0,0,42768,0,0,0,1914,0,0,0,15690,0,0
1,19545826,rs1196521236,C,T,gnomAD Exomes,PASS,NA,p.Val985Met,p.Val985Met,c.2953G>A,missense_variant,,1,109404,0.000009140433622171036,0,0,0,7164,0,0,0,17110,0,0,0,2320,0,0,0,9046,0,0,0,13394,0,0,0,42768,0,0,0,1914,0,0,1,15688,0,0
1,19545829,rs1427612524,G,A,gnomAD Exomes,PASS,NA,p.Gln984Ter,p.Gln984Ter,c.2950C>T,stop_gained,lc_lof,1,109404,0.000009140433622171036,0,0,0,7164,0,0,0,17110,0,0,0,2320,0,0,0,9046,0,0,0,13392,0,0,1,42768,0,0,0,1914,0,0,0,15690,0,0
1,19545843,rs770471010,G,A,gnomAD Exomes,PASS,NA,p.Thr979Ile,p.Thr979Ile,c.2936C>T,missense_variant,,1,109400,0.000009140767824497258,0,0,0,7164,0,0,1,17112,0,0,0,2320,0,0,0,9046,0,0,0,13386,0,0,0,42768,0,0,0,1914,0,0,0,15690,0,0
1,19545850,rs774959509,T,C,"gnomAD Exomes,gnomAD Genomes",PASS,PASS,p.Met977Val,p.Met977Val,c.2929A>G,missense_variant,,3,120278,0.00002494221719682735,0,0,0,9736,0,0,0,17358,0,0,0,2358,0,0,0,9962,0,0,0,14552,0,0,2,48284,0,0,1,2338,0,0,0,15690,0,0
1,19545877,rs775293691,C,T,gnomAD Exomes,PASS,NA,p.Val968Ile,p.Val968Ile,c.2902G>A,missense_variant,,1,109394,0.000009141269173812093,0,0,0,7164,0,0,0,17112,0,0,0,2320,0,0,0,9046,0,0,0,13380,0,0,0,42768,0,0,0,1914,0,0,1,15690,0,0
1,19545879,rs751463146,C,G,gnomAD Exomes,PASS,NA,p.Ser967Thr,p.Ser967Thr,c.2900G>C,missense_variant,,1,109394,0.000009141269173812093,0,0,0,7164,0,0,0,17112,0,0,0,2320,0,0,0,9046,0,0,0,13380,0,0,1,42768,0,0,0,1914,0,0,0,15690,0,0
1,19545883,rs764032239,T,C,gnomAD Exomes,PASS,NA,p.Ser966Gly,p.Ser966Gly,c.2896A>G,missense_variant,,2,109404,0.000018280867244342072,0,0,2,7164,0,0,0,17112,0,0,0,2320,0,0,0,9046,0,0,0,13390,0,0,0,42768,0,0,0,1914,0,0,0,15690,0,0
1,19545892,rs776565472,C,T,gnomAD Exomes,PASS,NA,p.Val963Met,p.Val963Met,c.2887G>A,missense_variant,,2,109386,0.000018283875450240432,0,0,0,7164,0,0,0,17112,0,0,0,2320,0,0,0,9046,0,0,0,13372,0,0,2,42768,0,0,0,1914,0,0,0,15690,0,0
1,19545917,rs766882757,G,A,"gnomAD Exomes,gnomAD Genomes",PASS,PASS,p.Thr177Met,p.Thr177Met,c.530C>T,missense_variant,,8,120256,0.00006652474720596061,0,0,0,9738,0,0,4,17356,0,0,0,2358,0,0,0,9962,0,0,0,14528,0,0,3,48286,0,0,1,2338,0,0,0,15690,0,0
1,19545923,rs1432674099,CTGCT,C,gnomAD Exomes,PASS,NA,p.Lys951SerfsTer5,p.Lys951SerfsTer5,c.2852_2855delAGCA,frameshift_variant,,1,109390,0.000009141603437242892,0,0,0,7164,0,0,0,17112,0,0,0,2320,0,0,0,9046,0,0,0,13376,0,0,1,42768,0,0,0,1914,0,0,0,15690,0,0
1,19545939,rs758659439,A,T,gnomAD Exomes,PASS,NA,p.Val947Asp,p.Val947Asp,c.2840T>A,missense_variant,,1,109388,0.000009141770578125571,0,0,0,7164,0,0,1,17108,0,0,0,2320,0,0,0,9046,0,0,0,13378,0,0,0,42768,0,0,0,1914,0,0,0,15690,0,0
1,19545940,rs766662046,C,T,gnomAD Exomes,PASS,NA,p.Val947Ile,p.Val947Ile,c.2839G>A,missense_variant,,6,109394,0.00005484761504287255,0,0,0,7164,0,0,1,17106,0,0,0,2320,0,0,0,9046,0,0,0,13386,0,0,5,42768,0,0,0,1914,0,0,0,15690,0,0
1,19545946,rs781655970,T,A,gnomAD Exomes,PASS,NA,p.Thr945Ser,p.Thr945Ser,c.2833A>T,missense_variant,,1,109382,0.000009142272037446746,0,0,0,7164,0,0,0,17104,0,0,0,2320,0,0,1,9046,0,0,0,13376,0,0,0,42768,0,0,0,1914,0,0,0,15690,0,0
1,19545952,rs748675045,A,G,gnomAD Exomes,PASS,NA,p.Tyr943His,p.Tyr943His,c.2827T>C,missense_variant,,1,109394,0.000009141269173812093,0,0,0,7164,0,0,0,17104,0,0,0,2320,0,0,1,9046,0,0,0,13388,0,0,0,42768,0,0,0,1914,0,0,0,15690,0,0
1,19546084,rs753186319,C,T,gnomAD Exomes,PASS,NA,p.Arg150Gln,p.Arg150Gln,c.449G>A,missense_variant,,1,109406,0.00000914026653017202,0,0,0,7164,0,0,0,17112,0,0,0,2320,0,0,0,9046,0,0,0,13394,0,0,0,42768,0,0,0,1914,0,0,1,15688,0,0
1,19546085,rs756676817,G,A,gnomAD Exomes,PASS,NA,p.Ser927Leu,p.Ser927Leu,c.2780C>T,missense_variant,,2,109408,0.000018280198888563907,0,0,0,7164,0,0,0,17112,0,0,0,2320,0,0,0,9046,0,0,0,13394,0,0,1,42768,0,0,1,1914,0,0,0,15690,0,0
1,19546092,rs1267820277,C,T,gnomAD Exomes,PASS,NA,p.Ala925Thr,p.Ala925Thr,c.2773G>A,missense_variant,,1,109408,0.000009140099444281954,0,0,0,7164,0,0,0,17112,0,0,0,2320,0,0,1,9046,0,0,0,13394,0,0,0,42768,0,0,0,1914,0,0,0,15690,0,0
1,19546099,rs757835614,G,A,gnomAD Exomes,PASS,NA,p.Ser145Phe,p.Ser145Phe,c.434C>T,missense_variant,,1,109404,0.000009140433622171036,0,0,0,7164,0,0,0,17112,0,0,1,2320,0,0,0,9044,0,0,0,13392,0,0,0,42768,0,0,0,1914,0,0,0,15690,0,0
1,19546106,rs562770564,C,T,gnomAD Exomes,PASS,NA,p.Arg920Gln,p.Arg920Gln,c.2759G>A,missense_variant,,2,109406,0.00001828053306034404,0,0,0,7164,0,0,1,17112,0,0,0,2320,0,0,0,9044,0,0,0,13394,0,0,0,42768,0,0,0,1914,0,0,1,15690,0,0
1,19546107,rs548595466,G,A,gnomAD Exomes,PASS,NA,p.Arg920Ter,p.Arg920Ter,c.2758C>T,stop_gained,,1,109406,0.00000914026653017202,0,0,0,7164,0,0,0,17112,0,0,0,2320,0,0,0,9044,0,0,0,13394,0,0,1,42768,0,0,0,1914,0,0,0,15690,0,0
1,19546107,rs548595466,G,C,gnomAD Exomes,PASS,NA,p.Arg920Gly,p.Arg920Gly,c.2758C>G,missense_variant,,1,109406,0.00000914026653017202,0,0,0,7164,0,0,0,17112,0,0,0,2320,0,0,0,9044,0,0,0,13394,0,0,1,42768,0,0,0,1914,0,0,0,15690,0,0
1,19546112,rs747855639,C,T,gnomAD Exomes,PASS,NA,p.Arg918Gln,p.Arg918Gln,c.2753G>A,missense_variant,,4,109406,0.00003656106612068808,0,0,0,7164,0,0,3,17112,0,0,0,2320,0,0,0,9044,0,0,0,13394,0,0,1,42768,0,0,0,1914,0,0,0,15690,0,0
1,19546112,rs747855639,C,A,gnomAD Exomes,PASS,NA,p.Glu141Ter,p.Glu141Ter,c.421G>T,stop_gained,lof_flag,1,109406,0.00000914026653017202,0,0,0,7164,0,0,0,17112,0,0,0,2320,0,0,0,9044,0,0,0,13394,0,0,0,42768,0,0,0,1914,0,0,1,15690,0,0
1,19546113,rs139335524,G,C,"gnomAD Exomes,gnomAD Genomes",PASS,PASS,p.Arg918Gly,p.Arg918Gly,c.2752C>G,missense_variant,,5,120260,0.000041576584067852984,0,0,5,9726,0,0,0,17358,0,0,0,2358,0,0,0,9958,0,0,0,14556,0,0,0,48276,0,0,0,2338,0,0,0,15690,0,0
1,19546116,rs529971469,A,T,"gnomAD Exomes,gnomAD Genomes",PASS,PASS,p.Ser917Thr,p.Ser917Thr,c.2749T>A,missense_variant,,6,120254,0.00004989439020739435,0,0,6,9734,0,0,0,17358,0,0,0,2358,0,0,0,9954,0,0,0,14556,0,0,0,48268,0,0,0,2336,0,0,0,15690,0,0
1,19546117,rs144354996,A,C,gnomAD Exomes,PASS,NA,p.Phe139Cys,p.Phe139Cys,c.416T>G,missense_variant,,1,109406,0.00000914026653017202,0,0,0,7164,0,0,0,17112,0,0,0,2320,0,0,0,9044,0,0,0,13394,0,0,1,42768,0,0,0,1914,0,0,0,15690,0,0
1,19546120,rs143947690,T,G,"gnomAD Exomes,gnomAD Genomes",PASS,PASS,p.Gln138Pro,p.Gln138Pro,c.413A>C,missense_variant,,2,120222,0.000016635890269667783,0,0,1,9716,0,0,0,17358,0,0,0,2358,0,0,0,9954,0,0,0,14556,0,0,0,48254,0,0,1,2336,0,0,0,15690,0,0
1,19546139,rs759773407,A,G,gnomAD Exomes,PASS,NA,p.Phe909Ser,p.Phe909Ser,c.2726T>C,missense_variant,,2,109406,0.00001828053306034404,0,0,0,7164,0,0,0,17112,0,0,0,2320,0,0,0,9044,0,0,0,13394,0,0,2,42768,0,0,0,1914,0,0,0,15690,0,0
1,19546143,rs1449245648,G,A,gnomAD Exomes,PASS,NA,p.Arg908Ter,p.Arg908Ter,c.2722C>T,stop_gained,,1,109400,0.000009140767824497258,0,0,0,7164,0,0,0,17108,0,0,0,2320,0,0,0,9044,0,0,0,13394,0,0,0,42766,0,0,0,1914,0,0,1,15690,0,0
1,19546149,rs767596155,C,T,gnomAD Exomes,PASS,NA,p.Ala906Thr,p.Ala906Thr,c.2716G>A,missense_variant,,2,109406,0.00001828053306034404,0,0,0,7164,0,0,2,17112,0,0,0,2320,0,0,0,9044,0,0,0,13394,0,0,0,42768,0,0,0,1914,0,0,0,15690,0,0
1,19546150,rs753129813,G,A,gnomAD Exomes,PASS,NA,p.Thr128Met,p.Thr128Met,c.383C>T,missense_variant,,8,109406,0.00007312213224137616,0,0,0,7164,0,0,0,17112,0,0,0,2320,0,0,0,9044,0,0,0,13394,0,0,0,42768,0,0,0,1914,0,0,8,15690,0,0
1,19546152,rs374950905,G,C,gnomAD Exomes,PASS,NA,p.Tyr127Ter,p.Tyr127Ter,c.381C>G,stop_gained,lof_flag,1,109406,0.00000914026653017202,0,0,0,7164,0,0,1,17112,0,0,0,2320,0,0,0,9044,0,0,0,13394,0,0,0,42768,0,0,0,1914,0,0,0,15690,0,0
1,19546152,rs374950905,G,GT,"gnomAD Exomes,gnomAD Genomes",PASS,PASS,p.Tyr127Ter,p.Tyr127Ter,c.380dupA,stop_gained,,19,120284,0.00015795949585979848,0,0,1,9734,0,0,11,17358,0,0,0,2358,0,0,0,9958,0,0,0,14556,0,0,6,48292,0,0,0,2338,0,0,1,15690,0,0
1,19546152,rs374950905,G,T,gnomAD Exomes,PASS,NA,p.Tyr127Ter,p.Tyr127Ter,c.381C>A,stop_gained,lof_flag,1,109406,0.00000914026653017202,0,0,0,7164,0,0,0,17112,0,0,0,2320,0,0,1,9044,0,0,0,13394,0,0,0,42768,0,0,0,1914,0,0,0,15690,0,0
1,19546175,rs146583625,G,A,"gnomAD Exomes,gnomAD Genomes",PASS,PASS,p.Pro897Leu,p.Pro897Leu,c.2690C>T,missense_variant,,5,120272,0.00004157243581215911,0,0,2,9736,0,0,0,17356,0,0,1,2358,0,0,0,9954,0,0,1,14552,0,0,0,48290,0,0,0,2336,0,0,1,15690,0,0
1,19546185,rs756275805,TCTC,T,gnomAD Exomes,PASS,NA,p.Glu893del,p.Glu893del,c.2677_2679delGAG,inframe_deletion,,1,109398,0.000009140934934825134,0,0,0,7164,0,0,0,17106,0,0,0,2320,0,0,0,9044,0,0,0,13392,0,0,0,42768,0,0,0,1914,0,0,1,15690,0,0
1,19546188,rs778017096,CCT,C,gnomAD Exomes,PASS,NA,p.Glu892GlyfsTer21,p.Glu892GlyfsTer21,c.2675_2676delAG,frameshift_variant,,2,109398,0.00001828186986965027,0,0,0,7164,0,0,0,17106,0,0,0,2320,0,0,1,9046,0,0,0,13390,0,0,1,42768,0,0,0,1914,0,0,0,15690,0,0
1,19546189,rs201239769,C,G,gnomAD Exomes,PASS,NA,p.Glu892Asp,p.Glu892Asp,c.2676G>C,missense_variant,,2,109396,0.0000182822041025266,0,0,0,7164,0,0,0,17108,0,0,0,2320,0,0,1,9044,0,0,0,13392,0,0,0,42766,0,0,0,1914,0,0,1,15688,0,0
1,19547260,rs1343495516,G,A,gnomAD Exomes,PASS,NA,p.Gln123Ter,p.Gln123Ter,c.367C>T,stop_gained,lof_flag,1,109214,0.000009156335268372187,0,0,0,7162,0,0,0,17032,0,0,0,2316,0,0,0,9040,0,0,0,13392,0,0,1,42698,0,0,0,1910,0,0,0,15664,0,0
1,19547274,rs755986625,G,A,gnomAD Exomes,PASS,NA,p.Pro886Ser,p.Pro886Ser,c.2656C>T,missense_variant,,4,109344,0.00003658179689786362,0,0,0,7162,0,0,3,17090,0,0,1,2320,0,0,0,9044,0,0,0,13394,0,0,0,42746,0,0,0,1912,0,0,0,15676,0,0
1,19547275,rs1031396968,G,T,gnomAD Exomes,PASS,NA,p.Pro118Thr,p.Pro118Thr,c.352C>A,missense_variant,,1,109350,0.000009144947416552355,0,0,0,7164,0,0,0,17092,0,0,0,2320,0,0,0,9044,0,0,0,13394,0,0,1,42746,0,0,0,1912,0,0,0,15678,0,0
1,19547280,rs777684249,C,T,gnomAD Exomes,PASS,NA,p.Glu884Lys,p.Glu884Lys,c.2650G>A,missense_variant,,3,109348,0.000027435344039214253,0,0,0,7162,0,0,0,17090,0,0,0,2320,0,0,0,9042,0,0,0,13394,0,0,1,42748,0,0,0,1912,0,0,2,15680,0,0
1,19547281,rs373222910,G,A,gnomAD Exomes,PASS,NA,p.Arg116Ter,p.Arg116Ter,c.346C>T,stop_gained,lof_flag,7,109358,0.0000640099489749264,0,0,0,7164,0,0,5,17092,0,0,0,2320,0,0,0,9042,0,0,0,13392,0,0,1,42756,0,0,0,1910,0,0,1,15682,0,0
1,19547281,rs373222910,G,C,gnomAD Exomes,PASS,NA,p.Arg116Gly,p.Arg116Gly,c.346C>G,missense_variant,,1,109358,0.000009144278424989484,0,0,0,7164,0,0,0,17092,0,0,0,2320,0,0,0,9042,0,0,0,13392,0,0,1,42756,0,0,0,1910,0,0,0,15682,0,0
1,19547285,rs777711850,C,T,gnomAD Exomes,PASS,NA,p.Arg882His,p.Arg882His,c.2645G>A,missense_variant,,1,109336,0.000009146118387356406,0,0,0,7164,0,0,0,17086,0,0,0,2320,0,0,0,9038,0,0,0,13394,0,0,1,42748,0,0,0,1910,0,0,0,15676,0,0
1,19547286,rs778938462,G,A,gnomAD Exomes,PASS,NA,p.Arg882Cys,p.Arg882Cys,c.2644C>T,missense_variant,,1,109366,0.000009143609531298575,0,0,0,7162,0,0,0,17102,0,0,0,2318,0,0,0,9042,0,0,0,13392,0,0,0,42760,0,0,0,1906,0,0,1,15684,0,0
1,19547288,rs201459490,C,T,gnomAD Exomes,PASS,NA,p.Arg881His,p.Arg881His,c.2642G>A,missense_variant,,1,109328,0.00000914678764817796,0,0,1,7162,0,0,0,17090,0,0,0,2320,0,0,0,9036,0,0,0,13394,0,0,0,42744,0,0,0,1908,0,0,0,15674,0,0
1,19547289,rs375114221,G,A,gnomAD Exomes,PASS,NA,p.Arg881Cys,p.Arg881Cys,c.2641C>T,missense_variant,,2,109360,0.0000182882223847842,0,0,0,7160,0,0,0,17092,0,0,0,2320,0,0,0,9044,0,0,0,13390,0,0,2,42758,0,0,0,1912,0,0,0,15684,0,0
1,19547297,rs202180622,A,C,gnomAD Exomes,PASS,NA,p.Leu878Arg,p.Leu878Arg,c.2633T>G,missense_variant,,2,109378,0.00001828521274845033,0,0,0,7162,0,0,0,17104,0,0,0,2320,0,0,2,9044,0,0,0,13394,0,0,0,42758,0,0,0,1912,0,0,0,15684,0,0
1,19547297,rs202180622,AG,A,gnomAD Exomes,PASS,NA,p.Leu878TrpfsTer18,p.Leu878TrpfsTer18,c.2632delC,frameshift_variant,,1,109378,0.000009142606374225164,0,0,0,7162,0,0,0,17104,0,0,0,2320,0,0,0,9044,0,0,0,13394,0,0,0,42758,0,0,0,1912,0,0,1,15684,0,0
1,19547300,rs775835942,A,C,gnomAD Exomes,PASS,NA,p.Leu877Trp,p.Leu877Trp,c.2630T>G,missense_variant,,1,109386,0.000009141937725120216,0,0,0,7164,0,0,0,17106,0,0,0,2320,0,0,0,9044,0,0,0,13394,0,0,0,42760,0,0,0,1912,0,0,1,15686,0,0
1,19547322,rs1245894265,T,C,gnomAD Exomes,PASS,NA,p.Ile870Val,p.Ile870Val,c.2608A>G,missense_variant,,1,109322,0.000009147289658074313,0,0,0,7162,0,0,0,17080,0,0,0,2318,0,0,0,9040,0,0,0,13392,0,0,1,42744,0,0,0,1910,0,0,0,15676,0,0
1,19547342,rs765739409,A,G,gnomAD Exomes,PASS,NA,p.Ile863Thr,p.Ile863Thr,c.2588T>C,missense_variant,,1,109128,0.000009163551059306502,0,0,0,7160,0,0,0,16996,0,0,0,2314,0,0,1,9040,0,0,0,13388,0,0,0,42694,0,0,0,1902,0,0,0,15634,0,0
1,19549119,rs1283469259,C,CA,gnomAD Exomes,PASS,NA,p.Ile863AspfsTer13,p.Ile863AspfsTer13,c.2585dupT,frameshift_variant,,1,109314,0.000009147959090326949,0,0,0,7154,0,0,0,17094,0,0,0,2318,0,0,0,9038,0,0,0,13376,0,0,0,42738,0,0,0,1914,0,0,1,15682,0,0
1,19549129,rs761754934,C,T,gnomAD Exomes,PASS,NA,p.Arg859Gln,p.Arg859Gln,c.2576G>A,missense_variant,,2,109320,0.000018294914013904136,0,0,0,7156,0,0,1,17102,0,0,0,2320,0,0,0,9044,0,0,0,13372,0,0,1,42730,0,0,0,1912,0,0,0,15684,0,0
1,19549130,rs764914973,G,A,"gnomAD Exomes,gnomAD Genomes",PASS,PASS,p.Arg859Ter,p.Arg859Ter,c.2575C>T,stop_gained,,3,120218,0.000024954665690661966,0,0,0,9732,0,0,0,17352,0,0,1,2358,0,0,0,9956,0,0,0,14540,0,0,0,48262,0,0,0,2334,0,0,2,15684,0,0
1,19549145,rs779992757,G,A,gnomAD Exomes,PASS,NA,p.Arg854Trp,p.Arg854Trp,c.2560C>T,missense_variant,,1,109362,0.000009143943965911377,0,0,1,7164,0,0,0,17106,0,0,0,2320,0,0,0,9046,0,0,0,13378,0,0,0,42746,0,0,0,1912,0,0,0,15690,0,0
1,19549151,rs1192189702,T,C,gnomAD Exomes,PASS,NA,p.Thr852Ala,p.Thr852Ala,c.2554A>G,missense_variant,,1,109376,0.00000914277355178467,0,0,0,7164,0,0,0,17102,0,0,0,2320,0,0,0,9046,0,0,0,13384,0,0,1,42758,0,0,0,1912,0,0,0,15690,0,0
1,19549165,rs770184000,A,G,gnomAD Exomes,PASS,NA,p.Met847Thr,p.Met847Thr,c.2540T>C,missense_variant,,1,109394,0.000009141269173812093,0,0,0,7164,0,0,0,17110,0,0,0,2320,0,0,1,9046,0,0,0,13388,0,0,0,42762,0,0,0,1914,0,0,0,15690,0,0
1,19549174,rs377010214,A,T,"gnomAD Exomes,gnomAD Genomes",PASS,PASS,p.Ile844Asn,p.Ile844Asn,c.2531T>A,missense_variant,,3,120264,0.000024945120734384356,0,0,0,9734,0,0,0,17356,0,0,0,2358,0,0,0,9962,0,0,0,14546,0,0,2,48282,0,0,0,2336,0,0,1,15690,0,0
1,19549174,rs377010214,ATGGAGGACGGGAAGATATAGGACTGC,A,gnomAD Exomes,PASS,NA,p.Gln835HisfsTer32,p.Gln835HisfsTer32,c.2505_2530delGCAGTCCTATATCTTCCCGTCCTCCA,frameshift_variant,,1,109396,0.0000091411020512633,0,0,0,7164,0,0,0,17110,0,0,0,2320,0,0,0,9046,0,0,0,13386,0,0,0,42766,0,0,0,1914,0,0,1,15690,0,0
1,19549178,rs1450111287,A,C,gnomAD Exomes,PASS,NA,p.Ser843Ala,p.Ser843Ala,c.2527T>G,missense_variant,,1,109392,0.000009141436302471844,0,0,0,7162,0,0,0,17108,0,0,0,2320,0,0,0,9046,0,0,0,13390,0,0,1,42764,0,0,0,1914,0,0,0,15688,0,0
1,19549183,rs774856592,G,A,gnomAD Exomes,PASS,NA,p.Pro841Leu,p.Pro841Leu,c.2522C>T,missense_variant,,3,109402,0.00002742180216083801,0,0,0,7164,0,0,0,17110,0,0,0,2320,0,0,0,9046,0,0,0,13390,0,0,2,42768,0,0,0,1914,0,0,1,15690,0,0
1,19549192,rs776468170,T,C,gnomAD Exomes,PASS,NA,p.Tyr838Cys,p.Tyr838Cys,c.2513A>G,missense_variant,,4,109400,0.00003656307129798903,0,0,0,7164,0,0,0,17108,0,0,0,2320,0,0,1,9046,0,0,0,13392,0,0,1,42766,0,0,0,1914,0,0,2,15690,0,0
1,19549199,rs1458391799,G,A,gnomAD Genomes,NA,PASS,p.Gln836Ter,p.Gln836Ter,c.2506C>T,stop_gained,,1,10874,0.00009196247930844215,0,0,0,2572,0,0,0,246,0,0,0,38,0,0,0,914,0,0,1,1160,0,0,0,5522,0,0,0,422,0,0,0,0,0,0
1,19549202,rs200262244,G,A,gnomAD Exomes,PASS,NA,p.Gln835Ter,p.Gln835Ter,c.2503C>T,stop_gained,,1,109404,0.000009140433622171036,0,0,0,7164,0,0,0,17110,0,0,0,2320,0,0,0,9046,0,0,0,13392,0,0,1,42768,0,0,0,1914,0,0,0,15690,0,0
1,19549214,rs1215085632,G,A,gnomAD Exomes,PASS,NA,p.Pro831Ser,p.Pro831Ser,c.2491C>T,missense_variant,,1,109398,0.000009140934934825134,0,0,0,7164,0,0,1,17108,0,0,0,2320,0,0,0,9046,0,0,0,13390,0,0,0,42766,0,0,0,1914,0,0,0,15690,0,0
1,19549225,rs145843835,C,T,gnomAD Exomes,PASS,NA,p.Arg827His,p.Arg827His,c.2480G>A,missense_variant,,1,109400,0.000009140767824497258,0,0,0,7164,0,0,0,17106,0,0,0,2320,0,0,1,9046,0,0,0,13394,0,0,0,42768,0,0,0,1914,0,0,0,15688,0,0
1,19549226,rs563968339,G,A,gnomAD Exomes,PASS,NA,p.Arg827Cys,p.Arg827Cys,c.2479C>T,missense_variant,,6,109402,0.00005484360432167602,0,0,1,7164,0,0,0,17108,0,0,0,2320,0,0,0,9046,0,0,0,13392,0,0,4,42768,0,0,0,1914,0,0,1,15690,0,0
1,19549234,rs756316930,G,C,gnomAD Exomes,PASS,NA,p.Ser824Cys,p.Ser824Cys,c.2471C>G,missense_variant,,2,109400,0.000018281535648994517,0,0,0,7164,0,0,0,17108,0,0,0,2320,0,0,0,9046,0,0,0,13392,0,0,2,42766,0,0,0,1914,0,0,0,15690,0,0
1,19549247,rs761437282,T,TG,gnomAD Exomes,PASS,NA,p.Thr820HisfsTer56,p.Thr820HisfsTer56,c.2457dupC,frameshift_variant,,1,109402,0.000009140600720279337,0,0,0,7164,0,0,0,17106,0,0,0,2320,0,0,0,9046,0,0,0,13394,0,0,0,42768,0,0,0,1914,0,0,1,15690,0,0
1,19549250,rs371524055,C,T,"gnomAD Exomes,gnomAD Genomes",PASS,PASS,p.Ala819Thr,p.Ala819Thr,c.2455G>A,missense_variant,,13,120256,0.000108102714209686,0,0,10,9732,0,0,0,17352,0,0,0,2358,0,0,1,9962,0,0,0,14556,0,0,1,48268,0,0,0,2338,0,0,1,15690,0,0
1,19549252,rs771325376,T,A,gnomAD Exomes,PASS,NA,p.Asn818Ile,p.Asn818Ile,c.2453A>T,missense_variant,,1,109400,0.000009140767824497258,0,0,0,7164,0,0,1,17108,0,0,0,2320,0,0,0,9046,0,0,0,13394,0,0,0,42764,0,0,0,1914,0,0,0,15690,0,0
1,19549256,rs1347137887,A,T,gnomAD Exomes,PASS,NA,p.Tyr817Asn,p.Tyr817Asn,c.2449T>A,missense_variant,,1,109402,0.000009140600720279337,0,0,0,7164,0,0,0,17108,0,0,0,2320,0,0,1,9046,0,0,0,13394,0,0,0,42766,0,0,0,1914,0,0,0,15690,0,0
1,19549268,rs1285872399,C,T,gnomAD Exomes,PASS,NA,p.Gly813Ser,p.Gly813Ser,c.2437G>A,missense_variant,,2,109390,0.000018283206874485784,0,0,0,7162,0,0,1,17102,0,0,0,2320,0,0,1,9046,0,0,0,13394,0,0,0,42764,0,0,0,1912,0,0,0,15690,0,0
1,19549273,rs146394541,T,A,gnomAD Exomes,PASS,NA,p.Tyr811Phe,p.Tyr811Phe,c.2432A>T,missense_variant,,1,109384,0.000009142104878227163,0,0,0,7162,0,0,0,17102,0,0,0,2320,0,0,0,9046,0,0,0,13392,0,0,1,42764,0,0,0,1912,0,0,0,15686,0,0
1,19549273,rs146394541,T,C,gnomAD Exomes,PASS,NA,p.Tyr811Cys,p.Tyr811Cys,c.2432A>G,missense_variant,,10,109384,0.00009142104878227163,0,0,0,7162,0,0,6,17102,0,0,0,2320,0,0,0,9046,0,0,0,13392,0,0,3,42764,0,0,1,1912,0,0,0,15686,0,0
1,19549285,rs543457208,A,G,"gnomAD Exomes,gnomAD Genomes",PASS,PASS,p.Val807Ala,p.Val807Ala,c.2420T>C,missense_variant,,2,120224,0.00001663561352142667,0,0,2,9732,0,0,0,17336,0,0,0,2358,0,0,0,9962,0,0,0,14550,0,0,0,48274,0,0,0,2334,0,0,0,15678,0,0
1,19549286,rs561638764,C,T,gnomAD Exomes,PASS,NA,p.Val807Ile,p.Val807Ile,c.2419G>A,missense_variant,,15,109314,0.0001372193863549042,1,0,0,7162,0,0,0,17078,0,0,0,2316,0,0,0,9046,0,0,0,13388,0,0,2,42740,0,0,1,1912,0,0,12,15672,1,0
1,19549286,rs561638764,C,G,gnomAD Exomes,PASS,NA,p.Val807Leu,p.Val807Leu,c.2419G>C,missense_variant,,2,109314,0.000018295918180653897,0,0,0,7162,0,0,0,17078,0,0,0,2316,0,0,0,9046,0,0,2,13388,0,0,0,42740,0,0,0,1912,0,0,0,15672,0,0
1,19549290,rs187230046,A,C,"gnomAD Exomes,gnomAD Genomes",PASS,PASS,p.Phe805Leu,p.Phe805Leu,c.2415T>G,missense_variant,,14,120174,0.00011649774493650873,0,0,0,9730,0,0,1,17330,0,0,0,2356,0,0,0,9962,0,0,0,14544,0,0,13,48238,0,0,0,2336,0,0,0,15678,0,0
1,19549297,rs767398238,T,C,gnomAD Exomes,PASS,NA,p.Asn803Ser,p.Asn803Ser,c.2408A>G,missense_variant,,3,109136,0.000027488638029614427,0,0,0,7162,0,0,0,17062,0,0,0,2306,0,0,3,9046,0,0,0,13368,0,0,0,42648,0,0,0,1908,0,0,0,15636,0,0
1,19549301,rs372151221,G,A,"gnomAD Exomes,gnomAD Genomes",PASS,PASS,p.Arg802Cys,p.Arg802Cys,c.2404C>T,missense_variant,,12,119766,0.00010019538099293623,0,0,4,9734,0,0,1,17292,0,0,0,2330,0,0,7,9960,0,0,0,14516,0,0,0,48010,0,0,0,2330,0,0,0,15594,0,0
1,19549303,rs756154938,C,T,gnomAD Exomes,PASS,NA,p.Arg801Gln,p.Arg801Gln,c.2402G>A,missense_variant,,2,108828,0.00001837762340574117,0,0,0,7162,0,0,0,17040,0,0,0,2284,0,0,0,9046,0,0,0,13348,0,0,1,42474,0,0,0,1904,0,0,1,15570,0,0
1,19549304,rs764292055,G,A,gnomAD Exomes,PASS,NA,p.Arg801Trp,p.Arg801Trp,c.2401C>T,missense_variant,,1,108750,0.000009195402298850575,0,0,0,7162,0,0,1,17042,0,0,0,2284,0,0,0,9046,0,0,0,13344,0,0,0,42408,0,0,0,1904,0,0,0,15560,0,0
1,19549324,rs1354573863,T,C,gnomAD Exomes,PASS,NA,p.Gln794Arg,p.Gln794Arg,c.2381A>G,missense_variant,,1,107112,0.000009336022107700351,0,0,0,7154,0,0,0,16906,0,0,0,2168,0,0,0,9042,0,0,0,13222,0,0,1,41498,0,0,0,1872,0,0,0,15250,0,0
1,19549887,rs925484857,TA,T,gnomAD Exomes,PASS,NA,c.2376+2delT,,c.2376+2delT,splice_donor_variant,,1,109314,0.000009147959090326949,0,0,0,7162,0,0,0,17072,0,0,0,2314,0,0,0,9046,0,0,0,13394,0,0,1,42732,0,0,0,1908,0,0,0,15686,0,0
1,19549892,rs758769418,C,G,gnomAD Exomes,PASS,NA,p.Val792Leu,p.Val792Leu,c.2374G>C,missense_variant,,10,109338,0.00009145951087453584,0,0,0,7162,0,0,10,17088,0,0,0,2320,0,0,0,9046,0,0,0,13392,0,0,0,42732,0,0,0,1912,0,0,0,15686,0,0
1,19549895,rs1423143980,C,A,gnomAD Exomes,PASS,NA,p.Val791Leu,p.Val791Leu,c.2371G>T,missense_variant,,1,109368,0.000009143442323165825,0,0,0,7162,0,0,1,17092,0,0,0,2320,0,0,0,9046,0,0,0,13394,0,0,0,42756,0,0,0,1912,0,0,0,15686,0,0
1,19549909,rs748698473,T,C,gnomAD Exomes,PASS,NA,p.His786Arg,p.His786Arg,c.2357A>G,missense_variant,,1,109378,0.000009142606374225164,0,0,0,7164,0,0,0,17090,0,0,0,2320,0,0,0,9046,0,0,0,13394,0,0,0,42764,0,0,0,1912,0,0,1,15688,0,0
1,19549913,rs770588339,C,A,"gnomAD Exomes,gnomAD Genomes",PASS,PASS,p.Val785Leu,p.Val785Leu,c.2353G>T,missense_variant,,2,120246,0.000016632569898374998,0,0,2,9738,0,0,0,17338,0,0,0,2358,0,0,0,9960,0,0,0,14554,0,0,0,48274,0,0,0,2334,0,0,0,15690,0,0
1,19549913,rs770588339,C,T,gnomAD Exomes,PASS,NA,p.Val785Met,p.Val785Met,c.2353G>A,missense_variant,,1,109374,0.000009142940735458154,0,0,1,7164,0,0,0,17092,0,0,0,2320,0,0,0,9046,0,0,0,13392,0,0,0,42758,0,0,0,1912,0,0,0,15690,0,0
1,19549916,rs540813358,T,C,gnomAD Exomes,PASS,NA,p.Ile784Val,p.Ile784Val,c.2350A>G,missense_variant,,3,109374,0.00002742882220637446,0,0,0,7160,0,0,0,17090,0,0,0,2320,0,0,3,9046,0,0,0,13394,0,0,0,42764,0,0,0,1914,0,0,0,15686,0,0
1,19549937,rs768434578,T,C,gnomAD Exomes,PASS,NA,p.Lys777Glu,p.Lys777Glu,c.2329A>G,missense_variant,,1,109396,0.0000091411020512633,0,0,0,7164,0,0,0,17102,0,0,0,2320,0,0,0,9046,0,0,0,13392,0,0,1,42768,0,0,0,1914,0,0,0,15690,0,0
1,19549963,rs527601179,C,T,gnomAD Exomes,PASS,NA,p.Arg768His,p.Arg768His,c.2303G>A,missense_variant,,2,109402,0.000018281201440558675,0,0,0,7164,0,0,0,17110,0,0,0,2320,0,0,0,9046,0,0,0,13390,0,0,1,42768,0,0,0,1914,0,0,1,15690,0,0
1,19549964,rs763467427,G,A,gnomAD Exomes,PASS,NA,p.Arg768Cys,p.Arg768Cys,c.2302C>T,missense_variant,,2,109400,0.000018281535648994517,0,0,0,7164,0,0,1,17110,0,0,0,2320,0,0,0,9046,0,0,0,13390,0,0,1,42768,0,0,0,1912,0,0,0,15690,0,0
1,19549966,rs766820627,C,A,gnomAD Exomes,PASS,NA,p.Gly767Val,p.Gly767Val,c.2300G>T,missense_variant,,2,109402,0.000018281201440558675,0,0,0,7164,0,0,0,17110,0,0,0,2320,0,0,2,9046,0,0,0,13390,0,0,0,42768,0,0,0,1914,0,0,0,15690,0,0
1,19549973,rs1477884906,C,T,gnomAD Genomes,NA,PASS,p.Val765Ile,p.Val765Ile,c.2293G>A,missense_variant,,1,10876,0.00009194556822361162,0,0,0,2572,0,0,0,246,0,0,0,38,0,0,0,916,0,0,0,1160,0,0,1,5520,0,0,0,424,0,0,0,0,0,0
1,19549976,rs755531071,C,T,gnomAD Exomes,PASS,NA,p.Gly764Ser,p.Gly764Ser,c.2290G>A,missense_variant,,1,109404,0.000009140433622171036,0,0,0,7164,0,0,0,17110,0,0,0,2320,0,0,1,9046,0,0,0,13392,0,0,0,42768,0,0,0,1914,0,0,0,15690,0,0
1,19549980,rs376929368,A,C,"gnomAD Exomes,gnomAD Genomes",PASS,PASS,p.Ile762Met,p.Ile762Met,c.2286T>G,missense_variant,,10,120274,0.0000831434890333738,0,0,4,9734,0,0,0,17356,0,0,0,2358,0,0,0,9960,0,0,0,14552,0,0,0,48286,0,0,0,2338,0,0,6,15690,0,0
1,19549982,rs35788281,T,A,gnomAD Exomes,PASS,NA,p.Ile762Phe,p.Ile762Phe,c.2284A>T,missense_variant,,40,109404,0.0003656173448868414,0,0,0,7164,0,0,0,17110,0,0,0,2320,0,0,0,9046,0,0,0,13392,0,0,0,42768,0,0,0,1914,0,0,40,15690,0,0
1,19550002,rs200674851,G,A,gnomAD Exomes,PASS,NA,p.Thr755Ile,p.Thr755Ile,c.2264C>T,missense_variant,,2,109400,0.000018281535648994517,0,0,0,7164,0,0,0,17112,0,0,0,2320,0,0,0,9046,0,0,1,13386,0,0,1,42768,0,0,0,1914,0,0,0,15690,0,0
1,19550006,rs548851892,G,A,gnomAD Exomes,PASS,NA,p.Arg754Cys,p.Arg754Cys,c.2260C>T,missense_variant,,1,109388,0.000009141770578125571,0,0,0,7164,0,0,0,17110,0,0,0,2320,0,0,0,9046,0,0,0,13376,0,0,0,42768,0,0,0,1914,0,0,1,15690,0,0
1,19550017,rs149268308,G,A,"gnomAD Exomes,gnomAD Genomes",PASS,PASS,p.Ala750Val,p.Ala750Val,c.2249C>T,missense_variant,,7,120248,0.000058213026412081696,0,0,6,9736,0,0,0,17358,0,0,0,2356,0,0,1,9960,0,0,0,14528,0,0,0,48284,0,0,0,2336,0,0,0,15690,0,0
1,19550018,rs148338469,C,T,gnomAD Exomes,PASS,NA,p.Ala750Thr,p.Ala750Thr,c.2248G>A,missense_variant,,10,109370,0.00009143275121148396,0,0,1,7164,0,0,0,17112,0,0,0,2320,0,0,0,9046,0,0,0,13358,0,0,6,42768,0,0,2,1912,0,0,1,15690,0,0
1,19550025,rs773033814,GCTCT,G,gnomAD Exomes,PASS,NA,p.Glu746AlafsTer116,p.Glu746AlafsTer116,c.2237_2240delAGAG,frameshift_variant,,1,109350,0.000009144947416552355,0,0,1,7164,0,0,0,17108,0,0,0,2320,0,0,0,9046,0,0,0,13342,0,0,0,42768,0,0,0,1912,0,0,0,15690,0,0
1,19550026,rs1298743811,C,T,gnomAD Exomes,PASS,NA,p.Ser747Asn,p.Ser747Asn,c.2240G>A,missense_variant,,1,109354,0.000009144612908535581,0,0,0,7164,0,0,1,17110,0,0,0,2320,0,0,0,9046,0,0,0,13344,0,0,0,42766,0,0,0,1914,0,0,0,15690,0,0
1,19550050,rs1486761878,T,C,gnomAD Exomes,PASS,NA,p.Asn739Ser,p.Asn739Ser,c.2216A>G,missense_variant,,1,109232,0.000009154826424490992,0,0,0,7164,0,0,1,17108,0,0,0,2320,0,0,0,9046,0,0,0,13228,0,0,0,42768,0,0,0,1908,0,0,0,15690,0,0
1,19550054,rs766462471,G,C,gnomAD Exomes,PASS,NA,p.Pro738Ala,p.Pro738Ala,c.2212C>G,missense_variant,,1,109136,0.000009162879343204808,0,0,0,7164,0,0,0,17098,0,0,0,2320,0,0,0,9046,0,0,0,13144,0,0,1,42764,0,0,0,1910,0,0,0,15690,0,0
1,19553808,rs749944857,T,C,gnomAD Exomes,PASS,NA,p.Lys734Arg,p.Lys734Arg,c.2201A>G,missense_variant,,1,109404,0.000009140433622171036,0,0,0,7164,0,0,0,17112,0,0,0,2320,0,0,1,9046,0,0,0,13392,0,0,0,42768,0,0,0,1914,0,0,0,15688,0,0
1,19553821,rs754850089,T,C,gnomAD Exomes,PASS,NA,p.Ser730Gly,p.Ser730Gly,c.2188A>G,missense_variant,,1,109404,0.000009140433622171036,0,0,0,7164,0,0,0,17112,0,0,0,2320,0,0,0,9046,0,0,0,13394,0,0,1,42768,0,0,0,1914,0,0,0,15686,0,0
1,19553824,rs376593702,G,A,gnomAD Exomes,PASS,NA,p.Arg729Cys,p.Arg729Cys,c.2185C>T,missense_variant,,1,109406,0.00000914026653017202,0,0,1,7164,0,0,0,17112,0,0,0,2320,0,0,0,9046,0,0,0,13394,0,0,0,42768,0,0,0,1914,0,0,0,15688,0,0
1,19553825,rs1335305881,G,C,gnomAD Exomes,PASS,NA,p.Asp728Glu,p.Asp728Glu,c.2184C>G,missense_variant,,1,109408,0.000009140099444281954,0,0,0,7164,0,0,0,17112,0,0,0,2320,0,0,0,9046,0,0,1,13394,0,0,0,42768,0,0,0,1914,0,0,0,15690,0,0
1,19553838,rs756136017,C,T,gnomAD Exomes,PASS,NA,p.Arg724His,p.Arg724His,c.2171G>A,missense_variant,,1,109402,0.000009140600720279337,0,0,0,7164,0,0,0,17112,0,0,0,2320,0,0,0,9046,0,0,0,13390,0,0,0,42768,0,0,0,1914,0,0,1,15688,0,0
1,19553839,rs777786640,G,A,gnomAD Exomes,PASS,NA,p.Arg724Cys,p.Arg724Cys,c.2170C>T,missense_variant,,2,109406,0.00001828053306034404,0,0,0,7164,0,0,0,17112,0,0,0,2320,0,0,1,9046,0,0,0,13392,0,0,0,42768,0,0,0,1914,0,0,1,15690,0,0
1,19553865,rs746049382,C,A,gnomAD Exomes,PASS,NA,p.Ser715Ile,p.Ser715Ile,c.2144G>T,missense_variant,,1,109404,0.000009140433622171036,0,0,0,7164,0,0,0,17110,0,0,0,2320,0,0,0,9046,0,0,0,13394,0,0,0,42768,0,0,0,1914,0,0,1,15688,0,0
1,19553868,rs896315803,C,T,gnomAD Exomes,PASS,NA,p.Arg714His,p.Arg714His,c.2141G>A,missense_variant,,1,109408,0.000009140099444281954,0,0,0,7164,0,0,0,17112,0,0,0,2320,0,0,0,9046,0,0,0,13394,0,0,1,42768,0,0,0,1914,0,0,0,15690,0,0
1,19553869,rs772294287,G,A,gnomAD Exomes,PASS,NA,p.Arg714Cys,p.Arg714Cys,c.2140C>T,missense_variant,,3,109406,0.00002742079959051606,0,0,0,7164,0,0,1,17112,0,0,0,2320,0,0,0,9046,0,0,0,13394,0,0,1,42768,0,0,0,1914,0,0,1,15688,0,0
1,19553881,rs760968223,C,T,gnomAD Exomes,PASS,NA,p.Val710Met,p.Val710Met,c.2128G>A,missense_variant,,1,109404,0.000009140433622171036,0,0,0,7164,0,0,0,17112,0,0,0,2320,0,0,0,9046,0,0,0,13392,0,0,0,42768,0,0,0,1914,0,0,1,15688,0,0
1,19553887,rs139714938,C,A,gnomAD Exomes,PASS,NA,p.Val708Phe,p.Val708Phe,c.2122G>T,missense_variant,,1,109406,0.00000914026653017202,0,0,0,7164,0,0,0,17112,0,0,0,2320,0,0,0,9046,0,0,0,13392,0,0,1,42768,0,0,0,1914,0,0,0,15690,0,0
1,19553887,rs139714938,C,T,"gnomAD Exomes,gnomAD Genomes",PASS,PASS,p.Val708Ile,p.Val708Ile,c.2122G>A,missense_variant,,11,120280,0.00009145327569005654,0,0,0,9736,0,0,0,17358,0,0,0,2358,0,0,0,9962,0,0,0,14554,0,0,5,48284,0,0,1,2338,0,0,5,15690,0,0
1,19553892,rs199561891,C,T,gnomAD Exomes,PASS,NA,p.Arg706Gln,p.Arg706Gln,c.2117G>A,missense_variant,,3,109402,0.00002742180216083801,0,0,0,7164,0,0,0,17112,0,0,0,2320,0,0,2,9046,0,0,0,13392,0,0,1,42768,0,0,0,1914,0,0,0,15686,0,0
1,19553893,rs188945281,G,A,gnomAD Exomes,PASS,NA,p.Arg706Trp,p.Arg706Trp,c.2116C>T,missense_variant,,4,109404,0.000036561734488684145,0,0,1,7164,0,0,1,17112,0,0,0,2320,0,0,0,9046,0,0,0,13392,0,0,1,42766,0,0,0,1914,0,0,1,15690,0,0
1,19553904,rs781072054,G,C,gnomAD Exomes,PASS,NA,p.Pro702Arg,p.Pro702Arg,c.2105C>G,missense_variant,,1,109398,0.000009140934934825134,0,0,0,7164,0,0,0,17112,0,0,0,2318,0,0,1,9046,0,0,0,13390,0,0,0,42766,0,0,0,1914,0,0,0,15688,0,0
1,19553904,rs781072054,G,T,gnomAD Exomes,PASS,NA,p.Pro702Gln,p.Pro702Gln,c.2105C>A,missense_variant,,1,109398,0.000009140934934825134,0,0,0,7164,0,0,0,17112,0,0,0,2318,0,0,0,9046,0,0,0,13390,0,0,1,42766,0,0,0,1914,0,0,0,15688,0,0
1,19557336,rs758465576,A,G,gnomAD Exomes,PASS,NA,c.2064+2T>C,,c.2064+2T>C,splice_donor_variant,,1,109346,0.000009145281949042489,0,0,0,7164,0,0,1,17080,0,0,0,2318,0,0,0,9044,0,0,0,13370,0,0,0,42768,0,0,0,1912,0,0,0,15690,0,0
1,19557342,rs374969388,C,T,gnomAD Exomes,PASS,NA,p.Arg687Gln,p.Arg687Gln,c.2060G>A,missense_variant,,10,109364,0.0000914377674554698,0,0,0,7164,0,0,0,17090,0,0,0,2320,0,0,0,9046,0,0,3,13376,0,0,6,42768,0,0,1,1912,0,0,0,15688,0,0
1,19557348,rs149861361,C,T,"gnomAD Exomes,gnomAD Genomes",PASS,PASS,p.Arg685Gln,p.Arg685Gln,c.2054G>A,missense_variant,,126,120254,0.0010477821943552814,1,0,0,9734,0,0,0,17350,0,0,0,2358,0,0,124,9962,1,0,0,14542,0,0,2,48282,0,0,0,2336,0,0,0,15690,0,0
1,19557349,rs550787407,G,A,gnomAD Exomes,PASS,NA,p.Arg685Trp,p.Arg685Trp,c.2053C>T,missense_variant,,3,109382,0.00002742681611234024,0,0,1,7164,0,0,1,17104,0,0,0,2320,0,0,0,9046,0,0,0,13376,0,0,1,42768,0,0,0,1914,0,0,0,15690,0,0
1,19557364,rs748488738,G,A,"gnomAD Exomes,gnomAD Genomes",PASS,PASS,p.Arg680Trp,p.Arg680Trp,c.2038C>T,missense_variant,,9,120272,0.00007483038446188639,0,0,5,9734,0,0,0,17358,0,0,0,2358,0,0,1,9962,0,0,0,14548,0,0,2,48284,0,0,0,2338,0,0,1,15690,0,0
1,19557371,rs1373361040,C,G,gnomAD Exomes,PASS,NA,p.Glu677Asp,p.Glu677Asp,c.2031G>C,missense_variant,,1,109400,0.000009140767824497258,0,0,0,7164,0,0,0,17112,0,0,0,2320,0,0,0,9046,0,0,0,13386,0,0,1,42768,0,0,0,1914,0,0,0,15690,0,0
1,19557373,rs1238610671,C,G,gnomAD Exomes,PASS,NA,p.Glu677Gln,p.Glu677Gln,c.2029G>C,missense_variant,,1,109406,0.00000914026653017202,0,0,0,7164,0,0,0,17112,0,0,0,2320,0,0,0,9046,0,0,0,13392,0,0,1,42768,0,0,0,1914,0,0,0,15690,0,0
1,19557376,rs1285939271,C,T,gnomAD Exomes,PASS,NA,p.Ala676Thr,p.Ala676Thr,c.2026G>A,missense_variant,,1,109404,0.000009140433622171036,0,0,0,7164,0,0,0,17112,0,0,0,2320,0,0,0,9046,0,0,1,13390,0,0,0,42768,0,0,0,1914,0,0,0,15690,0,0
1,19557377,rs773767036,A,C,gnomAD Exomes,PASS,NA,p.Asp675Glu,p.Asp675Glu,c.2025T>G,missense_variant,,4,109404,0.000036561734488684145,0,0,0,7164,0,0,0,17112,0,0,0,2320,0,0,4,9046,0,0,0,13390,0,0,0,42768,0,0,0,1914,0,0,0,15690,0,0
1,19557382,rs759027803,C,A,gnomAD Exomes,PASS,NA,p.Val674Leu,p.Val674Leu,c.2020G>T,missense_variant,,1,109406,0.00000914026653017202,0,0,0,7164,0,0,0,17112,0,0,0,2320,0,0,0,9046,0,0,0,13392,0,0,1,42768,0,0,0,1914,0,0,0,15690,0,0
1,19557387,rs776183467,T,C,gnomAD Exomes,PASS,NA,p.Tyr672Cys,p.Tyr672Cys,c.2015A>G,missense_variant,,1,109400,0.000009140767824497258,0,0,0,7164,0,0,0,17112,0,0,0,2320,0,0,0,9046,0,0,0,13386,0,0,1,42768,0,0,0,1914,0,0,0,15690,0,0
1,19557394,rs2275402,A,G,gnomAD Exomes,PASS,NA,p.Phe670Leu,p.Phe670Leu,c.2008T>C,missense_variant,,4,109408,0.000036560397777127814,0,0,0,7164,0,0,0,17112,0,0,0,2320,0,0,4,9046,0,0,0,13394,0,0,0,42768,0,0,0,1914,0,0,0,15690,0,0
1,19557403,rs763793904,G,A,gnomAD Exomes,PASS,NA,p.Pro667Ser,p.Pro667Ser,c.1999C>T,missense_variant,,1,109400,0.000009140767824497258,0,0,1,7164,0,0,0,17112,0,0,0,2320,0,0,0,9046,0,0,0,13386,0,0,0,42768,0,0,0,1914,0,0,0,15690,0,0
1,19557414,rs1388369324,T,C,gnomAD Exomes,PASS,NA,p.His663Arg,p.His663Arg,c.1988A>G,missense_variant,,1,109406,0.00000914026653017202,0,0,1,7164,0,0,0,17112,0,0,0,2320,0,0,0,9046,0,0,0,13392,0,0,0,42768,0,0,0,1914,0,0,0,15690,0,0
1,19557415,rs761598407,G,A,gnomAD Exomes,PASS,NA,p.His663Tyr,p.His663Tyr,c.1987C>T,missense_variant,,1,109402,0.000009140600720279337,0,0,0,7164,0,0,0,17110,0,0,0,2320,0,0,0,9046,0,0,0,13390,0,0,0,42768,0,0,0,1914,0,0,1,15690,0,0
1,19557423,rs750358879,C,T,gnomAD Exomes,PASS,NA,p.Arg660Gln,p.Arg660Gln,c.1979G>A,missense_variant,,4,109388,0.000036567082312502284,0,0,0,7164,0,0,0,17112,0,0,0,2320,0,0,0,9046,0,0,0,13374,0,0,0,42768,0,0,0,1914,0,0,4,15690,0,0
1,19557424,rs201271494,G,C,gnomAD Exomes,PASS,NA,p.Arg660Gly,p.Arg660Gly,c.1978C>G,missense_variant,,2,109390,0.000018283206874485784,0,0,0,7164,0,0,0,17112,0,0,0,2320,0,0,0,9046,0,0,0,13376,0,0,2,42768,0,0,0,1914,0,0,0,15690,0,0
1,19557424,rs201271494,G,A,gnomAD Exomes,PASS,NA,p.Arg660Ter,p.Arg660Ter,c.1978C>T,stop_gained,,3,109390,0.000027424810311728676,0,0,0,7164,0,0,0,17112,0,0,0,2320,0,0,0,9046,0,0,0,13376,0,0,3,42768,0,0,0,1914,0,0,0,15690,0,0
1,19557435,rs369860477,C,T,"gnomAD Exomes,gnomAD Genomes",PASS,PASS,p.Arg656Gln,p.Arg656Gln,c.1967G>A,missense_variant,,3,120252,0.000024947610018960184,0,0,1,9736,0,0,1,17350,0,0,0,2358,0,0,0,9960,0,0,0,14534,0,0,1,48286,0,0,0,2338,0,0,0,15690,0,0
1,19557436,rs755215386,G,A,"gnomAD Exomes,gnomAD Genomes",PASS,PASS,p.Arg656Trp,p.Arg656Trp,c.1966C>T,missense_variant,,8,120238,0.00006653470616610389,0,0,0,9738,0,0,2,17348,0,0,0,2358,0,0,0,9962,0,0,0,14528,0,0,5,48280,0,0,0,2338,0,0,1,15686,0,0
1,19557436,rs755215386,G,C,gnomAD Exomes,PASS,NA,p.Arg656Gly,p.Arg656Gly,c.1966C>G,missense_variant,,1,109368,0.000009143442323165825,0,0,0,7164,0,0,0,17102,0,0,0,2320,0,0,0,9046,0,0,1,13368,0,0,0,42768,0,0,0,1914,0,0,0,15686,0,0
1,19557453,rs778193486,G,C,gnomAD Exomes,PASS,NA,p.Thr650Arg,p.Thr650Arg,c.1949C>G,missense_variant,,1,109224,0.000009155496960375008,0,0,0,7164,0,0,0,17054,0,0,0,2318,0,0,0,9046,0,0,0,13302,0,0,1,42746,0,0,0,1910,0,0,0,15684,0,0
1,19557454,rs1249257015,T,A,gnomAD Exomes,PASS,NA,p.Thr650Ser,p.Thr650Ser,c.1948A>T,missense_variant,,1,109208,0.0000091568383268625,0,0,0,7158,0,0,0,17044,0,0,0,2316,0,0,0,9046,0,0,0,13316,0,0,1,42740,0,0,0,1910,0,0,0,15678,0,0
1,19557456,rs771528449,A,C,gnomAD Exomes,PASS,NA,p.Val649Gly,p.Val649Gly,c.1946T>G,missense_variant,,2,109152,0.000018323072412782175,0,0,0,7158,0,0,0,17010,0,0,0,2318,0,0,1,9040,0,0,0,13306,0,0,0,42732,0,0,1,1908,0,0,0,15680,0,0
1,19557459,rs548721532,T,C,gnomAD Exomes,PASS,NA,c.1945-2A>G,,c.1945-2A>G,splice_acceptor_variant,,1,108946,0.000009178859251372239,0,0,1,7156,0,0,0,16920,0,0,0,2312,0,0,0,9034,0,0,0,13292,0,0,0,42698,0,0,0,1902,0,0,0,15632,0,0
1,19557757,rs768197058,T,C,gnomAD Exomes,PASS,NA,p.Lys648Glu,p.Lys648Glu,c.1942A>G,missense_variant,,1,103856,0.000009628716684640272,0,0,0,7114,0,0,0,14264,0,0,0,2244,0,0,0,9038,0,0,0,13318,0,0,0,41926,0,0,0,1800,0,0,1,14152,0,0
1,19557762,rs1294415329,T,G,gnomAD Exomes,PASS,NA,p.Glu646Ala,p.Glu646Ala,c.1937A>C,missense_variant,,1,103970,0.000009618159084351256,0,0,1,7122,0,0,0,14294,0,0,0,2260,0,0,0,9036,0,0,0,13328,0,0,0,41972,0,0,0,1794,0,0,0,14164,0,0
1,19557772,rs776192703,T,A,gnomAD Exomes,PASS,NA,p.Ile643Leu,p.Ile643Leu,c.1927A>T,missense_variant,,3,105522,0.000028430090407687498,0,0,0,7132,0,0,3,14996,0,0,0,2278,0,0,0,9038,0,0,0,13352,0,0,0,42242,0,0,0,1836,0,0,0,14648,0,0
1,19557792,rs762676984,T,C,gnomAD Exomes,PASS,NA,p.Tyr636Cys,p.Tyr636Cys,c.1907A>G,missense_variant,,1,107882,0.000009269386922748929,0,0,0,7148,0,0,1,16242,0,0,0,2312,0,0,0,9046,0,0,0,13382,0,0,0,42550,0,0,0,1878,0,0,0,15324,0,0
1,19557798,rs774259506,T,C,gnomAD Exomes,PASS,NA,p.Gln634Arg,p.Gln634Arg,c.1901A>G,missense_variant,,1,108170,0.000009244707405010632,0,0,0,7154,0,0,0,16382,0,0,0,2316,0,0,0,9044,0,0,0,13382,0,0,1,42612,0,0,0,1896,0,0,0,15384,0,0
1,19557838,rs116784512,G,A,"gnomAD Exomes,gnomAD Genomes",PASS,PASS,p.Arg621Cys,p.Arg621Cys,c.1861C>T,missense_variant,,187,119338,0.0015669778276827164,1,0,177,9728,1,0,8,16806,0,0,0,2354,0,0,0,9960,0,0,0,14548,0,0,1,48170,0,0,1,2326,0,0,0,15446,0,0
1,19557838,rs116784512,G,C,gnomAD Exomes,PASS,NA,p.Arg621Gly,p.Arg621Gly,c.1861C>G,missense_variant,,1,108464,0.000009219648915769288,0,0,0,7158,0,0,0,16560,0,0,0,2316,0,0,0,9044,0,0,0,13386,0,0,1,42650,0,0,0,1904,0,0,0,15446,0,0
1,19557840,rs1287879247,T,A,gnomAD Exomes,PASS,NA,p.Lys620Met,p.Lys620Met,c.1859A>T,missense_variant,,1,108848,0.000009187123327943554,0,0,0,7160,0,0,0,16788,0,0,0,2318,0,0,0,9040,0,0,0,13392,0,0,1,42674,0,0,0,1906,0,0,0,15570,0,0
1,19557849,rs565316334,G,T,gnomAD Exomes,PASS,NA,p.Pro617Gln,p.Pro617Gln,c.1850C>A,missense_variant,,6,108900,0.00005509641873278237,0,0,0,7158,0,0,0,16828,0,0,0,2316,0,0,6,9040,0,0,0,13390,0,0,0,42688,0,0,0,1906,0,0,0,15574,0,0
1,19557853,rs750940846,G,A,gnomAD Exomes,PASS,NA,p.Pro616Ser,p.Pro616Ser,c.1846C>T,missense_variant,,2,108794,0.000018383366729782894,0,0,0,7156,0,0,0,16790,0,0,0,2318,0,0,0,9034,0,0,0,13386,0,0,2,42662,0,0,0,1908,0,0,0,15540,0,0
1,19557855,rs966605939,G,C,gnomAD Exomes,PASS,NA,p.Ala615Gly,p.Ala615Gly,c.1844C>G,missense_variant,,1,108766,0.0000091940496110917,0,0,0,7154,0,0,0,16762,0,0,0,2318,0,0,0,9042,0,0,0,13390,0,0,1,42666,0,0,0,1904,0,0,0,15530,0,0
1,19557863,rs754485288,A,C,gnomAD Exomes,PASS,NA,p.Ser612Arg,p.Ser612Arg,c.1836T>G,missense_variant,,1,108516,0.000009215230933687198,0,0,0,7150,0,0,0,16630,0,0,0,2318,0,0,0,9038,0,0,0,13384,0,0,1,42632,0,0,0,1904,0,0,0,15460,0,0
1,19557873,rs1214845365,C,G,gnomAD Exomes,PASS,NA,p.Gly609Ala,p.Gly609Ala,c.1826G>C,missense_variant,,1,108472,0.000009218968950512574,0,0,0,7156,0,0,1,16638,0,0,0,2320,0,0,0,9042,0,0,0,13384,0,0,0,42610,0,0,0,1900,0,0,0,15422,0,0
1,19557885,rs1252448672,T,C,gnomAD Exomes,PASS,NA,p.Asn605Ser,p.Asn605Ser,c.1814A>G,missense_variant,,1,108748,0.000009195571412807591,0,0,0,7156,0,0,0,16748,0,0,0,2320,0,0,0,9042,0,0,0,13388,0,0,0,42662,0,0,0,1906,0,0,1,15526,0,0
1,19557894,rs1379030015,T,C,gnomAD Exomes,PASS,NA,p.Tyr602Cys,p.Tyr602Cys,c.1805A>G,missense_variant,,1,108292,0.000009234292468511062,0,0,0,7144,0,0,0,16536,0,0,0,2320,0,0,0,9024,0,0,0,13382,0,0,1,42600,0,0,0,1898,0,0,0,15388,0,0
1,19557898,rs777399449,G,C,gnomAD Exomes,PASS,NA,p.Leu601Val,p.Leu601Val,c.1801C>G,missense_variant,,1,108242,0.000009238558045860202,0,0,0,7144,0,0,0,16514,0,0,0,2320,0,0,0,9018,0,0,0,13380,0,0,0,42592,0,0,0,1900,0,0,1,15374,0,0
1,19557912,rs140940082,G,A,"gnomAD Exomes,gnomAD Genomes",PASS,PASS,p.Ser596Leu,p.Ser596Leu,c.1787C>T,missense_variant,,145,119308,0.0012153418044054045,0,0,137,9712,0,0,7,16922,0,0,0,2354,0,0,0,9876,0,0,0,14544,0,0,1,48080,0,0,0,2320,0,0,0,15500,0,0
1,19559121,rs1461676071,G,C,"gnomAD Exomes,gnomAD Genomes",PASS,PASS,p.Asp593Glu,p.Asp593Glu,c.1779C>G,missense_variant,,6,120274,0.000049886093420024276,0,0,0,9738,0,0,0,17354,0,0,0,2358,0,0,0,9962,0,0,4,14556,0,0,1,48280,0,0,1,2338,0,0,0,15688,0,0
1,19559137,rs1352321030,G,A,gnomAD Exomes,PASS,NA,p.Thr588Ile,p.Thr588Ile,c.1763C>T,missense_variant,,1,109406,0.00000914026653017202,0,0,1,7164,0,0,0,17112,0,0,0,2320,0,0,0,9046,0,0,0,13392,0,0,0,42768,0,0,0,1914,0,0,0,15690,0,0
1,19559150,rs777451844,G,T,gnomAD Exomes,PASS,NA,p.Pro584Thr,p.Pro584Thr,c.1750C>A,missense_variant,,1,109408,0.000009140099444281954,0,0,0,7164,0,0,0,17112,0,0,0,2320,0,0,0,9046,0,0,0,13394,0,0,0,42768,0,0,0,1914,0,0,1,15690,0,0
1,19559152,rs748910199,T,C,gnomAD Exomes,PASS,NA,p.His583Arg,p.His583Arg,c.1748A>G,missense_variant,,1,109408,0.000009140099444281954,0,0,0,7164,0,0,0,17112,0,0,0,2320,0,0,0,9046,0,0,0,13394,0,0,1,42768,0,0,0,1914,0,0,0,15690,0,0
1,19559174,rs745594225,T,C,gnomAD Exomes,PASS,NA,p.Arg576Gly,p.Arg576Gly,c.1726A>G,missense_variant,,1,109408,0.000009140099444281954,0,0,0,7164,0,0,0,17112,0,0,0,2320,0,0,0,9046,0,0,0,13394,0,0,0,42768,0,0,0,1914,0,0,1,15690,0,0
1,19559203,rs775280752,G,A,gnomAD Exomes,PASS,NA,p.Pro566Leu,p.Pro566Leu,c.1697C>T,missense_variant,,3,109408,0.000027420298332845863,0,0,0,7164,0,0,0,17112,0,0,0,2320,0,0,0,9046,0,0,2,13394,0,0,1,42768,0,0,0,1914,0,0,0,15690,0,0
1,19559211,rs760863628,AT,A,gnomAD Exomes,PASS,NA,p.Asn563MetfsTer10,p.Asn563MetfsTer10,c.1688delA,frameshift_variant,,1,109406,0.00000914026653017202,0,0,0,7164,0,0,0,17112,0,0,0,2320,0,0,0,9046,0,0,0,13394,0,0,1,42766,0,0,0,1914,0,0,0,15690,0,0
1,19559233,rs751988757,A,G,gnomAD Exomes,PASS,NA,p.Leu556Pro,p.Leu556Pro,c.1667T>C,missense_variant,,3,109400,0.000027422303473491775,0,0,0,7164,0,0,0,17112,0,0,0,2320,0,0,0,9046,0,0,0,13394,0,0,3,42760,0,0,0,1914,0,0,0,15690,0,0
1,19559235,rs1171002164,G,C,gnomAD Exomes,PASS,NA,p.Ile555Met,p.Ile555Met,c.1665C>G,missense_variant,,1,109398,0.000009140934934825134,0,0,0,7164,0,0,0,17112,0,0,0,2320,0,0,0,9046,0,0,1,13394,0,0,0,42758,0,0,0,1914,0,0,0,15690,0,0
1,19559251,rs753299722,C,T,gnomAD Exomes,PASS,NA,p.Ser550Asn,p.Ser550Asn,c.1649G>A,missense_variant,,1,109372,0.00000914310792524595,0,0,0,7164,0,0,0,17106,0,0,0,2320,0,0,0,9046,0,0,0,13392,0,0,0,42742,0,0,1,1914,0,0,0,15688,0,0
1,19559258,rs778474763,T,C,gnomAD Exomes,PASS,NA,p.Ile548Val,p.Ile548Val,c.1642A>G,missense_variant,,4,109354,0.000036578451634142324,0,0,0,7164,0,0,3,17106,0,0,0,2320,0,0,0,9046,0,0,0,13390,0,0,0,42726,0,0,1,1912,0,0,0,15690,0,0
1,19559428,rs760060777,A,G,gnomAD Exomes,PASS,NA,c.1632+2T>C,,c.1632+2T>C,splice_donor_variant,,2,109336,0.000018292236774712813,0,0,2,7164,0,0,0,17102,0,0,0,2318,0,0,0,9046,0,0,0,13384,0,0,0,42722,0,0,0,1914,0,0,0,15686,0,0
1,19559441,rs200921330,C,T,gnomAD Exomes,PASS,NA,p.Ala541Thr,p.Ala541Thr,c.1621G>A,missense_variant,,3,109362,0.00002743183189773413,0,0,0,7164,0,0,0,17102,0,0,0,2316,0,0,3,9046,0,0,0,13394,0,0,0,42740,0,0,0,1914,0,0,0,15686,0,0
1,19559446,rs1234115482,A,G,gnomAD Exomes,PASS,NA,p.Val539Ala,p.Val539Ala,c.1616T>C,missense_variant,,1,109378,0.000009142606374225164,0,0,0,7164,0,0,0,17104,0,0,0,2318,0,0,0,9046,0,0,0,13394,0,0,1,42752,0,0,0,1914,0,0,0,15686,0,0
1,19559457,rs753353617,C,A,gnomAD Genomes,NA,PASS,p.Met535Ile,p.Met535Ile,c.1605G>T,missense_variant,,1,10884,0.00009187798603454613,0,0,0,2574,0,0,0,246,0,0,0,38,0,0,0,916,0,0,0,1162,0,0,1,5524,0,0,0,424,0,0,0,0,0,0
1,19559461,rs960142415,T,C,gnomAD Genomes,NA,PASS,p.Lys534Arg,p.Lys534Arg,c.1601A>G,missense_variant,,1,10884,0.00009187798603454613,0,0,1,2574,0,0,0,246,0,0,0,38,0,0,0,916,0,0,0,1162,0,0,0,5524,0,0,0,424,0,0,0,0,0,0
1,19559489,rs1192871067,G,C,gnomAD Exomes,PASS,NA,p.Leu525Val,p.Leu525Val,c.1573C>G,missense_variant,,2,109408,0.000018280198888563907,0,0,0,7164,0,0,0,17112,0,0,0,2320,0,0,0,9046,0,0,0,13394,0,0,2,42768,0,0,0,1914,0,0,0,15690,0,0
1,19559503,rs754977653,A,T,gnomAD Exomes,PASS,NA,p.Ile520Asn,p.Ile520Asn,c.1559T>A,missense_variant,,1,109406,0.00000914026653017202,0,0,0,7164,0,0,0,17110,0,0,0,2320,0,0,0,9046,0,0,0,13394,0,0,1,42768,0,0,0,1914,0,0,0,15690,0,0
1,19559516,rs369633672,T,G,gnomAD Exomes,PASS,NA,p.Ile516Leu,p.Ile516Leu,c.1546A>C,missense_variant,,5,109408,0.00004570049722140977,0,0,0,7164,0,0,0,17112,0,0,4,2320,0,0,0,9046,0,0,0,13394,0,0,0,42768,0,0,1,1914,0,0,0,15690,0,0
1,19559522,rs1440291720,T,C,gnomAD Exomes,PASS,NA,p.Ser514Gly,p.Ser514Gly,c.1540A>G,missense_variant,,1,109408,0.000009140099444281954,0,0,0,7164,0,0,0,17112,0,0,0,2320,0,0,0,9046,0,0,0,13394,0,0,1,42768,0,0,0,1914,0,0,0,15690,0,0
1,19559524,rs769971936,C,T,gnomAD Exomes,PASS,NA,p.Arg513Gln,p.Arg513Gln,c.1538G>A,missense_variant,,6,109408,0.000054840596665691725,0,0,0,7164,0,0,0,17112,0,0,0,2320,0,0,0,9046,0,0,0,13394,0,0,0,42768,0,0,0,1914,0,0,6,15690,0,0
1,19559525,rs969642659,G,A,gnomAD Exomes,PASS,NA,p.Arg513Trp,p.Arg513Trp,c.1537C>T,missense_variant,,1,109408,0.000009140099444281954,0,0,0,7164,0,0,0,17112,0,0,0,2320,0,0,0,9046,0,0,0,13394,0,0,1,42768,0,0,0,1914,0,0,0,15690,0,0
1,19559533,rs1351938576,C,T,gnomAD Exomes,PASS,NA,p.Arg510Gln,p.Arg510Gln,c.1529G>A,missense_variant,,2,109408,0.000018280198888563907,0,0,0,7164,0,0,0,17112,0,0,0,2320,0,0,0,9046,0,0,0,13394,0,0,2,42768,0,0,0,1914,0,0,0,15690,0,0
1,19559556,rs1253137234,GA,G,gnomAD Exomes,PASS,NA,p.Leu502ProfsTer34,p.Leu502ProfsTer34,c.1505delT,frameshift_variant,,1,109406,0.00000914026653017202,0,0,0,7164,0,0,0,17110,0,0,0,2320,0,0,0,9046,0,0,0,13394,0,0,0,42768,0,0,0,1914,0,0,1,15690,0,0
1,19559558,rs774595213,G,A,gnomAD Exomes,PASS,NA,p.Leu502Phe,p.Leu502Phe,c.1504C>T,missense_variant,,6,109404,0.000054842601733026214,0,0,0,7164,0,0,0,17110,0,0,0,2320,0,0,0,9046,0,0,0,13394,0,0,0,42768,0,0,0,1914,0,0,6,15688,0,0
1,19559564,rs1412912297,A,G,gnomAD Genomes,NA,PASS,p.Ser500Pro,p.Ser500Pro,c.1498T>C,missense_variant,,1,10878,0.00009192866335723479,0,0,0,2572,0,0,0,246,0,0,0,38,0,0,0,916,0,0,1,1162,0,0,0,5520,0,0,0,424,0,0,0,0,0,0
1,19559570,rs759830718,A,G,"gnomAD Exomes,gnomAD Genomes",PASS,PASS,p.Trp498Arg,p.Trp498Arg,c.1492T>C,missense_variant,,2,120284,0.000016627315353662998,0,0,0,9732,0,0,1,17356,0,0,0,2358,0,0,0,9962,0,0,0,14556,0,0,1,48292,0,0,0,2338,0,0,0,15690,0,0
1,19559576,rs772637593,G,A,gnomAD Exomes,PASS,NA,p.Gln496Ter,p.Gln496Ter,c.1486C>T,stop_gained,,2,109404,0.000018280867244342072,0,0,0,7164,0,0,0,17108,0,0,0,2320,0,0,0,9046,0,0,0,13394,0,0,0,42768,0,0,0,1914,0,0,2,15690,0,0
1,19559581,rs1393048063,AG,A,gnomAD Exomes,PASS,NA,p.Leu494CysfsTer42,p.Leu494CysfsTer42,c.1480delC,frameshift_variant,,1,109402,0.000009140600720279337,0,0,0,7164,0,0,0,17108,0,0,0,2320,0,0,0,9046,0,0,1,13394,0,0,0,42766,0,0,0,1914,0,0,0,15690,0,0
1,19559596,rs749905447,G,A,"gnomAD Exomes,gnomAD Genomes",PASS,PASS,p.Ser489Leu,p.Ser489Leu,c.1466C>T,missense_variant,,4,120258,0.000033261820419431554,0,0,0,9738,0,0,0,17348,0,0,0,2356,0,0,0,9962,0,0,0,14554,0,0,3,48278,0,0,0,2338,0,0,1,15684,0,0
1,19559613,rs1291863105,CA,C,gnomAD Exomes,PASS,NA,p.Met483SerfsTer3,p.Met483SerfsTer3,c.1448delT,frameshift_variant,,1,109280,0.000009150805270863836,0,0,0,7164,0,0,1,17088,0,0,0,2306,0,0,0,9046,0,0,0,13388,0,0,0,42700,0,0,0,1914,0,0,0,15674,0,0
1,19559618,rs375701698,C,G,gnomAD Genomes,NA,PASS,p.Gly482Arg,p.Gly482Arg,c.1444G>C,missense_variant,,1,10880,0.00009191176470588235,0,0,0,2574,0,0,0,246,0,0,0,38,0,0,0,916,0,0,0,1162,0,0,1,5520,0,0,0,424,0,0,0,0,0,0
1,19561635,rs769159975,C,G,gnomAD Exomes,PASS,NA,p.Gly474Ala,p.Gly474Ala,c.1421G>C,missense_variant,,1,109012,0.000009173302021795765,0,0,0,7158,0,0,0,16968,0,0,0,2304,0,0,0,9030,0,0,1,13390,0,0,0,42646,0,0,0,1892,0,0,0,15624,0,0
1,19561662,rs1258564662,GC,G,gnomAD Exomes,PASS,NA,p.Ala465HisfsTer21,p.Ala465HisfsTer21,c.1393delG,frameshift_variant,,1,109262,0.000009152312789441891,0,0,0,7156,0,0,0,17046,0,0,0,2320,0,0,1,9042,0,0,0,13386,0,0,0,42746,0,0,0,1902,0,0,0,15664,0,0
1,19561671,rs1426999879,A,AG,gnomAD Exomes,PASS,NA,p.Leu462ProfsTer47,p.Leu462ProfsTer47,c.1384dupC,frameshift_variant,,1,109294,0.000009149633099712701,0,0,1,7164,0,0,0,17064,0,0,0,2320,0,0,0,9040,0,0,0,13392,0,0,0,42748,0,0,0,1904,0,0,0,15662,0,0
1,19561685,rs1192529772,C,T,gnomAD Exomes,PASS,NA,p.Met457Ile,p.Met457Ile,c.1371G>A,missense_variant,,1,109302,0.000009148963422444237,0,0,0,7164,0,0,0,17054,0,0,0,2318,0,0,0,9040,0,0,1,13394,0,0,0,42758,0,0,0,1906,0,0,0,15668,0,0
1,19561696,rs766014351,ACAC,A,gnomAD Exomes,PASS,NA,p.Val453del,p.Val453del,c.1357_1359delGTG,inframe_deletion,,3,109024,0.000027516877017904316,0,0,0,7144,0,0,0,16954,0,0,0,2312,0,0,0,9014,0,0,2,13386,0,0,1,42692,0,0,0,1900,0,0,0,15622,0,0
1,19561702,rs759444198,C,G,"gnomAD Exomes,gnomAD Genomes",PASS,PASS,p.Val452Leu,p.Val452Leu,c.1354G>C,missense_variant,,3,120052,0.000024989171359077733,0,0,0,9730,0,0,0,17256,0,0,0,2358,0,0,3,9942,0,0,0,14552,0,0,0,48260,0,0,0,2318,0,0,0,15636,0,0
1,19561722,rs752490808,C,T,gnomAD Exomes,PASS,NA,p.Arg445His,p.Arg445His,c.1334G>A,missense_variant,,2,108770,0.000018387423002666178,0,0,0,7142,0,0,0,16840,0,0,0,2312,0,0,0,8986,0,0,0,13380,0,0,2,42652,0,0,0,1880,0,0,0,15578,0,0
1,19561723,rs578239910,G,A,gnomAD Exomes,PASS,NA,p.Arg445Cys,p.Arg445Cys,c.1333C>T,missense_variant,,12,108772,0.00011032250946934873,0,0,0,7140,0,0,0,16842,0,0,0,2308,0,0,0,8988,0,0,0,13382,0,0,0,42656,0,0,0,1882,0,0,12,15574,0,0
1,19561729,rs371025215,A,G,gnomAD Exomes,PASS,NA,p.Trp443Arg,p.Trp443Arg,c.1327T>C,missense_variant,,1,108818,0.000009189656123067874,0,0,0,7152,0,0,0,16846,0,0,0,2312,0,0,0,9008,0,0,0,13382,0,0,1,42646,0,0,0,1876,0,0,0,15596,0,0
1,19561731,rs1294219029,A,G,gnomAD Exomes,PASS,NA,p.Leu442Pro,p.Leu442Pro,c.1325T>C,missense_variant,,1,108666,0.000009202510444849355,0,0,0,7128,0,0,0,16792,0,0,0,2310,0,0,0,8982,0,0,0,13382,0,0,1,42620,0,0,0,1872,0,0,0,15580,0,0
1,19563650,rs757316887,A,T,gnomAD Exomes,PASS,NA,p.Phe432Tyr,p.Phe432Tyr,c.1295T>A,missense_variant,,1,109404,0.000009140433622171036,0,0,0,7164,0,0,0,17110,0,0,0,2320,0,0,0,9046,0,0,0,13394,0,0,1,42766,0,0,0,1914,0,0,0,15690,0,0
1,19563663,rs750456353,G,A,gnomAD Exomes,PASS,NA,p.His428Tyr,p.His428Tyr,c.1282C>T,missense_variant,,1,109400,0.000009140767824497258,0,0,0,7164,0,0,0,17112,0,0,0,2320,0,0,0,9046,0,0,0,13388,0,0,0,42766,0,0,0,1914,0,0,1,15690,0,0
1,19563677,rs780185650,A,C,gnomAD Exomes,PASS,NA,p.Val423Gly,p.Val423Gly,c.1268T>G,missense_variant,,1,109400,0.000009140767824497258,0,0,0,7164,0,0,0,17112,0,0,0,2320,0,0,0,9046,0,0,0,13386,0,0,0,42768,0,0,0,1914,0,0,1,15690,0,0
1,19563686,rs747400495,C,G,gnomAD Exomes,PASS,NA,p.Arg420Pro,p.Arg420Pro,c.1259G>C,missense_variant,,1,109398,0.000009140934934825134,0,0,0,7164,0,0,1,17112,0,0,0,2320,0,0,0,9046,0,0,0,13384,0,0,0,42768,0,0,0,1914,0,0,0,15690,0,0
1,19563686,rs747400495,C,T,gnomAD Exomes,PASS,NA,p.Arg420Gln,p.Arg420Gln,c.1259G>A,missense_variant,,1,109398,0.000009140934934825134,0,0,0,7164,0,0,0,17112,0,0,0,2320,0,0,0,9046,0,0,0,13384,0,0,1,42768,0,0,0,1914,0,0,0,15690,0,0
1,19563687,rs147189826,G,A,gnomAD Exomes,PASS,NA,p.Arg420Trp,p.Arg420Trp,c.1258C>T,missense_variant,,1,109382,0.000009142272037446746,0,0,0,7164,0,0,1,17112,0,0,0,2320,0,0,0,9046,0,0,0,13368,0,0,0,42768,0,0,0,1914,0,0,0,15690,0,0
1,19563705,rs965085610,CCTT,C,gnomAD Exomes,PASS,NA,p.Lys413del,p.Lys413del,c.1237_1239delAAG,inframe_deletion,,2,109386,0.000018283875450240432,0,0,0,7162,0,0,1,17112,0,0,0,2320,0,0,0,9046,0,0,0,13374,0,0,1,42768,0,0,0,1914,0,0,0,15690,0,0
1,19563724,rs770149788,GAT,G,gnomAD Exomes,PASS,NA,p.Ile407ProfsTer8,p.Ile407ProfsTer8,c.1219_1220delAT,frameshift_variant,,1,109326,0.000009146954978687595,0,0,0,7164,0,0,0,17112,0,0,0,2320,0,0,0,9046,0,0,0,13312,0,0,1,42768,0,0,0,1914,0,0,0,15690,0,0
1,19564512,rs751785102,C,T,gnomAD Exomes,PASS,NA,p.Arg404Gln,p.Arg404Gln,c.1211G>A,missense_variant,,3,108704,0.00002759788048277892,0,0,0,7044,0,0,0,17012,0,0,0,2294,0,0,0,9012,0,0,0,13356,0,0,0,42512,0,0,0,1904,0,0,3,15570,0,0
1,19564513,rs144713581,G,A,gnomAD Exomes,PASS,NA,p.Arg404Trp,p.Arg404Trp,c.1210C>T,missense_variant,,10,108728,0.00009197262894562578,0,0,0,7048,0,0,0,17004,0,0,0,2298,0,0,5,9008,0,0,0,13364,0,0,5,42518,0,0,0,1910,0,0,0,15578,0,0
1,19564513,rs144713581,G,C,gnomAD Exomes,PASS,NA,p.Arg404Gly,p.Arg404Gly,c.1210C>G,missense_variant,,1,108728,0.000009197262894562578,0,0,0,7048,0,0,0,17004,0,0,0,2298,0,0,0,9008,0,0,0,13364,0,0,1,42518,0,0,0,1910,0,0,0,15578,0,0
1,19564515,rs781636952,T,G,gnomAD Exomes,PASS,NA,p.Glu403Ala,p.Glu403Ala,c.1208A>C,missense_variant,,1,108950,0.000009178522257916476,0,0,0,7076,0,0,0,17036,0,0,0,2306,0,0,0,9030,0,0,0,13368,0,0,0,42616,0,0,0,1912,0,0,1,15606,0,0
1,19564521,rs146431577,C,T,"gnomAD Exomes,gnomAD Genomes",PASS,PASS,p.Arg401Gln,p.Arg401Gln,c.1202G>A,missense_variant,,128,119794,0.0010685009265906473,1,0,1,9676,0,0,1,17294,0,0,0,2340,0,0,4,9942,0,0,0,14536,0,0,4,48082,0,0,0,2334,0,0,118,15590,1,0
1,19564522,rs778418940,G,A,gnomAD Exomes,PASS,NA,p.Arg401Trp,p.Arg401Trp,c.1201C>T,missense_variant,,18,108920,0.0001652589056188028,0,0,1,7090,0,0,1,17044,0,0,0,2304,0,0,0,9008,0,0,0,13370,0,0,0,42596,0,0,0,1912,0,0,16,15596,0,0
1,19564528,rs200550982,C,T,gnomAD Exomes,PASS,NA,p.Gly399Ser,p.Gly399Ser,c.1195G>A,missense_variant,,9,109052,0.00008252943549866119,0,0,0,7112,0,0,7,17060,0,0,0,2300,0,0,0,9036,0,0,0,13384,0,0,2,42622,0,0,0,1910,0,0,0,15628,0,0
1,19564534,rs779890072,G,C,gnomAD Exomes,PASS,NA,p.Gln397Glu,p.Gln397Glu,c.1189C>G,missense_variant,,1,109152,0.000009161536206391088,0,0,0,7126,0,0,0,17064,0,0,0,2308,0,0,0,9036,0,0,0,13378,0,0,1,42684,0,0,0,1912,0,0,0,15644,0,0
1,19564537,rs200440484,C,G,"gnomAD Exomes,gnomAD Genomes",PASS,PASS,p.Glu396Gln,p.Glu396Gln,c.1186G>C,missense_variant,,21,120018,0.00017497375393690947,0,0,1,9706,0,0,1,17300,0,0,0,2346,0,0,0,9954,0,0,8,14544,0,0,11,48186,0,0,0,2336,0,0,0,15646,0,0
1,19564540,rs758815632,G,GGCT,gnomAD Exomes,PASS,NA,p.Ser394dup,p.Ser394dup,c.1180_1182dupAGC,inframe_insertion,,8,109188,0.00007326812470234824,0,0,0,7134,0,0,8,17070,0,0,0,2312,0,0,0,9038,0,0,0,13384,0,0,0,42690,0,0,0,1914,0,0,0,15646,0,0
1,19564554,rs144716849,G,A,"gnomAD Exomes,gnomAD Genomes",PASS,PASS,p.Thr390Met,p.Thr390Met,c.1169C>T,missense_variant,,158,120090,0.0013156799067366141,0,0,145,9706,0,0,6,17320,0,0,0,2348,0,0,5,9954,0,0,0,14544,0,0,1,48222,0,0,0,2338,0,0,1,15658,0,0
1,19564558,rs761451644,T,C,gnomAD Exomes,PASS,NA,p.Thr389Ala,p.Thr389Ala,c.1165A>G,missense_variant,,1,109266,0.000009151977742390131,0,0,0,7140,0,0,0,17084,0,0,0,2316,0,0,0,9044,0,0,0,13384,0,0,1,42722,0,0,0,1914,0,0,0,15662,0,0
1,19564558,rs761451644,T,A,gnomAD Exomes,PASS,NA,p.Thr389Ser,p.Thr389Ser,c.1165A>T,missense_variant,,1,109266,0.000009151977742390131,0,0,0,7140,0,0,1,17084,0,0,0,2316,0,0,0,9044,0,0,0,13384,0,0,0,42722,0,0,0,1914,0,0,0,15662,0,0
1,19564569,rs773121209,C,T,gnomAD Exomes,PASS,NA,p.Arg385Gln,p.Arg385Gln,c.1154G>A,missense_variant,,3,109314,0.000027443877270980843,0,0,0,7150,0,0,0,17092,0,0,0,2320,0,0,0,9040,0,0,0,13388,0,0,1,42744,0,0,0,1914,0,0,2,15666,0,0
1,19564570,rs763069882,G,A,gnomAD Exomes,PASS,NA,p.Arg385Trp,p.Arg385Trp,c.1153C>T,missense_variant,,1,109282,0.000009150637799454622,0,0,0,7140,0,0,0,17086,0,0,0,2318,0,0,0,9038,0,0,0,13388,0,0,1,42734,0,0,0,1914,0,0,0,15664,0,0
1,19564572,rs751544107,C,T,gnomAD Exomes,PASS,NA,p.Arg384Gln,p.Arg384Gln,c.1151G>A,missense_variant,,3,109312,0.000027444379391100703,0,0,0,7148,0,0,0,17092,0,0,0,2318,0,0,1,9044,0,0,0,13388,0,0,1,42750,0,0,0,1912,0,0,1,15660,0,0
1,19564573,rs759816328,G,A,gnomAD Exomes,PASS,NA,p.Arg384Trp,p.Arg384Trp,c.1150C>T,missense_variant,,23,109330,0.00021037226744717827,0,0,0,7150,0,0,1,17088,0,0,0,2316,0,0,0,9044,0,0,0,13390,0,0,7,42748,0,0,0,1914,0,0,15,15680,0,0
1,19564576,rs1300512622,C,T,gnomAD Exomes,PASS,NA,p.Gly383Ser,p.Gly383Ser,c.1147G>A,missense_variant,,1,109346,0.000009145281949042489,0,0,0,7152,0,0,0,17096,0,0,0,2318,0,0,0,9046,0,0,0,13390,0,0,1,42754,0,0,0,1914,0,0,0,15676,0,0
1,19564585,rs534077257,C,A,gnomAD Exomes,PASS,NA,p.Val380Leu,p.Val380Leu,c.1138G>T,missense_variant,,1,109358,0.000009144278424989484,0,0,0,7158,0,0,1,17096,0,0,0,2318,0,0,0,9046,0,0,0,13388,0,0,0,42758,0,0,0,1914,0,0,0,15680,0,0
1,19564589,rs778470143,G,T,gnomAD Exomes,PASS,NA,p.Tyr378Ter,p.Tyr378Ter,c.1134C>A,stop_gained,,1,109358,0.000009144278424989484,0,0,0,7158,0,0,0,17096,0,0,0,2316,0,0,0,9046,0,0,0,13390,0,0,1,42760,0,0,0,1914,0,0,0,15678,0,0
1,19564600,rs779642382,T,C,gnomAD Exomes,PASS,NA,p.Ile375Val,p.Ile375Val,c.1123A>G,missense_variant,,1,109360,0.0000091441111923921,0,0,0,7162,0,0,0,17096,0,0,0,2320,0,0,0,9046,0,0,0,13390,0,0,0,42762,0,0,0,1914,0,0,1,15670,0,0
1,19564608,rs558721095,G,C,gnomAD Exomes,PASS,NA,p.Thr372Ser,p.Thr372Ser,c.1115C>G,missense_variant,,1,109362,0.000009143943965911377,0,0,1,7162,0,0,0,17088,0,0,0,2320,0,0,0,9046,0,0,0,13390,0,0,0,42758,0,0,0,1914,0,0,0,15684,0,0
1,19564614,rs144675935,T,C,"gnomAD Exomes,gnomAD Genomes",PASS,PASS,p.Asn370Ser,p.Asn370Ser,c.1109A>G,missense_variant,,24,120212,0.00019964728978804112,0,0,5,9732,0,0,4,17336,0,0,0,2358,0,0,2,9962,0,0,3,14552,0,0,4,48262,0,0,0,2330,0,0,6,15680,0,0
1,19564624,rs1316576773,C,A,gnomAD Exomes,PASS,NA,p.Ala367Ser,p.Ala367Ser,c.1099G>T,missense_variant,,1,109334,0.000009146285693379919,0,0,1,7164,0,0,0,17090,0,0,0,2318,0,0,0,9044,0,0,0,13390,0,0,0,42736,0,0,0,1914,0,0,0,15678,0,0
1,19565299,rs760996624,G,C,gnomAD Exomes,PASS,NA,p.Ser360Cys,p.Ser360Cys,c.1079C>G,missense_variant,,1,109384,0.000009142104878227163,0,0,0,7164,0,0,0,17102,0,0,0,2320,0,0,0,9046,0,0,0,13390,0,0,1,42764,0,0,0,1914,0,0,0,15684,0,0
1,19565303,rs764358292,T,G,gnomAD Exomes,PASS,NA,p.Lys359Gln,p.Lys359Gln,c.1075A>C,missense_variant,,1,109388,0.000009141770578125571,0,0,0,7164,0,0,0,17102,0,0,0,2320,0,0,0,9046,0,0,0,13392,0,0,1,42764,0,0,0,1914,0,0,0,15686,0,0
1,19565308,rs201276598,G,A,"gnomAD Exomes,gnomAD Genomes",PASS,PASS,p.Ser357Leu,p.Ser357Leu,c.1070C>T,missense_variant,,4,120262,0.000033260714107531886,0,0,0,9738,0,0,1,17348,0,0,0,2358,0,0,2,9960,0,0,0,14548,0,0,0,48286,0,0,0,2338,0,0,1,15686,0,0
1,19565314,rs765834126,C,T,gnomAD Exomes,PASS,NA,p.Ser355Asn,p.Ser355Asn,c.1064G>A,missense_variant,,1,109386,0.000009141937725120216,0,0,0,7164,0,0,0,17102,0,0,0,2320,0,0,0,9046,0,0,0,13390,0,0,1,42764,0,0,0,1914,0,0,0,15686,0,0
1,19565320,rs200708107,A,G,"gnomAD Exomes,gnomAD Genomes",PASS,PASS,p.Met353Thr,p.Met353Thr,c.1058T>C,missense_variant,,115,120262,0.0009562455305915418,0,0,0,9734,0,0,2,17352,0,0,0,2358,0,0,0,9962,0,0,65,14548,0,0,44,48284,0,0,4,2338,0,0,0,15686,0,0
1,19565321,rs376686021,T,C,gnomAD Exomes,PASS,NA,p.Met353Val,p.Met353Val,c.1057A>G,missense_variant,,3,109394,0.000027423807521436277,0,0,0,7164,0,0,0,17106,0,0,0,2320,0,0,0,9046,0,0,0,13394,0,0,3,42764,0,0,0,1914,0,0,0,15686,0,0
1,19565326,rs370803621,C,G,gnomAD Exomes,PASS,NA,p.Gly351Ala,p.Gly351Ala,c.1052G>C,missense_variant,,6,109390,0.00005484962062345735,0,0,0,7164,0,0,0,17106,0,0,0,2320,0,0,0,9046,0,0,0,13394,0,0,5,42762,0,0,1,1914,0,0,0,15684,0,0
1,19565327,rs1351488256,C,T,gnomAD Exomes,PASS,NA,p.Gly351Arg,p.Gly351Arg,c.1051G>A,missense_variant,,1,109394,0.000009141269173812093,0,0,0,7164,0,0,0,17106,0,0,0,2320,0,0,0,9046,0,0,0,13394,0,0,0,42764,0,0,0,1914,0,0,1,15686,0,0
1,19565338,rs709682,C,T,"gnomAD Exomes,gnomAD Genomes",PASS,PASS,p.Ser347Asn,p.Ser347Asn,c.1040G>A,missense_variant,,16593,119914,0.1383741681538436,1350,0,2890,9718,427,0,1797,17294,93,0,132,2346,4,0,1261,9954,77,0,1183,14528,54,0,6896,48114,517,0,290,2334,18,0,2144,15626,160,0
1,19565344,rs709683,C,G,"gnomAD Exomes,gnomAD Genomes",PASS,PASS,p.Ser345Thr,p.Ser345Thr,c.1034G>C,missense_variant,,53565,119816,0.44706049275555854,13295,0,6717,9718,2320,0,9450,17272,2626,0,703,2346,107,0,7146,9948,2557,0,3719,14502,491,0,17790,48088,3353,0,898,2332,178,0,7142,15610,1663,0
1,19565349,rs199512498,C,T,gnomAD Exomes,PASS,NA,c.1027-1G>A,,c.1027-1G>A,splice_acceptor_variant,"lc_lof,lof_flag",3,109292,0.000027449401603045054,0,0,0,7162,0,0,0,17050,0,0,0,2318,0,0,3,9044,0,0,0,13392,0,0,0,42752,0,0,0,1912,0,0,0,15662,0,0
1,19565352,rs747574162,CTA,C,gnomAD Exomes,PASS,NA,c.1027-3_1027-2delTA,,c.1027-3_1027-2delTA,splice_acceptor_variant,lc_lof,1,109258,0.000009152647861026195,0,0,0,7160,0,0,0,17034,0,0,0,2318,0,0,0,9044,0,0,0,13390,0,0,1,42748,0,0,0,1912,0,0,0,15652,0,0
1,19565721,rs772945847,TCAC,T,"gnomAD Exomes,gnomAD Genomes",PASS,PASS,c.1026+1_1026+3delGTG,,c.1026+1_1026+3delGTG,splice_donor_variant,,4,120286,0.00003325407778128793,0,0,0,9736,0,0,0,17356,0,0,0,2358,0,0,2,9962,0,0,0,14556,0,0,0,48290,0,0,0,2338,0,0,2,15690,0,0
1,19565730,rs144915432,C,T,gnomAD Exomes,PASS,NA,p.Glu341Lys,p.Glu341Lys,c.1021G>A,missense_variant,,1,109408,0.000009140099444281954,0,0,0,7164,0,0,0,17112,0,0,0,2320,0,0,0,9046,0,0,0,13394,0,0,1,42768,0,0,0,1914,0,0,0,15690,0,0
1,19565735,rs756078343,C,T,gnomAD Exomes,PASS,NA,p.Arg339Gln,p.Arg339Gln,c.1016G>A,missense_variant,,1,109408,0.000009140099444281954,0,0,1,7164,0,0,0,17112,0,0,0,2320,0,0,0,9046,0,0,0,13394,0,0,0,42768,0,0,0,1914,0,0,0,15690,0,0
1,19565736,rs540043483,G,A,"gnomAD Exomes,gnomAD Genomes",PASS,PASS,p.Arg339Trp,p.Arg339Trp,c.1015C>T,missense_variant,,12,120284,0.00009976389212197799,0,0,3,9738,0,0,0,17358,0,0,0,2358,0,0,0,9960,0,0,0,14556,0,0,9,48286,0,0,0,2338,0,0,0,15690,0,0
1,19565738,rs942233294,C,A,gnomAD Exomes,PASS,NA,p.Cys338Phe,p.Cys338Phe,c.1013G>T,missense_variant,,1,109406,0.00000914026653017202,0,0,0,7164,0,0,0,17112,0,0,0,2320,0,0,0,9046,0,0,0,13394,0,0,1,42768,0,0,0,1914,0,0,0,15688,0,0
1,19565744,rs752271563,A,G,"gnomAD Exomes,gnomAD Genomes",PASS,PASS,p.Met336Thr,p.Met336Thr,c.1007T>C,missense_variant,,4,120286,0.00003325407778128793,0,0,0,9738,0,0,0,17358,0,0,0,2358,0,0,0,9960,0,0,0,14556,0,0,3,48288,0,0,0,2338,0,0,1,15690,0,0
1,19565757,rs763783278,C,T,gnomAD Exomes,PASS,NA,p.Val332Met,p.Val332Met,c.994G>A,missense_variant,,5,109408,0.00004570049722140977,0,0,0,7164,0,0,0,17112,0,0,0,2320,0,0,0,9046,0,0,0,13394,0,0,5,42768,0,0,0,1914,0,0,0,15690,0,0
1,19565759,rs753453945,G,A,gnomAD Exomes,PASS,NA,p.Thr331Met,p.Thr331Met,c.992C>T,missense_variant,,2,109404,0.000018280867244342072,0,0,0,7164,0,0,0,17108,0,0,0,2320,0,0,0,9046,0,0,0,13394,0,0,1,42768,0,0,1,1914,0,0,0,15690,0,0
1,19565766,rs756891752,C,A,gnomAD Exomes,PASS,NA,p.Glu329Ter,p.Glu329Ter,c.985G>T,stop_gained,,1,109408,0.000009140099444281954,0,0,0,7164,0,0,0,17112,0,0,0,2320,0,0,0,9046,0,0,0,13394,0,0,1,42768,0,0,0,1914,0,0,0,15690,0,0
1,19565766,rs756891752,C,T,gnomAD Exomes,PASS,NA,p.Glu329Lys,p.Glu329Lys,c.985G>A,missense_variant,,1,109408,0.000009140099444281954,0,0,0,7164,0,0,0,17112,0,0,0,2320,0,0,0,9046,0,0,0,13394,0,0,1,42768,0,0,0,1914,0,0,0,15690,0,0
1,19565768,rs370270516,C,A,gnomAD Exomes,PASS,NA,p.Gly328Val,p.Gly328Val,c.983G>T,missense_variant,,1,109408,0.000009140099444281954,0,0,0,7164,0,0,0,17112,0,0,0,2320,0,0,0,9046,0,0,0,13394,0,0,1,42768,0,0,0,1914,0,0,0,15690,0,0
1,19565771,rs558044673,G,C,"gnomAD Exomes,gnomAD Genomes",PASS,PASS,p.Thr327Ser,p.Thr327Ser,c.980C>G,missense_variant,,11,120286,0.00009144871389854181,0,0,0,9738,0,0,0,17358,0,0,1,2358,0,0,10,9962,0,0,0,14556,0,0,0,48286,0,0,0,2338,0,0,0,15690,0,0
1,19565778,rs1303125610,C,T,gnomAD Exomes,PASS,NA,p.Ala325Thr,p.Ala325Thr,c.973G>A,missense_variant,,2,109408,0.000018280198888563907,0,0,0,7164,0,0,0,17112,0,0,0,2320,0,0,0,9046,0,0,0,13394,0,0,0,42768,0,0,0,1914,0,0,2,15690,0,0
1,19566311,rs750255505,C,T,gnomAD Exomes,PASS,NA,c.954+1G>A,,c.954+1G>A,splice_donor_variant,,1,109322,0.000009147289658074313,0,0,0,7164,0,0,0,17062,0,0,0,2318,0,0,1,9038,0,0,0,13392,0,0,0,42756,0,0,0,1912,0,0,0,15680,0,0
1,19566317,rs758203116,G,A,gnomAD Exomes,PASS,NA,p.Pro317Ser,p.Pro317Ser,c.949C>T,missense_variant,,1,109310,0.000009148293843198244,0,0,0,7164,0,0,0,17052,0,0,0,2320,0,0,1,9044,0,0,0,13390,0,0,0,42754,0,0,0,1906,0,0,0,15680,0,0
1,19566331,rs969270384,A,G,gnomAD Exomes,PASS,NA,p.Leu312Ser,p.Leu312Ser,c.935T>C,missense_variant,,1,109302,0.000009148963422444237,0,0,0,7164,0,0,0,17052,0,0,0,2320,0,0,0,9046,0,0,0,13392,0,0,1,42746,0,0,0,1912,0,0,0,15670,0,0
1,19566337,rs781444228,A,G,gnomAD Exomes,PASS,NA,p.Leu310Pro,p.Leu310Pro,c.929T>C,missense_variant,,2,109260,0.000018304960644334614,0,0,0,7160,0,0,0,17022,0,0,0,2320,0,0,0,9042,0,0,0,13392,0,0,2,42748,0,0,0,1912,0,0,0,15664,0,0
1,19566340,rs35951065,G,A,"gnomAD Exomes,gnomAD Genomes",PASS,PASS,p.Thr309Met,p.Thr309Met,c.926C>T,missense_variant,,880,120118,0.007326129306182254,15,0,483,9732,13,0,60,17254,0,0,0,2358,0,0,5,9960,0,0,1,14554,0,0,26,48258,0,0,6,2334,0,0,299,15668,2,0
1,19566349,rs372581182,T,C,gnomAD Exomes,PASS,NA,p.His306Arg,p.His306Arg,c.917A>G,missense_variant,,2,109318,0.0000182952487239064,0,0,0,7160,0,0,1,17054,0,0,0,2320,0,0,0,9046,0,0,0,13392,0,0,1,42750,0,0,0,1914,0,0,0,15682,0,0
1,19566354,rs537594873,C,A,gnomAD Exomes,PASS,NA,p.Gln304His,p.Gln304His,c.912G>T,missense_variant,,5,109348,0.00004572557339869042,0,0,0,7162,0,0,0,17074,0,0,1,2320,0,0,0,9046,0,0,0,13392,0,0,4,42758,0,0,0,1914,0,0,0,15682,0,0
1,19566355,rs1409427402,T,C,gnomAD Exomes,PASS,NA,p.Gln304Arg,p.Gln304Arg,c.911A>G,missense_variant,,1,109348,0.000009145114679738084,0,0,0,7160,0,0,0,17074,0,0,0,2320,0,0,0,9046,0,0,0,13392,0,0,1,42754,0,0,0,1914,0,0,0,15688,0,0
1,19566376,rs760055012,G,T,gnomAD Exomes,PASS,NA,p.Pro297Gln,p.Pro297Gln,c.890C>A,missense_variant,,38,108390,0.0003505858474028969,0,0,2,7010,0,0,2,16940,0,0,0,2310,0,0,16,8834,0,0,3,13290,0,0,13,42438,0,0,1,1894,0,0,1,15674,0,0
1,19566382,rs3850531,A,G,"gnomAD Exomes,gnomAD Genomes",PASS,PASS,p.Leu295Ser,p.Leu295Ser,c.884T>C,missense_variant,mnv,1764,120238,0.014670902709625908,42,0,1,9734,0,0,559,17338,11,0,0,2358,0,0,698,9954,20,0,21,14556,0,0,15,48278,0,0,28,2336,0,0,442,15684,11,0
1,19566385,rs772900959,T,G,gnomAD Exomes,PASS,NA,p.His294Pro,p.His294Pro,c.881A>C,missense_variant,,3,109366,0.000027430828593895726,0,0,0,7158,0,0,3,17096,0,0,0,2320,0,0,0,9044,0,0,0,13392,0,0,0,42754,0,0,0,1914,0,0,0,15688,0,0
1,19566388,rs767324448,AG,A,gnomAD Exomes,PASS,NA,p.Leu293CysfsTer18,p.Leu293CysfsTer18,c.877delC,frameshift_variant,,3,109382,0.00002742681611234024,0,0,0,7160,0,0,0,17098,0,0,0,2320,0,0,0,9046,0,0,0,13394,0,0,3,42760,0,0,0,1914,0,0,0,15690,0,0
1,19566403,rs766309539,C,T,gnomAD Genomes,NA,PASS,p.Arg288Gln,p.Arg288Gln,c.863G>A,missense_variant,,1,10870,0.0000919963201471941,0,0,1,2572,0,0,0,246,0,0,0,38,0,0,0,916,0,0,0,1162,0,0,0,5512,0,0,0,424,0,0,0,0,0,0
1,19566404,rs751352541,G,A,gnomAD Exomes,PASS,NA,p.Arg288Trp,p.Arg288Trp,c.862C>T,missense_variant,,1,109374,0.000009142940735458154,0,0,0,7160,0,0,0,17098,0,0,0,2320,0,0,0,9046,0,0,0,13392,0,0,0,42760,0,0,0,1914,0,0,1,15684,0,0
1,19566415,rs756195926,A,G,gnomAD Exomes,PASS,NA,p.Val284Ala,p.Val284Ala,c.851T>C,missense_variant,,1,109386,0.000009141937725120216,0,0,0,7164,0,0,0,17096,0,0,0,2320,0,0,0,9046,0,0,0,13394,0,0,1,42764,0,0,0,1914,0,0,0,15688,0,0
1,19566416,rs771525883,C,T,gnomAD Exomes,PASS,NA,p.Val284Met,p.Val284Met,c.850G>A,missense_variant,,1,109370,0.000009143275121148396,0,0,0,7164,0,0,0,17084,0,0,0,2320,0,0,0,9046,0,0,0,13394,0,0,1,42760,0,0,0,1914,0,0,0,15688,0,0
1,19566416,rs771525883,C,A,gnomAD Exomes,PASS,NA,p.Val284Leu,p.Val284Leu,c.850G>T,missense_variant,,3,109370,0.000027429825363445186,0,0,0,7164,0,0,0,17084,0,0,0,2320,0,0,0,9046,0,0,0,13394,0,0,3,42760,0,0,0,1914,0,0,0,15688,0,0
1,19566421,rs749555107,T,C,gnomAD Exomes,PASS,NA,p.Asn282Ser,p.Asn282Ser,c.845A>G,missense_variant,,2,109374,0.000018285881470916307,0,0,0,7164,0,0,2,17088,0,0,0,2320,0,0,0,9044,0,0,0,13394,0,0,0,42764,0,0,0,1912,0,0,0,15688,0,0
1,19566428,rs757418286,G,A,gnomAD Exomes,PASS,NA,p.Gln280Ter,p.Gln280Ter,c.838C>T,stop_gained,,1,109332,0.000009146453005524458,0,0,0,7164,0,0,0,17056,0,0,0,2318,0,0,0,9044,0,0,0,13394,0,0,1,42762,0,0,0,1912,0,0,0,15682,0,0
1,19566442,rs374425694,C,T,"gnomAD Exomes,gnomAD Genomes",PASS,PASS,p.Arg275Gln,p.Arg275Gln,c.824G>A,missense_variant,,79,120098,0.000657796133157921,1,0,4,9734,0,0,0,17250,0,0,0,2358,0,0,0,9950,0,0,0,14554,0,0,1,48250,0,0,2,2334,0,0,72,15668,1,0
1,19566443,rs149183157,G,A,gnomAD Exomes,PASS,NA,p.Arg275Trp,p.Arg275Trp,c.823C>T,missense_variant,,2,109188,0.00001831703117558706,0,0,0,7164,0,0,0,16962,0,0,0,2320,0,0,0,9042,0,0,0,13386,0,0,2,42740,0,0,0,1912,0,0,0,15662,0,0
1,19566446,rs772631363,G,A,"gnomAD Exomes,gnomAD Genomes",PASS,PASS,p.Pro274Ser,p.Pro274Ser,c.820C>T,missense_variant,,2,119850,0.00001668752607425949,0,0,0,9736,0,0,1,17080,0,0,0,2356,0,0,1,9954,0,0,0,14548,0,0,0,48238,0,0,0,2334,0,0,0,15604,0,0
1,19566469,rs1277233450,A,C,"gnomAD Exomes,gnomAD Genomes",PASS,PASS,p.Leu266Ter,p.Leu266Ter,c.797T>G,stop_gained,,2,119934,0.000016675838377774442,0,0,0,9732,0,0,1,17160,0,0,0,2354,0,0,0,9958,0,0,0,14546,0,0,1,48220,0,0,0,2332,0,0,0,15632,0,0
1,19566473,rs1439129239,C,T,gnomAD Exomes,PASS,NA,p.Asp265Asn,p.Asp265Asn,c.793G>A,missense_variant,,1,108938,0.000009179533312526392,0,0,0,7156,0,0,0,16866,0,0,0,2314,0,0,0,9036,0,0,0,13384,0,0,1,42664,0,0,0,1906,0,0,0,15612,0,0
1,19566476,rs1236371581,G,A,gnomAD Exomes,PASS,NA,p.Leu264Phe,p.Leu264Phe,c.790C>T,missense_variant,,1,108960,0.000009177679882525697,0,0,1,7150,0,0,0,16860,0,0,0,2318,0,0,0,9034,0,0,0,13386,0,0,0,42686,0,0,0,1904,0,0,0,15622,0,0
1,19566480,rs772560574,C,G,gnomAD Exomes,PASS,NA,c.787-1G>C,,c.787-1G>C,splice_acceptor_variant,,2,108852,0.000018373571454819386,0,0,0,7140,0,0,0,16846,0,0,0,2312,0,0,0,9036,0,0,0,13378,0,0,2,42628,0,0,0,1906,0,0,0,15606,0,0
1,19566799,rs1156953877,G,C,gnomAD Exomes,PASS,NA,p.Pro260Ala,p.Pro260Ala,c.778C>G,missense_variant,,2,109402,0.000018281201440558675,0,0,0,7164,0,0,0,17110,0,0,0,2318,0,0,2,9046,0,0,0,13392,0,0,0,42768,0,0,0,1914,0,0,0,15690,0,0
1,19566822,rs558157154,G,A,"gnomAD Exomes,gnomAD Genomes",PASS,PASS,p.Thr252Met,p.Thr252Met,c.755C>T,missense_variant,,3,120280,0.00002494180246092451,0,0,1,9734,0,0,1,17356,0,0,0,2358,0,0,0,9960,0,0,0,14554,0,0,1,48290,0,0,0,2338,0,0,0,15690,0,0
1,19566822,rs558157154,G,C,gnomAD Exomes,PASS,NA,p.Thr252Arg,p.Thr252Arg,c.755C>G,missense_variant,,2,109406,0.00001828053306034404,0,0,0,7164,0,0,2,17110,0,0,0,2320,0,0,0,9046,0,0,0,13394,0,0,0,42768,0,0,0,1914,0,0,0,15690,0,0
1,19566839,rs1224971006,T,G,gnomAD Exomes,PASS,NA,p.Gln246His,p.Gln246His,c.738A>C,missense_variant,,1,109406,0.00000914026653017202,0,0,0,7164,0,0,0,17110,0,0,0,2320,0,0,0,9046,0,0,0,13394,0,0,0,42768,0,0,1,1914,0,0,0,15690,0,0
1,19566840,rs200901424,T,G,"gnomAD Exomes,gnomAD Genomes",PASS,PASS,p.Gln246Pro,p.Gln246Pro,c.737A>C,missense_variant,,2,120284,0.000016627315353662998,0,0,0,9738,0,0,0,17358,0,0,0,2358,0,0,0,9962,0,0,0,14556,0,0,2,48284,0,0,0,2338,0,0,0,15690,0,0
1,19566844,rs753983035,G,A,gnomAD Exomes,PASS,NA,p.Leu245Phe,p.Leu245Phe,c.733C>T,missense_variant,,1,109408,0.000009140099444281954,0,0,0,7164,0,0,0,17112,0,0,0,2320,0,0,0,9046,0,0,0,13394,0,0,0,42768,0,0,0,1914,0,0,1,15690,0,0
1,19566849,rs761865628,C,T,gnomAD Exomes,PASS,NA,p.Arg243His,p.Arg243His,c.728G>A,missense_variant,,4,109406,0.00003656106612068808,0,0,0,7164,0,0,0,17112,0,0,0,2320,0,0,0,9046,0,0,0,13394,0,0,3,42766,0,0,0,1914,0,0,1,15690,0,0
1,19566855,rs765495786,C,T,gnomAD Exomes,PASS,NA,p.Ser241Asn,p.Ser241Asn,c.722G>A,missense_variant,,1,109406,0.00000914026653017202,0,0,0,7164,0,0,1,17112,0,0,0,2320,0,0,0,9046,0,0,0,13394,0,0,0,42766,0,0,0,1914,0,0,0,15690,0,0
1,19566858,rs141614470,G,A,"gnomAD Exomes,gnomAD Genomes",PASS,PASS,p.Pro240Leu,p.Pro240Leu,c.719C>T,missense_variant,,268,120286,0.002228023211346291,4,0,142,9734,2,0,75,17358,2,0,0,2358,0,0,0,9962,0,0,0,14554,0,0,33,48292,0,0,16,2338,0,0,2,15690,0,0
1,19566860,rs41302030,G,C,"gnomAD Exomes,gnomAD Genomes",PASS,PASS,p.Asp239Glu,p.Asp239Glu,c.717C>G,missense_variant,,17,120292,0.00014132278123233464,0,0,2,9738,0,0,0,17358,0,0,0,2358,0,0,0,9962,0,0,1,14556,0,0,13,48292,0,0,1,2338,0,0,0,15690,0,0
1,19566864,rs199964251,G,A,"gnomAD Exomes,gnomAD Genomes",PASS,PASS,p.Pro238Leu,p.Pro238Leu,c.713C>T,missense_variant,,2,120290,0.00001662648599218555,0,0,0,9738,0,0,0,17358,0,0,0,2358,0,0,0,9962,0,0,0,14556,0,0,2,48290,0,0,0,2338,0,0,0,15690,0,0
1,19566865,rs755514370,G,A,gnomAD Exomes,PASS,NA,p.Pro238Ser,p.Pro238Ser,c.712C>T,missense_variant,,1,109408,0.000009140099444281954,0,0,0,7164,0,0,1,17112,0,0,0,2320,0,0,0,9046,0,0,0,13394,0,0,0,42768,0,0,0,1914,0,0,0,15690,0,0
1,19566885,rs571944461,T,C,"gnomAD Exomes,gnomAD Genomes",PASS,PASS,p.Asp231Gly,p.Asp231Gly,c.692A>G,missense_variant,,27,120286,0.00022446502502369354,0,0,0,9734,0,0,0,17358,0,0,0,2358,0,0,27,9962,0,0,0,14556,0,0,0,48292,0,0,0,2336,0,0,0,15690,0,0
1,19566891,rs1324543210,A,G,gnomAD Exomes,PASS,NA,p.Val229Ala,p.Val229Ala,c.686T>C,missense_variant,,1,109408,0.000009140099444281954,0,0,1,7164,0,0,0,17112,0,0,0,2320,0,0,0,9046,0,0,0,13394,0,0,0,42768,0,0,0,1914,0,0,0,15690,0,0
1,19566895,rs367574801,C,T,gnomAD Exomes,PASS,NA,p.Gly228Ser,p.Gly228Ser,c.682G>A,missense_variant,,4,109408,0.000036560397777127814,0,0,3,7164,0,0,1,17112,0,0,0,2320,0,0,0,9046,0,0,0,13394,0,0,0,42768,0,0,0,1914,0,0,0,15690,0,0
1,19566906,rs1280801312,G,C,gnomAD Exomes,PASS,NA,p.Ser224Cys,p.Ser224Cys,c.671C>G,missense_variant,,1,109408,0.000009140099444281954,0,0,0,7164,0,0,0,17112,0,0,0,2320,0,0,0,9046,0,0,0,13394,0,0,1,42768,0,0,0,1914,0,0,0,15690,0,0
1,19566916,rs1290319110,G,A,gnomAD Exomes,PASS,NA,p.Gln221Ter,p.Gln221Ter,c.661C>T,stop_gained,,1,109406,0.00000914026653017202,0,0,0,7164,0,0,0,17110,0,0,0,2320,0,0,0,9046,0,0,0,13394,0,0,0,42768,0,0,1,1914,0,0,0,15690,0,0
1,19566924,rs766355680,G,T,gnomAD Exomes,PASS,NA,p.Pro218Gln,p.Pro218Gln,c.653C>A,missense_variant,,1,109406,0.00000914026653017202,0,0,1,7164,0,0,0,17112,0,0,0,2320,0,0,0,9046,0,0,0,13392,0,0,0,42768,0,0,0,1914,0,0,0,15690,0,0
1,19566928,rs750457976,T,A,gnomAD Exomes,PASS,NA,p.Thr217Ser,p.Thr217Ser,c.649A>T,missense_variant,,1,109404,0.000009140433622171036,0,0,0,7164,0,0,0,17110,0,0,0,2320,0,0,0,9046,0,0,0,13392,0,0,0,42768,0,0,0,1914,0,0,1,15690,0,0
1,19567521,rs776372701,T,C,gnomAD Exomes,PASS,NA,p.Ile209Val,p.Ile209Val,c.625A>G,missense_variant,,1,109402,0.000009140600720279337,0,0,0,7164,0,0,0,17108,0,0,0,2320,0,0,0,9046,0,0,0,13394,0,0,1,42766,0,0,0,1914,0,0,0,15690,0,0
1,19567521,rs776372701,T,G,gnomAD Genomes,NA,PASS,p.Ile209Leu,p.Ile209Leu,c.625A>C,missense_variant,,1,10874,0.00009196247930844215,0,0,0,2574,0,0,0,246,0,0,0,38,0,0,0,914,0,0,0,1162,0,0,1,5518,0,0,0,422,0,0,0,0,0,0
1,19567529,rs748111037,T,C,gnomAD Exomes,PASS,NA,p.Asp206Gly,p.Asp206Gly,c.617A>G,missense_variant,,1,109406,0.00000914026653017202,0,0,0,7164,0,0,0,17110,0,0,0,2320,0,0,0,9046,0,0,0,13394,0,0,1,42768,0,0,0,1914,0,0,0,15690,0,0
1,19567544,rs201268650,T,C,gnomAD Exomes,PASS,NA,p.Lys201Arg,p.Lys201Arg,c.602A>G,missense_variant,,2,109408,0.000018280198888563907,0,0,0,7164,0,0,1,17112,0,0,0,2320,0,0,0,9046,0,0,0,13394,0,0,1,42768,0,0,0,1914,0,0,0,15690,0,0
1,19567548,rs766683974,C,T,gnomAD Exomes,PASS,NA,p.Val200Ile,p.Val200Ile,c.598G>A,missense_variant,,1,109408,0.000009140099444281954,0,0,0,7164,0,0,0,17112,0,0,0,2320,0,0,0,9046,0,0,0,13394,0,0,1,42768,0,0,0,1914,0,0,0,15690,0,0
1,19567551,rs1384834925,T,C,gnomAD Exomes,PASS,NA,p.Ile199Val,p.Ile199Val,c.595A>G,missense_variant,,2,109408,0.000018280198888563907,0,0,0,7164,0,0,0,17112,0,0,0,2320,0,0,0,9046,0,0,0,13394,0,0,2,42768,0,0,0,1914,0,0,0,15690,0,0
1,19567562,rs759762786,C,G,gnomAD Exomes,PASS,NA,p.Ser195Thr,p.Ser195Thr,c.584G>C,missense_variant,,1,109408,0.000009140099444281954,0,0,0,7164,0,0,0,17112,0,0,0,2320,0,0,0,9046,0,0,0,13394,0,0,0,42768,0,0,0,1914,0,0,1,15690,0,0
1,19567569,rs571872104,G,C,"gnomAD Exomes,gnomAD Genomes",PASS,PASS,p.Pro193Ala,p.Pro193Ala,c.577C>G,missense_variant,,3,120258,0.000024946365314573667,0,0,1,9734,0,0,1,17354,0,0,0,2358,0,0,0,9960,0,0,0,14554,0,0,0,48270,0,0,1,2338,0,0,0,15690,0,0
1,19567578,rs753052916,C,T,gnomAD Exomes,PASS,NA,p.Gly190Arg,p.Gly190Arg,c.568G>A,missense_variant,,1,109408,0.000009140099444281954,0,0,0,7164,0,0,0,17112,0,0,0,2320,0,0,0,9046,0,0,0,13394,0,0,0,42768,0,0,0,1914,0,0,1,15690,0,0
1,19567589,rs779798942,A,G,gnomAD Exomes,PASS,NA,p.Val186Ala,p.Val186Ala,c.557T>C,missense_variant,,1,109408,0.000009140099444281954,0,0,0,7164,0,0,0,17112,0,0,0,2320,0,0,0,9046,0,0,0,13394,0,0,1,42768,0,0,0,1914,0,0,0,15690,0,0
1,19567602,rs201096584,C,T,gnomAD Exomes,PASS,NA,p.Gly182Ser,p.Gly182Ser,c.544G>A,missense_variant,,2,109406,0.00001828053306034404,0,0,0,7164,0,0,1,17110,0,0,0,2320,0,0,0,9046,0,0,0,13394,0,0,1,42768,0,0,0,1914,0,0,0,15690,0,0
1,19567603,rs780981932,G,GT,gnomAD Exomes,PASS,NA,p.Tyr181Ter,p.Tyr181Ter,c.542dupA,stop_gained,,1,109402,0.000009140600720279337,0,0,0,7164,0,0,1,17108,0,0,0,2320,0,0,0,9046,0,0,0,13394,0,0,0,42768,0,0,0,1914,0,0,0,15688,0,0
1,19567607,rs747871687,G,A,gnomAD Exomes,PASS,NA,p.Ser180Phe,p.Ser180Phe,c.539C>T,missense_variant,,9,109404,0.00008226390259953932,0,0,0,7164,0,0,0,17108,0,0,0,2320,0,0,0,9046,0,0,0,13394,0,0,0,42768,0,0,0,1914,0,0,9,15690,0,0
1,19567610,rs557709698,T,C,gnomAD Exomes,PASS,NA,p.Tyr179Cys,p.Tyr179Cys,c.536A>G,missense_variant,,1,109406,0.00000914026653017202,0,0,1,7164,0,0,0,17112,0,0,0,2320,0,0,0,9046,0,0,0,13394,0,0,0,42766,0,0,0,1914,0,0,0,15690,0,0
1,19567614,rs1407744423,C,T,gnomAD Exomes,PASS,NA,p.Val178Met,p.Val178Met,c.532G>A,missense_variant,,1,109404,0.000009140433622171036,0,0,0,7164,0,0,0,17112,0,0,0,2320,0,0,0,9044,0,0,0,13394,0,0,1,42768,0,0,0,1914,0,0,0,15688,0,0
1,19567615,rs773011767,C,T,gnomAD Exomes,PASS,NA,p.Met177Ile,p.Met177Ile,c.531G>A,missense_variant,,5,109400,0.00004570383912248629,0,0,0,7160,0,0,0,17112,0,0,0,2320,0,0,5,9044,0,0,0,13394,0,0,0,42768,0,0,0,1914,0,0,0,15688,0,0
1,19567616,rs749436505,A,G,gnomAD Exomes,PASS,NA,p.Met177Thr,p.Met177Thr,c.530T>C,missense_variant,,13,109358,0.0001188756195248633,0,0,0,7164,0,0,0,17090,0,0,0,2320,0,0,0,9044,0,0,0,13394,0,0,2,42762,0,0,0,1914,0,0,11,15670,0,0
1,19567629,rs1390310352,T,C,gnomAD Genomes,NA,PASS,p.Ile173Val,p.Ile173Val,c.517A>G,missense_variant,,1,10878,0.00009192866335723479,0,0,1,2572,0,0,0,246,0,0,0,38,0,0,0,916,0,0,0,1162,0,0,0,5522,0,0,0,422,0,0,0,0,0,0
1,19568858,rs762244697,C,T,gnomAD Exomes,PASS,NA,p.Val164Met,p.Val164Met,c.490G>A,missense_variant,,1,109408,0.000009140099444281954,0,0,0,7164,0,0,0,17112,0,0,0,2320,0,0,0,9046,0,0,0,13394,0,0,1,42768,0,0,0,1914,0,0,0,15690,0,0
1,19568861,rs1481879532,A,C,gnomAD Exomes,PASS,NA,p.Trp163Gly,p.Trp163Gly,c.487T>G,missense_variant,,1,109408,0.000009140099444281954,0,0,0,7164,0,0,0,17112,0,0,0,2320,0,0,0,9046,0,0,0,13394,0,0,0,42768,0,0,0,1914,0,0,1,15690,0,0
1,19568882,rs767208236,G,C,gnomAD Exomes,PASS,NA,p.Leu156Val,p.Leu156Val,c.466C>G,missense_variant,,3,109408,0.000027420298332845863,0,0,0,7164,0,0,0,17112,0,0,0,2320,0,0,0,9046,0,0,2,13394,0,0,1,42768,0,0,0,1914,0,0,0,15690,0,0
1,19568884,rs752316981,T,A,gnomAD Exomes,PASS,NA,p.His155Leu,p.His155Leu,c.464A>T,missense_variant,,1,109408,0.000009140099444281954,0,0,0,7164,0,0,0,17112,0,0,0,2320,0,0,0,9046,0,0,0,13394,0,0,1,42768,0,0,0,1914,0,0,0,15690,0,0
1,19568891,rs563725300,G,A,gnomAD Exomes,PASS,NA,p.Leu153Phe,p.Leu153Phe,c.457C>T,missense_variant,,1,109406,0.00000914026653017202,0,0,0,7164,0,0,0,17112,0,0,0,2320,0,0,0,9046,0,0,0,13392,0,0,0,42768,0,0,0,1914,0,0,1,15690,0,0
1,19568893,rs147106433,G,A,gnomAD Exomes,PASS,NA,p.Ala152Val,p.Ala152Val,c.455C>T,missense_variant,,1,109408,0.000009140099444281954,0,0,0,7164,0,0,0,17112,0,0,0,2320,0,0,0,9046,0,0,0,13394,0,0,0,42768,0,0,1,1914,0,0,0,15690,0,0
1,19568902,rs142661057,G,T,gnomAD Genomes,NA,PASS,p.Thr149Asn,p.Thr149Asn,c.446C>A,missense_variant,,1,10872,0.0000919793966151582,0,0,1,2568,0,0,0,246,0,0,0,38,0,0,0,914,0,0,0,1162,0,0,0,5520,0,0,0,424,0,0,0,0,0,0
1,19568911,rs747259745,A,G,gnomAD Exomes,PASS,NA,p.Leu146Pro,p.Leu146Pro,c.437T>C,missense_variant,,1,109408,0.000009140099444281954,0,0,0,7164,0,0,0,17112,0,0,0,2320,0,0,0,9046,0,0,0,13394,0,0,0,42768,0,0,0,1914,0,0,1,15690,0,0
1,19568922,rs370952454,G,T,gnomAD Exomes,PASS,NA,p.Tyr142Ter,p.Tyr142Ter,c.426C>A,stop_gained,,1,109408,0.000009140099444281954,0,0,0,7164,0,0,0,17112,0,0,0,2320,0,0,0,9046,0,0,0,13394,0,0,1,42768,0,0,0,1914,0,0,0,15690,0,0
1,19568923,rs148311067,T,C,"gnomAD Exomes,gnomAD Genomes",PASS,PASS,p.Tyr142Cys,p.Tyr142Cys,c.425A>G,missense_variant,,2,120270,0.000016629250852249105,0,0,1,9730,0,0,0,17358,0,0,0,2358,0,0,0,9960,0,0,0,14556,0,0,1,48280,0,0,0,2338,0,0,0,15690,0,0
1,19568930,rs773687759,C,T,gnomAD Exomes,PASS,NA,p.Val140Ile,p.Val140Ile,c.418G>A,missense_variant,,3,109404,0.000027421300866513107,0,0,0,7164,0,0,0,17112,0,0,0,2320,0,0,0,9046,0,0,0,13390,0,0,3,42768,0,0,0,1914,0,0,0,15690,0,0
1,19568945,rs1429337899,C,A,gnomAD Exomes,PASS,NA,p.Gly135Cys,p.Gly135Cys,c.403G>T,missense_variant,,1,109402,0.000009140600720279337,0,0,0,7164,0,0,0,17110,0,0,0,2320,0,0,1,9046,0,0,0,13392,0,0,0,42766,0,0,0,1914,0,0,0,15690,0,0
1,19568961,rs575803645,C,G,gnomAD Exomes,PASS,NA,p.Gln129His,p.Gln129His,c.387G>C,missense_variant,,1,109384,0.000009142104878227163,0,0,0,7164,0,0,0,17102,0,0,0,2320,0,0,1,9046,0,0,0,13390,0,0,0,42758,0,0,0,1914,0,0,0,15690,0,0
1,19570108,rs781310817,C,T,gnomAD Exomes,PASS,NA,p.Ser127Asn,p.Ser127Asn,c.380G>A,missense_variant,"lc_lof,os_lof",1,109406,0.00000914026653017202,0,0,0,7164,0,0,0,17110,0,0,0,2320,0,0,1,9046,0,0,0,13394,0,0,0,42768,0,0,0,1914,0,0,0,15690,0,0
1,19570115,rs142586837,T,C,gnomAD Exomes,PASS,NA,p.Ser125Gly,p.Ser125Gly,c.373A>G,missense_variant,,5,109406,0.0000457013326508601,0,0,5,7164,0,0,0,17110,0,0,0,2320,0,0,0,9046,0,0,0,13394,0,0,0,42768,0,0,0,1914,0,0,0,15690,0,0
1,19570115,rs142586837,T,G,"gnomAD Exomes,gnomAD Genomes",PASS,PASS,p.Ser125Arg,p.Ser125Arg,c.373A>C,missense_variant,,2,120272,0.000016628974324863642,0,0,2,9730,0,0,0,17356,0,0,0,2358,0,0,0,9962,0,0,0,14556,0,0,0,48284,0,0,0,2336,0,0,0,15690,0,0
1,19570141,rs756243435,C,A,gnomAD Exomes,PASS,NA,p.Gly116Val,p.Gly116Val,c.347G>T,missense_variant,,1,109408,0.000009140099444281954,0,0,0,7164,0,0,0,17112,0,0,0,2320,0,0,0,9046,0,0,0,13394,0,0,1,42768,0,0,0,1914,0,0,0,15690,0,0
1,19570142,rs778113185,C,A,gnomAD Exomes,PASS,NA,p.Gly116Cys,p.Gly116Cys,c.346G>T,missense_variant,,3,109408,0.000027420298332845863,0,0,0,7164,0,0,0,17112,0,0,0,2320,0,0,0,9046,0,0,0,13394,0,0,0,42768,0,0,0,1914,0,0,3,15690,0,0
1,19570145,rs749646972,C,T,gnomAD Exomes,PASS,NA,p.Gly115Arg,p.Gly115Arg,c.343G>A,missense_variant,,1,109408,0.000009140099444281954,0,0,0,7164,0,0,0,17112,0,0,0,2320,0,0,0,9046,0,0,0,13394,0,0,1,42768,0,0,0,1914,0,0,0,15690,0,0
1,19570147,rs1027071040,A,G,gnomAD Exomes,PASS,NA,p.Ile114Thr,p.Ile114Thr,c.341T>C,missense_variant,mnv,2,109408,0.000018280198888563907,0,0,0,7164,0,0,2,17112,0,0,0,2320,0,0,0,9046,0,0,0,13394,0,0,0,42768,0,0,0,1914,0,0,0,15690,0,0
1,19570149,rs747568977,GTTA,G,gnomAD Exomes,PASS,NA,p.Asn113del,p.Asn113del,c.336_338delTAA,inframe_deletion,,1,109408,0.000009140099444281954,0,0,0,7164,0,0,0,17112,0,0,0,2320,0,0,0,9046,0,0,0,13394,0,0,1,42768,0,0,0,1914,0,0,0,15690,0,0
1,19570165,rs774813068,C,T,gnomAD Exomes,PASS,NA,p.Arg108His,p.Arg108His,c.323G>A,missense_variant,,1,109408,0.000009140099444281954,0,0,0,7164,0,0,0,17112,0,0,0,2320,0,0,0,9046,0,0,0,13394,0,0,0,42768,0,0,0,1914,0,0,1,15690,0,0
1,19570169,rs1282285844,T,C,gnomAD Exomes,PASS,NA,p.Met107Val,p.Met107Val,c.319A>G,missense_variant,,1,109408,0.000009140099444281954,0,0,0,7164,0,0,0,17112,0,0,0,2320,0,0,0,9046,0,0,0,13394,0,0,0,42768,0,0,0,1914,0,0,1,15690,0,0
1,19570174,rs1345784060,C,T,gnomAD Exomes,PASS,NA,p.Arg105Gln,p.Arg105Gln,c.314G>A,missense_variant,,1,109406,0.00000914026653017202,0,0,0,7164,0,0,0,17112,0,0,0,2320,0,0,0,9046,0,0,0,13392,0,0,0,42768,0,0,0,1914,0,0,1,15690,0,0
1,19570175,rs148538980,G,C,gnomAD Exomes,PASS,NA,p.Arg105Gly,p.Arg105Gly,c.313C>G,missense_variant,,1,109408,0.000009140099444281954,0,0,0,7164,0,0,0,17112,0,0,0,2320,0,0,0,9046,0,0,0,13394,0,0,1,42768,0,0,0,1914,0,0,0,15690,0,0
1,19570175,rs148538980,G,A,gnomAD Exomes,PASS,NA,p.Arg105Ter,p.Arg105Ter,c.313C>T,stop_gained,,1,109408,0.000009140099444281954,0,0,0,7164,0,0,1,17112,0,0,0,2320,0,0,0,9046,0,0,0,13394,0,0,0,42768,0,0,0,1914,0,0,0,15690,0,0
1,19570177,rs761543184,C,T,gnomAD Exomes,PASS,NA,p.Gly104Asp,p.Gly104Asp,c.311G>A,missense_variant,,1,109408,0.000009140099444281954,0,0,0,7164,0,0,0,17112,0,0,0,2320,0,0,0,9046,0,0,0,13394,0,0,0,42768,0,0,0,1914,0,0,1,15690,0,0
1,19570183,rs371844391,T,C,"gnomAD Exomes,gnomAD Genomes",PASS,PASS,p.Asn102Ser,p.Asn102Ser,c.305A>G,missense_variant,,20,120282,0.00016627591825875857,0,0,6,9738,0,0,0,17358,0,0,0,2358,0,0,11,9962,0,0,0,14556,0,0,1,48282,0,0,1,2338,0,0,1,15690,0,0
1,19570187,rs766468841,A,C,gnomAD Exomes,PASS,NA,p.Ser101Ala,p.Ser101Ala,c.301T>G,missense_variant,,3,109408,0.000027420298332845863,0,0,0,7164,0,0,0,17112,0,0,0,2320,0,0,0,9046,0,0,0,13394,0,0,0,42768,0,0,1,1914,0,0,2,15690,0,0
1,19570190,rs181007950,C,A,gnomAD Exomes,PASS,NA,p.Val100Leu,p.Val100Leu,c.298G>T,missense_variant,,1,109408,0.000009140099444281954,0,0,0,7164,0,0,0,17112,0,0,0,2320,0,0,1,9046,0,0,0,13394,0,0,0,42768,0,0,0,1914,0,0,0,15690,0,0
1,19570202,rs751484278,C,G,gnomAD Exomes,PASS,NA,c.287-1G>C,,c.287-1G>C,splice_acceptor_variant,,1,109408,0.000009140099444281954,0,0,0,7164,0,0,0,17112,0,0,0,2320,0,0,0,9046,0,0,0,13394,0,0,0,42768,0,0,0,1914,0,0,1,15690,0,0
1,19570202,rs751484278,C,T,gnomAD Exomes,PASS,NA,c.287-1G>A,,c.287-1G>A,splice_acceptor_variant,,1,109408,0.000009140099444281954,0,0,0,7164,0,0,0,17112,0,0,0,2320,0,0,0,9046,0,0,0,13394,0,0,1,42768,0,0,0,1914,0,0,0,15690,0,0
1,19570447,rs566586156,G,C,gnomAD Exomes,PASS,NA,p.Gln95Glu,p.Gln95Glu,c.283C>G,missense_variant,,3,109408,0.000027420298332845863,0,0,0,7164,0,0,0,17112,0,0,0,2320,0,0,0,9046,0,0,0,13394,0,0,0,42768,0,0,0,1914,0,0,3,15690,0,0
1,19570450,rs148404729,C,T,gnomAD Exomes,PASS,NA,p.Gly94Arg,p.Gly94Arg,c.280G>A,missense_variant,,4,109404,0.000036561734488684145,0,0,0,7164,0,0,1,17108,0,0,0,2320,0,0,0,9046,0,0,0,13394,0,0,3,42768,0,0,0,1914,0,0,0,15690,0,0
1,19570460,rs780412663,C,T,gnomAD Exomes,PASS,NA,p.Met90Ile,p.Met90Ile,c.270G>A,missense_variant,,1,109406,0.00000914026653017202,0,0,0,7164,0,0,0,17110,0,0,0,2320,0,0,1,9046,0,0,0,13394,0,0,0,42768,0,0,0,1914,0,0,0,15690,0,0
1,19570476,rs769401932,C,T,gnomAD Exomes,PASS,NA,p.Gly85Glu,p.Gly85Glu,c.254G>A,missense_variant,,2,109408,0.000018280198888563907,0,0,0,7164,0,0,0,17112,0,0,0,2320,0,0,1,9046,0,0,0,13394,0,0,0,42768,0,0,0,1914,0,0,1,15690,0,0
1,19570485,rs869320625,G,A,gnomAD Exomes,PASS,NA,p.Thr82Met,p.Thr82Met,c.245C>T,missense_variant,,3,109408,0.000027420298332845863,0,0,0,7164,0,0,0,17112,0,0,0,2320,0,0,0,9046,0,0,0,13394,0,0,2,42768,0,0,0,1914,0,0,1,15690,0,0
1,19570503,rs748974716,C,T,"gnomAD Exomes,gnomAD Genomes",PASS,PASS,p.Arg76His,p.Arg76His,c.227G>A,missense_variant,,4,120274,0.00003325739561334952,0,0,1,9734,0,0,0,17356,0,0,0,2358,0,0,2,9962,0,0,0,14554,0,0,0,48284,0,0,1,2336,0,0,0,15690,0,0
1,19570504,rs372022434,G,A,gnomAD Exomes,PASS,NA,p.Arg76Cys,p.Arg76Cys,c.226C>T,missense_variant,,2,109400,0.000018281535648994517,0,0,0,7164,0,0,0,17108,0,0,0,2320,0,0,0,9046,0,0,0,13390,0,0,2,42768,0,0,0,1914,0,0,0,15690,0,0
1,19571410,rs745608456,AG,A,gnomAD Exomes,PASS,NA,p.Thr70MetfsTer28,p.Thr70MetfsTer28,c.209delC,frameshift_variant,,1,109404,0.000009140433622171036,0,0,0,7164,0,0,0,17108,0,0,0,2320,0,0,0,9046,0,0,0,13394,0,0,1,42768,0,0,0,1914,0,0,0,15690,0,0
1,19571414,rs748743672,C,T,gnomAD Exomes,PASS,NA,p.Arg69Gln,p.Arg69Gln,c.206G>A,missense_variant,,2,109404,0.000018280867244342072,0,0,0,7164,0,0,1,17108,0,0,0,2320,0,0,0,9046,0,0,0,13394,0,0,0,42768,0,0,0,1914,0,0,1,15690,0,0
1,19571415,rs757025272,G,A,"gnomAD Exomes,gnomAD Genomes",PASS,PASS,p.Arg69Ter,p.Arg69Ter,c.205C>T,stop_gained,,7,120270,0.00005820237798287187,0,0,0,9734,0,0,0,17354,0,0,0,2358,0,0,0,9962,0,0,0,14556,0,0,6,48278,0,0,0,2338,0,0,1,15690,0,0
1,19571415,rs757025272,G,C,gnomAD Exomes,PASS,NA,p.Arg69Gly,p.Arg69Gly,c.205C>G,missense_variant,,3,109404,0.000027421300866513107,0,0,0,7164,0,0,0,17108,0,0,0,2320,0,0,3,9046,0,0,0,13394,0,0,0,42768,0,0,0,1914,0,0,0,15690,0,0
1,19571417,rs1384112958,G,A,gnomAD Exomes,PASS,NA,p.Ser68Phe,p.Ser68Phe,c.203C>T,missense_variant,,1,109404,0.000009140433622171036,0,0,0,7164,0,0,1,17108,0,0,0,2320,0,0,0,9046,0,0,0,13394,0,0,0,42768,0,0,0,1914,0,0,0,15690,0,0
1,19571432,rs771790812,A,G,gnomAD Exomes,PASS,NA,p.Ile63Thr,p.Ile63Thr,c.188T>C,missense_variant,,1,109404,0.000009140433622171036,0,0,0,7164,0,0,0,17108,0,0,0,2320,0,0,1,9046,0,0,0,13394,0,0,0,42768,0,0,0,1914,0,0,0,15690,0,0
1,19571438,rs1315654584,T,C,gnomAD Exomes,PASS,NA,p.Asn61Ser,p.Asn61Ser,c.182A>G,missense_variant,,1,109404,0.000009140433622171036,0,0,0,7164,0,0,1,17108,0,0,0,2320,0,0,0,9046,0,0,0,13394,0,0,0,42768,0,0,0,1914,0,0,0,15690,0,0
1,19571443,rs1239034113,C,A,gnomAD Exomes,PASS,NA,p.Glu59Asp,p.Glu59Asp,c.177G>T,missense_variant,,1,109404,0.000009140433622171036,0,0,0,7164,0,0,0,17108,0,0,0,2320,0,0,0,9046,0,0,0,13394,0,0,0,42768,0,0,0,1914,0,0,1,15690,0,0
1,19571445,rs768511495,C,T,gnomAD Exomes,PASS,NA,p.Glu59Lys,p.Glu59Lys,c.175G>A,missense_variant,,1,109404,0.000009140433622171036,0,0,0,7164,0,0,0,17108,0,0,0,2320,0,0,0,9046,0,0,0,13394,0,0,0,42768,0,0,0,1914,0,0,1,15690,0,0
1,19571454,rs139340398,C,G,gnomAD Genomes,NA,PASS,p.Val56Leu,p.Val56Leu,c.166G>C,missense_variant,,2,10878,0.00018385732671446958,0,0,2,2574,0,0,0,246,0,0,0,38,0,0,0,916,0,0,0,1162,0,0,0,5518,0,0,0,424,0,0,0,0,0,0
1,19571457,rs751918464,C,T,gnomAD Exomes,PASS,NA,p.Val55Ile,p.Val55Ile,c.163G>A,missense_variant,,1,109404,0.000009140433622171036,0,0,0,7164,0,0,0,17110,0,0,0,2318,0,0,1,9046,0,0,0,13394,0,0,0,42768,0,0,0,1914,0,0,0,15690,0,0
1,19571465,rs201537299,T,C,gnomAD Exomes,PASS,NA,p.Lys52Arg,p.Lys52Arg,c.155A>G,missense_variant,,1,109406,0.00000914026653017202,0,0,0,7164,0,0,0,17110,0,0,0,2320,0,0,1,9046,0,0,0,13394,0,0,0,42768,0,0,0,1914,0,0,0,15690,0,0
1,19571489,rs549890473,G,A,gnomAD Exomes,PASS,NA,p.Ser44Phe,p.Ser44Phe,c.131C>T,missense_variant,,1,109400,0.000009140767824497258,0,0,1,7164,0,0,0,17108,0,0,0,2320,0,0,0,9046,0,0,0,13394,0,0,0,42766,0,0,0,1914,0,0,0,15688,0,0
1,19571516,rs147726649,T,C,"gnomAD Exomes,gnomAD Genomes",PASS,PASS,p.Gln35Arg,p.Gln35Arg,c.104A>G,missense_variant,,8,120266,0.00006651921573844644,0,0,7,9734,0,0,0,17352,0,0,0,2358,0,0,0,9962,0,0,0,14556,0,0,0,48278,0,0,0,2338,0,0,1,15688,0,0
1,19571524,rs768640250,C,T,gnomAD Exomes,PASS,NA,p.Trp32Ter,p.Trp32Ter,c.96G>A,stop_gained,,1,109146,0.00000916203983654921,0,0,0,7164,0,0,0,17032,0,0,0,2316,0,0,0,9046,0,0,0,13394,0,0,0,42726,0,0,0,1912,0,0,1,15556,0,0
1,19577935,rs1444978126,G,C,gnomAD Exomes,PASS,NA,p.Tyr23Ter,p.Tyr23Ter,c.69C>G,stop_gained,,1,109358,0.000009144278424989484,0,0,0,7164,0,0,0,17112,0,0,0,2320,0,0,0,9042,0,0,0,13394,0,0,1,42726,0,0,0,1914,0,0,0,15686,0,0
1,19577939,rs1183404891,A,G,gnomAD Exomes,PASS,NA,p.Val22Ala,p.Val22Ala,c.65T>C,missense_variant,,1,109358,0.000009144278424989484,0,0,0,7162,0,0,0,17112,0,0,0,2320,0,0,0,9044,0,0,0,13394,0,0,1,42724,0,0,0,1914,0,0,0,15688,0,0
1,19577943,rs11558182,C,T,gnomAD Exomes,PASS,NA,p.Ala21Thr,p.Ala21Thr,c.61G>A,missense_variant,,11,109358,0.00010058706267488433,0,0,1,7164,0,0,7,17112,0,0,0,2320,0,0,0,9044,0,0,0,13394,0,0,3,42720,0,0,0,1914,0,0,0,15690,0,0
1,19577952,rs1356408223,G,C,gnomAD Exomes,PASS,NA,p.Pro18Ala,p.Pro18Ala,c.52C>G,missense_variant,,5,109346,0.000045726409745212446,0,0,0,7162,0,0,0,17110,0,0,0,2320,0,0,0,9044,0,0,5,13394,0,0,0,42714,0,0,0,1914,0,0,0,15688,0,0
1,19577964,rs749385394,T,C,gnomAD Exomes,PASS,NA,p.Thr14Ala,p.Thr14Ala,c.40A>G,missense_variant,,1,109312,0.000009148126463700234,0,0,1,7156,0,0,0,17112,0,0,0,2318,0,0,0,9044,0,0,0,13394,0,0,0,42686,0,0,0,1914,0,0,0,15688,0,0
1,19577977,rs911411745,G,C,gnomAD Exomes,PASS,NA,p.Phe9Leu,p.Phe9Leu,c.27C>G,missense_variant,,1,109268,0.000009151810228063111,0,0,0,7150,0,0,0,17108,0,0,0,2318,0,0,0,9044,0,0,0,13394,0,0,1,42652,0,0,0,1912,0,0,0,15690,0,0
1,19577978,rs771325779,A,C,gnomAD Exomes,PASS,NA,p.Phe9Cys,p.Phe9Cys,c.26T>G,missense_variant,,1,109276,0.000009151140232072917,0,0,0,7150,0,0,0,17108,0,0,0,2318,0,0,0,9044,0,0,0,13394,0,0,0,42660,0,0,0,1912,0,0,1,15690,0,0
1,19577982,rs759788442,G,A,gnomAD Exomes,PASS,NA,p.Arg8Cys,p.Arg8Cys,c.22C>T,missense_variant,,9,109238,0.00008238891228327138,0,0,0,7150,0,0,0,17106,0,0,0,2316,0,0,0,9044,0,0,0,13390,0,0,0,42634,0,0,0,1910,0,0,9,15688,0,0
1,19577984,rs772583643,G,A,gnomAD Exomes,PASS,NA,p.Ser7Phe,p.Ser7Phe,c.20C>T,missense_variant,,3,109220,0.000027467496795458707,0,0,0,7140,0,0,1,17106,0,0,0,2314,0,0,0,9044,0,0,0,13392,0,0,2,42626,0,0,0,1910,0,0,0,15688,0,0
1,19577985,rs370530522,A,G,gnomAD Exomes,PASS,NA,p.Ser7Pro,p.Ser7Pro,c.19T>C,missense_variant,,4,109202,0.00003662936576253182,0,0,0,7136,0,0,4,17104,0,0,0,2314,0,0,0,9044,0,0,0,13392,0,0,0,42616,0,0,0,1908,0,0,0,15688,0,0
1,19577987,rs761090306,G,A,gnomAD Exomes,PASS,NA,p.Ala6Val,p.Ala6Val,c.17C>T,missense_variant,,3,109140,0.00002748763056624519,0,0,0,7118,0,0,0,17096,0,0,0,2314,0,0,0,9044,0,0,0,13392,0,0,0,42580,0,0,0,1908,0,0,3,15688,0,0
1,19577989,rs1240204274,C,G,gnomAD Exomes,PASS,NA,p.Trp5Cys,p.Trp5Cys,c.15G>C,missense_variant,,1,109142,0.000009162375620750949,0,0,0,7124,0,0,0,17094,0,0,0,2314,0,0,0,9044,0,0,0,13388,0,0,0,42584,0,0,0,1908,0,0,1,15686,0,0
1,19577994,rs1485655637,C,G,gnomAD Exomes,PASS,NA,p.Glu4Gln,p.Glu4Gln,c.10G>C,missense_variant,,1,109136,0.000009162879343204808,0,0,0,7120,0,0,0,17096,0,0,0,2312,0,0,0,9044,0,0,0,13390,0,0,1,42580,0,0,0,1906,0,0,0,15688,0,0
1,19577996,rs552276163,G,A,"gnomAD Exomes,gnomAD Genomes",PASS,PASS,p.Ala3Val,p.Ala3Val,c.8C>T,missense_variant,,9,119992,0.00007500500033335555,0,0,0,9686,0,0,0,17340,0,0,0,2348,0,0,9,9958,0,0,0,14550,0,0,0,48100,0,0,0,2326,0,0,0,15684,0,0
1,19577999,rs749957590,G,A,"gnomAD Exomes,gnomAD Genomes",PASS,PASS,p.Ala2Val,p.Ala2Val,c.5C>T,missense_variant,,18,120068,0.0001499150481393877,0,0,0,9698,0,0,0,17342,0,0,0,2352,0,0,17,9958,0,0,0,14554,0,0,0,48148,0,0,1,2330,0,0,0,15686,0,0
