Chromosome,Position,rsID,Reference,Alternate,Source,Filters - exomes,Filters - genomes,Consequence,Protein Consequence,Transcript Consequence,Annotation,Flags,Allele Count,Allele Number,Allele Frequency,Homozygote Count,Hemizygote Count,Allele Count African,Allele Number African,Homozygote Count African,Hemizygote Count African,Allele Count Latino,Allele Number Latino,Homozygote Count Latino,Hemizygote Count Latino,Allele Count Ashkenazi Jewish,Allele Number Ashkenazi Jewish,Homozygote Count Ashkenazi Jewish,Hemizygote Count Ashkenazi Jewish,Allele Count East Asian,Allele Number East Asian,Homozygote Count East Asian,Hemizygote Count East Asian,Allele Count European (Finnish),Allele Number European (Finnish),Homozygote Count European (Finnish),Hemizygote Count European (Finnish),Allele Count European (non-Finnish),Allele Number European (non-Finnish),Homozygote Count European (non-Finnish),Hemizygote Count European (non-Finnish),Allele Count Other,Allele Number Other,Homozygote Count Other,Hemizygote Count Other,Allele Count South Asian,Allele Number South Asian,Homozygote Count South Asian,Hemizygote Count South Asian
11,18101952,rs149351094,C,A,gnomAD Exomes,PASS,NA,p.Gln473His,p.Gln473His,c.1419G>T,missense_variant,,0,101094,0,0,0,0,6940,0,0,0,13472,0,0,0,2240,0,0,0,8716,0,0,0,13204,0,0,0,41398,0,0,0,1726,0,0,0,13398,0,0
11,18101965,rs1485369177,C,T,gnomAD Exomes,PASS,NA,p.Ser469Asn,p.Ser469Asn,c.1406G>A,missense_variant,,1,101648,9.83787187155674E-06,0,0,0,6944,0,0,0,13692,0,0,0,2246,0,0,0,8700,0,0,0,13244,0,0,0,41536,0,0,0,1744,0,0,1,13542,0,0
11,18101968,rs373100075,G,A,gnomAD Exomes,PASS,NA,p.Pro468Leu,p.Pro468Leu,c.1403C>T,missense_variant,,1,102024,9.80161530620246E-06,0,0,1,6966,0,0,0,13864,0,0,0,2256,0,0,0,8728,0,0,0,13232,0,0,0,41608,0,0,0,1754,0,0,0,13616,0,0
11,18101969,rs753326148,G,C,gnomAD Exomes,PASS,NA,p.Pro468Ala,p.Pro468Ala,c.1402C>G,missense_variant,,3,101844,2.94568163072935E-05,0,0,0,6948,0,0,0,13838,0,0,0,2250,0,0,0,8704,0,0,0,13230,0,0,3,41522,0,0,0,1750,0,0,0,13602,0,0
11,18101972,rs200219042,A,C,"gnomAD Exomes,gnomAD Genomes",PASS,PASS,p.Phe467Val,p.Phe467Val,c.1399T>G,missense_variant,,15,113832,0.000131773139363,0,0,0,9552,0,0,0,14550,0,0,0,2302,0,0,0,9670,0,0,1,14410,0,0,14,47268,0,0,0,2204,0,0,0,13876,0,0
11,18101973,rs147473039,G,T,"gnomAD Exomes,gnomAD Genomes",PASS,PASS,p.Asn466Lys,p.Asn466Lys,c.1398C>A,missense_variant,,24,113540,0.000211379249604,0,0,19,9518,0,0,3,14506,0,0,0,2306,0,0,0,9622,0,0,0,14352,0,0,2,47198,0,0,0,2190,0,0,0,13848,0,0
11,18101987,rs1036796742,C,T,gnomAD Exomes,PASS,NA,p.Asp462Asn,p.Asp462Asn,c.1384G>A,missense_variant,,1,102290,9.77612669860202E-06,0,0,0,6942,0,0,0,14106,0,0,0,2246,0,0,0,8744,0,0,0,13256,0,0,1,41618,0,0,0,1746,0,0,0,13632,0,0
11,18101989,rs750823253,T,A,gnomAD Exomes,PASS,NA,p.Asp461Val,p.Asp461Val,c.1382A>T,missense_variant,,1,102192,9.78550180053233E-06,0,0,0,6918,0,0,1,14058,0,0,0,2242,0,0,0,8694,0,0,0,13270,0,0,0,41616,0,0,0,1746,0,0,0,13648,0,0
11,18101998,rs780415087,G,A,"gnomAD Exomes,gnomAD Genomes",PASS,PASS,p.Ala458Val,p.Ala458Val,c.1373C>T,missense_variant,,2,109950,1.81900864029104E-05,0,0,0,9382,0,0,0,12992,0,0,0,2252,0,0,0,9370,0,0,0,14372,0,0,2,46538,0,0,0,2086,0,0,0,12958,0,0
11,18102000,rs1223132800,C,A,gnomAD Genomes,NA,PASS,p.Lys457Asn,p.Lys457Asn,c.1371G>T,missense_variant,,1,10872,9.19793966151582E-05,0,0,1,2572,0,0,0,246,0,0,0,38,0,0,0,916,0,0,0,1160,0,0,0,5516,0,0,0,424,0,0,0,0,0,0
11,18102013,rs747482322,C,T,gnomAD Exomes,PASS,NA,p.Arg453His,p.Arg453His,c.1358G>A,missense_variant,,3,96900,3.09597523219814E-05,0,0,0,6730,0,0,1,11834,0,0,0,2186,0,0,0,8326,0,0,0,13112,0,0,2,40616,0,0,0,1580,0,0,0,12516,0,0
11,18102014,rs35394666,G,A,"gnomAD Exomes,gnomAD Genomes",PASS,PASS,p.Arg453Cys,p.Arg453Cys,c.1357C>T,missense_variant,,1423,107754,0.013206006273549,19,0,34,9284,0,0,146,12124,2,0,26,2224,1,0,1,9238,0,0,74,14236,0,0,927,46124,11,0,31,2008,1,0,184,12516,4,0
11,18102014,rs35394666,G,C,gnomAD Exomes,PASS,NA,p.Arg453Gly,p.Arg453Gly,c.1357C>G,missense_variant,,1,96880,1.03220478943022E-05,0,0,0,6710,0,0,0,11878,0,0,0,2186,0,0,0,8322,0,0,0,13078,0,0,1,40606,0,0,0,1584,0,0,0,12516,0,0
11,18102030,rs1347322278,A,T,gnomAD Exomes,PASS,NA,p.Asp447Glu,p.Asp447Glu,c.1341T>A,missense_variant,,1,96786,1.03320728204492E-05,0,0,0,6798,0,0,1,11570,0,0,0,2172,0,0,0,8498,0,0,0,12940,0,0,0,40734,0,0,0,1614,0,0,0,12460,0,0
11,18102032,rs369368180,C,G,gnomAD Exomes,PASS,NA,p.Asp447His,p.Asp447His,c.1339G>C,missense_variant,,1,96544,1.03579714948624E-05,0,0,1,6790,0,0,0,11484,0,0,0,2168,0,0,0,8506,0,0,0,12872,0,0,0,40690,0,0,0,1602,0,0,0,12432,0,0
11,18102033,rs773538883,T,G,gnomAD Exomes,PASS,NA,p.Glu446Asp,p.Glu446Asp,c.1338A>C,missense_variant,,1,96702,1.03410477549585E-05,0,0,0,6800,0,0,0,11554,0,0,0,2170,0,0,0,8518,0,0,0,12872,0,0,1,40720,0,0,0,1604,0,0,0,12464,0,0
11,18102962,rs748279776,G,T,gnomAD Exomes,PASS,NA,p.Pro443His,p.Pro443His,c.1328C>A,missense_variant,,1,109360,9.1441111923921E-06,0,0,0,7164,0,0,1,17080,0,0,0,2320,0,0,0,9046,0,0,0,13394,0,0,0,42768,0,0,0,1912,0,0,0,15676,0,0
11,18102963,rs377499103,G,A,gnomAD Exomes,PASS,NA,p.Pro443Ser,p.Pro443Ser,c.1327C>T,missense_variant,,1,109380,9.1424392027793E-06,0,0,1,7164,0,0,0,17096,0,0,0,2320,0,0,0,9046,0,0,0,13394,0,0,0,42768,0,0,0,1908,0,0,0,15684,0,0
11,18102966,rs746039231,T,C,gnomAD Exomes,PASS,NA,p.Ter150TrpextTer8,p.Ter150TrpextTer8,c.449A>G,stop_lost,,2,109382,1.82845440748935E-05,0,0,0,7164,0,0,0,17094,0,0,0,2320,0,0,0,9046,0,0,0,13394,0,0,2,42766,0,0,0,1912,0,0,0,15686,0,0
11,18102974,rs1405219185,GGAA,G,gnomAD Exomes,PASS,NA,p.Leu438del,p.Leu438del,c.1313_1315delTTC,inframe_deletion,,1,109386,9.14193772512022E-06,0,0,0,7164,0,0,0,17100,0,0,0,2320,0,0,0,9046,0,0,0,13394,0,0,0,42768,0,0,0,1910,0,0,1,15684,0,0
11,18102977,rs749537785,A,G,gnomAD Exomes,PASS,NA,p.Leu438Pro,p.Leu438Pro,c.1313T>C,missense_variant,,1,109390,9.14160343724289E-06,0,0,0,7164,0,0,0,17102,0,0,0,2320,0,0,1,9046,0,0,0,13394,0,0,0,42768,0,0,0,1910,0,0,0,15686,0,0
11,18102991,rs779783230,T,G,gnomAD Exomes,PASS,NA,p.Ile142Leu,p.Ile142Leu,c.424A>C,missense_variant,,1,109394,9.14126917381209E-06,0,0,0,7164,0,0,0,17102,0,0,0,2320,0,0,0,9046,0,0,0,13394,0,0,0,42764,0,0,0,1914,0,0,1,15690,0,0
11,18102998,rs768512327,G,A,gnomAD Exomes,PASS,NA,p.Ser431Phe,p.Ser431Phe,c.1292C>T,missense_variant,,1,109374,9.14294073545815E-06,0,0,0,7162,0,0,0,17090,0,0,0,2320,0,0,0,9046,0,0,0,13394,0,0,1,42766,0,0,0,1910,0,0,0,15686,0,0
11,18103008,rs761687760,G,C,gnomAD Exomes,PASS,NA,p.Gln428Glu,p.Gln428Glu,c.1282C>G,missense_variant,,1,109384,9.14210487822716E-06,0,0,0,7162,0,0,0,17096,0,0,0,2320,0,0,0,9044,0,0,0,13394,0,0,1,42768,0,0,0,1912,0,0,0,15688,0,0
11,18103012,rs1295768005,G,A,gnomAD Exomes,PASS,NA,p.Gln135Ter,p.Gln135Ter,c.403C>T,stop_gained,,1,109380,9.1424392027793E-06,0,0,0,7162,0,0,0,17090,0,0,0,2320,0,0,0,9046,0,0,1,13394,0,0,0,42768,0,0,0,1912,0,0,0,15688,0,0
11,18103014,rs28930681,T,C,"gnomAD Exomes,gnomAD Genomes",PASS,PASS,p.Ser426Gly,p.Ser426Gly,c.1276A>G,missense_variant,,1065,120262,0.00885566513113,51,0,993,9730,51,0,57,17340,0,0,0,2358,0,0,0,9962,0,0,0,14556,0,0,9,48292,0,0,3,2336,0,0,3,15688,0,0
11,18103017,rs36125091,A,G,"gnomAD Exomes,gnomAD Genomes",PASS,PASS,p.Val133Ala,p.Val133Ala,c.398T>C,missense_variant,,129,120264,0.001072640191579,0,0,111,9732,0,0,11,17342,0,0,0,2358,0,0,2,9962,0,0,0,14556,0,0,2,48290,0,0,0,2336,0,0,3,15688,0,0
11,18103018,rs934632535,C,T,gnomAD Exomes,PASS,NA,p.Val133Ile,p.Val133Ile,c.397G>A,missense_variant,,2,109382,1.82845440748935E-05,0,0,0,7160,0,0,2,17094,0,0,0,2320,0,0,0,9046,0,0,0,13394,0,0,0,42768,0,0,0,1912,0,0,0,15688,0,0
11,18103026,rs752741887,C,CCTTTA,gnomAD Exomes,PASS,NA,p.Glu422Ter,p.Glu422Ter,c.1259_1263dupTAAAG,stop_gained,,1,109376,9.14277355178467E-06,0,0,1,7162,0,0,0,17090,0,0,0,2320,0,0,0,9046,0,0,0,13394,0,0,0,42766,0,0,0,1912,0,0,0,15686,0,0
11,18103033,rs1272375644,T,C,gnomAD Exomes,PASS,NA,p.Ser128Gly,p.Ser128Gly,c.382A>G,missense_variant,,1,109384,9.14210487822716E-06,0,0,0,7164,0,0,0,17090,0,0,0,2320,0,0,0,9046,0,0,0,13394,0,0,0,42768,0,0,0,1912,0,0,1,15690,0,0
11,18103045,rs766041560,C,T,gnomAD Exomes,PASS,NA,p.Gly124Ser,p.Gly124Ser,c.370G>A,missense_variant,,4,109326,3.65878199147504E-05,0,0,0,7156,0,0,0,17068,0,0,0,2320,0,0,0,9046,0,0,0,13390,0,0,1,42764,0,0,0,1908,0,0,3,15674,0,0
11,18103045,rs766041560,C,A,gnomAD Exomes,PASS,NA,p.Gly124Cys,p.Gly124Cys,c.370G>T,missense_variant,,2,109326,1.82939099573752E-05,0,0,0,7156,0,0,2,17068,0,0,0,2320,0,0,0,9046,0,0,0,13390,0,0,0,42764,0,0,0,1908,0,0,0,15674,0,0
11,18103046,rs1053424602,G,A,gnomAD Exomes,PASS,NA,p.Thr415Met,p.Thr415Met,c.1244C>T,missense_variant,,2,109314,1.82959181806539E-05,0,0,0,7152,0,0,0,17058,0,0,0,2320,0,0,0,9044,0,0,1,13394,0,0,1,42754,0,0,0,1912,0,0,0,15680,0,0
11,18105092,rs372176174,G,A,gnomAD Exomes,PASS,NA,p.Ala410Val,p.Ala410Val,c.1229C>T,missense_variant,,1,107680,9.28677563150074E-06,0,0,0,7130,0,0,0,16708,0,0,0,2268,0,0,0,8994,0,0,0,13322,0,0,1,41960,0,0,0,1888,0,0,0,15410,0,0
11,18105093,rs375315330,C,T,gnomAD Exomes,PASS,NA,p.Ala410Thr,p.Ala410Thr,c.1228G>A,missense_variant,,1,107572,9.29609935670992E-06,0,0,0,7122,0,0,0,16680,0,0,0,2256,0,0,0,8990,0,0,0,13330,0,0,0,41912,0,0,0,1886,0,0,1,15396,0,0
11,18105108,rs182981368,A,G,gnomAD Exomes,PASS,NA,p.Ser405Pro,p.Ser405Pro,c.1213T>C,missense_variant,,1,108228,9.2397531137968E-06,0,0,0,7142,0,0,0,16678,0,0,0,2278,0,0,0,9012,0,0,1,13360,0,0,0,42388,0,0,0,1896,0,0,0,15474,0,0
11,18105125,rs1288283082,A,G,gnomAD Genomes,NA,PASS,p.Ile399Thr,p.Ile399Thr,c.1196T>C,missense_variant,,1,10874,9.19624793084421E-05,0,0,1,2570,0,0,0,246,0,0,0,38,0,0,0,916,0,0,0,1160,0,0,0,5520,0,0,0,424,0,0,0,0,0,0
11,18105133,rs757384665,T,A,gnomAD Exomes,PASS,NA,p.Leu396Phe,p.Leu396Phe,c.1188A>T,missense_variant,,1,109042,9.17077823224079E-06,0,0,0,7148,0,0,0,16944,0,0,0,2316,0,0,0,9042,0,0,0,13378,0,0,1,42682,0,0,0,1906,0,0,0,15626,0,0
11,18105140,rs778822568,T,C,gnomAD Exomes,PASS,NA,p.Lys394Arg,p.Lys394Arg,c.1181A>G,missense_variant,,4,109002,3.66965743747821E-05,0,0,0,7148,0,0,0,16914,0,0,0,2312,0,0,3,9042,0,0,0,13386,0,0,0,42690,0,0,0,1906,0,0,1,15604,0,0
11,18105149,rs758493304,A,C,gnomAD Exomes,PASS,NA,p.Phe391Cys,p.Phe391Cys,c.1172T>G,missense_variant,,2,108964,1.83546859513234E-05,0,0,0,7150,0,0,0,16876,0,0,0,2314,0,0,0,9044,0,0,0,13376,0,0,2,42682,0,0,0,1910,0,0,0,15612,0,0
11,18105149,rs758493304,A,G,gnomAD Exomes,PASS,NA,p.Phe391Ser,p.Phe391Ser,c.1172T>C,missense_variant,,1,108964,9.17734297566169E-06,0,0,0,7150,0,0,0,16876,0,0,0,2314,0,0,0,9044,0,0,0,13376,0,0,0,42682,0,0,0,1910,0,0,1,15612,0,0
11,18105150,rs781024634,A,C,gnomAD Exomes,PASS,NA,p.Phe391Val,p.Phe391Val,c.1171T>G,missense_variant,,1,108946,9.17885925137224E-06,0,0,0,7150,0,0,0,16870,0,0,0,2312,0,0,0,9044,0,0,0,13380,0,0,0,42672,0,0,0,1908,0,0,1,15610,0,0
11,18105167,rs756085451,T,C,"gnomAD Exomes,gnomAD Genomes",PASS,PASS,p.Asp385Gly,p.Asp385Gly,c.1154A>G,missense_variant,,5,120198,4.15980299173031E-05,0,0,0,9732,0,0,0,17306,0,0,0,2356,0,0,0,9962,0,0,0,14552,0,0,0,48276,0,0,1,2332,0,0,4,15682,0,0
11,18105173,rs777666170,C,T,gnomAD Exomes,PASS,NA,p.Arg383Lys,p.Arg383Lys,c.1148G>A,missense_variant,,1,109296,9.1494656712048E-06,0,0,0,7158,0,0,0,17050,0,0,0,2320,0,0,0,9044,0,0,0,13382,0,0,1,42748,0,0,0,1908,0,0,0,15686,0,0
11,18105177,rs749130699,T,C,gnomAD Exomes,PASS,NA,p.Lys382Glu,p.Lys382Glu,c.1144A>G,missense_variant,,2,109318,1.82952487239064E-05,0,0,0,7156,0,0,0,17062,0,0,0,2320,0,0,0,9046,0,0,0,13386,0,0,1,42754,0,0,1,1908,0,0,0,15686,0,0
11,18105192,rs773666306,T,C,gnomAD Exomes,PASS,NA,p.Asn377Asp,p.Asn377Asp,c.1129A>G,missense_variant,,1,109330,9.14662032379036E-06,0,0,0,7160,0,0,0,17066,0,0,0,2320,0,0,0,9046,0,0,0,13388,0,0,0,42758,0,0,0,1910,0,0,1,15682,0,0
11,18105192,rs773666306,T,TA,gnomAD Exomes,PASS,NA,p.Asn377Ter,p.Asn377Ter,c.1128dupT,frameshift_variant,,1,109330,9.14662032379036E-06,0,0,0,7160,0,0,1,17066,0,0,0,2320,0,0,0,9046,0,0,0,13388,0,0,0,42758,0,0,0,1910,0,0,0,15682,0,0
11,18105194,rs554388098,G,A,gnomAD Exomes,PASS,NA,p.Ser376Phe,p.Ser376Phe,c.1127C>T,missense_variant,,1,109322,9.14728965807431E-06,0,0,1,7162,0,0,0,17062,0,0,0,2320,0,0,0,9046,0,0,0,13384,0,0,0,42754,0,0,0,1910,0,0,0,15684,0,0
11,18105203,rs150804321,G,A,"gnomAD Exomes,gnomAD Genomes",PASS,PASS,p.Ser373Leu,p.Ser373Leu,c.1118C>T,missense_variant,,3,120124,2.49741933335553E-05,0,0,0,9734,0,0,0,17274,0,0,0,2358,0,0,0,9956,0,0,0,14550,0,0,3,48256,0,0,0,2330,0,0,0,15666,0,0
11,18105204,rs531706343,A,G,gnomAD Exomes,PASS,NA,p.Ser373Pro,p.Ser373Pro,c.1117T>C,missense_variant,,2,109222,1.8311329219388E-05,0,0,0,7160,0,0,0,17014,0,0,0,2320,0,0,0,9042,0,0,0,13388,0,0,2,42736,0,0,0,1908,0,0,0,15654,0,0
11,18105205,rs762163183,G,C,gnomAD Exomes,PASS,NA,p.Asn372Lys,p.Asn372Lys,c.1116C>G,missense_variant,,1,109240,9.15415598681802E-06,0,0,0,7160,0,0,0,17024,0,0,0,2320,0,0,0,9038,0,0,0,13384,0,0,1,42732,0,0,0,1908,0,0,0,15674,0,0
11,18105208,rs765373997,C,A,gnomAD Exomes,PASS,NA,p.Glu371Asp,p.Glu371Asp,c.1113G>T,missense_variant,,1,109252,9.15315051440706E-06,0,0,0,7162,0,0,0,17016,0,0,1,2320,0,0,0,9040,0,0,0,13390,0,0,0,42740,0,0,0,1910,0,0,0,15674,0,0
11,18105213,rs188024258,G,T,"gnomAD Exomes,gnomAD Genomes",PASS,PASS,p.Pro370Thr,p.Pro370Thr,c.1108C>A,missense_variant,,121,120168,0.001006923640237,0,0,2,9728,0,0,2,17302,0,0,0,2358,0,0,116,9952,0,0,0,14552,0,0,0,48262,0,0,0,2332,0,0,1,15682,0,0
11,18105214,rs541250038,T,G,gnomAD Exomes,PASS,NA,p.Lys369Asn,p.Lys369Asn,c.1107A>C,missense_variant,,2,109280,1.83016105417277E-05,0,0,0,7158,0,0,0,17050,0,0,0,2320,0,0,0,9038,0,0,0,13392,0,0,2,42740,0,0,0,1912,0,0,0,15670,0,0
11,18105231,rs928646496,C,A,gnomAD Genomes,NA,PASS,p.Glu364Ter,p.Glu364Ter,c.1090G>T,stop_gained,,1,10866,9.20301859009755E-05,0,0,1,2574,0,0,0,246,0,0,0,38,0,0,0,916,0,0,0,1158,0,0,0,5510,0,0,0,424,0,0,0,0,0,0
11,18105234,rs1250247467,T,C,gnomAD Exomes,PASS,NA,p.Met363Val,p.Met363Val,c.1087A>G,missense_variant,,1,109088,9.1669111176298E-06,0,0,0,7156,0,0,0,16938,0,0,0,2318,0,0,0,9038,0,0,0,13390,0,0,1,42710,0,0,0,1902,0,0,0,15636,0,0
11,18105240,rs752537579,G,C,gnomAD Exomes,PASS,NA,p.Gln361Glu,p.Gln361Glu,c.1081C>G,missense_variant,,3,108932,2.75401167700951E-05,0,0,0,7152,0,0,0,16870,0,0,0,2314,0,0,0,9040,0,0,0,13388,0,0,0,42684,0,0,0,1900,0,0,3,15584,0,0
11,18105248,rs755925079,C,T,gnomAD Exomes,PASS,NA,p.Arg358Gln,p.Arg358Gln,c.1073G>A,missense_variant,,2,108476,1.84372580109886E-05,0,0,0,7146,0,0,0,16650,0,0,0,2294,0,0,0,9030,0,0,1,13388,0,0,1,42604,0,0,0,1894,0,0,0,15470,0,0
11,18105249,rs1378320771,G,A,gnomAD Exomes,PASS,NA,p.Arg358Trp,p.Arg358Trp,c.1072C>T,missense_variant,,1,108408,9.22441148254741E-06,0,0,0,7146,0,0,0,16612,0,0,0,2292,0,0,0,9038,0,0,0,13386,0,0,0,42594,0,0,0,1898,0,0,1,15442,0,0
11,18105263,rs138989711,A,G,gnomAD Exomes,PASS,NA,p.Ile353Thr,p.Ile353Thr,c.1058T>C,missense_variant,,1,107486,9.30353720484528E-06,0,0,0,7136,0,0,0,16180,0,0,0,2240,0,0,0,9040,0,0,0,13380,0,0,0,42454,0,0,0,1882,0,0,1,15174,0,0
11,18105265,rs778541168,TAGA,T,gnomAD Exomes,PASS,NA,p.Leu352del,p.Leu352del,c.1053_1055delTCT,inframe_deletion,,1,107454,9.3063078154373E-06,0,0,0,7132,0,0,0,16186,0,0,0,2240,0,0,0,9044,0,0,0,13380,0,0,1,42440,0,0,0,1882,0,0,0,15150,0,0
11,18105267,rs1386186229,G,T,gnomAD Exomes,PASS,NA,p.Leu352Ile,p.Leu352Ile,c.1054C>A,missense_variant,,1,107572,9.29609935670992E-06,0,0,0,7138,0,0,0,16268,0,0,0,2250,0,0,0,9042,0,0,1,13376,0,0,0,42444,0,0,0,1884,0,0,0,15170,0,0
11,18105276,rs1439414738,C,T,gnomAD Exomes,PASS,NA,c.1043-1G>A,,c.1043-1G>A,splice_acceptor_variant,lof_flag,1,107038,9.34247650367159E-06,0,0,0,7124,0,0,0,16046,0,0,0,2230,0,0,0,9042,0,0,0,13354,0,0,1,42320,0,0,0,1878,0,0,0,15044,0,0
11,18105280,rs144009342,T,C,"gnomAD Exomes,gnomAD Genomes",PASS,PASS,c.1043-2A>G,,c.1043-2A>G,splice_acceptor_variant,lof_flag,12,114328,0.000104961164369,0,0,0,9654,0,0,0,14542,0,0,0,2156,0,0,0,9946,0,0,0,14474,0,0,11,47260,0,0,1,2230,0,0,0,14066,0,0
11,18108404,rs190457612,T,C,"gnomAD Exomes,gnomAD Genomes",PASS,PASS,p.Asn351Asp,p.Asn351Asp,c.1051A>G,missense_variant,,298,108572,0.002744722396198,2,0,4,9232,0,0,13,12782,0,0,1,2068,0,0,1,9408,0,0,15,14436,0,0,125,45962,0,0,2,2010,0,0,137,12674,2,0
11,18108436,rs371391475,T,C,"gnomAD Exomes,gnomAD Genomes",PASS,PASS,p.Gln340Arg,p.Gln340Arg,c.1019A>G,missense_variant,,2,119862,1.66858554003771E-05,0,0,0,9720,0,0,0,17148,0,0,0,2346,0,0,2,9954,0,0,0,14556,0,0,0,48250,0,0,0,2334,0,0,0,15554,0,0
11,18108454,rs753864111,T,C,gnomAD Exomes,PASS,NA,p.Tyr334Cys,p.Tyr334Cys,c.1001A>G,missense_variant,,1,109384,9.14210487822716E-06,0,0,0,7162,0,0,0,17098,0,0,0,2316,0,0,0,9046,0,0,0,13392,0,0,1,42768,0,0,0,1914,0,0,0,15688,0,0
11,18108456,rs770383064,G,C,gnomAD Exomes,PASS,NA,p.Ile333Met,p.Ile333Met,c.999C>G,missense_variant,,1,109382,9.14227203744674E-06,0,0,0,7162,0,0,0,17098,0,0,0,2314,0,0,0,9046,0,0,0,13394,0,0,0,42768,0,0,0,1914,0,0,1,15686,0,0
11,18108457,rs773615171,A,G,gnomAD Exomes,PASS,NA,p.Ile333Thr,p.Ile333Thr,c.998T>C,missense_variant,,1,109376,9.14277355178467E-06,0,0,0,7160,0,0,0,17096,0,0,0,2316,0,0,0,9046,0,0,0,13392,0,0,0,42766,0,0,0,1914,0,0,1,15686,0,0
11,18108465,rs1313905932,C,A,gnomAD Exomes,PASS,NA,p.Leu330Phe,p.Leu330Phe,c.990G>T,missense_variant,,0,109380,0,0,0,0,7162,0,0,0,17098,0,0,0,2316,0,0,0,9046,0,0,0,13394,0,0,0,42764,0,0,0,1914,0,0,0,15686,0,0
11,18108472,rs768235249,G,GA,gnomAD Exomes,PASS,NA,p.Ser328PhefsTer12,p.Ser328PhefsTer12,c.982dupT,frameshift_variant,,4,109394,3.65650766952484E-05,0,0,0,7162,0,0,0,17108,0,0,0,2318,0,0,1,9046,0,0,0,13394,0,0,3,42766,0,0,0,1914,0,0,0,15686,0,0
11,18108479,rs1207393706,C,G,gnomAD Exomes,PASS,NA,p.Val326Leu,p.Val326Leu,c.976G>C,missense_variant,,1,109402,9.14060072027934E-06,0,0,0,7164,0,0,1,17108,0,0,0,2318,0,0,0,9046,0,0,0,13394,0,0,0,42768,0,0,0,1914,0,0,0,15690,0,0
11,18108491,rs939266767,C,G,gnomAD Exomes,PASS,NA,p.Val322Leu,p.Val322Leu,c.964G>C,missense_variant,,1,109408,9.14009944428195E-06,0,0,1,7164,0,0,0,17112,0,0,0,2320,0,0,0,9046,0,0,0,13394,0,0,0,42768,0,0,0,1914,0,0,0,15690,0,0
11,18108504,rs77630906,T,G,"gnomAD Exomes,gnomAD Genomes",PASS,PASS,p.Gln317His,p.Gln317His,c.951A>C,missense_variant,,749,120280,0.006227136681077,25,0,617,9738,23,0,59,17358,2,0,10,2358,0,0,0,9962,0,0,0,14552,0,0,55,48286,0,0,4,2336,0,0,4,15690,0,0
11,18108505,rs774033029,TGAA,T,gnomAD Exomes,PASS,NA,p.Leu316del,p.Leu316del,c.947_949delTTC,inframe_deletion,,2,109408,1.82801988885639E-05,0,0,0,7164,0,0,0,17112,0,0,0,2320,0,0,2,9046,0,0,0,13394,0,0,0,42768,0,0,0,1914,0,0,0,15690,0,0
11,18108512,rs35525096,T,C,"gnomAD Exomes,gnomAD Genomes",PASS,PASS,p.Ile315Val,p.Ile315Val,c.943A>G,missense_variant,,9549,120238,0.079417488647516,448,0,1369,9732,100,0,767,17352,24,0,154,2358,3,0,112,9958,0,0,1033,14552,46,0,4651,48270,211,0,201,2336,7,0,1262,15680,57,0
11,18108515,rs754719030,T,A,"gnomAD Exomes,gnomAD Genomes",PASS,PASS,p.Ile314Phe,p.Ile314Phe,c.940A>T,missense_variant,,2,120270,1.66292508522491E-05,0,0,2,9738,0,0,0,17358,0,0,0,2358,0,0,0,9962,0,0,0,14550,0,0,0,48280,0,0,0,2336,0,0,0,15688,0,0
11,18108515,rs754719030,T,C,gnomAD Exomes,PASS,NA,p.Ile314Val,p.Ile314Val,c.940A>G,missense_variant,,2,109404,1.82808672443421E-05,0,0,0,7164,0,0,0,17112,0,0,0,2320,0,0,0,9046,0,0,0,13394,0,0,1,42766,0,0,0,1914,0,0,1,15688,0,0
11,18108525,rs747789123,A,T,gnomAD Exomes,PASS,NA,p.Asp310Glu,p.Asp310Glu,c.930T>A,missense_variant,,1,109402,9.14060072027934E-06,0,0,0,7164,0,0,0,17110,0,0,0,2320,0,0,0,9044,0,0,0,13394,0,0,1,42768,0,0,0,1914,0,0,0,15688,0,0
11,18108532,rs200374853,T,C,gnomAD Exomes,PASS,NA,p.Gln308Arg,p.Gln308Arg,c.923A>G,missense_variant,,5,109404,4.57021681108552E-05,0,0,0,7164,0,0,0,17112,0,0,0,2320,0,0,0,9046,0,0,0,13394,0,0,4,42768,0,0,1,1914,0,0,0,15686,0,0
11,18108535,rs1043173792,C,G,gnomAD Exomes,PASS,NA,p.Cys307Ser,p.Cys307Ser,c.920G>C,missense_variant,,1,109402,9.14060072027934E-06,0,0,1,7164,0,0,0,17112,0,0,0,2320,0,0,0,9042,0,0,0,13394,0,0,0,42768,0,0,0,1914,0,0,0,15688,0,0
11,18108544,rs372728137,T,A,gnomAD Exomes,PASS,NA,p.His304Leu,p.His304Leu,c.911A>T,missense_variant,,4,109398,3.65637397393005E-05,0,0,4,7164,0,0,0,17106,0,0,0,2320,0,0,0,9044,0,0,0,13394,0,0,0,42768,0,0,0,1914,0,0,0,15688,0,0
11,18108553,rs1234328111,A,C,gnomAD Exomes,PASS,NA,p.Leu301Arg,p.Leu301Arg,c.902T>G,missense_variant,,1,109348,9.14511467973808E-06,0,0,0,7160,0,0,1,17090,0,0,0,2318,0,0,0,9044,0,0,0,13394,0,0,0,42756,0,0,0,1912,0,0,0,15674,0,0
11,18108555,rs759578623,G,T,gnomAD Exomes,PASS,NA,p.Asp300Glu,p.Asp300Glu,c.900C>A,missense_variant,,3,109390,2.74248103117287E-05,0,0,0,7164,0,0,0,17100,0,0,0,2320,0,0,3,9044,0,0,0,13394,0,0,0,42768,0,0,0,1914,0,0,0,15686,0,0
11,18108566,rs75862664,A,T,gnomAD Exomes,PASS,NA,p.Leu297Ile,p.Leu297Ile,c.889T>A,missense_variant,,7,109376,6.39994148624927E-05,0,0,0,7164,0,0,1,17090,0,0,0,2320,0,0,2,9046,0,0,0,13394,0,0,0,42764,0,0,0,1914,0,0,4,15684,0,0
11,18108578,rs1248367405,C,A,gnomAD Exomes,PASS,NA,p.Asp293Tyr,p.Asp293Tyr,c.877G>T,missense_variant,,1,109348,9.14511467973808E-06,0,0,0,7162,0,0,1,17084,0,0,0,2320,0,0,0,9044,0,0,0,13390,0,0,0,42754,0,0,0,1914,0,0,0,15680,0,0
11,18108595,rs201133892,C,A,gnomAD Exomes,PASS,NA,p.Cys287Phe,p.Cys287Phe,c.860G>T,missense_variant,,2,109294,1.82992661994254E-05,0,0,2,7156,0,0,0,17070,0,0,0,2306,0,0,0,9044,0,0,0,13386,0,0,0,42744,0,0,0,1912,0,0,0,15676,0,0
11,18108595,rs201133892,C,T,gnomAD Exomes,PASS,NA,p.Cys287Tyr,p.Cys287Tyr,c.860G>A,missense_variant,,3,109294,2.74488992991381E-05,0,0,0,7156,0,0,1,17070,0,0,0,2306,0,0,0,9044,0,0,0,13386,0,0,2,42744,0,0,0,1912,0,0,0,15676,0,0
11,18108598,rs766389237,T,C,gnomAD Exomes,PASS,NA,p.His286Arg,p.His286Arg,c.857A>G,missense_variant,,2,109330,1.82932406475807E-05,0,0,0,7162,0,0,0,17070,0,0,0,2318,0,0,0,9046,0,0,0,13384,0,0,1,42758,0,0,0,1912,0,0,1,15680,0,0
11,18108693,rs113681650,T,C,gnomAD Exomes,PASS,NA,p.Ile284Val,p.Ile284Val,c.850A>G,missense_variant,,1,109362,9.14394396591138E-06,0,0,0,7162,0,0,1,17092,0,0,0,2320,0,0,0,9044,0,0,0,13394,0,0,0,42758,0,0,0,1912,0,0,0,15680,0,0
11,18108696,rs775586584,C,G,gnomAD Exomes,PASS,NA,p.Ala283Pro,p.Ala283Pro,c.847G>C,missense_variant,,1,109366,9.14360953129857E-06,0,0,0,7164,0,0,0,17094,0,0,0,2320,0,0,0,9044,0,0,0,13394,0,0,0,42758,0,0,0,1914,0,0,1,15678,0,0
11,18108702,rs1248929289,T,C,gnomAD Exomes,PASS,NA,p.Ile281Val,p.Ile281Val,c.841A>G,missense_variant,,1,109372,9.14310792524595E-06,0,0,0,7162,0,0,1,17096,0,0,0,2320,0,0,0,9044,0,0,0,13394,0,0,0,42760,0,0,0,1914,0,0,0,15682,0,0
11,18108704,rs985203892,C,T,gnomAD Exomes,PASS,NA,p.Gly280Glu,p.Gly280Glu,c.839G>A,missense_variant,,1,109372,9.14310792524595E-06,0,0,0,7162,0,0,1,17098,0,0,0,2318,0,0,0,9046,0,0,0,13394,0,0,0,42760,0,0,0,1914,0,0,0,15680,0,0
11,18108726,rs1402795544,G,C,gnomAD Exomes,PASS,NA,p.Leu273Val,p.Leu273Val,c.817C>G,missense_variant,,2,109382,1.82845440748935E-05,0,0,0,7162,0,0,0,17100,0,0,0,2320,0,0,0,9046,0,0,0,13392,0,0,0,42762,0,0,0,1914,0,0,2,15686,0,0
11,18108727,rs768922456,T,A,gnomAD Exomes,PASS,NA,p.Gln272His,p.Gln272His,c.816A>T,missense_variant,,1,109380,9.1424392027793E-06,0,0,0,7162,0,0,0,17098,0,0,0,2320,0,0,0,9046,0,0,0,13394,0,0,1,42762,0,0,0,1914,0,0,0,15684,0,0
11,18108732,rs762822191,A,C,gnomAD Exomes,PASS,NA,p.Leu271Val,p.Leu271Val,c.811T>G,missense_variant,,1,109378,9.14260637422516E-06,0,0,0,7162,0,0,0,17100,0,0,0,2320,0,0,0,9046,0,0,0,13394,0,0,1,42762,0,0,0,1914,0,0,0,15680,0,0
11,18108735,rs919090097,T,C,gnomAD Exomes,PASS,NA,p.Ile270Val,p.Ile270Val,c.808A>G,missense_variant,,4,109370,3.65731004845936E-05,0,0,3,7162,0,0,1,17098,0,0,0,2320,0,0,0,9046,0,0,0,13394,0,0,0,42758,0,0,0,1914,0,0,0,15678,0,0
11,18108748,rs1305056514,A,T,gnomAD Genomes,NA,PASS,p.Asp265Glu,p.Asp265Glu,c.795T>A,missense_variant,,1,10882,9.18948722661275E-05,0,0,0,2574,0,0,0,246,0,0,0,38,0,0,0,916,0,0,0,1162,0,0,1,5522,0,0,0,424,0,0,0,0,0,0
11,18108749,rs962782801,T,A,"gnomAD Exomes,gnomAD Genomes",PASS,PASS,p.Asp265Val,p.Asp265Val,c.794A>T,missense_variant,,19,120240,0.000158017298736,0,0,0,9732,0,0,0,17344,0,0,0,2358,0,0,0,9960,0,0,2,14556,0,0,17,48272,0,0,0,2338,0,0,0,15680,0,0
11,18108758,rs766227780,T,A,gnomAD Exomes,PASS,NA,p.Glu262Val,p.Glu262Val,c.785A>T,missense_variant,,2,109330,1.82932406475807E-05,0,0,0,7158,0,0,0,17082,0,0,0,2318,0,0,0,9046,0,0,0,13392,0,0,2,42748,0,0,0,1914,0,0,0,15672,0,0
11,18108761,rs774462822,G,A,gnomAD Exomes,PASS,NA,p.Pro261Leu,p.Pro261Leu,c.782C>T,missense_variant,,1,109298,9.14929824882432E-06,0,0,0,7156,0,0,0,17078,0,0,0,2318,0,0,0,9042,0,0,0,13390,0,0,1,42732,0,0,0,1912,0,0,0,15670,0,0
11,18108771,rs759450805,A,C,gnomAD Exomes,PASS,NA,p.Ser258Ala,p.Ser258Ala,c.772T>G,missense_variant,,1,109252,9.15315051440706E-06,0,0,0,7150,0,0,0,17074,0,0,0,2318,0,0,0,9042,0,0,0,13388,0,0,0,42698,0,0,0,1914,0,0,1,15668,0,0
11,18110877,rs377347267,C,T,gnomAD Exomes,PASS,NA,p.Arg257His,p.Arg257His,c.770G>A,missense_variant,,1,89100,1.12233445566779E-05,0,0,0,6310,0,0,0,8800,0,0,0,2018,0,0,0,7856,0,0,0,13130,0,0,1,38214,0,0,0,1384,0,0,0,11388,0,0
11,18110878,rs777017807,G,T,gnomAD Exomes,PASS,NA,p.Arg257Ser,p.Arg257Ser,c.769C>A,missense_variant,,1,89272,1.12017205842817E-05,0,0,0,6298,0,0,0,8834,0,0,0,2034,0,0,0,7854,0,0,0,13136,0,0,1,38288,0,0,0,1384,0,0,0,11444,0,0
11,18110878,rs777017807,G,A,gnomAD Exomes,PASS,NA,p.Arg257Cys,p.Arg257Cys,c.769C>T,missense_variant,,2,89272,2.24034411685635E-05,0,0,1,6298,0,0,0,8834,0,0,0,2034,0,0,1,7854,0,0,0,13136,0,0,0,38288,0,0,0,1384,0,0,0,11444,0,0
11,18110892,rs759449327,G,C,gnomAD Exomes,PASS,NA,p.Ala252Gly,p.Ala252Gly,c.755C>G,missense_variant,,6,91126,6.58428988433597E-05,0,0,0,6378,0,0,0,9448,0,0,0,2058,0,0,0,8038,0,0,0,13170,0,0,0,38786,0,0,0,1434,0,0,6,11814,0,0
11,18110901,rs767483366,A,G,gnomAD Exomes,PASS,NA,p.Ile249Thr,p.Ile249Thr,c.746T>C,missense_variant,,3,96592,3.10584727513666E-05,0,0,0,6672,0,0,0,11294,0,0,0,2180,0,0,0,8372,0,0,0,13244,0,0,3,40062,0,0,0,1574,0,0,0,13194,0,0
11,18110902,rs774901866,T,C,gnomAD Exomes,PASS,NA,p.Ile249Val,p.Ile249Val,c.745A>G,missense_variant,,1,96606,1.03513239343312E-05,0,0,0,6666,0,0,0,11296,0,0,0,2178,0,0,0,8378,0,0,0,13244,0,0,1,40056,0,0,0,1572,0,0,0,13216,0,0
11,18110917,rs761385328,G,A,"gnomAD Exomes,gnomAD Genomes",PASS,PASS,p.Arg244Trp,p.Arg244Trp,c.730C>T,missense_variant,,3,112304,2.67132070095455E-05,0,0,1,9354,0,0,0,13716,0,0,0,2262,0,0,0,9466,0,0,0,14512,0,0,1,46504,0,0,0,2096,0,0,1,14394,0,0
11,18110922,rs201119990,A,G,gnomAD Exomes,PASS,NA,p.Val242Ala,p.Val242Ala,c.725T>C,missense_variant,,1,102254,9.77956852543666E-06,0,0,0,6812,0,0,0,13822,0,0,0,2228,0,0,1,8588,0,0,0,13362,0,0,0,41164,0,0,0,1708,0,0,0,14570,0,0
11,18110927,rs750798827,C,A,gnomAD Exomes,PASS,NA,p.Gln240His,p.Gln240His,c.720G>T,missense_variant,,1,104120,9.60430272762198E-06,0,0,0,6952,0,0,0,14460,0,0,0,2252,0,0,0,8800,0,0,0,13366,0,0,0,41636,0,0,0,1770,0,0,1,14884,0,0
11,18110930,rs758872674,C,G,gnomAD Exomes,PASS,NA,p.Glu239Asp,p.Glu239Asp,c.717G>C,missense_variant,,0,104218,0,0,0,0,6950,0,0,0,14560,0,0,0,2254,0,0,0,8782,0,0,0,13362,0,0,0,41676,0,0,0,1774,0,0,0,14860,0,0
11,18110932,rs780589061,C,G,gnomAD Exomes,PASS,NA,p.Glu239Gln,p.Glu239Gln,c.715G>C,missense_variant,,1,105844,9.44786667170553E-06,0,0,0,6982,0,0,1,15400,0,0,0,2270,0,0,0,8826,0,0,0,13386,0,0,0,42030,0,0,0,1830,0,0,0,15120,0,0
11,18110941,rs201228464,C,A,gnomAD Exomes,PASS,NA,p.Glu236Ter,p.Glu236Ter,c.706G>T,stop_gained,,4,106746,3.74721301032357E-05,0,0,0,6996,0,0,0,15888,0,0,0,2290,0,0,0,8870,0,0,0,13394,0,0,4,42222,0,0,0,1840,0,0,0,15246,0,0
11,18110971,rs748394306,C,T,gnomAD Exomes,PASS,NA,p.Ala226Thr,p.Ala226Thr,c.676G>A,missense_variant,,3,108410,2.76727239184577E-05,0,0,0,7118,0,0,0,16664,0,0,0,2304,0,0,0,8976,0,0,0,13392,0,0,2,42586,0,0,0,1882,0,0,1,15488,0,0
11,18110983,rs770127932,C,A,gnomAD Exomes,PASS,NA,p.Val222Phe,p.Val222Phe,c.664G>T,missense_variant,,7,108452,6.45446833622248E-05,0,0,0,7130,0,0,5,16618,0,0,2,2308,0,0,0,8992,0,0,0,13390,0,0,0,42618,0,0,0,1888,0,0,0,15508,0,0
11,18110990,rs34941131,T,G,gnomAD Exomes,PASS,NA,p.Leu219Phe,p.Leu219Phe,c.657A>C,missense_variant,,2,108594,1.84172237876862E-05,0,0,2,7134,0,0,0,16694,0,0,0,2310,0,0,0,8996,0,0,0,13392,0,0,0,42656,0,0,0,1896,0,0,0,15516,0,0
11,18110995,rs1218344494,T,C,gnomAD Exomes,PASS,NA,p.Met218Val,p.Met218Val,c.652A>G,missense_variant,,1,108446,9.22117920439666E-06,0,0,0,7122,0,0,0,16632,0,0,0,2312,0,0,0,8990,0,0,0,13392,0,0,0,42622,0,0,0,1892,0,0,1,15484,0,0
11,18111008,rs745643484,C,G,gnomAD Exomes,PASS,NA,p.Leu213Phe,p.Leu213Phe,c.639G>C,missense_variant,,1,108472,9.21896895051257E-06,0,0,0,7124,0,0,0,16642,0,0,0,2306,0,0,1,8996,0,0,0,13394,0,0,0,42626,0,0,0,1888,0,0,0,15496,0,0
11,18111018,rs771948543,A,G,gnomAD Exomes,PASS,NA,p.Leu210Pro,p.Leu210Pro,c.629T>C,missense_variant,,1,108286,9.23480412980441E-06,0,0,0,7128,0,0,0,16540,0,0,0,2304,0,0,0,8998,0,0,0,13390,0,0,1,42572,0,0,0,1880,0,0,0,15474,0,0
11,18111024,rs1246525179,T,A,gnomAD Exomes,PASS,NA,p.Asp208Val,p.Asp208Val,c.623A>T,missense_variant,,1,108244,9.23838734710469E-06,0,0,0,7130,0,0,0,16494,0,0,0,2306,0,0,0,9002,0,0,0,13394,0,0,1,42572,0,0,0,1888,0,0,0,15458,0,0
11,18111033,rs777041137,T,TC,gnomAD Exomes,PASS,NA,p.Glu205GlyfsTer8,p.Glu205GlyfsTer8,c.613dupG,frameshift_variant,,1,107496,9.30267172732009E-06,0,0,0,7108,0,0,0,16116,0,0,1,2294,0,0,0,8976,0,0,0,13380,0,0,0,42410,0,0,0,1870,0,0,0,15342,0,0
11,18111040,rs776109370,C,A,gnomAD Exomes,PASS,NA,p.Val203Leu,p.Val203Leu,c.607G>T,missense_variant,,2,107950,1.85270958777212E-05,0,0,0,7126,0,0,0,16302,0,0,0,2302,0,0,2,9002,0,0,0,13392,0,0,0,42512,0,0,0,1874,0,0,0,15440,0,0
11,18111057,rs1477074176,A,G,gnomAD Exomes,PASS,NA,p.Val197Ala,p.Val197Ala,c.590T>C,missense_variant,,0,107302,0,0,0,0,7120,0,0,0,15950,0,0,0,2300,0,0,0,8980,0,0,0,13390,0,0,0,42370,0,0,0,1858,0,0,0,15334,0,0
11,18111728,rs572996639,T,C,gnomAD Exomes,PASS,NA,p.Thr195Ala,p.Thr195Ala,c.583A>G,missense_variant,,2,101648,1.96757437431135E-05,0,0,0,7048,0,0,0,13802,0,0,0,2198,0,0,0,8994,0,0,0,13270,0,0,2,41490,0,0,0,1762,0,0,0,13084,0,0
11,18111736,rs1350666395,G,C,gnomAD Exomes,PASS,NA,p.Ser192Ter,p.Ser192Ter,c.575C>G,stop_gained,,0,103204,0,0,0,0,7050,0,0,0,14690,0,0,0,2228,0,0,0,9000,0,0,0,13326,0,0,0,41700,0,0,0,1802,0,0,0,13408,0,0
11,18111745,rs111248677,A,G,"gnomAD Exomes,gnomAD Genomes",PASS,PASS,p.Phe189Ser,p.Phe189Ser,c.566T>C,missense_variant,,11,115680,9.50899031811895E-05,0,0,11,9664,0,0,0,15696,0,0,0,2302,0,0,0,9926,0,0,0,14502,0,0,0,47530,0,0,0,2264,0,0,0,13796,0,0
11,18111752,rs774564735,T,C,gnomAD Exomes,PASS,NA,p.Ile187Val,p.Ile187Val,c.559A>G,missense_variant,,1,105322,9.494692466911E-06,0,0,0,7102,0,0,0,15686,0,0,0,2274,0,0,0,9012,0,0,0,13352,0,0,0,42142,0,0,0,1844,0,0,1,13910,0,0
11,18111760,rs760186421,T,C,gnomAD Exomes,PASS,NA,p.Tyr184Cys,p.Tyr184Cys,c.551A>G,missense_variant,,1,106242,9.41247340976262E-06,0,0,0,7128,0,0,0,16048,0,0,0,2292,0,0,1,9014,0,0,0,13368,0,0,0,42340,0,0,0,1870,0,0,0,14182,0,0
11,18111764,rs1489805781,T,C,gnomAD Genomes,NA,PASS,p.Ile183Val,p.Ile183Val,c.547A>G,missense_variant,,1,10736,9.31445603576751E-05,0,0,0,2560,0,0,0,244,0,0,0,38,0,0,0,916,0,0,0,1150,0,0,1,5404,0,0,0,424,0,0,0,0,0,0
11,18111779,rs140441709,G,C,gnomAD Exomes,PASS,NA,p.Gln178Glu,p.Gln178Glu,c.532C>G,missense_variant,,1,108224,9.2400946185689E-06,0,0,1,7140,0,0,0,16770,0,0,0,2316,0,0,0,9032,0,0,0,13382,0,0,0,42604,0,0,0,1900,0,0,0,15080,0,0
11,18111784,rs75859318,C,T,"gnomAD Exomes,gnomAD Genomes",PASS,PASS,p.Arg176Lys,p.Arg176Lys,c.527G>A,missense_variant,,67,118654,0.000564667015018,0,0,64,9670,0,0,3,16962,0,0,0,2350,0,0,0,9940,0,0,0,14514,0,0,0,47894,0,0,0,2306,0,0,0,15018,0,0
11,18111792,rs367917418,C,A,gnomAD Exomes,PASS,NA,p.Trp173Cys,p.Trp173Cys,c.519G>T,missense_variant,,1,108164,9.24522022114567E-06,0,0,0,7134,0,0,0,16780,0,0,0,2310,0,0,0,9032,0,0,0,13384,0,0,1,42596,0,0,0,1890,0,0,0,15038,0,0
11,18111794,rs1306805150,A,C,gnomAD Exomes,PASS,NA,p.Trp173Gly,p.Trp173Gly,c.517T>G,missense_variant,,1,108204,9.24180252116373E-06,0,0,0,7148,0,0,0,16762,0,0,0,2314,0,0,0,9036,0,0,0,13386,0,0,1,42618,0,0,0,1896,0,0,0,15044,0,0
11,18111980,rs775947574,C,T,gnomAD Exomes,PASS,NA,c.473+1G>A,,c.473+1G>A,splice_donor_variant,,5,106536,4.69324923030713E-05,0,0,0,7058,0,0,2,16006,0,0,0,2274,0,0,0,9034,0,0,0,13380,0,0,3,42274,0,0,0,1864,0,0,0,14646,0,0
11,18111983,rs1261899662,G,A,gnomAD Exomes,PASS,NA,p.Ala156Val,p.Ala156Val,c.467C>T,missense_variant,,1,106840,9.35979034069637E-06,0,0,0,7064,0,0,0,16100,0,0,0,2276,0,0,0,9040,0,0,1,13382,0,0,0,42330,0,0,0,1874,0,0,0,14774,0,0
11,18111988,rs754799641,T,C,gnomAD Exomes,PASS,NA,p.Thr156Ala,p.Thr156Ala,c.466A>G,missense_variant,,1,107172,9.33079535699623E-06,0,0,0,7068,0,0,0,16230,0,0,0,2278,0,0,0,9042,0,0,0,13384,0,0,1,42408,0,0,0,1870,0,0,0,14892,0,0
11,18112003,rs780898180,G,A,gnomAD Exomes,PASS,NA,p.Pro151Ser,p.Pro151Ser,c.451C>T,missense_variant,,2,108206,1.84832634049868E-05,0,0,0,7038,0,0,0,16712,0,0,0,2280,0,0,0,9044,0,0,0,13386,0,0,0,42540,0,0,0,1882,0,0,2,15324,0,0
11,18112013,rs748092915,A,G,gnomAD Exomes,PASS,NA,p.Ile146Thr,p.Ile146Thr,c.437T>C,missense_variant,,0,108088,0,0,0,0,7036,0,0,0,16636,0,0,0,2274,0,0,0,9040,0,0,0,13386,0,0,0,42536,0,0,0,1890,0,0,0,15290,0,0
11,18112017,rs755993430,T,C,gnomAD Exomes,PASS,NA,p.Tyr146Cys,p.Tyr146Cys,c.437A>G,missense_variant,,1,107490,9.30319099451112E-06,0,0,0,7036,0,0,0,16392,0,0,0,2262,0,0,0,9040,0,0,0,13386,0,0,1,42436,0,0,0,1884,0,0,0,15054,0,0
11,18112020,rs1320461637,A,C,gnomAD Exomes,PASS,NA,p.Leu145Trp,p.Leu145Trp,c.434T>G,missense_variant,,1,107272,9.32209709896338E-06,0,0,0,7026,0,0,0,16284,0,0,0,2262,0,0,1,9040,0,0,0,13382,0,0,0,42380,0,0,0,1876,0,0,0,15022,0,0
11,18112025,rs1363200956,G,C,gnomAD Exomes,PASS,NA,p.His143Gln,p.His143Gln,c.429C>G,missense_variant,,1,106814,9.36206864268729E-06,0,0,0,7010,0,0,1,16094,0,0,0,2264,0,0,0,9030,0,0,0,13382,0,0,0,42308,0,0,0,1868,0,0,0,14858,0,0
11,18112028,rs777407274,C,T,gnomAD Exomes,PASS,NA,p.Cys141Tyr,p.Cys141Tyr,c.422G>A,missense_variant,,3,106490,2.81716593107334E-05,0,0,0,7006,0,0,0,15960,0,0,0,2246,0,0,0,9030,0,0,0,13378,0,0,2,42216,0,0,0,1864,0,0,1,14790,0,0
11,18112035,rs770665379,A,G,gnomAD Exomes,PASS,NA,p.Val140Ala,p.Val140Ala,c.419T>C,missense_variant,,1,105612,9.46862099003901E-06,0,0,0,6944,0,0,0,15608,0,0,0,2228,0,0,1,9010,0,0,0,13352,0,0,0,42064,0,0,0,1834,0,0,0,14572,0,0
11,18112038,rs1264819077,T,C,gnomAD Exomes,PASS,NA,c.414-2A>G,,c.414-2A>G,splice_acceptor_variant,,0,105594,0,0,0,0,6948,0,0,0,15582,0,0,0,2222,0,0,0,9016,0,0,0,13362,0,0,0,42068,0,0,0,1838,0,0,0,14558,0,0
11,18112039,rs774168235,G,C,gnomAD Exomes,PASS,NA,p.Gln139Glu,p.Gln139Glu,c.415C>G,missense_variant,,1,105470,9.48136910969944E-06,0,0,0,6938,0,0,0,15532,0,0,0,2220,0,0,0,9012,0,0,0,13360,0,0,1,42032,0,0,0,1836,0,0,0,14540,0,0
11,18113793,rs1219253268,C,G,gnomAD Exomes,PASS,NA,p.Gly138Arg,p.Gly138Arg,c.412G>C,missense_variant,,1,107558,9.2973093586716E-06,0,0,0,7128,0,0,0,16440,0,0,0,2260,0,0,0,8966,0,0,0,13386,0,0,0,42582,0,0,0,1890,0,0,1,14906,0,0
11,18113820,rs1056164349,C,T,gnomAD Exomes,PASS,NA,p.Val129Met,p.Val129Met,c.385G>A,missense_variant,,1,109302,9.14896342244424E-06,0,0,0,7160,0,0,1,17048,0,0,0,2318,0,0,0,9036,0,0,0,13394,0,0,0,42762,0,0,0,1914,0,0,0,15670,0,0
11,18113834,rs147946104,A,C,"gnomAD Exomes,gnomAD Genomes",PASS,PASS,p.Phe124Cys,p.Phe124Cys,c.371T>G,missense_variant,,4,120230,3.32695666638942E-05,0,0,3,9730,0,0,1,17326,0,0,0,2358,0,0,0,9958,0,0,0,14556,0,0,0,48284,0,0,0,2338,0,0,0,15680,0,0
11,18113838,rs771834868,A,G,gnomAD Exomes,PASS,NA,p.Cys123Arg,p.Cys123Arg,c.367T>C,missense_variant,,1,109324,9.1471223153196E-06,0,0,0,7160,0,0,0,17064,0,0,0,2320,0,0,0,9040,0,0,0,13394,0,0,0,42756,0,0,0,1914,0,0,1,15676,0,0
11,18113844,rs780628837,T,C,gnomAD Exomes,PASS,NA,p.Met121Val,p.Met121Val,c.361A>G,missense_variant,,1,109348,9.14511467973808E-06,0,0,0,7160,0,0,0,17080,0,0,0,2320,0,0,0,9044,0,0,0,13394,0,0,1,42760,0,0,0,1914,0,0,0,15676,0,0
11,18113868,rs777039946,T,C,gnomAD Exomes,PASS,NA,p.Ile113Val,p.Ile113Val,c.337A>G,missense_variant,,1,109228,9.15516168015527E-06,0,0,0,7158,0,0,0,17018,0,0,0,2316,0,0,0,9042,0,0,0,13394,0,0,0,42748,0,0,0,1912,0,0,1,15640,0,0
11,18113873,rs1441686388,T,C,gnomAD Exomes,PASS,NA,c.334-2A>G,,c.334-2A>G,splice_acceptor_variant,,1,109036,9.17128287904912E-06,0,0,0,7158,0,0,0,16944,0,0,0,2312,0,0,0,9040,0,0,1,13394,0,0,0,42734,0,0,0,1898,0,0,0,15556,0,0
11,18118325,rs770283861,C,T,gnomAD Genomes,NA,PASS,p.Arg109Gln,p.Arg109Gln,c.326G>A,missense_variant,,1,10866,9.20301859009755E-05,0,0,1,2568,0,0,0,246,0,0,0,38,0,0,0,916,0,0,0,1162,0,0,0,5514,0,0,0,422,0,0,0,0,0,0
11,18118335,rs770948110,T,C,gnomAD Exomes,PASS,NA,p.Lys106Glu,p.Lys106Glu,c.316A>G,missense_variant,,2,107968,1.85240071132187E-05,0,0,0,7144,0,0,0,16528,0,0,0,2316,0,0,0,9012,0,0,0,13370,0,0,2,42604,0,0,0,1896,0,0,0,15098,0,0
11,18118335,rs770948110,T,G,"gnomAD Exomes,gnomAD Genomes",PASS,PASS,p.Lys106Gln,p.Lys106Gln,c.316A>C,missense_variant,,25,118840,0.000210366879838,0,0,0,9718,0,0,0,16774,0,0,0,2354,0,0,0,9928,0,0,7,14532,0,0,7,48120,0,0,0,2316,0,0,11,15098,0,0
11,18118358,rs767470973,AAT,A,gnomAD Exomes,PASS,NA,p.Phe98HisfsTer22,p.Phe98HisfsTer22,c.291_292delAT,frameshift_variant,,1,105330,9.49397132820659E-06,0,0,0,7096,0,0,0,15342,0,0,0,2290,0,0,0,8990,0,0,0,13364,0,0,0,42196,0,0,0,1866,0,0,1,14186,0,0
11,18118367,rs150665718,G,A,"gnomAD Exomes,gnomAD Genomes",PASS,PASS,p.Pro95Leu,p.Pro95Leu,c.284C>T,missense_variant,,209,114204,0.001830058491822,2,0,3,9614,0,0,11,14612,0,0,12,2306,0,0,0,9892,0,0,20,14492,1,0,120,47358,0,0,4,2230,0,0,39,13700,1,0
11,18118383,rs1318448700,G,A,gnomAD Exomes,PASS,NA,p.Gln90Ter,p.Gln90Ter,c.268C>T,stop_gained,,1,103958,9.61926932030243E-06,0,0,0,7086,0,0,1,14680,0,0,0,2270,0,0,0,8960,0,0,0,13314,0,0,0,41954,0,0,0,1830,0,0,0,13864,0,0
11,18118386,rs751188505,G,A,gnomAD Exomes,PASS,NA,p.Leu89Phe,p.Leu89Phe,c.265C>T,missense_variant,,1,104884,9.5343427024141E-06,0,0,0,7092,0,0,0,15144,0,0,0,2278,0,0,0,8964,0,0,0,13302,0,0,1,42134,0,0,0,1852,0,0,0,14118,0,0
11,18118394,rs754645831,G,A,gnomAD Exomes,PASS,NA,p.Ala86Val,p.Ala86Val,c.257C>T,missense_variant,,5,105482,4.74014523805009E-05,0,0,0,7102,0,0,0,15468,0,0,0,2288,0,0,0,8966,0,0,0,13286,0,0,0,42218,0,0,0,1850,0,0,5,14304,0,0
11,18118397,rs202173040,A,C,gnomAD Exomes,PASS,NA,p.Val85Gly,p.Val85Gly,c.254T>G,missense_variant,,1,104912,9.53179807838951E-06,0,0,0,7060,0,0,0,15266,0,0,0,2282,0,0,1,8936,0,0,0,13288,0,0,0,42064,0,0,0,1842,0,0,0,14174,0,0
11,18124788,rs907302432,T,C,"gnomAD Exomes,gnomAD Genomes",PASS,PASS,p.Met81Val,p.Met81Val,c.241A>G,missense_variant,,2,120206,1.66381045871254E-05,0,0,0,9734,0,0,0,17356,0,0,0,2358,0,0,0,9962,0,0,0,14482,0,0,1,48288,0,0,1,2338,0,0,0,15688,0,0
11,18124802,rs767178556,A,C,gnomAD Exomes,PASS,NA,c.203+2T>G,,c.203+2T>G,splice_donor_variant,mnv,1,109344,9.14544922446591E-06,0,0,0,7162,0,0,0,17112,0,0,0,2320,0,0,0,9046,0,0,0,13334,0,0,1,42768,0,0,0,1914,0,0,0,15688,0,0
11,18124803,rs370854148,C,T,gnomAD Exomes,PASS,NA,c.203+1G>A,,c.203+1G>A,splice_donor_variant,,1,109342,9.14561650600867E-06,0,0,0,7162,0,0,0,17112,0,0,0,2320,0,0,0,9046,0,0,0,13332,0,0,1,42768,0,0,0,1914,0,0,0,15688,0,0
11,18124805,rs772461882,C,G,gnomAD Exomes,PASS,NA,p.Arg75Thr,p.Arg75Thr,c.224G>C,missense_variant,,1,109340,9.14578379367112E-06,0,0,0,7162,0,0,0,17112,0,0,0,2320,0,0,0,9046,0,0,0,13330,0,0,1,42768,0,0,0,1914,0,0,0,15688,0,0
11,18124832,rs200368177,T,A,gnomAD Exomes,PASS,NA,p.Asp66Val,p.Asp66Val,c.197A>T,missense_variant,,3,109306,2.74458858617093E-05,0,0,0,7162,0,0,0,17112,0,0,0,2320,0,0,0,9046,0,0,0,13296,0,0,0,42768,0,0,0,1914,0,0,3,15688,0,0
11,18124841,rs772230249,G,A,gnomAD Genomes,NA,PASS,p.Thr63Met,p.Thr63Met,c.188C>T,missense_variant,,1,10880,9.19117647058823E-05,0,0,0,2574,0,0,0,246,0,0,0,38,0,0,0,916,0,0,0,1162,0,0,1,5520,0,0,0,424,0,0,0,0,0,0
11,18124875,rs761484261,T,G,gnomAD Exomes,PASS,NA,p.Thr52Pro,p.Thr52Pro,c.154A>C,missense_variant,,2,109194,1.83160246900013E-05,0,0,0,7162,0,0,0,17110,0,0,0,2320,0,0,0,9046,0,0,0,13188,0,0,2,42766,0,0,0,1914,0,0,0,15688,0,0
11,18124885,rs373896935,G,C,gnomAD Exomes,PASS,NA,p.Ser48Arg,p.Ser48Arg,c.144C>G,missense_variant,,5,109108,4.58261539025553E-05,0,0,0,7162,0,0,0,17108,0,0,0,2320,0,0,5,9046,0,0,0,13106,0,0,0,42766,0,0,0,1912,0,0,0,15688,0,0
11,18124886,rs773784815,C,T,gnomAD Exomes,PASS,NA,p.Ser48Asn,p.Ser48Asn,c.143G>A,missense_variant,,1,109120,9.16422287390029E-06,0,0,0,7162,0,0,1,17108,0,0,0,2320,0,0,0,9046,0,0,0,13116,0,0,0,42766,0,0,0,1914,0,0,0,15688,0,0
11,18124891,rs374228988,A,C,gnomAD Exomes,PASS,NA,p.Ile46Met,p.Ile46Met,c.138T>G,missense_variant,,12,109072,0.000110019069972,0,0,0,7162,0,0,12,17104,0,0,0,2320,0,0,0,9046,0,0,0,13072,0,0,0,42766,0,0,0,1914,0,0,0,15688,0,0
11,18124892,rs1403267566,A,G,gnomAD Genomes,NA,PASS,p.Ile46Thr,p.Ile46Thr,c.137T>C,missense_variant,,1,10876,9.19455682236116E-05,0,0,1,2572,0,0,0,246,0,0,0,38,0,0,0,916,0,0,0,1162,0,0,0,5518,0,0,0,424,0,0,0,0,0,0
11,18127457,rs771624025,G,C,gnomAD Exomes,PASS,NA,p.Ile44Met,p.Ile44Met,c.132C>G,missense_variant,,1,97974,1.02067895564129E-05,0,0,1,5814,0,0,0,15814,0,0,0,1998,0,0,0,8122,0,0,0,12278,0,0,0,38054,0,0,0,1710,0,0,0,14184,0,0
11,18127464,rs77233279,C,T,"gnomAD Exomes,gnomAD Genomes",PASS,PASS,p.Gly42Glu,p.Gly42Glu,c.125G>A,missense_variant,,1700,109916,0.015466356126497,24,0,37,8472,0,0,191,16204,0,0,35,2084,1,0,0,9120,0,0,178,13602,2,0,1210,44038,21,0,31,2170,0,0,18,14226,0,0
11,18127466,rs1469795774,G,C,gnomAD Exomes,PASS,NA,p.Ser41Arg,p.Ser41Arg,c.123C>G,missense_variant,,2,99498,2.01009065508854E-05,1,0,0,5910,0,0,0,16020,0,0,0,2056,0,0,0,8250,0,0,0,12420,0,0,0,38800,0,0,0,1746,0,0,2,14296,1,0
11,18127468,rs149299177,T,C,gnomAD Exomes,PASS,NA,p.Ser41Gly,p.Ser41Gly,c.121A>G,missense_variant,,1,100348,9.96532068401961E-06,0,0,0,5982,0,0,0,16126,0,0,0,2072,0,0,0,8320,0,0,0,12574,0,0,1,39124,0,0,0,1762,0,0,0,14388,0,0
11,18127468,rs149299177,T,G,"gnomAD Exomes,gnomAD Genomes",PASS,PASS,p.Ser41Arg,p.Ser41Arg,c.121A>C,missense_variant,,33,111224,0.000296698554269,0,0,30,8554,0,0,1,16372,0,0,0,2110,0,0,0,9236,0,0,0,13736,0,0,0,44644,0,0,2,2184,0,0,0,14388,0,0
11,18127474,rs1294893607,C,G,gnomAD Exomes,PASS,NA,p.Val39Leu,p.Val39Leu,c.115G>C,missense_variant,,0,100480,0,0,0,0,6016,0,0,0,16162,0,0,0,2070,0,0,0,8326,0,0,0,12592,0,0,0,39222,0,0,0,1766,0,0,0,14326,0,0
11,18127474,rs1294893607,C,T,gnomAD Exomes,PASS,NA,p.Val39Ile,p.Val39Ile,c.115G>A,missense_variant,,1,100480,9.95222929936306E-06,0,0,0,6016,0,0,0,16162,0,0,0,2070,0,0,1,8326,0,0,0,12592,0,0,0,39222,0,0,0,1766,0,0,0,14326,0,0
11,18127477,rs144596908,C,T,"gnomAD Exomes,gnomAD Genomes",PASS,PASS,p.Gly38Ser,p.Gly38Ser,c.112G>A,missense_variant,,5,111928,4.46715745836609E-05,0,0,5,8642,0,0,0,16444,0,0,0,2152,0,0,0,9264,0,0,0,13818,0,0,0,44996,0,0,0,2196,0,0,0,14416,0,0
11,18127483,rs889750640,G,A,gnomAD Exomes,PASS,NA,p.Leu36Phe,p.Leu36Phe,c.106C>T,missense_variant,,2,101764,1.96533155143273E-05,0,0,0,6088,0,0,2,16292,0,0,0,2110,0,0,0,8470,0,0,0,12700,0,0,0,39826,0,0,0,1786,0,0,0,14492,0,0
11,18127501,rs780352663,C,T,gnomAD Exomes,PASS,NA,p.Val30Ile,p.Val30Ile,c.88G>A,missense_variant,,5,103714,4.82094991997223E-05,0,0,0,6322,0,0,0,16534,0,0,0,2144,0,0,5,8570,0,0,0,12834,0,0,0,40748,0,0,0,1844,0,0,0,14718,0,0
11,18127510,rs781589261,C,T,gnomAD Exomes,PASS,NA,p.Gly27Arg,p.Gly27Arg,c.79G>A,missense_variant,,2,103954,1.92392789118264E-05,0,0,0,6406,0,0,0,16584,0,0,0,2152,0,0,2,8528,0,0,0,12738,0,0,0,40848,0,0,0,1828,0,0,0,14870,0,0
11,18127525,rs748275486,C,T,gnomAD Exomes,PASS,NA,p.Gly22Ser,p.Gly22Ser,c.64G>A,missense_variant,,1,104096,9.6065170611743E-06,0,0,0,6498,0,0,0,16602,0,0,0,2186,0,0,1,8452,0,0,0,12648,0,0,0,41016,0,0,0,1804,0,0,0,14890,0,0
11,18127527,rs1474677775,G,A,gnomAD Genomes,NA,PASS,p.Ala21Val,p.Ala21Val,c.62C>T,missense_variant,,1,10758,9.2954080684142E-05,0,0,0,2570,0,0,0,246,0,0,0,38,0,0,0,856,0,0,0,1158,0,0,1,5470,0,0,0,420,0,0,0,0,0,0
11,18127530,rs3830499,A,ACCT,"gnomAD Exomes,gnomAD Genomes",PASS,PASS,p.Glu19dup,p.Glu19dup,c.56_58dupAGG,inframe_insertion,,91,105324,0.000864000607649,1,0,1,8558,0,0,2,15242,0,0,0,2026,0,0,57,8786,1,0,4,12262,0,0,11,42870,0,0,3,2056,0,0,13,13524,0,0
11,18127530,rs3830499,A,ACCTCCT,"gnomAD Exomes,gnomAD Genomes",PASS,PASS,p.Glu18_Glu19dup,p.Glu18_Glu19dup,c.53_58dupAGGAGG,inframe_insertion,,1192,105324,0.011317458508982,41,0,8,8558,0,0,3,15242,0,0,0,2026,0,0,1015,8786,40,0,50,12262,0,0,38,42870,0,0,8,2056,0,0,70,13524,1,0
11,18127530,rs3830499,ACCTCCT,A,"gnomAD Exomes,gnomAD Genomes",PASS,PASS,p.Glu18_Glu19del,p.Glu18_Glu19del,c.53_58delAGGAGG,inframe_deletion,,8,105324,7.59560973757168E-05,0,0,8,8558,0,0,0,15242,0,0,0,2026,0,0,0,8786,0,0,0,12262,0,0,0,42870,0,0,0,2056,0,0,0,13524,0,0
11,18127546,rs1426709971,C,G,"gnomAD Exomes,gnomAD Genomes",PASS,PASS,p.Glu15Gln,p.Glu15Gln,c.43G>C,missense_variant,,4,113906,3.51166751531965E-05,0,0,0,9108,0,0,3,16890,0,0,0,2226,0,0,0,9612,0,0,0,12630,0,0,1,46246,0,0,0,2220,0,0,0,14974,0,0
11,18127549,rs1385760501,T,C,gnomAD Exomes,PASS,NA,p.Lys14Glu,p.Lys14Glu,c.40A>G,missense_variant,,0,101912,0,0,0,0,6552,0,0,0,16602,0,0,0,2176,0,0,0,8126,0,0,0,11144,0,0,0,40636,0,0,0,1794,0,0,0,14882,0,0
11,18127555,rs775017394,G,A,gnomAD Exomes,PASS,NA,p.Arg12Cys,p.Arg12Cys,c.34C>T,missense_variant,,1,98436,1.01588849607867E-05,0,0,0,6532,0,0,1,16392,0,0,0,2120,0,0,0,8254,0,0,0,9852,0,0,0,38920,0,0,0,1726,0,0,0,14640,0,0
11,18127555,rs775017394,G,C,gnomAD Genomes,NA,PASS,p.Arg12Gly,p.Arg12Gly,c.34C>G,missense_variant,,1,10342,9.66930961129375E-05,0,0,1,2562,0,0,0,240,0,0,0,34,0,0,0,890,0,0,0,1094,0,0,0,5124,0,0,0,398,0,0,0,0,0,0
11,18127557,rs746496552,C,G,gnomAD Exomes,PASS,NA,p.Gly11Ala,p.Gly11Ala,c.32G>C,missense_variant,,1,96578,1.03543250015531E-05,0,0,0,6526,0,0,0,16272,0,0,0,2100,0,0,1,8324,0,0,0,9218,0,0,0,37966,0,0,0,1706,0,0,0,14466,0,0
11,18127558,rs148650821,C,CCGG,"gnomAD Exomes,gnomAD Genomes",PASS,PASS,p.Pro10dup,p.Pro10dup,c.28_30dupCCG,inframe_insertion,,21462,110730,0.193822812246004,2024,0,410,9030,13,0,2277,16668,124,0,448,2228,48,0,1297,9530,81,0,2789,11026,361,0,10703,45200,1073,0,508,2184,55,0,3030,14864,269,0
11,18127558,rs148650821,C,CCGGCGG,gnomAD Exomes,PASS,NA,p.Pro9_Pro10dup,p.Pro9_Pro10dup,c.25_30dupCCGCCG,inframe_insertion,,7,99906,7.00658619101956E-05,0,0,0,6462,0,0,0,16422,0,0,0,2190,0,0,1,8616,0,0,0,9868,0,0,1,39722,0,0,0,1762,0,0,5,14864,0,0
11,18127563,rs776272119,G,T,gnomAD Exomes,PASS,NA,p.Pro9Gln,p.Pro9Gln,c.26C>A,missense_variant,,0,104008,0,0,0,0,6626,0,0,0,16776,0,0,0,2256,0,0,0,8842,0,0,0,10960,0,0,0,41378,0,0,0,1832,0,0,0,15338,0,0
11,18127566,rs761316997,G,A,gnomAD Exomes,PASS,NA,p.Pro8Leu,p.Pro8Leu,c.23C>T,missense_variant,,1,103040,9.70496894409938E-06,0,0,0,6548,0,0,0,16774,0,0,0,2248,0,0,1,8804,0,0,0,10324,0,0,0,41208,0,0,0,1826,0,0,0,15308,0,0
11,18127575,rs773449467,G,A,gnomAD Exomes,PASS,NA,p.Pro5Leu,p.Pro5Leu,c.14C>T,missense_variant,,1,101844,9.81893876909784E-06,0,0,0,6558,0,0,0,16778,0,0,0,2250,0,0,0,8790,0,0,0,9192,0,0,0,41114,0,0,0,1814,0,0,1,15348,0,0
11,18127576,rs753560727,G,C,gnomAD Genomes,NA,PASS,p.Pro5Ala,p.Pro5Ala,c.13C>G,missense_variant,,1,10768,9.28677563150074E-05,0,0,0,2558,0,0,0,244,0,0,0,36,0,0,0,914,0,0,0,1148,0,0,1,5446,0,0,0,422,0,0,0,0,0,0
11,18127582,rs368016177,G,C,gnomAD Exomes,PASS,NA,p.Arg3Gly,p.Arg3Gly,c.7C>G,missense_variant,,1,99886,1.00114130108323E-05,0,0,0,6528,0,0,1,16608,0,0,0,2214,0,0,0,8738,0,0,0,8042,0,0,0,40754,0,0,0,1782,0,0,0,15220,0,0
11,18127582,rs368016177,G,A,gnomAD Exomes,PASS,NA,p.Arg3Cys,p.Arg3Cys,c.7C>T,missense_variant,,4,99886,4.00456520433294E-05,0,0,2,6528,0,0,1,16608,0,0,0,2214,0,0,0,8738,0,0,0,8042,0,0,1,40754,0,0,0,1782,0,0,0,15220,0,0
11,18127586,rs756276050,C,G,gnomAD Exomes,PASS,NA,p.Met1?,p.Met1?,c.3G>C,start_lost,,1,99272,1.00733338705778E-05,0,0,0,6518,0,0,0,16590,0,0,0,2200,0,0,1,8720,0,0,0,7620,0,0,0,40650,0,0,0,1768,0,0,0,15206,0,0
