Chromosome,Position,rsID,Reference,Alternate,Source,Filters - exomes,Filters - genomes,Consequence,Protein Consequence,Transcript Consequence,Annotation,Flags,Allele Count,Allele Number,Allele Frequency,Homozygote Count,Hemizygote Count,Allele Count African,Allele Number African,Homozygote Count African,Hemizygote Count African,Allele Count Latino,Allele Number Latino,Homozygote Count Latino,Hemizygote Count Latino,Allele Count Ashkenazi Jewish,Allele Number Ashkenazi Jewish,Homozygote Count Ashkenazi Jewish,Hemizygote Count Ashkenazi Jewish,Allele Count East Asian,Allele Number East Asian,Homozygote Count East Asian,Hemizygote Count East Asian,Allele Count European (Finnish),Allele Number European (Finnish),Homozygote Count European (Finnish),Hemizygote Count European (Finnish),Allele Count European (non-Finnish),Allele Number European (non-Finnish),Homozygote Count European (non-Finnish),Hemizygote Count European (non-Finnish),Allele Count Other,Allele Number Other,Homozygote Count Other,Hemizygote Count Other,Allele Count South Asian,Allele Number South Asian,Homozygote Count South Asian,Hemizygote Count South Asian
2,65296579,rs756660123,A,G,gnomAD Exomes,PASS,NA,p.Met1?,p.Met1?,c.1A>G,start_lost,,3,79352,3.78062304667809E-05,0,0,0,7040,0,0,1,10432,0,0,0,1152,0,0,0,8916,0,0,0,11916,0,0,2,30980,0,0,0,1356,0,0,0,7560,0,0
2,65296581,rs779932004,G,A,gnomAD Exomes,PASS,NA,p.Met1?,p.Met1?,c.3G>A,start_lost,,1,79470,1.25833647917453E-05,0,0,0,7040,0,0,1,10492,0,0,0,1154,0,0,0,8918,0,0,0,11918,0,0,0,31002,0,0,0,1360,0,0,0,7586,0,0
2,65296585,rs959306372,C,A,gnomAD Exomes,PASS,NA,p.Leu3Met,p.Leu3Met,c.7C>A,missense_variant,,1,80008,1.24987501249875E-05,0,0,0,7042,0,0,1,10742,0,0,0,1154,0,0,0,8924,0,0,0,11924,0,0,0,31080,0,0,0,1364,0,0,0,7778,0,0
2,65296588,rs768820202,G,A,gnomAD Exomes,PASS,NA,p.Gly4Ser,p.Gly4Ser,c.10G>A,missense_variant,,1,80094,1.24853297375584E-05,0,0,0,7046,0,0,0,10774,0,0,0,1158,0,0,0,8924,0,0,0,11924,0,0,0,31108,0,0,0,1366,0,0,1,7794,0,0
2,65296588,rs768820202,G,T,gnomAD Exomes,PASS,NA,p.Gly4Cys,p.Gly4Cys,c.10G>T,missense_variant,,2,80094,2.49706594751167E-05,0,0,1,7046,0,0,0,10774,0,0,0,1158,0,0,0,8924,0,0,0,11924,0,0,0,31108,0,0,1,1366,0,0,0,7794,0,0
2,65296605,rs1005841044,A,C,gnomAD Exomes,PASS,NA,p.Glu9Asp,p.Glu9Asp,c.27A>C,missense_variant,,1,81138,1.23246814069856E-05,0,0,0,7046,0,0,0,11002,0,0,0,1166,0,0,0,8934,0,0,0,11936,0,0,1,31546,0,0,0,1390,0,0,0,8118,0,0
2,65296616,rs200538109,C,G,gnomAD Exomes,PASS,NA,p.Ser13Cys,p.Ser13Cys,c.38C>G,missense_variant,,7,84196,8.3139341536415E-05,0,0,0,7054,0,0,2,11822,0,0,5,1232,0,0,0,8954,0,0,0,12016,0,0,0,32642,0,0,0,1432,0,0,0,9044,0,0
2,65296624,rs200536462,A,G,gnomAD Exomes,PASS,NA,p.Thr16Ala,p.Thr16Ala,c.46A>G,missense_variant,,1,86600,1.15473441108545E-05,0,0,0,7064,0,0,0,12300,0,0,0,1276,0,0,1,8974,0,0,0,12102,0,0,0,33602,0,0,0,1472,0,0,0,9810,0,0
2,65296625,rs769771954,C,A,gnomAD Exomes,PASS,NA,p.Thr16Lys,p.Thr16Lys,c.47C>A,missense_variant,,1,87038,1.14892345871918E-05,0,0,0,7066,0,0,0,12418,0,0,0,1278,0,0,0,8980,0,0,0,12124,0,0,1,33750,0,0,0,1480,0,0,0,9942,0,0
2,65296627,rs1156453885,A,C,gnomAD Exomes,PASS,NA,p.Lys17Gln,p.Lys17Gln,c.49A>C,missense_variant,,1,87566,1.1419957517758E-05,0,0,1,7062,0,0,0,12418,0,0,0,1298,0,0,0,8986,0,0,0,12164,0,0,0,34058,0,0,0,1492,0,0,0,10088,0,0
2,65296628,rs780498389,AGGCCCAGTCCTATGGGAGAGG,A,gnomAD Exomes,PASS,NA,p.Ala18_Gly24del,p.Ala18_Gly24del,c.52_72delGCCCAGTCCTATGGGAGAGGG,inframe_deletion,,3,87786,3.41740140796938E-05,0,0,0,7064,0,0,0,12444,0,0,0,1302,0,0,0,8986,0,0,0,12168,0,0,3,34170,0,0,0,1494,0,0,0,10158,0,0
2,65296648,rs373947036,G,C,"gnomAD Exomes,gnomAD Genomes",PASS,PASS,p.Gly24Arg,p.Gly24Arg,c.70G>C,missense_variant,,6,108986,5.50529425797809E-05,0,0,0,9706,0,0,0,15486,0,0,0,1628,0,0,0,9942,0,0,5,13784,0,0,1,43150,0,0,0,2106,0,0,0,13184,0,0
2,65296649,rs750805115,G,T,gnomAD Exomes,PASS,NA,p.Gly24Val,p.Gly24Val,c.71G>T,missense_variant,,1,98386,1.01640477303681E-05,0,0,0,7132,0,0,0,15270,0,0,0,1600,0,0,0,9026,0,0,0,12628,0,0,1,37768,0,0,0,1684,0,0,0,13278,0,0
2,65296657,rs12611491,A,G,"gnomAD Exomes,gnomAD Genomes",PASS,PASS,p.Arg27Gly,p.Arg27Gly,c.79A>G,missense_variant,,5111,112814,0.045304660769054,384,0,61,9706,0,0,1961,16108,126,0,31,1796,0,0,2215,9946,251,0,278,14016,2,0,315,44888,3,0,55,2166,0,0,195,14188,2,0
2,65296663,rs571524688,C,T,gnomAD Exomes,PASS,NA,p.Arg29Trp,p.Arg29Trp,c.85C>T,missense_variant,,8,103496,7.72976733400325E-05,0,0,0,7150,0,0,1,16272,0,0,0,1838,0,0,0,9034,0,0,0,12954,0,0,0,40052,0,0,0,1784,0,0,7,14412,0,0
2,65296664,rs537480433,G,A,gnomAD Exomes,PASS,NA,p.Arg29Gln,p.Arg29Gln,c.86G>A,missense_variant,,8,104760,7.63650248186331E-05,0,0,1,7148,0,0,0,16356,0,0,0,1922,0,0,0,9038,0,0,0,13038,0,0,5,40640,0,0,0,1806,0,0,2,14812,0,0
2,65296687,rs1457026212,A,G,gnomAD Exomes,PASS,NA,p.Met37Val,p.Met37Val,c.109A>G,missense_variant,,2,108562,1.8422652493506E-05,0,0,0,7162,0,0,2,17058,0,0,0,2236,0,0,0,9042,0,0,0,13300,0,0,0,42306,0,0,0,1892,0,0,0,15566,0,0
2,65296693,rs138848385,G,C,"gnomAD Exomes,gnomAD Genomes",PASS,PASS,p.Gly39Arg,p.Gly39Arg,c.115G>C,missense_variant,,240,119604,0.002006621852112,1,0,9,9736,0,0,28,17322,0,0,0,2290,0,0,0,9962,0,0,6,14482,0,0,192,47886,1,0,4,2318,0,0,1,15608,0,0
2,65296700,rs199743446,A,G,gnomAD Exomes,PASS,NA,p.Gln41Arg,p.Gln41Arg,c.122A>G,missense_variant,,7,109026,6.42048685634619E-05,0,0,5,7162,0,0,0,17084,0,0,0,2288,0,0,0,9042,0,0,0,13348,0,0,2,42536,0,0,0,1906,0,0,0,15660,0,0
2,65296703,rs762519292,C,T,gnomAD Exomes,PASS,NA,p.Pro42Leu,p.Pro42Leu,c.125C>T,missense_variant,,1,109036,9.17128287904912E-06,0,0,0,7164,0,0,0,17082,0,0,0,2300,0,0,0,9042,0,0,0,13358,0,0,1,42528,0,0,0,1908,0,0,0,15654,0,0
2,65296706,rs367634625,C,T,gnomAD Exomes,PASS,NA,p.Pro43Leu,p.Pro43Leu,c.128C>T,missense_variant,,10,109118,9.16439084294067E-05,0,0,0,7164,0,0,0,17090,0,0,0,2310,0,0,7,9046,0,0,0,13368,0,0,0,42570,0,0,0,1908,0,0,3,15662,0,0
2,65296708,rs774012835,C,T,gnomAD Genomes,NA,PASS,p.Arg44Cys,p.Arg44Cys,c.130C>T,missense_variant,,1,10862,9.20640765973117E-05,0,0,1,2570,0,0,0,246,0,0,0,38,0,0,0,914,0,0,0,1162,0,0,0,5508,0,0,0,424,0,0,0,0,0,0
2,65296709,rs761493048,G,A,gnomAD Exomes,PASS,NA,p.Arg44His,p.Arg44His,c.131G>A,missense_variant,,1,109192,9.15818008645322E-06,0,0,0,7164,0,0,0,17094,0,0,0,2310,0,0,0,9044,0,0,0,13380,0,0,1,42610,0,0,0,1914,0,0,0,15676,0,0
2,65296709,rs761493048,G,T,gnomAD Exomes,PASS,NA,p.Arg44Leu,p.Arg44Leu,c.131G>T,missense_variant,,5,109192,4.57909004322661E-05,0,0,0,7164,0,0,5,17094,0,0,0,2310,0,0,0,9044,0,0,0,13380,0,0,0,42610,0,0,0,1914,0,0,0,15676,0,0
2,65296720,rs1275573860,G,A,gnomAD Exomes,PASS,NA,p.Glu48Lys,p.Glu48Lys,c.142G>A,missense_variant,,1,109310,9.14829384319824E-06,0,0,0,7164,0,0,0,17098,0,0,0,2318,0,0,0,9046,0,0,0,13390,0,0,1,42694,0,0,0,1914,0,0,0,15686,0,0
2,65296723,rs553483169,G,A,"gnomAD Exomes,gnomAD Genomes",PASS,PASS,p.Gly49Arg,p.Gly49Arg,c.145G>A,missense_variant,,2,120168,1.66433659543306E-05,0,0,0,9736,0,0,0,17342,0,0,0,2358,0,0,0,9960,0,0,1,14552,0,0,1,48198,0,0,0,2338,0,0,0,15684,0,0
2,65296729,rs761154745,C,T,gnomAD Exomes,PASS,NA,p.Leu51Phe,p.Leu51Phe,c.151C>T,missense_variant,,1,109308,9.14846122882131E-06,0,0,0,7162,0,0,0,17102,0,0,0,2318,0,0,0,9046,0,0,0,13390,0,0,0,42688,0,0,0,1914,0,0,1,15688,0,0
2,65296735,rs766769339,T,G,gnomAD Exomes,PASS,NA,p.Ser53Ala,p.Ser53Ala,c.157T>G,missense_variant,,18,109320,0.000164654226125,1,0,0,7160,0,0,18,17100,1,0,0,2320,0,0,0,9046,0,0,0,13390,0,0,0,42700,0,0,0,1914,0,0,0,15690,0,0
2,65296736,rs1178567320,C,A,gnomAD Exomes,PASS,NA,p.Ser53Tyr,p.Ser53Tyr,c.158C>A,missense_variant,,1,109328,9.14678764817796E-06,0,0,0,7162,0,0,0,17106,0,0,0,2320,0,0,1,9046,0,0,0,13390,0,0,0,42700,0,0,0,1914,0,0,0,15690,0,0
2,65296738,rs1411261750,C,T,gnomAD Exomes,PASS,NA,p.Pro54Ser,p.Pro54Ser,c.160C>T,missense_variant,,1,109338,9.14595108745358E-06,0,0,0,7162,0,0,1,17106,0,0,0,2318,0,0,0,9046,0,0,0,13390,0,0,0,42714,0,0,0,1912,0,0,0,15690,0,0
2,65296745,rs41285945,G,C,gnomAD Exomes,PASS,NA,p.Trp56Ser,p.Trp56Ser,c.167G>C,missense_variant,,9,109358,8.22985058249054E-05,0,0,0,7162,0,0,9,17104,0,0,0,2320,0,0,0,9044,0,0,0,13390,0,0,0,42736,0,0,0,1912,0,0,0,15690,0,0
2,65296745,rs41285945,G,T,"gnomAD Exomes,gnomAD Genomes",PASS,PASS,p.Trp56Leu,p.Trp56Leu,c.167G>T,missense_variant,,306,120230,0.002545121849788,2,0,6,9734,0,0,26,17350,0,0,22,2358,0,0,0,9960,0,0,57,14552,1,0,159,48250,1,0,5,2336,0,0,31,15690,0,0
2,65296748,rs144578327,G,A,"gnomAD Exomes,gnomAD Genomes",PASS,PASS,p.Gly57Glu,p.Gly57Glu,c.170G>A,missense_variant,,17,120226,0.00014140036265,0,0,13,9734,0,0,3,17354,0,0,0,2358,0,0,0,9962,0,0,0,14554,0,0,0,48238,0,0,1,2336,0,0,0,15690,0,0
2,65296783,rs749181539,G,A,gnomAD Exomes,PASS,NA,p.Gly69Arg,p.Gly69Arg,c.205G>A,missense_variant,,8,109398,7.31274794786011E-05,0,0,0,7164,0,0,8,17108,0,0,0,2320,0,0,0,9046,0,0,0,13394,0,0,0,42762,0,0,0,1914,0,0,0,15690,0,0
2,65296792,rs1198510898,C,G,gnomAD Exomes,PASS,NA,p.Pro72Ala,p.Pro72Ala,c.214C>G,missense_variant,,1,109396,9.1411020512633E-06,0,0,0,7164,0,0,1,17110,0,0,0,2320,0,0,0,9046,0,0,0,13392,0,0,0,42760,0,0,0,1914,0,0,0,15690,0,0
2,65296795,rs768721275,G,C,gnomAD Exomes,PASS,NA,p.Gly73Arg,p.Gly73Arg,c.217G>C,missense_variant,,1,109392,9.14143630247184E-06,0,0,0,7162,0,0,0,17110,0,0,0,2320,0,0,0,9044,0,0,0,13392,0,0,1,42760,0,0,0,1914,0,0,0,15690,0,0
2,65296798,rs7572857,G,A,"gnomAD Exomes,gnomAD Genomes",PASS,PASS,p.Gly74Ser,p.Gly74Ser,c.220G>A,missense_variant,,18252,120224,0.15181660899654,1631,0,252,9730,1,0,1625,17356,92,0,611,2358,90,0,950,9956,39,0,2313,14554,171,0,8567,48244,763,0,430,2336,42,0,3504,15690,433,0
2,65296799,rs771605000,G,A,gnomAD Exomes,PASS,NA,p.Gly74Asp,p.Gly74Asp,c.221G>A,missense_variant,,1,109388,9.14177057812557E-06,0,0,0,7164,0,0,0,17110,0,0,0,2320,0,0,0,9042,0,0,0,13390,0,0,1,42758,0,0,0,1914,0,0,0,15690,0,0
2,65296802,rs778115651,C,T,gnomAD Exomes,PASS,NA,p.Pro75Leu,p.Pro75Leu,c.224C>T,missense_variant,,12,109392,0.00010969723563,0,0,0,7164,0,0,0,17110,0,0,0,2320,0,0,11,9044,0,0,0,13392,0,0,1,42758,0,0,0,1914,0,0,0,15690,0,0
2,65296804,rs1188253160,T,C,gnomAD Exomes,PASS,NA,p.Ser76Pro,p.Ser76Pro,c.226T>C,missense_variant,,1,109384,9.14210487822716E-06,0,0,0,7162,0,0,0,17110,0,0,0,2320,0,0,0,9044,0,0,0,13390,0,0,1,42756,0,0,0,1912,0,0,0,15690,0,0
2,65296808,rs759966991,G,A,gnomAD Exomes,PASS,NA,p.Arg77Lys,p.Arg77Lys,c.230G>A,missense_variant,,1,109376,9.14277355178467E-06,0,0,0,7160,0,0,0,17110,0,0,0,2320,0,0,0,9040,0,0,0,13390,0,0,0,42756,0,0,0,1910,0,0,1,15690,0,0
2,65296809,rs375951249,A,C,gnomAD Genomes,NA,PASS,p.Arg77Ser,p.Arg77Ser,c.231A>C,missense_variant,,1,10860,9.20810313075506E-05,0,0,1,2568,0,0,0,246,0,0,0,38,0,0,0,916,0,0,0,1162,0,0,0,5506,0,0,0,424,0,0,0,0,0,0
2,65296810,rs758553208,G,C,"gnomAD Exomes,gnomAD Genomes",PASS,PASS,p.Ala78Pro,p.Ala78Pro,c.232G>C,missense_variant,,3,120218,2.4954665690662E-05,0,0,0,9726,0,0,0,17354,0,0,0,2356,0,0,0,9952,0,0,1,14548,0,0,1,48260,0,0,1,2334,0,0,0,15688,0,0
2,65296816,rs186418232,C,A,"gnomAD Exomes,gnomAD Genomes",PASS,PASS,p.Gln80Lys,p.Gln80Lys,c.238C>A,missense_variant,,9,120278,7.48266515904821E-05,0,0,0,9734,0,0,0,17358,0,0,0,2358,0,0,9,9962,0,0,0,14556,0,0,0,48282,0,0,0,2338,0,0,0,15690,0,0
2,65296826,rs779929236,C,T,gnomAD Exomes,PASS,NA,p.Ala83Val,p.Ala83Val,c.248C>T,missense_variant,,1,109404,9.14043362217103E-06,0,0,0,7162,0,0,0,17112,0,0,0,2320,0,0,0,9046,0,0,0,13392,0,0,1,42768,0,0,0,1914,0,0,0,15690,0,0
2,65296834,rs749128933,G,A,gnomAD Exomes,PASS,NA,p.Ala86Thr,p.Ala86Thr,c.256G>A,missense_variant,,1,109404,9.14043362217103E-06,0,0,0,7162,0,0,0,17112,0,0,0,2320,0,0,0,9046,0,0,0,13392,0,0,0,42768,0,0,0,1914,0,0,1,15690,0,0
2,65296838,rs200745262,A,G,gnomAD Exomes,PASS,NA,p.Asn87Ser,p.Asn87Ser,c.260A>G,missense_variant,,1,109402,9.14060072027934E-06,0,0,0,7162,0,0,0,17112,0,0,0,2320,0,0,1,9046,0,0,0,13390,0,0,0,42768,0,0,0,1914,0,0,0,15690,0,0
2,65296843,rs201901465,G,A,"gnomAD Exomes,gnomAD Genomes",PASS,PASS,p.Glu89Lys,p.Glu89Lys,c.265G>A,missense_variant,,13,120282,0.000108079346868,0,0,0,9732,0,0,2,17358,0,0,0,2358,0,0,0,9962,0,0,1,14554,0,0,10,48290,0,0,0,2338,0,0,0,15690,0,0
2,65296850,rs201605514,T,C,gnomAD Exomes,PASS,NA,p.Val91Ala,p.Val91Ala,c.272T>C,missense_variant,,2,109404,1.82808672443421E-05,0,0,0,7164,0,0,0,17112,0,0,0,2320,0,0,0,9046,0,0,0,13392,0,0,2,42766,0,0,0,1914,0,0,0,15690,0,0
2,65296855,rs528823795,G,A,gnomAD Exomes,PASS,NA,p.Glu93Lys,p.Glu93Lys,c.277G>A,missense_variant,,4,109404,3.65617344886841E-05,0,0,0,7164,0,0,0,17112,0,0,0,2320,0,0,4,9046,0,0,0,13390,0,0,0,42768,0,0,0,1914,0,0,0,15690,0,0
2,65296858,rs776937093,A,T,gnomAD Exomes,PASS,NA,p.Arg94Trp,p.Arg94Trp,c.280A>T,missense_variant,,1,109404,9.14043362217103E-06,0,0,0,7164,0,0,1,17112,0,0,0,2320,0,0,0,9046,0,0,0,13390,0,0,0,42768,0,0,0,1914,0,0,0,15690,0,0
2,65296868,rs144356565,C,T,gnomAD Exomes,PASS,NA,p.Pro97Leu,p.Pro97Leu,c.290C>T,missense_variant,,1,109396,9.1411020512633E-06,0,0,0,7164,0,0,0,17112,0,0,0,2320,0,0,0,9046,0,0,0,13384,0,0,1,42766,0,0,0,1914,0,0,0,15690,0,0
2,65296871,rs922409160,C,T,gnomAD Exomes,PASS,NA,p.Ala98Val,p.Ala98Val,c.293C>T,missense_variant,,1,109402,9.14060072027934E-06,0,0,0,7164,0,0,0,17112,0,0,0,2320,0,0,0,9046,0,0,0,13388,0,0,0,42768,0,0,0,1914,0,0,1,15690,0,0
2,65296877,rs1170749302,G,C,gnomAD Exomes,PASS,NA,p.Ser100Thr,p.Ser100Thr,c.299G>C,missense_variant,,1,109396,9.1411020512633E-06,0,0,0,7164,0,0,0,17110,0,0,0,2320,0,0,0,9044,0,0,0,13386,0,0,1,42768,0,0,0,1914,0,0,0,15690,0,0
2,65296888,rs762406396,C,T,gnomAD Exomes,PASS,NA,p.Pro104Ser,p.Pro104Ser,c.310C>T,missense_variant,,5,109398,4.57046746741257E-05,0,0,0,7164,0,0,0,17110,0,0,0,2320,0,0,0,9046,0,0,0,13386,0,0,0,42768,0,0,0,1914,0,0,5,15690,0,0
2,65296892,rs35244429,C,T,"gnomAD Exomes,gnomAD Genomes",PASS,PASS,p.Ala105Val,p.Ala105Val,c.314C>T,missense_variant,,40,120270,0.000332585017045,0,0,38,9736,0,0,2,17356,0,0,0,2358,0,0,0,9962,0,0,0,14548,0,0,0,48284,0,0,0,2336,0,0,0,15690,0,0
2,65296897,rs1298830924,A,G,gnomAD Exomes,PASS,NA,p.Met107Val,p.Met107Val,c.319A>G,missense_variant,,1,109400,9.14076782449726E-06,0,0,0,7164,0,0,0,17110,0,0,0,2320,0,0,0,9046,0,0,0,13388,0,0,1,42768,0,0,0,1914,0,0,0,15690,0,0
2,65296898,rs762056627,T,A,gnomAD Exomes,PASS,NA,p.Met107Lys,p.Met107Lys,c.320T>A,missense_variant,,1,109398,9.14093493482513E-06,0,0,0,7164,0,0,0,17110,0,0,0,2320,0,0,0,9046,0,0,0,13386,0,0,0,42768,0,0,0,1914,0,0,1,15690,0,0
2,65296911,rs749851511,CCTT,C,gnomAD Exomes,PASS,NA,p.Leu114del,p.Leu114del,c.336_338delTCT,inframe_deletion,,1,109388,9.14177057812557E-06,0,0,0,7164,0,0,0,17102,0,0,0,2320,0,0,0,9046,0,0,0,13390,0,0,1,42764,0,0,0,1914,0,0,0,15688,0,0
2,65296915,rs771159315,C,CT,gnomAD Exomes,PASS,NA,p.Leu114AlafsTer35,p.Leu114AlafsTer35,c.338dupT,frameshift_variant,lof_flag,1,109382,9.14227203744674E-06,0,0,0,7164,0,0,0,17100,0,0,0,2320,0,0,0,9046,0,0,0,13388,0,0,1,42764,0,0,0,1914,0,0,0,15686,0,0
2,65296916,rs753664702,T,C,gnomAD Exomes,PASS,NA,p.Leu113Pro,p.Leu113Pro,c.338T>C,missense_variant,,2,109382,1.82845440748935E-05,0,0,0,7164,0,0,0,17098,0,0,0,2320,0,0,0,9046,0,0,0,13386,0,0,0,42764,0,0,0,1914,0,0,2,15690,0,0
2,65296924,rs528296468,G,A,"gnomAD Exomes,gnomAD Genomes",PASS,PASS,p.Gly116Arg,p.Gly116Arg,c.346G>A,missense_variant,,18,120194,0.000149757891409,1,0,2,9730,0,0,2,17340,0,0,0,2352,0,0,1,9960,0,0,0,14528,0,0,1,48268,0,0,1,2336,0,0,11,15680,1,0
2,65296924,rs528296468,G,T,gnomAD Exomes,PASS,NA,p.Gly116Trp,p.Gly116Trp,c.346G>T,missense_variant,,1,109326,9.1469549786876E-06,0,0,0,7164,0,0,0,17094,0,0,0,2314,0,0,0,9044,0,0,0,13366,0,0,1,42752,0,0,0,1912,0,0,0,15680,0,0
2,65296930,rs1343164201,A,T,gnomAD Genomes,NA,PASS,p.Ser118Cys,p.Ser118Cys,c.352A>T,missense_variant,,1,10868,9.20132499079868E-05,0,0,0,2572,0,0,0,246,0,0,0,38,0,0,0,916,0,0,0,1162,0,0,1,5510,0,0,0,424,0,0,0,0,0,0
2,65298594,rs1329924053,A,G,gnomAD Exomes,PASS,NA,p.Lys122Glu,p.Lys122Glu,c.364A>G,missense_variant,,1,109318,9.1476243619532E-06,0,0,0,7164,0,0,1,17060,0,0,0,2320,0,0,0,9046,0,0,0,13388,0,0,0,42748,0,0,0,1910,0,0,0,15682,0,0
2,65298601,rs745578973,A,C,gnomAD Exomes,PASS,NA,p.Lys124Thr,p.Lys124Thr,c.371A>C,missense_variant,,1,109362,9.14394396591138E-06,0,0,0,7164,0,0,1,17082,0,0,0,2320,0,0,0,9046,0,0,0,13394,0,0,0,42760,0,0,0,1912,0,0,0,15684,0,0
2,65298615,rs115640149,G,A,"gnomAD Exomes,gnomAD Genomes",PASS,PASS,p.Glu129Lys,p.Glu129Lys,c.385G>A,missense_variant,,33,120254,0.000274419146141,0,0,1,9734,0,0,3,17338,0,0,0,2358,0,0,11,9962,0,0,0,14554,0,0,18,48282,0,0,0,2336,0,0,0,15690,0,0
2,65298625,rs748237037,C,G,gnomAD Exomes,PASS,NA,p.Pro132Arg,p.Pro132Arg,c.395C>G,missense_variant,,1,109392,9.14143630247184E-06,0,0,1,7164,0,0,0,17096,0,0,0,2320,0,0,0,9046,0,0,0,13394,0,0,0,42768,0,0,0,1914,0,0,0,15690,0,0
2,65298631,rs1187112271,C,A,gnomAD Exomes,PASS,NA,p.Thr134Asn,p.Thr134Asn,c.401C>A,missense_variant,,3,109392,2.74243089074155E-05,0,0,0,7164,0,0,0,17098,0,0,0,2320,0,0,0,9046,0,0,3,13394,0,0,0,42766,0,0,0,1914,0,0,0,15690,0,0
2,65298638,rs1476260522,C,A,gnomAD Exomes,PASS,NA,p.Ser136Arg,p.Ser136Arg,c.408C>A,missense_variant,,1,109176,9.15952223932E-06,0,0,0,7158,0,0,1,17078,0,0,0,2308,0,0,0,9046,0,0,0,13358,0,0,0,42686,0,0,0,1902,0,0,0,15640,0,0
2,65298642,rs760916560,C,G,gnomAD Exomes,PASS,NA,p.Pro138Ala,p.Pro138Ala,c.412C>G,missense_variant,,1,108582,9.20962958869794E-06,0,0,0,7144,0,0,0,17032,0,0,0,2280,0,0,0,9046,0,0,0,13260,0,0,1,42416,0,0,0,1882,0,0,0,15522,0,0
2,65298646,rs766538178,GAAC,G,"gnomAD Exomes,gnomAD Genomes",PASS,PASS,p.Thr142del,p.Thr142del,c.423_425delAAC,inframe_deletion,,11250,120236,0.093565986892445,615,0,821,9728,24,0,1026,17348,41,0,307,2358,24,0,6,9962,0,0,1486,14556,83,0,5566,48262,312,0,236,2334,22,0,1802,15688,109,0
2,65298648,rs894319522,A,C,gnomAD Exomes,PASS,NA,p.Thr140Pro,p.Thr140Pro,c.418A>C,missense_variant,,2,109380,1.82848784055586E-05,0,0,0,7164,0,0,0,17102,0,0,0,2320,0,0,0,9046,0,0,0,13392,0,0,2,42756,0,0,0,1912,0,0,0,15688,0,0
2,65298649,rs199636840,C,A,gnomAD Exomes,PASS,NA,p.Thr140Lys,p.Thr140Lys,c.419C>A,missense_variant,,1,109380,9.1424392027793E-06,0,0,0,7164,0,0,0,17102,0,0,0,2320,0,0,0,9046,0,0,0,13392,0,0,1,42756,0,0,0,1912,0,0,0,15688,0,0
2,65298654,rs369539419,A,G,gnomAD Exomes,PASS,NA,p.Thr142Ala,p.Thr142Ala,c.424A>G,missense_variant,,1,109396,9.1411020512633E-06,0,0,0,7164,0,0,0,17102,0,0,0,2320,0,0,0,9046,0,0,0,13394,0,0,1,42768,0,0,0,1912,0,0,0,15690,0,0
2,65298657,rs13389745,A,G,"gnomAD Exomes,gnomAD Genomes",PASS,PASS,p.Ile143Val,p.Ile143Val,c.427A>G,missense_variant,,2220,120192,0.018470447284345,235,0,2031,9714,233,0,147,17348,2,0,0,2358,0,0,0,9958,0,0,0,14552,0,0,20,48240,0,0,15,2332,0,0,7,15690,0,0
2,65298667,rs200546905,G,A,"gnomAD Exomes,gnomAD Genomes",PASS,PASS,p.Gly146Glu,p.Gly146Glu,c.437G>A,missense_variant,,21,120262,0.000174618749065,0,0,0,9732,0,0,3,17348,0,0,0,2358,0,0,0,9962,0,0,1,14556,0,0,16,48280,0,0,1,2336,0,0,0,15690,0,0
2,65298670,rs377013647,A,G,gnomAD Exomes,PASS,NA,p.His147Arg,p.His147Arg,c.440A>G,missense_variant,,1,109396,9.1411020512633E-06,0,0,0,7164,0,0,0,17102,0,0,0,2320,0,0,1,9046,0,0,0,13392,0,0,0,42768,0,0,0,1914,0,0,0,15690,0,0
2,65298672,rs766954983,G,T,gnomAD Exomes,PASS,NA,p.Asp148Tyr,p.Asp148Tyr,c.442G>T,missense_variant,,1,109396,9.1411020512633E-06,0,0,0,7164,0,0,0,17102,0,0,0,2320,0,0,0,9046,0,0,0,13392,0,0,1,42768,0,0,0,1914,0,0,0,15690,0,0
2,65298679,rs749938682,A,G,gnomAD Exomes,PASS,NA,p.Asp150Gly,p.Asp150Gly,c.449A>G,missense_variant,,1,109398,9.14093493482513E-06,0,0,0,7164,0,0,0,17104,0,0,0,2320,0,0,0,9046,0,0,0,13392,0,0,1,42768,0,0,0,1914,0,0,0,15690,0,0
2,65298680,rs755715734,T,A,gnomAD Exomes,PASS,NA,p.Asp150Glu,p.Asp150Glu,c.450T>A,missense_variant,,1,109398,9.14093493482513E-06,0,0,0,7164,0,0,0,17104,0,0,0,2320,0,0,0,9046,0,0,0,13392,0,0,1,42768,0,0,0,1914,0,0,0,15690,0,0
2,65298681,rs779622807,A,T,gnomAD Exomes,PASS,NA,p.Thr151Ser,p.Thr151Ser,c.451A>T,missense_variant,,3,109400,2.74223034734918E-05,0,0,0,7164,0,0,3,17106,0,0,0,2320,0,0,0,9046,0,0,0,13392,0,0,0,42768,0,0,0,1914,0,0,0,15690,0,0
2,65298682,rs749635484,C,T,gnomAD Exomes,PASS,NA,p.Thr151Ile,p.Thr151Ile,c.452C>T,missense_variant,,2,109400,1.82815356489945E-05,0,0,0,7164,0,0,0,17106,0,0,0,2320,0,0,0,9046,0,0,1,13392,0,0,0,42768,0,0,0,1914,0,0,1,15690,0,0
2,65298684,rs370139671,G,A,gnomAD Exomes,PASS,NA,p.Glu152Lys,p.Glu152Lys,c.454G>A,missense_variant,,4,109400,3.6563071297989E-05,0,0,0,7164,0,0,0,17106,0,0,0,2320,0,0,1,9046,0,0,0,13392,0,0,0,42768,0,0,0,1914,0,0,3,15690,0,0
2,65298694,rs772714459,C,T,gnomAD Exomes,PASS,NA,p.Pro155Leu,p.Pro155Leu,c.464C>T,missense_variant,,1,109400,9.14076782449726E-06,0,0,0,7164,0,0,0,17106,0,0,0,2320,0,0,0,9046,0,0,0,13392,0,0,1,42768,0,0,0,1914,0,0,0,15690,0,0
2,65298696,rs150197893,T,C,"gnomAD Exomes,gnomAD Genomes",PASS,PASS,p.Ser156Pro,p.Ser156Pro,c.466T>C,missense_variant,,3,120264,2.49451207343844E-05,0,0,3,9732,0,0,0,17354,0,0,0,2358,0,0,0,9960,0,0,0,14552,0,0,0,48282,0,0,0,2336,0,0,0,15690,0,0
2,65298697,rs1173174123,C,G,gnomAD Exomes,PASS,NA,p.Ser156Cys,p.Ser156Cys,c.467C>G,missense_variant,,1,109402,9.14060072027934E-06,0,0,0,7164,0,0,0,17108,0,0,0,2320,0,0,0,9046,0,0,0,13392,0,0,1,42768,0,0,0,1914,0,0,0,15690,0,0
2,65298724,rs141199128,A,T,gnomAD Exomes,PASS,NA,p.Asp165Val,p.Asp165Val,c.494A>T,missense_variant,,1,109402,9.14060072027934E-06,0,0,0,7164,0,0,0,17106,0,0,0,2320,0,0,1,9046,0,0,0,13394,0,0,0,42768,0,0,0,1914,0,0,0,15690,0,0
2,65298745,rs776755313,G,A,gnomAD Exomes,PASS,NA,p.Ser172Asn,p.Ser172Asn,c.515G>A,missense_variant,,2,109394,1.82825383476242E-05,0,0,0,7164,0,0,0,17102,0,0,0,2320,0,0,0,9046,0,0,0,13392,0,0,2,42768,0,0,0,1914,0,0,0,15688,0,0
2,65298748,rs140550134,C,T,"gnomAD Exomes,gnomAD Genomes",PASS,PASS,p.Ser173Leu,p.Ser173Leu,c.518C>T,missense_variant,,7,120260,5.82072176949942E-05,0,0,0,9728,0,0,0,17352,0,0,0,2358,0,0,0,9962,0,0,0,14554,0,0,6,48278,0,0,1,2338,0,0,0,15690,0,0
2,65298753,rs761671530,C,T,gnomAD Exomes,PASS,NA,p.Leu175Phe,p.Leu175Phe,c.523C>T,missense_variant,,1,109398,9.14093493482513E-06,0,0,0,7162,0,0,0,17106,0,0,0,2320,0,0,0,9046,0,0,0,13392,0,0,0,42768,0,0,0,1914,0,0,1,15690,0,0
2,65298780,rs375577480,G,A,gnomAD Exomes,PASS,NA,p.Val184Met,p.Val184Met,c.550G>A,missense_variant,,4,109388,3.65670823125023E-05,0,0,1,7158,0,0,2,17106,0,0,0,2320,0,0,0,9046,0,0,0,13388,0,0,0,42766,0,0,0,1914,0,0,1,15690,0,0
2,65298798,rs779357447,G,A,gnomAD Exomes,PASS,NA,p.Ala190Thr,p.Ala190Thr,c.568G>A,missense_variant,,3,109366,2.74308285938957E-05,0,0,0,7160,0,0,3,17104,0,0,0,2320,0,0,0,9046,0,0,0,13366,0,0,0,42766,0,0,0,1914,0,0,0,15690,0,0
2,65298813,rs778468331,A,G,gnomAD Exomes,PASS,NA,p.Ser195Gly,p.Ser195Gly,c.583A>G,missense_variant,,2,109382,1.82845440748935E-05,0,0,0,7164,0,0,0,17104,0,0,0,2320,0,0,0,9046,0,0,0,13378,0,0,2,42768,0,0,0,1912,0,0,0,15690,0,0
2,65298814,rs747051514,G,A,gnomAD Exomes,PASS,NA,p.Ser195Asn,p.Ser195Asn,c.584G>A,missense_variant,,2,109364,1.8287553491094E-05,0,0,0,7164,0,0,1,17106,0,0,0,2320,0,0,0,9046,0,0,0,13364,0,0,0,42762,0,0,0,1912,0,0,1,15690,0,0
2,65298816,rs1440107956,T,C,gnomAD Exomes,PASS,NA,p.Cys196Arg,p.Cys196Arg,c.586T>C,missense_variant,,1,109384,9.14210487822716E-06,0,0,0,7164,0,0,0,17106,0,0,0,2320,0,0,0,9046,0,0,0,13378,0,0,1,42768,0,0,0,1912,0,0,0,15690,0,0
2,65298822,rs1372910521,A,G,gnomAD Exomes,PASS,NA,p.Ile198Val,p.Ile198Val,c.592A>G,missense_variant,,2,109386,1.82838754502404E-05,0,0,0,7164,0,0,0,17104,0,0,0,2320,0,0,0,9046,0,0,2,13380,0,0,0,42768,0,0,0,1914,0,0,0,15690,0,0
2,65298826,rs1306635041,C,T,gnomAD Exomes,PASS,NA,p.Ser199Phe,p.Ser199Phe,c.596C>T,missense_variant,,4,109378,3.65704254969007E-05,0,0,0,7164,0,0,4,17104,0,0,0,2320,0,0,0,9046,0,0,0,13374,0,0,0,42766,0,0,0,1914,0,0,0,15690,0,0
2,65298829,rs140640829,C,A,gnomAD Exomes,PASS,NA,p.Ala200Asp,p.Ala200Asp,c.599C>A,missense_variant,,1,109350,9.14494741655236E-06,0,0,1,7164,0,0,0,17104,0,0,0,2320,0,0,0,9046,0,0,0,13348,0,0,0,42766,0,0,0,1912,0,0,0,15690,0,0
2,65298832,rs369652529,C,G,"gnomAD Exomes,gnomAD Genomes",PASS,PASS,p.Ser201Cys,p.Ser201Cys,c.602C>G,missense_variant,,6,120234,4.99026897549778E-05,0,0,0,9732,0,0,0,17350,0,0,0,2358,0,0,0,9962,0,0,2,14526,0,0,4,48282,0,0,0,2334,0,0,0,15690,0,0
2,65298832,rs369652529,C,T,gnomAD Exomes,PASS,NA,p.Ser201Phe,p.Ser201Phe,c.602C>T,missense_variant,,1,109368,9.14344232316582E-06,0,0,0,7164,0,0,0,17104,0,0,0,2320,0,0,0,9046,0,0,0,13364,0,0,0,42768,0,0,0,1912,0,0,1,15690,0,0
2,65298843,rs774091998,A,T,gnomAD Exomes,PASS,NA,p.Ser205Cys,p.Ser205Cys,c.613A>T,missense_variant,,1,109332,9.14645300552446E-06,0,0,0,7164,0,0,0,17102,0,0,0,2320,0,0,0,9046,0,0,0,13328,0,0,1,42768,0,0,0,1914,0,0,0,15690,0,0
2,65298844,rs761646910,G,A,gnomAD Exomes,PASS,NA,p.Ser205Asn,p.Ser205Asn,c.614G>A,missense_variant,,1,109332,9.14645300552446E-06,0,0,1,7164,0,0,0,17102,0,0,0,2320,0,0,0,9046,0,0,0,13330,0,0,0,42768,0,0,0,1912,0,0,0,15690,0,0
2,65298846,rs771966364,A,G,gnomAD Exomes,PASS,NA,p.Ser206Gly,p.Ser206Gly,c.616A>G,missense_variant,,1,109324,9.1471223153196E-06,0,0,0,7164,0,0,1,17102,0,0,0,2320,0,0,0,9046,0,0,0,13322,0,0,0,42766,0,0,0,1914,0,0,0,15690,0,0
2,65298854,rs372884555,G,C,gnomAD Exomes,PASS,NA,p.Gln208His,p.Gln208His,c.624G>C,missense_variant,,1,109294,9.1496330997127E-06,0,0,0,7164,0,0,0,17104,0,0,0,2320,0,0,0,9046,0,0,0,13290,0,0,0,42766,0,0,0,1914,0,0,1,15690,0,0
2,65298866,rs765752751,G,T,gnomAD Exomes,PASS,NA,p.Glu212Asp,p.Glu212Asp,c.636G>T,missense_variant,,1,109326,9.1469549786876E-06,0,0,0,7164,0,0,0,17106,0,0,0,2320,0,0,1,9046,0,0,0,13318,0,0,0,42768,0,0,0,1914,0,0,0,15690,0,0
2,65298867,rs199533145,A,G,gnomAD Exomes,PASS,NA,p.Arg213Gly,p.Arg213Gly,c.637A>G,missense_variant,,3,109290,2.74499039253363E-05,0,0,0,7164,0,0,0,17106,0,0,0,2320,0,0,0,9046,0,0,0,13282,0,0,3,42768,0,0,0,1914,0,0,0,15690,0,0
2,65298871,rs759074875,C,T,"gnomAD Exomes,gnomAD Genomes",PASS,PASS,p.Ala214Val,p.Ala214Val,c.641C>T,missense_variant,,17,120070,0.000141584075956,0,0,5,9726,0,0,1,17352,0,0,0,2358,0,0,0,9956,0,0,0,14390,0,0,6,48262,0,0,0,2336,0,0,5,15690,0,0
2,65298879,rs758869902,CGTG,C,gnomAD Exomes,PASS,NA,p.Gly219del,p.Gly219del,c.655_657delGGT,inframe_deletion,,1,109220,9.1558322651529E-06,0,0,0,7164,0,0,1,17104,0,0,0,2320,0,0,0,9044,0,0,0,13218,0,0,0,42766,0,0,0,1914,0,0,0,15690,0,0
2,65298880,rs183284304,G,A,"gnomAD Exomes,gnomAD Genomes",PASS,PASS,p.Arg217His,p.Arg217His,c.650G>A,missense_variant,,331,120048,0.002757230441157,5,0,0,9728,0,0,312,17350,5,0,0,2358,0,0,0,9958,0,0,0,14362,0,0,0,48268,0,0,7,2336,0,0,12,15688,0,0
2,65298883,rs752062299,G,A,gnomAD Exomes,PASS,NA,p.Gly218Asp,p.Gly218Asp,c.653G>A,missense_variant,,1,109194,9.15801234500064E-06,0,0,0,7164,0,0,0,17100,0,0,0,2318,0,0,0,9044,0,0,0,13198,0,0,0,42766,0,0,1,1914,0,0,0,15690,0,0
2,65298901,rs1480730299,TCTC,T,gnomAD Exomes,PASS,NA,p.Ser227del,p.Ser227del,c.679_681delTCC,inframe_deletion,,1,109248,9.1534856473345E-06,0,0,0,7164,0,0,0,17102,0,0,0,2316,0,0,0,9046,0,0,0,13282,0,0,1,42748,0,0,0,1912,0,0,0,15678,0,0
2,65298919,rs780295060,C,T,gnomAD Exomes,PASS,NA,p.Pro230Leu,p.Pro230Leu,c.689C>T,missense_variant,,1,108658,9.20318798431777E-06,0,0,0,7162,0,0,0,17058,0,0,0,2262,0,0,1,9046,0,0,0,13138,0,0,0,42476,0,0,0,1902,0,0,0,15614,0,0
2,65298924,rs146071290,G,A,"gnomAD Exomes,gnomAD Genomes",PASS,PASS,p.Val232Ile,p.Val232Ile,c.694G>A,missense_variant,,6,119056,5.03964520897729E-05,0,0,1,9720,0,0,5,17266,0,0,0,2302,0,0,0,9958,0,0,0,14210,0,0,0,47750,0,0,0,2310,0,0,0,15540,0,0
2,65298927,rs138933485,C,G,"gnomAD Exomes,gnomAD Genomes",PASS,PASS,p.Pro233Ala,p.Pro233Ala,c.697C>G,missense_variant,,65,118914,0.000546613519014,1,0,61,9728,1,0,4,17240,0,0,0,2280,0,0,0,9960,0,0,0,14312,0,0,0,47590,0,0,0,2304,0,0,0,15500,0,0
2,65298940,rs1295625818,C,A,gnomAD Exomes,PASS,NA,p.Ser237Tyr,p.Ser237Tyr,c.710C>A,missense_variant,,1,107424,9.30890676198987E-06,0,0,0,7162,0,0,0,16930,0,0,0,2190,0,0,0,9044,0,0,0,13186,0,0,1,41724,0,0,0,1878,0,0,0,15310,0,0
2,65298943,rs1316540450,C,T,gnomAD Exomes,PASS,NA,p.Ser238Phe,p.Ser238Phe,c.713C>T,missense_variant,,1,107168,9.33114362496267E-06,0,0,0,7162,0,0,1,16924,0,0,0,2172,0,0,0,9046,0,0,0,13088,0,0,0,41624,0,0,0,1872,0,0,0,15280,0,0
2,65298948,rs373399916,G,A,"gnomAD Exomes,gnomAD Genomes",PASS,PASS,p.Val240Met,p.Val240Met,c.718G>A,missense_variant,,2,117520,1.70183798502383E-05,0,0,2,9726,0,0,0,17150,0,0,0,2160,0,0,0,9956,0,0,0,14234,0,0,0,46854,0,0,0,2282,0,0,0,15158,0,0
2,65298952,rs1206171033,G,A,gnomAD Exomes,PASS,NA,p.Gly241Glu,p.Gly241Glu,c.722G>A,missense_variant,,1,106474,9.39196423540019E-06,0,0,0,7162,0,0,0,16868,0,0,0,2100,0,0,0,9042,0,0,0,13040,0,0,0,41278,0,0,0,1856,0,0,1,15128,0,0
2,65298963,rs764493393,C,T,gnomAD Exomes,PASS,NA,p.Arg245Trp,p.Arg245Trp,c.733C>T,missense_variant,,2,105312,1.89911880887268E-05,0,0,0,7158,0,0,0,16748,0,0,0,2028,0,0,0,9030,0,0,0,13034,0,0,0,40660,0,0,0,1830,0,0,2,14824,0,0
2,65298964,rs377365226,G,A,gnomAD Exomes,PASS,NA,p.Arg245Gln,p.Arg245Gln,c.734G>A,missense_variant,,6,105204,5.70320520132314E-05,0,0,0,7158,0,0,0,16770,0,0,0,2020,0,0,0,9020,0,0,0,12978,0,0,6,40632,0,0,0,1832,0,0,0,14794,0,0
2,65298995,rs781733775,TG,T,gnomAD Exomes,PASS,NA,p.Gly257ValfsTer6,p.Gly257ValfsTer6,c.770delG,frameshift_variant,,3,106392,2.81976088427701E-05,0,0,0,7162,0,0,0,16906,0,0,0,2120,0,0,0,9036,0,0,0,13088,0,0,3,41102,0,0,0,1846,0,0,0,15132,0,0
2,65298997,rs1411518849,G,C,gnomAD Exomes,PASS,NA,p.Gly256Ala,p.Gly256Ala,c.767G>C,missense_variant,,2,106522,1.87754642233529E-05,0,0,0,7164,0,0,1,16892,0,0,0,2134,0,0,0,9040,0,0,0,13108,0,0,0,41174,0,0,1,1852,0,0,0,15158,0,0
2,65298999,rs750439236,G,T,gnomAD Exomes,PASS,NA,p.Gly257Cys,p.Gly257Cys,c.769G>T,missense_variant,,0,106636,0,0,0,0,7164,0,0,0,16904,0,0,0,2142,0,0,0,9034,0,0,0,13118,0,0,0,41210,0,0,0,1862,0,0,0,15202,0,0
2,65299000,rs137973455,G,C,"gnomAD Exomes,gnomAD Genomes",PASS,PASS,p.Gly257Ala,p.Gly257Ala,c.770G>C,missense_variant,,2,117516,1.70189591204602E-05,0,0,2,9732,0,0,0,17144,0,0,0,2180,0,0,0,9952,0,0,0,14280,0,0,0,46752,0,0,0,2284,0,0,0,15192,0,0
2,65299006,rs1314781218,C,A,gnomAD Exomes,PASS,NA,p.Ala259Asp,p.Ala259Asp,c.776C>A,missense_variant,,0,107096,0,0,0,0,7164,0,0,0,16934,0,0,0,2178,0,0,0,9034,0,0,0,13184,0,0,0,41486,0,0,0,1868,0,0,0,15248,0,0
2,65299020,rs143870852,A,G,"gnomAD Exomes,gnomAD Genomes",PASS,PASS,p.Arg264Gly,p.Arg264Gly,c.790A>G,missense_variant,,9,119250,7.54716981132076E-05,0,0,8,9726,0,0,1,17280,0,0,0,2290,0,0,0,9952,0,0,0,14410,0,0,0,47744,0,0,0,2320,0,0,0,15528,0,0
2,65299026,rs139565372,C,T,gnomAD Exomes,PASS,NA,p.Arg266Cys,p.Arg266Cys,c.796C>T,missense_variant,,6,108472,5.53138137030754E-05,0,0,4,7162,0,0,0,17026,0,0,0,2268,0,0,1,9032,0,0,0,13218,0,0,1,42342,0,0,0,1890,0,0,0,15534,0,0
2,65299027,rs143173944,G,A,gnomAD Exomes,PASS,NA,p.Arg266His,p.Arg266His,c.797G>A,missense_variant,,2,108618,1.8413154357473E-05,0,0,0,7160,0,0,0,17038,0,0,0,2280,0,0,0,9036,0,0,0,13198,0,0,2,42434,0,0,0,1898,0,0,0,15574,0,0
2,65299030,rs770756481,T,C,gnomAD Exomes,PASS,NA,p.Leu267Pro,p.Leu267Pro,c.800T>C,missense_variant,,4,108868,3.67417422934195E-05,0,0,0,7160,0,0,4,17048,0,0,0,2286,0,0,0,9042,0,0,0,13272,0,0,0,42534,0,0,0,1904,0,0,0,15622,0,0
2,65299036,rs776665992,T,A,gnomAD Exomes,PASS,NA,p.Phe269Tyr,p.Phe269Tyr,c.806T>A,missense_variant,mnv,1,108952,9.17835377046773E-06,0,0,0,7162,0,0,0,17058,0,0,0,2296,0,0,0,9040,0,0,0,13256,0,0,1,42596,0,0,0,1908,0,0,0,15636,0,0
2,65299037,rs745361624,C,A,gnomAD Exomes,PASS,NA,p.Phe269Leu,p.Phe269Leu,c.807C>A,missense_variant,mnv,1,108956,9.1780168141268E-06,0,0,0,7162,0,0,0,17058,0,0,0,2290,0,0,0,9042,0,0,0,13276,0,0,1,42590,0,0,0,1906,0,0,0,15632,0,0
2,65299040,rs370946123,G,C,gnomAD Exomes,PASS,NA,p.Gln270His,p.Gln270His,c.810G>C,missense_variant,,1,109024,9.17229233930144E-06,0,0,0,7162,0,0,0,17064,0,0,0,2300,0,0,0,9042,0,0,0,13262,0,0,0,42632,0,0,0,1906,0,0,1,15656,0,0
2,65299040,rs370946123,G,T,gnomAD Exomes,PASS,NA,p.Gln270His,p.Gln270His,c.810G>T,missense_variant,,1,109024,9.17229233930144E-06,0,0,1,7162,0,0,0,17064,0,0,0,2300,0,0,0,9042,0,0,0,13262,0,0,0,42632,0,0,0,1906,0,0,0,15656,0,0
2,65299050,rs762627063,T,C,gnomAD Exomes,PASS,NA,p.Trp274Arg,p.Trp274Arg,c.820T>C,missense_variant,,1,109108,9.16523078051105E-06,0,0,0,7162,0,0,0,17084,0,0,0,2302,0,0,0,9040,0,0,1,13254,0,0,0,42692,0,0,0,1908,0,0,0,15666,0,0
2,65299052,rs763869943,G,T,gnomAD Exomes,PASS,NA,p.Trp274Cys,p.Trp274Cys,c.822G>T,missense_variant,,0,109106,0,0,0,0,7164,0,0,0,17086,0,0,0,2308,0,0,0,9040,0,0,0,13240,0,0,0,42698,0,0,0,1910,0,0,0,15660,0,0
2,65299053,rs774530012,G,C,gnomAD Exomes,PASS,NA,p.Ala275Pro,p.Ala275Pro,c.823G>C,missense_variant,,2,109072,1.83365116620214E-05,0,0,0,7162,0,0,0,17086,0,0,0,2310,0,0,2,9044,0,0,0,13202,0,0,0,42700,0,0,0,1908,0,0,0,15660,0,0
2,65299078,rs1204227433,C,T,gnomAD Genomes,NA,PASS,p.Pro283Leu,p.Pro283Leu,c.848C>T,missense_variant,,1,10816,9.24556213017751E-05,0,0,1,2562,0,0,0,246,0,0,0,38,0,0,0,914,0,0,0,1160,0,0,0,5476,0,0,0,420,0,0,0,0,0,0
2,65299084,rs1319525545,C,G,gnomAD Exomes,PASS,NA,p.Ser285Ter,p.Ser285Ter,c.854C>G,stop_gained,,2,108916,1.83627749825554E-05,0,0,0,7162,0,0,0,17104,0,0,0,2320,0,0,2,9042,0,0,0,12936,0,0,0,42758,0,0,0,1910,0,0,0,15684,0,0
2,65299087,rs753954264,C,T,gnomAD Exomes,PASS,NA,p.Pro286Leu,p.Pro286Leu,c.857C>T,missense_variant,,1,108886,9.18391712433187E-06,0,0,0,7162,0,0,0,17102,0,0,0,2320,0,0,0,9042,0,0,0,12906,0,0,1,42758,0,0,0,1912,0,0,0,15684,0,0
2,65299089,rs779249313,G,A,"gnomAD Exomes,gnomAD Genomes",PASS,PASS,p.Asp287Asn,p.Asp287Asn,c.859G>A,missense_variant,,2,119588,1.67240860286985E-05,0,0,0,9722,0,0,0,17348,0,0,0,2358,0,0,0,9950,0,0,0,13984,0,0,1,48208,0,0,0,2332,0,0,1,15686,0,0
2,65299091,rs1234497111,C,A,gnomAD Exomes,PASS,NA,p.Asp287Glu,p.Asp287Glu,c.861C>A,missense_variant,,1,108876,9.18476064513759E-06,0,0,0,7164,0,0,0,17104,0,0,0,2320,0,0,0,9044,0,0,0,12880,0,0,1,42764,0,0,0,1914,0,0,0,15686,0,0
2,65299092,rs746746289,C,T,gnomAD Exomes,PASS,NA,p.Arg288Cys,p.Arg288Cys,c.862C>T,missense_variant,,1,108850,9.1869545245751E-06,0,0,0,7164,0,0,0,17104,0,0,0,2320,0,0,0,9046,0,0,0,12854,0,0,0,42760,0,0,0,1914,0,0,1,15688,0,0
2,65299093,rs540179425,G,A,gnomAD Exomes,PASS,NA,p.Arg288His,p.Arg288His,c.863G>A,missense_variant,,2,108790,1.83840426509789E-05,0,0,0,7160,0,0,0,17102,0,0,0,2320,0,0,1,9046,0,0,0,12798,0,0,0,42762,0,0,0,1914,0,0,1,15688,0,0
2,65299095,rs780974829,C,T,gnomAD Exomes,PASS,NA,p.His289Tyr,p.His289Tyr,c.865C>T,missense_variant,,1,108934,9.17987038023023E-06,0,0,0,7164,0,0,0,17104,0,0,0,2320,0,0,0,9046,0,0,0,12936,0,0,1,42764,0,0,0,1912,0,0,0,15688,0,0
2,65299099,rs764200784,C,T,gnomAD Exomes,PASS,NA,p.Ser290Phe,p.Ser290Phe,c.869C>T,missense_variant,,10,108874,9.18492936789316E-05,0,0,0,7162,0,0,0,17104,0,0,0,2320,0,0,0,9044,0,0,0,12878,0,0,0,42764,0,0,0,1912,0,0,10,15690,0,0
2,65299116,rs1425101700,A,G,gnomAD Genomes,NA,PASS,p.Asn296Asp,p.Asn296Asp,c.886A>G,missense_variant,,1,10790,9.2678405931418E-05,0,0,0,2566,0,0,0,246,0,0,0,38,0,0,1,916,0,0,0,1162,0,0,0,5444,0,0,0,418,0,0,0,0,0,0
2,65299122,rs560348659,G,A,gnomAD Exomes,PASS,NA,p.Glu298Lys,p.Glu298Lys,c.892G>A,missense_variant,,1,108756,9.19489499429916E-06,0,0,0,7162,0,0,1,17104,0,0,0,2320,0,0,0,9046,0,0,0,12760,0,0,0,42766,0,0,0,1908,0,0,0,15690,0,0
2,65299131,rs775098664,G,T,gnomAD Exomes,PASS,NA,p.Asp301Tyr,p.Asp301Tyr,c.901G>T,missense_variant,,1,108748,9.19557141280759E-06,0,0,0,7162,0,0,0,17104,0,0,0,2320,0,0,0,9046,0,0,0,12756,0,0,1,42764,0,0,0,1906,0,0,0,15690,0,0
2,65299132,rs1362323267,A,T,gnomAD Exomes,PASS,NA,p.Asp301Val,p.Asp301Val,c.902A>T,missense_variant,,2,108820,1.83789744532255E-05,0,0,0,7162,0,0,0,17104,0,0,0,2320,0,0,0,9046,0,0,1,12826,0,0,1,42764,0,0,0,1908,0,0,0,15690,0,0
2,65299135,rs748827873,T,G,gnomAD Exomes,PASS,NA,p.Leu302Arg,p.Leu302Arg,c.905T>G,missense_variant,,1,108836,9.18813627843728E-06,0,0,0,7162,0,0,0,17104,0,0,0,2320,0,0,0,9046,0,0,0,12842,0,0,1,42764,0,0,0,1908,0,0,0,15690,0,0
2,65299144,rs1159174603,A,G,gnomAD Exomes,PASS,NA,p.Tyr305Cys,p.Tyr305Cys,c.914A>G,missense_variant,,1,108866,9.18560432090827E-06,0,0,0,7162,0,0,0,17106,0,0,0,2320,0,0,0,9046,0,0,0,12866,0,0,1,42766,0,0,0,1910,0,0,0,15690,0,0
2,65299147,rs768171040,C,G,gnomAD Exomes,PASS,NA,p.Thr306Ser,p.Thr306Ser,c.917C>G,missense_variant,,1,108926,9.18054458990507E-06,0,0,0,7162,0,0,0,17106,0,0,0,2320,0,0,0,9046,0,0,0,12926,0,0,0,42766,0,0,0,1910,0,0,1,15690,0,0
2,65299152,rs762071289,C,G,gnomAD Exomes,PASS,NA,p.Pro308Ala,p.Pro308Ala,c.922C>G,missense_variant,,2,108954,1.83563705784092E-05,0,0,0,7162,0,0,1,17106,0,0,0,2320,0,0,1,9046,0,0,0,12956,0,0,0,42766,0,0,0,1908,0,0,0,15690,0,0
2,65299163,rs773096620,C,CG,gnomAD Exomes,PASS,NA,p.Pro313AlafsTer8,p.Pro313AlafsTer8,c.936dupG,frameshift_variant,,1,109066,9.16876020024572E-06,0,0,0,7162,0,0,0,17106,0,0,0,2320,0,0,0,9046,0,0,0,13064,0,0,1,42768,0,0,0,1910,0,0,0,15690,0,0
2,65299164,rs766897498,G,A,gnomAD Exomes,PASS,NA,p.Gly312Arg,p.Gly312Arg,c.934G>A,missense_variant,,1,109070,9.16842394792335E-06,0,0,0,7162,0,0,0,17106,0,0,0,2320,0,0,0,9046,0,0,0,13074,0,0,0,42764,0,0,0,1910,0,0,1,15688,0,0
2,65299165,rs144387533,G,C,gnomAD Exomes,PASS,NA,p.Gly312Ala,p.Gly312Ala,c.935G>C,missense_variant,,5,109106,4.5826993932506E-05,0,0,4,7162,0,0,1,17106,0,0,0,2320,0,0,0,9046,0,0,0,13106,0,0,0,42766,0,0,0,1910,0,0,0,15690,0,0
2,65299165,rs144387533,G,A,gnomAD Exomes,PASS,NA,p.Gly312Glu,p.Gly312Glu,c.935G>A,missense_variant,,1,109106,9.1653987865012E-06,0,0,0,7162,0,0,0,17106,0,0,0,2320,0,0,0,9046,0,0,0,13106,0,0,1,42766,0,0,0,1910,0,0,0,15690,0,0
2,65299186,rs200251289,T,C,"gnomAD Exomes,gnomAD Genomes",PASS,PASS,p.Leu319Pro,p.Leu319Pro,c.956T>C,missense_variant,,14,120100,0.000116569525396,0,0,0,9726,0,0,13,17352,0,0,1,2358,0,0,0,9960,0,0,0,14444,0,0,0,48234,0,0,0,2336,0,0,0,15690,0,0
2,65299188,rs780971112,G,T,gnomAD Exomes,PASS,NA,p.Asp320Tyr,p.Asp320Tyr,c.958G>T,missense_variant,,1,109284,9.15047033417518E-06,0,0,0,7164,0,0,0,17106,0,0,0,2320,0,0,0,9046,0,0,0,13278,0,0,1,42768,0,0,0,1912,0,0,0,15690,0,0
2,65299192,rs374258693,G,A,gnomAD Exomes,PASS,NA,p.Ser321Asn,p.Ser321Asn,c.962G>A,missense_variant,,1,109308,9.14846122882131E-06,0,0,0,7164,0,0,0,17106,0,0,0,2320,0,0,0,9046,0,0,0,13302,0,0,1,42766,0,0,0,1914,0,0,0,15690,0,0
2,65299195,rs187573109,G,A,"gnomAD Exomes,gnomAD Genomes",PASS,PASS,p.Arg322His,p.Arg322His,c.965G>A,missense_variant,,5,120114,4.16271209018099E-05,0,0,0,9722,0,0,1,17350,0,0,0,2358,0,0,2,9958,0,0,0,14454,0,0,2,48248,0,0,0,2334,0,0,0,15690,0,0
2,65299195,rs187573109,G,T,gnomAD Exomes,PASS,NA,p.Arg322Leu,p.Arg322Leu,c.965G>T,missense_variant,,5,109298,4.57464912441216E-05,0,0,0,7164,0,0,5,17104,0,0,0,2320,0,0,0,9046,0,0,0,13294,0,0,0,42768,0,0,0,1912,0,0,0,15690,0,0
2,65299197,rs768270836,G,A,gnomAD Exomes,PASS,NA,p.Val323Met,p.Val323Met,c.967G>A,missense_variant,,1,109322,9.14728965807431E-06,0,0,0,7164,0,0,0,17104,0,0,0,2320,0,0,0,9046,0,0,0,13318,0,0,0,42768,0,0,0,1912,0,0,1,15690,0,0
2,65299198,rs113616176,T,G,gnomAD Exomes,PASS,NA,p.Val323Gly,p.Val323Gly,c.968T>G,missense_variant,,1,109348,9.14511467973808E-06,0,0,1,7164,0,0,0,17106,0,0,0,2320,0,0,0,9046,0,0,0,13340,0,0,0,42768,0,0,0,1914,0,0,0,15690,0,0
2,65299204,rs200718631,C,T,gnomAD Exomes,PASS,NA,p.Ala325Val,p.Ala325Val,c.974C>T,missense_variant,,3,109348,2.74353440392142E-05,0,0,0,7164,0,0,1,17104,0,0,0,2320,0,0,0,9046,0,0,0,13344,0,0,2,42768,0,0,0,1912,0,0,0,15690,0,0
2,65299226,rs140989801,CG,C,gnomAD Exomes,PASS,NA,p.Val334Ter,p.Val334Ter,c.1000delG,frameshift_variant,,1,109384,9.14210487822716E-06,0,0,0,7164,0,0,0,17102,0,0,0,2320,0,0,0,9046,0,0,0,13384,0,0,1,42766,0,0,0,1912,0,0,0,15690,0,0
2,65299251,rs771400214,G,C,gnomAD Exomes,PASS,NA,p.Val341Leu,p.Val341Leu,c.1021G>C,missense_variant,,1,109394,9.14126917381209E-06,0,0,0,7164,0,0,0,17104,0,0,0,2320,0,0,0,9046,0,0,0,13388,0,0,0,42768,0,0,0,1914,0,0,1,15690,0,0
2,65299263,rs759594956,A,G,gnomAD Exomes,PASS,NA,p.Ser345Gly,p.Ser345Gly,c.1033A>G,missense_variant,,1,109398,9.14093493482513E-06,0,0,0,7164,0,0,0,17102,0,0,0,2320,0,0,0,9046,0,0,0,13394,0,0,1,42768,0,0,0,1914,0,0,0,15690,0,0
2,65299278,rs751369911,C,T,gnomAD Exomes,PASS,NA,p.Pro350Ser,p.Pro350Ser,c.1048C>T,missense_variant,,1,109400,9.14076782449726E-06,0,0,0,7164,0,0,0,17104,0,0,0,2320,0,0,0,9046,0,0,1,13394,0,0,0,42768,0,0,0,1914,0,0,0,15690,0,0
2,65299278,rs751369911,CCTA,C,gnomAD Exomes,PASS,NA,p.Thr351del,p.Thr351del,c.1052_1054delCTA,inframe_deletion,,1,109400,9.14076782449726E-06,0,0,0,7164,0,0,0,17104,0,0,0,2320,0,0,0,9046,0,0,0,13394,0,0,1,42768,0,0,0,1914,0,0,0,15690,0,0
2,65299291,rs780127674,C,T,gnomAD Exomes,PASS,NA,p.Ser354Phe,p.Ser354Phe,c.1061C>T,missense_variant,,1,109396,9.1411020512633E-06,0,0,1,7164,0,0,0,17104,0,0,0,2320,0,0,0,9046,0,0,0,13390,0,0,0,42768,0,0,0,1914,0,0,0,15690,0,0
2,65299298,rs2723088,C,A,"gnomAD Exomes,gnomAD Genomes",PASS,PASS,p.Asn356Lys,p.Asn356Lys,c.1068C>A,missense_variant,,11236,120202,0.093475982096804,614,0,820,9726,23,0,1028,17352,41,0,307,2358,24,0,6,9960,0,0,1482,14548,82,0,5561,48242,314,0,236,2336,22,0,1796,15680,108,0
2,65299299,rs754877793,T,C,"gnomAD Exomes,gnomAD Genomes",PASS,PASS,p.Cys357Arg,p.Cys357Arg,c.1069T>C,missense_variant,mnv,5,120160,4.16111850865513E-05,1,0,0,9720,0,0,0,17336,0,0,0,2356,0,0,3,9962,0,0,0,14548,0,0,2,48224,1,0,0,2334,0,0,0,15680,0,0
2,65299300,rs2723089,G,C,"gnomAD Exomes,gnomAD Genomes",PASS,PASS,p.Cys357Ser,p.Cys357Ser,c.1070G>C,missense_variant,mnv,11230,120176,0.093446278791106,613,0,820,9722,23,0,1027,17350,41,0,307,2358,24,0,6,9960,0,0,1482,14548,82,0,5558,48224,314,0,236,2336,22,0,1794,15678,107,0
2,65299308,rs747637288,G,A,gnomAD Exomes,PASS,NA,p.Ala360Thr,p.Ala360Thr,c.1078G>A,missense_variant,,1,109402,9.14060072027934E-06,0,0,0,7164,0,0,0,17106,0,0,0,2320,0,0,0,9046,0,0,0,13394,0,0,1,42768,0,0,0,1914,0,0,0,15690,0,0
2,65299326,rs759886403,C,A,gnomAD Exomes,PASS,NA,p.Pro366Thr,p.Pro366Thr,c.1096C>A,missense_variant,,3,109404,2.74213008665131E-05,0,0,0,7164,0,0,0,17108,0,0,0,2320,0,0,0,9046,0,0,3,13394,0,0,0,42768,0,0,0,1914,0,0,0,15690,0,0
2,65299330,rs141499084,T,A,"gnomAD Exomes,gnomAD Genomes",PASS,PASS,p.Phe367Tyr,p.Phe367Tyr,c.1100T>A,missense_variant,,1121,120224,0.00932426137876,11,0,21,9726,1,0,82,17354,0,0,77,2358,2,0,0,9962,0,0,141,14554,0,0,754,48242,8,0,27,2338,0,0,19,15690,0,0
2,65299338,rs771338793,C,T,gnomAD Exomes,PASS,NA,p.Pro370Ser,p.Pro370Ser,c.1108C>T,missense_variant,,1,109398,9.14093493482513E-06,0,0,0,7164,0,0,0,17108,0,0,0,2320,0,0,1,9046,0,0,0,13388,0,0,0,42768,0,0,0,1914,0,0,0,15690,0,0
2,65299340,rs767182779,CAG,C,gnomAD Exomes,PASS,NA,p.Glu372AlafsTer4,p.Glu372AlafsTer4,c.1115_1116delAG,frameshift_variant,,1,109404,9.14043362217103E-06,0,0,0,7164,0,0,0,17108,0,0,0,2320,0,0,0,9046,0,0,0,13394,0,0,1,42768,0,0,0,1914,0,0,0,15690,0,0
2,65299348,rs760018552,C,T,gnomAD Exomes,PASS,NA,p.Pro373Leu,p.Pro373Leu,c.1118C>T,missense_variant,,1,109402,9.14060072027934E-06,0,0,0,7164,0,0,1,17106,0,0,0,2320,0,0,0,9046,0,0,0,13394,0,0,0,42768,0,0,0,1914,0,0,0,15690,0,0
2,65299365,rs774988713,C,A,gnomAD Exomes,PASS,NA,p.Pro379Thr,p.Pro379Thr,c.1135C>A,missense_variant,,6,109394,5.48476150428725E-05,0,0,0,7164,0,0,3,17104,0,0,0,2320,0,0,0,9046,0,0,0,13394,0,0,2,42762,0,0,1,1914,0,0,0,15690,0,0
2,65299378,rs1486726042,C,T,gnomAD Exomes,PASS,NA,p.Pro383Leu,p.Pro383Leu,c.1148C>T,missense_variant,,1,109392,9.14143630247184E-06,0,0,0,7164,0,0,1,17102,0,0,0,2320,0,0,0,9046,0,0,0,13392,0,0,0,42766,0,0,0,1914,0,0,0,15688,0,0
2,65299386,rs1203888617,CAG,C,gnomAD Exomes,PASS,NA,p.Gln386ArgfsTer21,p.Gln386ArgfsTer21,c.1157_1158delAG,frameshift_variant,,1,109392,9.14143630247184E-06,0,0,0,7164,0,0,0,17098,0,0,0,2320,0,0,0,9046,0,0,0,13394,0,0,1,42766,0,0,0,1914,0,0,0,15690,0,0
2,65299403,rs1375508596,G,T,gnomAD Exomes,PASS,NA,p.Leu391Phe,p.Leu391Phe,c.1173G>T,missense_variant,,1,109396,9.1411020512633E-06,0,0,0,7164,0,0,0,17104,0,0,0,2320,0,0,0,9046,0,0,0,13394,0,0,1,42764,0,0,0,1914,0,0,0,15690,0,0
2,65299412,rs762139425,G,C,gnomAD Exomes,PASS,NA,p.Trp394Cys,p.Trp394Cys,c.1182G>C,missense_variant,,1,109394,9.14126917381209E-06,0,0,0,7164,0,0,0,17104,0,0,0,2320,0,0,0,9046,0,0,0,13390,0,0,0,42766,0,0,0,1914,0,0,1,15690,0,0
2,65299414,rs753719759,G,A,gnomAD Exomes,PASS,NA,p.Ser395Asn,p.Ser395Asn,c.1184G>A,missense_variant,,1,109394,9.14126917381209E-06,0,0,0,7164,0,0,0,17104,0,0,0,2320,0,0,0,9046,0,0,0,13388,0,0,0,42768,0,0,0,1914,0,0,1,15690,0,0
2,65299420,rs35501092,T,C,"gnomAD Exomes,gnomAD Genomes",PASS,PASS,p.Leu397Pro,p.Leu397Pro,c.1190T>C,missense_variant,,1418,120250,0.0117920997921,9,0,20,9734,0,0,118,17352,0,0,59,2358,1,0,0,9960,0,0,155,14552,0,0,963,48266,7,0,43,2338,1,0,60,15690,0,0
2,65299423,rs575445736,C,G,gnomAD Exomes,PASS,NA,p.Ala398Gly,p.Ala398Gly,c.1193C>G,missense_variant,,1,109394,9.14126917381209E-06,0,0,0,7164,0,0,0,17106,0,0,0,2320,0,0,1,9046,0,0,0,13390,0,0,0,42766,0,0,0,1912,0,0,0,15690,0,0
2,65299429,rs762753492,C,A,gnomAD Exomes,PASS,NA,p.Thr400Asn,p.Thr400Asn,c.1199C>A,missense_variant,,3,109384,2.74263146346815E-05,0,0,0,7164,0,0,0,17106,0,0,0,2320,0,0,0,9046,0,0,3,13378,0,0,0,42768,0,0,0,1912,0,0,0,15690,0,0
2,65299432,rs757916444,C,T,gnomAD Exomes,PASS,NA,p.Pro401Leu,p.Pro401Leu,c.1202C>T,missense_variant,,1,109392,9.14143630247184E-06,0,0,0,7164,0,0,1,17106,0,0,0,2320,0,0,0,9046,0,0,0,13386,0,0,0,42768,0,0,0,1912,0,0,0,15690,0,0
2,65299444,rs201602584,G,A,gnomAD Exomes,PASS,NA,p.Gly405Asp,p.Gly405Asp,c.1214G>A,missense_variant,,1,109382,9.14227203744674E-06,0,0,1,7164,0,0,0,17110,0,0,0,2320,0,0,0,9046,0,0,0,13370,0,0,0,42768,0,0,0,1914,0,0,0,15690,0,0
2,65299452,rs192553294,G,A,"gnomAD Exomes,gnomAD Genomes",PASS,PASS,p.Asp408Asn,p.Asp408Asn,c.1222G>A,missense_variant,,12,120216,9.98203234178479E-05,0,0,0,9736,0,0,0,17356,0,0,0,2358,0,0,0,9958,0,0,0,14514,0,0,12,48268,0,0,0,2336,0,0,0,15690,0,0
2,65299458,rs368645630,C,T,gnomAD Exomes,PASS,NA,p.Arg410Cys,p.Arg410Cys,c.1228C>T,missense_variant,,4,109358,3.65771136999579E-05,0,0,0,7162,0,0,1,17110,0,0,0,2320,0,0,1,9044,0,0,0,13350,0,0,1,42768,0,0,0,1914,0,0,1,15690,0,0
2,65299459,rs10198538,G,A,"gnomAD Exomes,gnomAD Genomes",PASS,PASS,p.Arg410His,p.Arg410His,c.1229G>A,missense_variant,,15,120202,0.000124789936939,0,0,13,9734,0,0,1,17356,0,0,0,2358,0,0,0,9958,0,0,0,14500,0,0,1,48268,0,0,0,2338,0,0,0,15690,0,0
2,65299467,rs141435576,C,T,gnomAD Exomes,PASS,NA,p.Arg413Cys,p.Arg413Cys,c.1237C>T,missense_variant,,15,109322,0.000137209344871,0,0,2,7164,0,0,1,17110,0,0,0,2320,0,0,0,9044,0,0,0,13316,0,0,9,42766,0,0,0,1912,0,0,3,15690,0,0
2,65299468,rs1454196065,G,A,gnomAD Exomes,PASS,NA,p.Arg413His,p.Arg413His,c.1238G>A,missense_variant,,1,109282,9.15063779945462E-06,0,0,0,7164,0,0,1,17110,0,0,0,2320,0,0,0,9044,0,0,0,13276,0,0,0,42768,0,0,0,1910,0,0,0,15690,0,0
2,65299470,rs768797246,A,G,gnomAD Exomes,PASS,NA,p.Arg414Gly,p.Arg414Gly,c.1240A>G,missense_variant,,1,109334,9.14628569337992E-06,0,0,0,7164,0,0,0,17110,0,0,0,2320,0,0,0,9044,0,0,0,13328,0,0,1,42768,0,0,0,1910,0,0,0,15690,0,0
2,65299471,rs140998700,G,C,"gnomAD Exomes,gnomAD Genomes",PASS,PASS,p.Arg414Thr,p.Arg414Thr,c.1241G>C,missense_variant,,25,120178,0.000208024763268,0,0,20,9732,0,0,5,17356,0,0,0,2358,0,0,0,9956,0,0,0,14478,0,0,0,48274,0,0,0,2334,0,0,0,15690,0,0
2,65299479,rs767871813,G,T,gnomAD Exomes,PASS,NA,p.Ala417Ser,p.Ala417Ser,c.1249G>T,missense_variant,,1,109268,9.15181022806311E-06,0,0,0,7164,0,0,0,17112,0,0,0,2320,0,0,1,9044,0,0,0,13264,0,0,0,42766,0,0,0,1910,0,0,0,15688,0,0
2,65299479,rs767871813,G,A,gnomAD Exomes,PASS,NA,p.Ala417Thr,p.Ala417Thr,c.1249G>A,missense_variant,,2,109268,1.83036204561262E-05,0,0,0,7164,0,0,0,17112,0,0,0,2320,0,0,2,9044,0,0,0,13264,0,0,0,42766,0,0,0,1910,0,0,0,15688,0,0
2,65299480,rs1389923298,C,T,gnomAD Exomes,PASS,NA,p.Ala417Val,p.Ala417Val,c.1250C>T,missense_variant,,1,109274,9.15130772187346E-06,0,0,0,7164,0,0,1,17112,0,0,0,2320,0,0,0,9044,0,0,0,13266,0,0,0,42768,0,0,0,1910,0,0,0,15690,0,0
2,65299485,rs1271903808,A,G,gnomAD Exomes,PASS,NA,p.Arg419Gly,p.Arg419Gly,c.1255A>G,missense_variant,,1,109264,9.15214526284961E-06,0,0,0,7164,0,0,0,17112,0,0,0,2320,0,0,0,9040,0,0,1,13266,0,0,0,42764,0,0,0,1910,0,0,0,15688,0,0
2,65299497,rs1248849929,G,T,gnomAD Exomes,PASS,NA,p.Asp423Tyr,p.Asp423Tyr,c.1267G>T,missense_variant,,1,109222,9.15566460969402E-06,0,0,0,7162,0,0,0,17112,0,0,0,2320,0,0,1,9046,0,0,0,13216,0,0,0,42766,0,0,0,1912,0,0,0,15688,0,0
2,65299500,rs577037216,C,T,"gnomAD Exomes,gnomAD Genomes",PASS,PASS,p.Arg424Trp,p.Arg424Trp,c.1270C>T,missense_variant,,29,120048,0.000241570038651,0,0,0,9734,0,0,7,17358,0,0,1,2358,0,0,0,9960,0,0,0,14352,0,0,6,48262,0,0,0,2338,0,0,15,15686,0,0
2,65299501,rs971023170,G,A,gnomAD Exomes,PASS,NA,p.Arg424Gln,p.Arg424Gln,c.1271G>A,missense_variant,,2,109174,1.83193800721784E-05,0,0,1,7162,0,0,0,17112,0,0,0,2320,0,0,0,9046,0,0,0,13170,0,0,1,42762,0,0,0,1914,0,0,0,15688,0,0
2,65299513,rs1161240505,G,A,gnomAD Exomes,PASS,NA,p.Gly428Asp,p.Gly428Asp,c.1283G>A,missense_variant,,2,109194,1.83160246900013E-05,0,0,0,7162,0,0,0,17112,0,0,0,2320,0,0,1,9044,0,0,0,13188,0,0,0,42766,0,0,1,1914,0,0,0,15688,0,0
2,65299528,rs746213881,T,G,gnomAD Genomes,NA,PASS,p.Met433Arg,p.Met433Arg,c.1298T>G,missense_variant,,1,10858,9.20979922637686E-05,0,0,0,2570,0,0,0,246,0,0,0,38,0,0,0,916,0,0,0,1162,0,0,1,5504,0,0,0,422,0,0,0,0,0,0
2,65299536,rs749690692,C,T,"gnomAD Exomes,gnomAD Genomes",PASS,PASS,p.Pro436Ser,p.Pro436Ser,c.1306C>T,missense_variant,,1,120090,8.32708801732034E-06,0,0,0,9734,0,0,0,17354,0,0,0,2358,0,0,0,9962,0,0,0,14388,0,0,1,48268,0,0,0,2336,0,0,0,15690,0,0
2,65299551,rs774522142,C,T,gnomAD Exomes,PASS,NA,p.Arg441Trp,p.Arg441Trp,c.1321C>T,missense_variant,,6,109240,5.49249359209081E-05,0,0,0,7164,0,0,0,17112,0,0,0,2320,0,0,0,9046,0,0,0,13240,0,0,6,42754,0,0,0,1914,0,0,0,15690,0,0
2,65299552,rs150680996,G,A,gnomAD Exomes,PASS,NA,p.Arg441Gln,p.Arg441Gln,c.1322G>A,missense_variant,,9,109258,8.23738307492357E-05,0,0,5,7164,0,0,4,17110,0,0,0,2320,0,0,0,9046,0,0,0,13254,0,0,0,42762,0,0,0,1912,0,0,0,15690,0,0
2,65299560,rs773369946,G,A,gnomAD Exomes,PASS,NA,p.Gly444Arg,p.Gly444Arg,c.1330G>A,missense_variant,,1,109290,9.14996797511209E-06,0,0,0,7164,0,0,0,17112,0,0,0,2320,0,0,0,9044,0,0,0,13292,0,0,1,42760,0,0,0,1914,0,0,0,15684,0,0
2,65299561,rs149395099,G,A,"gnomAD Exomes,gnomAD Genomes",PASS,PASS,p.Gly444Glu,p.Gly444Glu,c.1331G>A,missense_variant,,14,120138,0.000116532654114,0,0,12,9734,0,0,2,17358,0,0,0,2358,0,0,0,9958,0,0,0,14440,0,0,0,48266,0,0,0,2336,0,0,0,15688,0,0
2,65299570,rs764888119,C,T,gnomAD Exomes,PASS,NA,p.Ser447Leu,p.Ser447Leu,c.1340C>T,missense_variant,,2,109298,1.82985964976486E-05,0,0,0,7160,0,0,0,17108,0,0,1,2320,0,0,0,9042,0,0,0,13306,0,0,0,42760,0,0,0,1914,0,0,1,15688,0,0
2,65299579,rs1474802747,CAG,C,gnomAD Exomes,PASS,NA,p.Arg452GlyfsTer17,p.Arg452GlyfsTer17,c.1354_1355delAG,frameshift_variant,,1,109348,9.14511467973808E-06,0,0,0,7162,0,0,0,17106,0,0,0,2320,0,0,0,9046,0,0,0,13354,0,0,1,42758,0,0,0,1914,0,0,0,15688,0,0
2,65299596,rs1174613396,A,G,gnomAD Genomes,NA,PASS,p.Thr456Ala,p.Thr456Ala,c.1366A>G,missense_variant,,1,10864,9.20471281296024E-05,0,0,1,2570,0,0,0,246,0,0,0,38,0,0,0,914,0,0,0,1162,0,0,0,5510,0,0,0,424,0,0,0,0,0,0
2,65299611,rs147665059,C,T,gnomAD Exomes,PASS,NA,p.Arg461Trp,p.Arg461Trp,c.1381C>T,missense_variant,,7,109394,6.39888842166847E-05,0,0,3,7162,0,0,0,17110,0,0,0,2320,0,0,0,9046,0,0,0,13386,0,0,4,42766,0,0,0,1914,0,0,0,15690,0,0
2,65299612,rs921894381,G,A,gnomAD Exomes,PASS,NA,p.Arg461Gln,p.Arg461Gln,c.1382G>A,missense_variant,,1,109386,9.14193772512022E-06,0,0,0,7164,0,0,0,17108,0,0,0,2320,0,0,0,9046,0,0,0,13382,0,0,0,42764,0,0,0,1914,0,0,1,15688,0,0
2,65299614,rs35694840,C,T,"gnomAD Exomes,gnomAD Genomes",PASS,PASS,p.Arg462Cys,p.Arg462Cys,c.1384C>T,missense_variant,,252,120260,0.00209545983702,2,0,240,9734,2,0,10,17358,0,0,0,2358,0,0,0,9962,0,0,0,14544,0,0,2,48276,0,0,0,2338,0,0,0,15690,0,0
2,65299615,rs755795918,G,A,gnomAD Exomes,PASS,NA,p.Arg462His,p.Arg462His,c.1385G>A,missense_variant,,8,109400,7.31261425959781E-05,0,0,1,7164,0,0,4,17112,0,0,0,2320,0,0,1,9046,0,0,0,13388,0,0,0,42766,0,0,0,1914,0,0,2,15690,0,0
2,65299621,rs1214395878,C,A,gnomAD Exomes,PASS,NA,p.Thr464Asn,p.Thr464Asn,c.1391C>A,missense_variant,,1,109406,9.14026653017202E-06,0,0,0,7164,0,0,0,17112,0,0,0,2320,0,0,0,9046,0,0,0,13394,0,0,1,42766,0,0,0,1914,0,0,0,15690,0,0
2,65299624,rs145806974,G,C,"gnomAD Exomes,gnomAD Genomes",PASS,PASS,p.Cys465Ser,p.Cys465Ser,c.1394G>C,missense_variant,,19,120282,0.000157962122346,0,0,0,9738,0,0,0,17358,0,0,0,2358,0,0,19,9962,0,0,0,14554,0,0,0,48284,0,0,0,2338,0,0,0,15690,0,0
2,65299627,rs1206861754,CAG,C,gnomAD Exomes,PASS,NA,p.Glu467ValfsTer2,p.Glu467ValfsTer2,c.1400_1401delAG,frameshift_variant,,1,109404,9.14043362217103E-06,0,0,0,7164,0,0,0,17112,0,0,0,2320,0,0,1,9046,0,0,0,13394,0,0,0,42766,0,0,0,1914,0,0,0,15688,0,0
2,65299632,rs779601426,T,C,gnomAD Exomes,PASS,NA,p.Ser468Pro,p.Ser468Pro,c.1402T>C,missense_variant,,1,109406,9.14026653017202E-06,0,0,0,7164,0,0,0,17112,0,0,0,2320,0,0,0,9046,0,0,1,13392,0,0,0,42768,0,0,0,1914,0,0,0,15690,0,0
2,65299632,rs779601426,T,A,gnomAD Exomes,PASS,NA,p.Ser468Thr,p.Ser468Thr,c.1402T>A,missense_variant,,1,109406,9.14026653017202E-06,0,0,0,7164,0,0,0,17112,0,0,0,2320,0,0,0,9046,0,0,0,13392,0,0,0,42768,0,0,0,1914,0,0,1,15690,0,0
2,65299633,rs935592823,C,T,gnomAD Exomes,PASS,NA,p.Ser468Phe,p.Ser468Phe,c.1403C>T,missense_variant,,1,109408,9.14009944428195E-06,0,0,0,7164,0,0,0,17112,0,0,0,2320,0,0,0,9046,0,0,0,13394,0,0,0,42768,0,0,1,1914,0,0,0,15690,0,0
2,65299633,rs935592823,C,G,gnomAD Exomes,PASS,NA,p.Ser468Cys,p.Ser468Cys,c.1403C>G,missense_variant,,1,109408,9.14009944428195E-06,0,0,0,7164,0,0,0,17112,0,0,0,2320,0,0,0,9046,0,0,0,13394,0,0,1,42768,0,0,0,1914,0,0,0,15690,0,0
2,65299647,rs35089924,G,A,gnomAD Exomes,PASS,NA,p.Glu473Lys,p.Glu473Lys,c.1417G>A,missense_variant,,1,109408,9.14009944428195E-06,0,0,0,7164,0,0,0,17112,0,0,0,2320,0,0,0,9046,0,0,0,13394,0,0,0,42768,0,0,0,1914,0,0,1,15690,0,0
2,65299648,rs150135845,A,T,gnomAD Exomes,PASS,NA,p.Glu473Val,p.Glu473Val,c.1418A>T,missense_variant,,4,109408,3.65603977771278E-05,0,0,0,7164,0,0,0,17112,0,0,0,2320,0,0,0,9046,0,0,0,13394,0,0,4,42768,0,0,0,1914,0,0,0,15690,0,0
2,65299649,rs777917866,AGAGG,A,gnomAD Genomes,NA,PASS,p.Glu474LysfsTer15,p.Glu474LysfsTer15,c.1420_1423delGAGG,frameshift_variant,,2,10876,0.000183891136447,0,0,0,2574,0,0,0,246,0,0,0,38,0,0,0,916,0,0,0,1162,0,0,2,5516,0,0,0,424,0,0,0,0,0,0
2,65299671,rs775102172,G,A,gnomAD Exomes,PASS,NA,p.Glu481Lys,p.Glu481Lys,c.1441G>A,missense_variant,,1,109408,9.14009944428195E-06,0,0,0,7164,0,0,0,17112,0,0,0,2320,0,0,1,9046,0,0,0,13394,0,0,0,42768,0,0,0,1914,0,0,0,15690,0,0
2,65299681,rs1336691088,C,A,gnomAD Exomes,PASS,NA,p.Ala484Asp,p.Ala484Asp,c.1451C>A,missense_variant,,1,109408,9.14009944428195E-06,0,0,0,7164,0,0,0,17112,0,0,0,2320,0,0,0,9046,0,0,1,13394,0,0,0,42768,0,0,0,1914,0,0,0,15690,0,0
2,65299684,rs768552136,T,G,gnomAD Exomes,PASS,NA,p.Leu485Arg,p.Leu485Arg,c.1454T>G,missense_variant,,2,109408,1.82801988885639E-05,0,0,0,7164,0,0,0,17112,0,0,0,2320,0,0,0,9046,0,0,0,13394,0,0,0,42768,0,0,0,1914,0,0,2,15690,0,0
2,65299689,rs571191573,G,C,gnomAD Exomes,PASS,NA,p.Ala487Pro,p.Ala487Pro,c.1459G>C,missense_variant,,1,109406,9.14026653017202E-06,0,0,0,7164,0,0,0,17112,0,0,0,2320,0,0,0,9046,0,0,0,13394,0,0,1,42768,0,0,0,1912,0,0,0,15690,0,0
2,65299689,rs571191573,G,A,gnomAD Exomes,PASS,NA,p.Ala487Thr,p.Ala487Thr,c.1459G>A,missense_variant,,1,109406,9.14026653017202E-06,0,0,0,7164,0,0,0,17112,0,0,0,2320,0,0,0,9046,0,0,0,13394,0,0,1,42768,0,0,0,1912,0,0,0,15690,0,0
2,65299690,rs148969785,C,T,gnomAD Exomes,PASS,NA,p.Ala487Val,p.Ala487Val,c.1460C>T,missense_variant,,1,109408,9.14009944428195E-06,0,0,1,7164,0,0,0,17112,0,0,0,2320,0,0,0,9046,0,0,0,13394,0,0,0,42768,0,0,0,1914,0,0,0,15690,0,0
2,65299692,rs766102945,C,T,gnomAD Exomes,PASS,NA,p.Arg488Trp,p.Arg488Trp,c.1462C>T,missense_variant,,2,109406,1.8280533060344E-05,0,0,0,7164,0,0,0,17112,0,0,0,2320,0,0,0,9046,0,0,0,13392,0,0,2,42768,0,0,0,1914,0,0,0,15690,0,0
2,65299693,rs754222074,G,A,gnomAD Exomes,PASS,NA,p.Arg488Gln,p.Arg488Gln,c.1463G>A,missense_variant,,3,109406,2.74207995905161E-05,0,0,0,7164,0,0,1,17112,0,0,0,2320,0,0,2,9046,0,0,0,13392,0,0,0,42768,0,0,0,1914,0,0,0,15690,0,0
2,65299697,rs1280156530,GAC,G,gnomAD Exomes,PASS,NA,p.Gln491GlyfsTer3,p.Gln491GlyfsTer3,c.1471_1472delCA,frameshift_variant,,2,109408,1.82801988885639E-05,0,0,0,7164,0,0,0,17112,0,0,0,2320,0,0,0,9046,0,0,1,13394,0,0,1,42768,0,0,0,1914,0,0,0,15690,0,0
2,65299705,rs779546292,T,A,gnomAD Exomes,PASS,NA,c.1473+2T>A,,c.1473+2T>A,splice_donor_variant,,4,109408,3.65603977771278E-05,0,0,0,7164,0,0,0,17112,0,0,0,2320,0,0,0,9046,0,0,0,13394,0,0,0,42768,0,0,0,1914,0,0,4,15690,0,0
2,65299707,rs758953430,T,G,gnomAD Exomes,PASS,NA,p.Ser493Ala,p.Ser493Ala,c.1477T>G,missense_variant,,2,109406,1.8280533060344E-05,0,0,2,7164,0,0,0,17112,0,0,0,2320,0,0,0,9046,0,0,0,13394,0,0,0,42768,0,0,0,1914,0,0,0,15688,0,0
2,65299712,rs777678975,C,G,gnomAD Exomes,PASS,NA,p.Ser494Arg,p.Ser494Arg,c.1482C>G,missense_variant,,1,109406,9.14026653017202E-06,0,0,0,7164,0,0,0,17112,0,0,0,2320,0,0,0,9046,0,0,0,13394,0,0,1,42768,0,0,0,1914,0,0,0,15688,0,0
2,65299723,rs143765018,A,G,gnomAD Exomes,PASS,NA,p.Tyr498Cys,p.Tyr498Cys,c.1493A>G,missense_variant,,2,109408,1.82801988885639E-05,0,0,0,7164,0,0,0,17112,0,0,0,2320,0,0,2,9046,0,0,0,13394,0,0,0,42768,0,0,0,1914,0,0,0,15690,0,0
2,65299734,rs1369729108,A,G,gnomAD Exomes,PASS,NA,p.Ile502Val,p.Ile502Val,c.1504A>G,missense_variant,,1,109402,9.14060072027934E-06,0,0,0,7164,0,0,0,17110,0,0,0,2320,0,0,0,9046,0,0,0,13390,0,0,0,42768,0,0,0,1914,0,0,1,15690,0,0
2,65299767,rs1268732716,A,G,gnomAD Exomes,PASS,NA,p.Ile513Val,p.Ile513Val,c.1537A>G,missense_variant,,1,109390,9.14160343724289E-06,0,0,1,7162,0,0,0,17108,0,0,0,2320,0,0,0,9038,0,0,0,13392,0,0,0,42766,0,0,0,1914,0,0,0,15690,0,0
2,65299782,rs537793398,C,A,gnomAD Exomes,PASS,NA,p.Pro518Thr,p.Pro518Thr,c.1552C>A,missense_variant,,1,109372,9.14310792524595E-06,0,0,1,7160,0,0,0,17108,0,0,0,2320,0,0,0,9022,0,0,0,13394,0,0,0,42766,0,0,0,1914,0,0,0,15688,0,0
2,65299783,rs1452332761,C,T,gnomAD Exomes,PASS,NA,p.Pro518Leu,p.Pro518Leu,c.1553C>T,missense_variant,,0,109376,0,0,0,0,7160,0,0,0,17108,0,0,0,2320,0,0,0,9028,0,0,0,13394,0,0,0,42766,0,0,0,1912,0,0,0,15688,0,0
2,65299800,rs772572943,A,G,gnomAD Exomes,PASS,NA,p.Ser524Gly,p.Ser524Gly,c.1570A>G,missense_variant,,1,109266,9.15197774239013E-06,0,0,0,7160,0,0,0,17096,0,0,0,2320,0,0,0,8968,0,0,0,13376,0,0,1,42750,0,0,0,1910,0,0,0,15686,0,0
2,65299801,rs1231238268,G,A,gnomAD Exomes,PASS,NA,p.Ser524Asn,p.Ser524Asn,c.1571G>A,missense_variant,,1,109246,9.1536532230013E-06,0,0,0,7156,0,0,1,17096,0,0,0,2320,0,0,0,8958,0,0,0,13372,0,0,0,42748,0,0,0,1910,0,0,0,15686,0,0
2,65299802,rs202182197,T,G,"gnomAD Exomes,gnomAD Genomes",PASS,PASS,p.Ser524Arg,p.Ser524Arg,c.1572T>G,missense_variant,,64,120106,0.000532862638003,0,0,0,9732,0,0,0,17338,0,0,0,2358,0,0,0,9868,0,0,14,14540,0,0,44,48258,0,0,6,2328,0,0,0,15684,0,0
2,65299804,rs776481763,A,T,gnomAD Exomes,PASS,NA,p.Asp525Val,p.Asp525Val,c.1574A>T,missense_variant,,1,109206,9.15700602530996E-06,0,0,0,7156,0,0,0,17088,0,0,0,2320,0,0,1,8932,0,0,0,13374,0,0,0,42744,0,0,0,1908,0,0,0,15684,0,0
2,65299829,rs1391912328,C,G,gnomAD Genomes,NA,PASS,p.Ser533Arg,p.Ser533Arg,c.1599C>G,missense_variant,,1,10866,9.20301859009755E-05,0,0,0,2572,0,0,0,246,0,0,0,38,0,0,1,914,0,0,0,1162,0,0,0,5512,0,0,0,422,0,0,0,0,0,0
2,65299835,rs765627153,C,A,gnomAD Exomes,PASS,NA,p.Ser535Arg,p.Ser535Arg,c.1605C>A,missense_variant,,1,108994,9.1748169624016E-06,0,0,0,7154,0,0,0,17082,0,0,0,2320,0,0,0,8820,0,0,0,13350,0,0,0,42688,0,0,0,1902,0,0,1,15678,0,0
2,65299837,rs753147221,A,G,gnomAD Exomes,PASS,NA,p.Gln536Arg,p.Gln536Arg,c.1607A>G,missense_variant,,1,108998,9.17448026569295E-06,0,0,0,7156,0,0,0,17082,0,0,0,2320,0,0,0,8812,0,0,0,13352,0,0,0,42696,0,0,0,1904,0,0,1,15676,0,0
2,65299839,rs758786885,A,G,gnomAD Exomes,PASS,NA,p.Ser537Gly,p.Ser537Gly,c.1609A>G,missense_variant,,4,108980,3.67039823820885E-05,0,0,0,7152,0,0,0,17080,0,0,0,2320,0,0,4,8810,0,0,0,13346,0,0,0,42694,0,0,0,1902,0,0,0,15676,0,0
2,65299848,rs554377541,C,T,gnomAD Exomes,PASS,NA,p.Pro540Ser,p.Pro540Ser,c.1618C>T,missense_variant,,1,108898,9.18290510385866E-06,0,0,0,7150,0,0,1,17072,0,0,0,2320,0,0,0,8770,0,0,0,13336,0,0,0,42670,0,0,0,1906,0,0,0,15674,0,0
2,65299858,rs370541331,C,T,gnomAD Exomes,PASS,NA,p.Ala543Val,p.Ala543Val,c.1628C>T,missense_variant,,45,108822,0.000413519325136,0,0,0,7146,0,0,0,17060,0,0,0,2320,0,0,0,8726,0,0,0,13334,0,0,0,42662,0,0,0,1900,0,0,45,15674,0,0
2,65299866,rs756333859,C,G,gnomAD Exomes,PASS,NA,p.Gln546Glu,p.Gln546Glu,c.1636C>G,missense_variant,,1,108796,9.19151439391154E-06,0,0,0,7146,0,0,0,17060,0,0,0,2320,0,0,0,8708,0,0,0,13328,0,0,0,42658,0,0,0,1900,0,0,1,15676,0,0
2,65299874,rs1427967239,T,TG,gnomAD Genomes,NA,PASS,p.Asp550GlyfsTer3,p.Asp550GlyfsTer3,c.1648dupG,frameshift_variant,,1,10866,9.20301859009755E-05,0,0,1,2574,0,0,0,246,0,0,0,38,0,0,0,916,0,0,0,1162,0,0,0,5510,0,0,0,420,0,0,0,0,0,0
2,65299880,rs1254116800,T,G,gnomAD Exomes,PASS,NA,p.Asp550Glu,p.Asp550Glu,c.1650T>G,missense_variant,,1,108714,9.19844730209541E-06,0,0,0,7138,0,0,0,17058,0,0,0,2320,0,0,0,8674,0,0,0,13318,0,0,1,42634,0,0,0,1896,0,0,0,15676,0,0
2,65299887,rs533793094,G,C,gnomAD Exomes,PASS,NA,p.Gly553Arg,p.Gly553Arg,c.1657G>C,missense_variant,,38,108684,0.000349637481138,1,0,0,7138,0,0,0,17058,0,0,0,2320,0,0,0,8664,0,0,0,13304,0,0,0,42628,0,0,0,1896,0,0,38,15676,1,0
2,65299890,rs374313300,C,A,gnomAD Exomes,PASS,NA,p.Gln554Lys,p.Gln554Lys,c.1660C>A,missense_variant,,1,108680,9.20132499079868E-06,0,0,0,7138,0,0,0,17058,0,0,0,2320,0,0,0,8656,0,0,0,13310,0,0,1,42626,0,0,0,1896,0,0,0,15676,0,0
2,65299894,rs776281163,A,T,gnomAD Exomes,PASS,NA,p.Asn555Ile,p.Asn555Ile,c.1664A>T,missense_variant,,1,108672,9.2020023557126E-06,0,0,0,7138,0,0,0,17058,0,0,0,2320,0,0,0,8656,0,0,0,13306,0,0,1,42622,0,0,0,1896,0,0,0,15676,0,0
2,65299897,rs777455426,CCT,C,gnomAD Exomes,PASS,NA,p.Cys557PhefsTer39,p.Cys557PhefsTer39,c.1668_1669delCT,frameshift_variant,,2,108668,1.84046821511392E-05,0,0,0,7136,0,0,0,17058,0,0,0,2320,0,0,1,8656,0,0,0,13306,0,0,1,42620,0,0,0,1896,0,0,0,15676,0,0
2,65299906,rs759227639,T,A,gnomAD Exomes,PASS,NA,p.Leu559Gln,p.Leu559Gln,c.1676T>A,missense_variant,,1,108654,9.20352679146649E-06,0,0,0,7136,0,0,0,17058,0,0,0,2320,0,0,0,8644,0,0,0,13304,0,0,0,42620,0,0,0,1896,0,0,1,15676,0,0
2,65299908,rs765008444,C,T,gnomAD Exomes,PASS,NA,p.Arg560Cys,p.Arg560Cys,c.1678C>T,missense_variant,,1,108644,9.20437391848606E-06,0,0,0,7136,0,0,1,17058,0,0,0,2320,0,0,0,8642,0,0,0,13304,0,0,0,42614,0,0,0,1896,0,0,0,15674,0,0
2,65299909,rs775978039,G,A,gnomAD Exomes,PASS,NA,p.Arg560His,p.Arg560His,c.1679G>A,missense_variant,,2,108640,1.84094256259205E-05,0,0,0,7136,0,0,1,17056,0,0,0,2320,0,0,0,8642,0,0,0,13304,0,0,1,42612,0,0,0,1896,0,0,0,15674,0,0
2,65299917,rs370783857,G,A,gnomAD Exomes,PASS,NA,p.Val563Ile,p.Val563Ile,c.1687G>A,missense_variant,,1,108632,9.20539067678032E-06,0,0,0,7136,0,0,0,17054,0,0,0,2320,0,0,0,8640,0,0,0,13304,0,0,1,42610,0,0,0,1896,0,0,0,15672,0,0
2,65299920,rs367893051,C,T,"gnomAD Exomes,gnomAD Genomes",PASS,PASS,p.Arg564Cys,p.Arg564Cys,c.1690C>T,missense_variant,,8,119498,6.69467271418768E-05,0,0,3,9708,0,0,0,17300,0,0,0,2358,0,0,0,9556,0,0,1,14466,0,0,1,48118,0,0,1,2318,0,0,2,15674,0,0
2,65299921,rs371431891,G,A,"gnomAD Exomes,gnomAD Genomes",PASS,PASS,p.Arg564His,p.Arg564His,c.1691G>A,missense_variant,,7,119496,5.85793666733614E-05,0,0,1,9710,0,0,4,17300,0,0,0,2358,0,0,0,9556,0,0,0,14466,0,0,2,48116,0,0,0,2316,0,0,0,15674,0,0
2,65299923,rs749763726,G,GC,gnomAD Exomes,PASS,NA,p.His566ProfsTer31,p.His566ProfsTer31,c.1696dupC,frameshift_variant,,1,108636,9.20505173239074E-06,0,0,1,7136,0,0,0,17054,0,0,0,2320,0,0,0,8638,0,0,0,13306,0,0,0,42612,0,0,0,1896,0,0,0,15674,0,0
2,65299924,rs553908550,C,T,gnomAD Exomes,PASS,NA,p.Ala565Val,p.Ala565Val,c.1694C>T,missense_variant,,1,108634,9.20522120146547E-06,0,0,0,7134,0,0,1,17054,0,0,0,2320,0,0,0,8638,0,0,0,13306,0,0,0,42612,0,0,0,1896,0,0,0,15674,0,0
2,65299929,rs750523258,G,A,gnomAD Exomes,PASS,NA,p.Asp567Asn,p.Asp567Asn,c.1699G>A,missense_variant,,2,108634,1.84104424029309E-05,0,0,0,7136,0,0,0,17054,0,0,0,2320,0,0,1,8638,0,0,0,13306,0,0,1,42610,0,0,0,1896,0,0,0,15674,0,0
2,65299933,rs1191433905,C,G,gnomAD Exomes,PASS,NA,p.Ser568Cys,p.Ser568Cys,c.1703C>G,missense_variant,,1,108634,9.20522120146547E-06,0,0,0,7136,0,0,0,17054,0,0,0,2320,0,0,0,8638,0,0,0,13306,0,0,1,42608,0,0,0,1896,0,0,0,15676,0,0
2,65299935,rs377085400,G,A,gnomAD Exomes,PASS,NA,p.Ala569Thr,p.Ala569Thr,c.1705G>A,missense_variant,,3,108634,2.76156636043964E-05,0,0,1,7136,0,0,0,17054,0,0,0,2320,0,0,0,8638,0,0,0,13306,0,0,2,42610,0,0,0,1896,0,0,0,15674,0,0
2,65299935,rs377085400,G,T,gnomAD Exomes,PASS,NA,p.Ala569Ser,p.Ala569Ser,c.1705G>T,missense_variant,,1,108634,9.20522120146547E-06,0,0,0,7136,0,0,0,17054,0,0,0,2320,0,0,0,8638,0,0,0,13306,0,0,0,42610,0,0,0,1896,0,0,1,15674,0,0
2,65299944,rs746892664,G,T,gnomAD Exomes,PASS,NA,p.Gly572Cys,p.Gly572Cys,c.1714G>T,missense_variant,,2,108634,1.84104424029309E-05,0,0,0,7136,0,0,0,17054,0,0,0,2320,0,0,1,8638,0,0,0,13306,0,0,0,42608,0,0,0,1896,0,0,1,15676,0,0
2,65299948,rs1402764116,G,A,gnomAD Exomes,PASS,NA,p.Ser573Asn,p.Ser573Asn,c.1718G>A,missense_variant,,1,108636,9.20505173239074E-06,0,0,0,7136,0,0,1,17054,0,0,0,2320,0,0,0,8638,0,0,0,13308,0,0,0,42608,0,0,0,1896,0,0,0,15676,0,0
2,65299951,rs199988577,T,C,"gnomAD Exomes,gnomAD Genomes",PASS,PASS,p.Leu574Pro,p.Leu574Pro,c.1721T>C,missense_variant,,8,119510,6.69400050205004E-05,0,0,8,9708,0,0,0,17300,0,0,0,2358,0,0,0,9554,0,0,0,14470,0,0,0,48126,0,0,0,2318,0,0,0,15676,0,0
2,65299957,rs371818689,G,A,gnomAD Exomes,PASS,NA,p.Ser576Asn,p.Ser576Asn,c.1727G>A,missense_variant,,1,108636,9.20505173239074E-06,0,0,0,7136,0,0,0,17054,0,0,0,2320,0,0,0,8638,0,0,0,13308,0,0,1,42608,0,0,0,1896,0,0,0,15676,0,0
2,65299960,rs775352528,G,A,"gnomAD Exomes,gnomAD Genomes",PASS,PASS,p.Ser577Asn,p.Ser577Asn,c.1730G>A,missense_variant,,2,119500,1.67364016736402E-05,0,0,1,9708,0,0,0,17300,0,0,0,2358,0,0,1,9554,0,0,0,14466,0,0,0,48120,0,0,0,2318,0,0,0,15676,0,0
2,65299971,rs374865357,G,A,gnomAD Exomes,PASS,NA,p.Gly581Arg,p.Gly581Arg,c.1741G>A,missense_variant,,11,108636,0.000101255569056,0,0,0,7136,0,0,2,17054,0,0,0,2320,0,0,8,8638,0,0,0,13308,0,0,0,42608,0,0,1,1896,0,0,0,15676,0,0
2,65299972,rs375337582,G,T,"gnomAD Exomes,gnomAD Genomes",PASS,PASS,p.Gly581Val,p.Gly581Val,c.1742G>T,missense_variant,,2,119506,1.6735561394407E-05,0,0,2,9706,0,0,0,17300,0,0,0,2358,0,0,0,9554,0,0,0,14470,0,0,0,48122,0,0,0,2320,0,0,0,15676,0,0
2,65299974,rs760809283,G,A,gnomAD Exomes,PASS,NA,p.Val582Ile,p.Val582Ile,c.1744G>A,missense_variant,,1,108636,9.20505173239074E-06,0,0,0,7136,0,0,1,17054,0,0,0,2320,0,0,0,8638,0,0,0,13308,0,0,0,42608,0,0,0,1896,0,0,0,15676,0,0
2,65299978,rs766572390,C,T,gnomAD Exomes,PASS,NA,p.Ser583Phe,p.Ser583Phe,c.1748C>T,missense_variant,,1,108636,9.20505173239074E-06,0,0,1,7136,0,0,0,17054,0,0,0,2320,0,0,0,8638,0,0,0,13308,0,0,0,42608,0,0,0,1896,0,0,0,15676,0,0
2,65299992,rs576040331,A,G,gnomAD Exomes,PASS,NA,p.Lys588Glu,p.Lys588Glu,c.1762A>G,missense_variant,,1,108636,9.20505173239074E-06,0,0,1,7136,0,0,0,17054,0,0,0,2320,0,0,0,8638,0,0,0,13308,0,0,0,42608,0,0,0,1896,0,0,0,15676,0,0
2,65299998,rs1156806816,C,T,gnomAD Exomes,PASS,NA,p.Arg590Cys,p.Arg590Cys,c.1768C>T,missense_variant,,2,108636,1.84101034647815E-05,0,0,0,7136,0,0,2,17054,0,0,0,2320,0,0,0,8638,0,0,0,13308,0,0,0,42608,0,0,0,1896,0,0,0,15676,0,0
2,65299999,rs757243174,G,A,gnomAD Exomes,PASS,NA,p.Arg590His,p.Arg590His,c.1769G>A,missense_variant,,1,108636,9.20505173239074E-06,0,0,0,7136,0,0,0,17054,0,0,0,2320,0,0,0,8638,0,0,0,13308,0,0,1,42608,0,0,0,1896,0,0,0,15676,0,0
2,65300004,rs745370664,T,G,gnomAD Exomes,PASS,NA,p.Ser592Ala,p.Ser592Ala,c.1774T>G,missense_variant,,1,108636,9.20505173239074E-06,0,0,0,7136,0,0,0,17054,0,0,0,2320,0,0,0,8638,0,0,0,13308,0,0,1,42608,0,0,0,1896,0,0,0,15676,0,0
2,65300013,rs769487982,G,GC,gnomAD Exomes,PASS,NA,p.Arg596Ter,p.Arg596Ter,c.1784dupC,frameshift_variant,,2,108636,1.84101034647815E-05,0,0,0,7136,0,0,0,17054,0,0,0,2320,0,0,0,8638,0,0,2,13308,0,0,0,42608,0,0,0,1896,0,0,0,15676,0,0
2,65300013,rs769487982,G,C,gnomAD Exomes,PASS,NA,p.Ala595Pro,p.Ala595Pro,c.1783G>C,missense_variant,,1,108636,9.20505173239074E-06,0,0,0,7136,0,0,0,17054,0,0,0,2320,0,0,0,8638,0,0,0,13308,0,0,1,42608,0,0,0,1896,0,0,0,15676,0,0
2,65300014,rs542199079,C,T,gnomAD Exomes,PASS,NA,p.Ala595Val,p.Ala595Val,c.1784C>T,missense_variant,,3,108632,2.7616172030341E-05,0,0,0,7136,0,0,1,17054,0,0,0,2320,0,0,0,8638,0,0,0,13304,0,0,2,42608,0,0,0,1896,0,0,0,15676,0,0
2,65300022,rs762205567,G,C,gnomAD Exomes,PASS,NA,p.Asp598His,p.Asp598His,c.1792G>C,missense_variant,,1,108636,9.20505173239074E-06,0,0,0,7136,0,0,0,17054,0,0,0,2320,0,0,0,8638,0,0,0,13308,0,0,0,42608,0,0,0,1896,0,0,1,15676,0,0
2,65300025,rs527765164,C,T,"gnomAD Exomes,gnomAD Genomes",PASS,PASS,p.Arg599Trp,p.Arg599Trp,c.1795C>T,missense_variant,,15,119506,0.000125516710458,0,0,3,9710,0,0,3,17300,0,0,0,2358,0,0,0,9554,0,0,0,14470,0,0,0,48118,0,0,0,2320,0,0,9,15676,0,0
2,65300026,rs373017080,G,A,"gnomAD Exomes,gnomAD Genomes",PASS,PASS,p.Arg599Gln,p.Arg599Gln,c.1796G>A,missense_variant,,17,119510,0.000142247510669,0,0,9,9708,0,0,0,17300,0,0,0,2358,0,0,8,9554,0,0,0,14470,0,0,0,48124,0,0,0,2320,0,0,0,15676,0,0
2,65300035,rs901797365,T,G,gnomAD Genomes,NA,PASS,p.Phe602Cys,p.Phe602Cys,c.1805T>G,missense_variant,,1,10872,9.19793966151582E-05,0,0,0,2574,0,0,1,246,0,0,0,38,0,0,0,914,0,0,0,1162,0,0,0,5514,0,0,0,424,0,0,0,0,0,0
2,65300043,rs745610024,C,A,gnomAD Exomes,PASS,NA,p.Pro605Thr,p.Pro605Thr,c.1813C>A,missense_variant,,1,108636,9.20505173239074E-06,0,0,0,7136,0,0,0,17054,0,0,0,2320,0,0,0,8638,0,0,0,13308,0,0,1,42608,0,0,0,1896,0,0,0,15676,0,0
2,65300050,rs114749990,T,C,"gnomAD Exomes,gnomAD Genomes",PASS,PASS,p.Val607Ala,p.Val607Ala,c.1820T>C,missense_variant,,252,119512,0.002108574871143,1,0,232,9708,1,0,14,17300,0,0,0,2358,0,0,0,9554,0,0,0,14470,0,0,4,48126,0,0,1,2320,0,0,1,15676,0,0
2,65300052,rs369444905,G,A,"gnomAD Exomes,gnomAD Genomes",PASS,PASS,p.Glu608Lys,p.Glu608Lys,c.1822G>A,missense_variant,,7,119516,5.85695639077613E-05,0,0,7,9710,0,0,0,17300,0,0,0,2358,0,0,0,9554,0,0,0,14470,0,0,0,48128,0,0,0,2320,0,0,0,15676,0,0
2,65300069,rs756127713,G,C,gnomAD Exomes,PASS,NA,p.Arg613Ser,p.Arg613Ser,c.1839G>C,missense_variant,,1,108608,9.20742486741308E-06,0,0,0,7108,0,0,0,17054,0,0,0,2320,0,0,0,8638,0,0,0,13308,0,0,0,42608,0,0,0,1896,0,0,1,15676,0,0
2,65300071,rs140943605,AAGG,A,"gnomAD Exomes,gnomAD Genomes",PASS,PASS,p.Gly616del,p.Gly616del,c.1847_1849delGAG,inframe_deletion,,700,119508,0.005857348462028,15,0,623,9706,15,0,51,17300,0,0,0,2358,0,0,0,9552,0,0,0,14470,0,0,21,48126,0,0,2,2320,0,0,3,15676,0,0
2,65300074,rs1457583185,G,A,gnomAD Exomes,PASS,NA,p.Gly615Glu,p.Gly615Glu,c.1844G>A,missense_variant,,1,108636,9.20505173239074E-06,0,0,0,7136,0,0,0,17054,0,0,0,2320,0,0,0,8638,0,0,0,13308,0,0,0,42608,0,0,0,1896,0,0,1,15676,0,0
2,65300076,rs779577434,G,A,gnomAD Exomes,PASS,NA,p.Gly616Arg,p.Gly616Arg,c.1846G>A,missense_variant,,1,108636,9.20505173239074E-06,0,0,0,7136,0,0,0,17054,0,0,0,2320,0,0,0,8638,0,0,0,13308,0,0,1,42608,0,0,0,1896,0,0,0,15676,0,0
2,65300082,rs1369778769,C,G,gnomAD Exomes,PASS,NA,p.Gln618Glu,p.Gln618Glu,c.1852C>G,missense_variant,,1,108636,9.20505173239074E-06,0,0,1,7136,0,0,0,17054,0,0,0,2320,0,0,0,8638,0,0,0,13308,0,0,0,42608,0,0,0,1896,0,0,0,15676,0,0
2,65300086,rs748771883,G,A,gnomAD Exomes,PASS,NA,p.Gly619Glu,p.Gly619Glu,c.1856G>A,missense_variant,,1,108636,9.20505173239074E-06,0,0,0,7136,0,0,0,17054,0,0,0,2320,0,0,0,8638,0,0,0,13308,0,0,1,42608,0,0,0,1896,0,0,0,15676,0,0
2,65300109,rs772362530,G,T,gnomAD Exomes,PASS,NA,p.Val627Leu,p.Val627Leu,c.1879G>T,missense_variant,,1,108636,9.20505173239074E-06,0,0,1,7136,0,0,0,17054,0,0,0,2320,0,0,0,8638,0,0,0,13308,0,0,0,42608,0,0,0,1896,0,0,0,15676,0,0
2,65300113,rs370088416,A,C,gnomAD Exomes,PASS,NA,p.Lys628Thr,p.Lys628Thr,c.1883A>C,missense_variant,,1,108636,9.20505173239074E-06,0,0,0,7136,0,0,0,17054,0,0,0,2320,0,0,0,8638,0,0,0,13308,0,0,1,42608,0,0,0,1896,0,0,0,15676,0,0
2,65300122,rs201094324,C,T,"gnomAD Exomes,gnomAD Genomes",PASS,PASS,p.Thr243Ile,p.Thr243Ile,c.728C>T,missense_variant,,30,119512,0.000251020817993,0,0,1,9708,0,0,0,17300,0,0,0,2358,0,0,0,9552,0,0,1,14470,0,0,27,48128,0,0,1,2320,0,0,0,15676,0,0
2,65300139,rs765494507,C,G,gnomAD Exomes,PASS,NA,p.Leu249Val,p.Leu249Val,c.745C>G,missense_variant,,1,108598,9.20827271220464E-06,0,0,0,7134,0,0,0,17052,0,0,0,2318,0,0,0,8636,0,0,0,13306,0,0,0,42580,0,0,0,1896,0,0,1,15676,0,0
2,65300139,rs765494507,C,T,gnomAD Exomes,PASS,NA,p.Leu249Phe,p.Leu249Phe,c.745C>T,missense_variant,,1,108598,9.20827271220464E-06,0,0,0,7134,0,0,0,17052,0,0,0,2318,0,0,1,8636,0,0,0,13306,0,0,0,42580,0,0,0,1896,0,0,0,15676,0,0
2,65300146,rs371287431,T,C,gnomAD Exomes,PASS,NA,p.Val251Ala,p.Val251Ala,c.752T>C,missense_variant,,10,108534,9.21370261853428E-05,0,0,0,7128,0,0,0,17046,0,0,0,2316,0,0,0,8628,0,0,0,13308,0,0,0,42536,0,0,0,1896,0,0,10,15676,0,0
2,65300164,rs779356715,T,TC,gnomAD Exomes,PASS,NA,p.Gln259ProfsTer4,p.Gln259ProfsTer4,c.775dupC,frameshift_variant,lc_lof,1,108150,9.2464170134073E-06,0,0,0,7098,0,0,0,17004,0,0,0,2298,0,0,1,8582,0,0,0,13296,0,0,0,42340,0,0,0,1886,0,0,0,15646,0,0
2,65300178,rs758074896,A,G,gnomAD Exomes,PASS,NA,p.Asn262Asp,p.Asn262Asp,c.784A>G,missense_variant,,1,107034,9.34282564418783E-06,0,0,0,7004,0,0,0,16820,0,0,0,2256,0,0,0,8398,0,0,0,13276,0,0,0,41852,0,0,0,1872,0,0,1,15556,0,0
2,65300179,rs778059634,A,T,gnomAD Exomes,PASS,NA,p.Asn262Ile,p.Asn262Ile,c.785A>T,missense_variant,,1,106770,9.36592675845275E-06,0,0,0,6970,0,0,0,16764,0,0,0,2260,0,0,0,8354,0,0,0,13276,0,0,0,41756,0,0,0,1870,0,0,1,15520,0,0
2,65300184,rs745950220,A,G,gnomAD Exomes,PASS,NA,p.Ile264Val,p.Ile264Val,c.790A>G,missense_variant,,2,105634,1.89332979911771E-05,0,0,0,6838,0,0,1,16636,0,0,0,2234,0,0,0,8156,0,0,0,13250,0,0,0,41266,0,0,0,1846,0,0,1,15408,0,0
2,65300188,rs775718414,T,G,gnomAD Exomes,PASS,NA,p.Ile265Arg,p.Ile265Arg,c.794T>G,missense_variant,,1,104874,9.53525182600072E-06,0,0,0,6732,0,0,0,16540,0,0,0,2212,0,0,0,8068,0,0,0,13220,0,0,1,40920,0,0,0,1842,0,0,0,15340,0,0
2,65300194,rs763229234,A,G,gnomAD Exomes,PASS,NA,p.His267Arg,p.His267Arg,c.800A>G,missense_variant,,1,102466,9.75933480373978E-06,0,0,0,6470,0,0,0,16140,0,0,0,2162,0,0,0,7710,0,0,0,13154,0,0,1,39892,0,0,0,1820,0,0,0,15118,0,0
2,65300201,rs1311572218,T,G,gnomAD Exomes,PASS,NA,p.His269Gln,p.His269Gln,c.807T>G,missense_variant,,1,98806,1.01208428637937E-05,0,0,0,6134,0,0,1,15530,0,0,0,2074,0,0,0,7222,0,0,0,13024,0,0,0,38262,0,0,0,1784,0,0,0,14776,0,0
2,65300206,rs1359049995,AC,A,gnomAD Exomes,PASS,NA,p.Gln272ArgfsTer41,p.Gln272ArgfsTer41,c.814delC,frameshift_variant,lc_lof,1,94914,1.05358535094928E-05,0,0,1,5792,0,0,0,14972,0,0,0,2006,0,0,0,6682,0,0,0,12874,0,0,0,36422,0,0,0,1742,0,0,0,14424,0,0
2,65300209,rs116576566,A,G,"gnomAD Exomes,gnomAD Genomes",PASS,PASS,p.Gln272Arg,p.Gln272Arg,c.815A>G,missense_variant,,361,103934,0.003473358092636,10,0,327,8186,10,0,26,14940,0,0,0,2014,0,0,0,7376,0,0,0,13966,0,0,2,41036,0,0,2,2152,0,0,4,14264,0,0
2,65300212,rs1304894859,C,A,gnomAD Exomes,PASS,NA,p.Ala273Glu,p.Ala273Glu,c.818C>A,missense_variant,,1,90680,1.10277900308778E-05,0,0,0,5394,0,0,1,14402,0,0,0,1946,0,0,0,6182,0,0,0,12698,0,0,0,34344,0,0,0,1694,0,0,0,14020,0,0
2,65300223,rs1296467668,T,G,gnomAD Exomes,PASS,NA,p.Cys277Gly,p.Cys277Gly,c.829T>G,missense_variant,,1,80906,1.23600227424418E-05,0,0,1,4428,0,0,0,13422,0,0,0,1742,0,0,0,5274,0,0,0,12138,0,0,0,29184,0,0,0,1562,0,0,0,13156,0,0
2,65300226,rs533866381,C,T,gnomAD Exomes,PASS,NA,p.Gln278Ter,p.Gln278Ter,c.832C>T,stop_gained,lc_lof,11,80044,0.000137424416571,0,0,0,4350,0,0,0,13342,0,0,0,1724,0,0,0,5178,0,0,0,12084,0,0,0,28726,0,0,0,1556,0,0,11,13084,0,0
2,65300227,rs1460397406,A,G,gnomAD Genomes,NA,PASS,p.Gln278Arg,p.Gln278Arg,c.833A>G,missense_variant,,1,10872,9.19793966151582E-05,0,0,0,2572,0,0,0,246,0,0,0,38,0,0,0,916,0,0,0,1162,0,0,1,5514,0,0,0,424,0,0,0,0,0,0
2,65300242,rs201787487,CCTTAT,C,"gnomAD Exomes,gnomAD Genomes",PASS,PASS,p.Ser285PhefsTer33,p.Ser285PhefsTer33,c.854_858delCTTAT,frameshift_variant,lc_lof,266,81168,0.003277153558052,4,0,212,6016,4,0,43,12900,0,0,0,1588,0,0,0,5420,0,0,0,12468,0,0,7,28714,0,0,4,1854,0,0,0,12208,0,0
2,65300262,rs774859368,A,G,"gnomAD Exomes,gnomAD Genomes",PASS,PASS,p.Thr290Ala,p.Thr290Ala,c.868A>G,missense_variant,,3,74944,4.00298889837745E-05,0,0,1,5472,0,0,0,12642,0,0,0,1502,0,0,0,5194,0,0,0,10982,0,0,2,25746,0,0,0,1786,0,0,0,11620,0,0
2,65301456,rs753879555,A,G,"gnomAD Exomes,gnomAD Genomes",PASS,PASS,p.Tyr642Cys,p.Tyr642Cys,c.1925A>G,missense_variant,,6,120284,4.9881946060989E-05,0,0,0,9738,0,0,3,17356,0,0,0,2358,0,0,0,9960,0,0,0,14556,0,0,3,48290,0,0,0,2338,0,0,0,15688,0,0
2,65301461,rs1472517507,G,A,gnomAD Exomes,PASS,NA,p.Val644Ile,p.Val644Ile,c.1930G>A,missense_variant,,1,109408,9.14009944428195E-06,0,0,0,7164,0,0,0,17112,0,0,0,2320,0,0,0,9046,0,0,0,13394,0,0,1,42768,0,0,0,1914,0,0,0,15690,0,0
2,65301464,rs1278680567,G,A,gnomAD Genomes,NA,PASS,p.Ala645Thr,p.Ala645Thr,c.1933G>A,missense_variant,,1,10880,9.19117647058823E-05,0,0,0,2574,0,0,0,246,0,0,0,38,0,0,1,916,0,0,0,1162,0,0,0,5520,0,0,0,424,0,0,0,0,0,0
2,65301471,rs1414647235,T,A,gnomAD Exomes,PASS,NA,p.Val647Asp,p.Val647Asp,c.1940T>A,missense_variant,,1,109406,9.14026653017202E-06,0,0,0,7162,0,0,0,17112,0,0,0,2320,0,0,0,9046,0,0,0,13394,0,0,1,42768,0,0,0,1914,0,0,0,15690,0,0
2,65301482,rs1161075895,G,A,gnomAD Exomes,PASS,NA,p.Gly651Arg,p.Gly651Arg,c.1951G>A,missense_variant,,1,109408,9.14009944428195E-06,0,0,0,7164,0,0,1,17112,0,0,0,2320,0,0,0,9046,0,0,0,13394,0,0,0,42768,0,0,0,1914,0,0,0,15690,0,0
2,65301501,rs137938370,A,G,gnomAD Exomes,PASS,NA,p.Asn657Ser,p.Asn657Ser,c.1970A>G,missense_variant,,6,109406,5.48415991810321E-05,0,0,0,7164,0,0,0,17112,0,0,0,2318,0,0,0,9046,0,0,0,13394,0,0,5,42768,0,0,1,1914,0,0,0,15690,0,0
2,65301516,rs749364217,A,C,gnomAD Exomes,PASS,NA,p.Lys662Thr,p.Lys662Thr,c.1985A>C,missense_variant,,1,109406,9.14026653017202E-06,0,0,0,7164,0,0,0,17112,0,0,0,2318,0,0,1,9046,0,0,0,13394,0,0,0,42768,0,0,0,1914,0,0,0,15690,0,0
2,65301530,rs200007619,C,T,gnomAD Exomes,PASS,NA,p.Leu667Phe,p.Leu667Phe,c.1999C>T,missense_variant,,1,109408,9.14009944428195E-06,0,0,0,7164,0,0,0,17112,0,0,0,2320,0,0,0,9046,0,0,0,13394,0,0,1,42768,0,0,0,1914,0,0,0,15690,0,0
2,65301536,rs779138543,C,T,gnomAD Exomes,PASS,NA,p.Arg669Trp,p.Arg669Trp,c.2005C>T,missense_variant,,2,109408,1.82801988885639E-05,0,0,2,7164,0,0,0,17112,0,0,0,2320,0,0,0,9046,0,0,0,13394,0,0,0,42768,0,0,0,1914,0,0,0,15690,0,0
2,65301537,rs768083390,G,A,gnomAD Exomes,PASS,NA,p.Arg669Gln,p.Arg669Gln,c.2006G>A,missense_variant,,10,109408,9.14009944428195E-05,0,0,0,7164,0,0,1,17112,0,0,0,2320,0,0,0,9046,0,0,0,13394,0,0,1,42768,0,0,0,1914,0,0,8,15690,0,0
2,65305014,rs760354181,G,A,gnomAD Exomes,PASS,NA,p.Asp674Asn,p.Asp674Asn,c.2020G>A,missense_variant,,1,109094,9.16640695180303E-06,0,0,0,7158,0,0,1,16932,0,0,0,2310,0,0,0,9040,0,0,0,13394,0,0,0,42724,0,0,0,1904,0,0,0,15632,0,0
2,65305017,rs766180522,A,G,gnomAD Exomes,PASS,NA,p.Ile675Val,p.Ile675Val,c.2023A>G,missense_variant,,2,109200,1.83150183150183E-05,0,0,0,7158,0,0,0,16990,0,0,0,2312,0,0,1,9046,0,0,0,13394,0,0,0,42744,0,0,1,1910,0,0,0,15646,0,0
2,65305018,rs1272890582,T,C,gnomAD Genomes,NA,PASS,p.Ile675Thr,p.Ile675Thr,c.2024T>C,missense_variant,,1,10878,9.19286633572348E-05,0,0,0,2574,0,0,0,246,0,0,0,38,0,0,1,914,0,0,0,1162,0,0,0,5520,0,0,0,424,0,0,0,0,0,0
2,65305021,rs1288098821,A,T,gnomAD Exomes,PASS,NA,p.Asp676Val,p.Asp676Val,c.2027A>T,missense_variant,,1,109222,9.15566460969402E-06,0,0,0,7162,0,0,1,17006,0,0,0,2314,0,0,0,9042,0,0,0,13394,0,0,0,42744,0,0,0,1908,0,0,0,15652,0,0
2,65305039,rs576833128,C,T,gnomAD Exomes,PASS,NA,p.Thr682Met,p.Thr682Met,c.2045C>T,missense_variant,,3,109366,2.74308285938957E-05,0,0,0,7162,0,0,2,17092,0,0,0,2320,0,0,1,9046,0,0,0,13394,0,0,0,42752,0,0,0,1912,0,0,0,15688,0,0
2,65305046,rs143036273,T,G,gnomAD Exomes,PASS,NA,p.Ser684Arg,p.Ser684Arg,c.2052T>G,missense_variant,,8,109334,7.31702855470393E-05,0,0,0,7158,0,0,1,17076,0,0,0,2320,0,0,0,9038,0,0,0,13394,0,0,7,42752,0,0,0,1908,0,0,0,15688,0,0
2,65305069,rs376693641,T,C,gnomAD Exomes,PASS,NA,p.Leu692Pro,p.Leu692Pro,c.2075T>C,missense_variant,,2,109344,1.82908984489318E-05,0,0,0,7162,0,0,0,17078,0,0,0,2320,0,0,0,9044,0,0,0,13394,0,0,2,42754,0,0,0,1910,0,0,0,15682,0,0
2,65305075,rs1472822549,A,C,"gnomAD Exomes,gnomAD Genomes",PASS,PASS,p.Gln694Pro,p.Gln694Pro,c.2081A>C,missense_variant,,2,120196,1.6639488834903E-05,0,0,2,9730,0,0,0,17312,0,0,0,2358,0,0,0,9960,0,0,0,14556,0,0,0,48268,0,0,0,2332,0,0,0,15680,0,0
2,65305078,rs1161046785,G,A,gnomAD Exomes,PASS,NA,p.Cys695Tyr,p.Cys695Tyr,c.2084G>A,missense_variant,,1,109318,9.1476243619532E-06,0,0,0,7158,0,0,1,17060,0,0,0,2320,0,0,0,9044,0,0,0,13394,0,0,0,42750,0,0,0,1910,0,0,0,15682,0,0
2,65305096,rs757450495,C,T,gnomAD Exomes,PASS,NA,p.Pro701Leu,p.Pro701Leu,c.2102C>T,missense_variant,,2,109182,1.83180377717939E-05,0,0,2,7156,0,0,0,16990,0,0,0,2316,0,0,0,9036,0,0,0,13388,0,0,0,42730,0,0,0,1908,0,0,0,15658,0,0
2,65309684,rs767715250,C,T,gnomAD Exomes,PASS,NA,p.Leu707Phe,p.Leu707Phe,c.2119C>T,missense_variant,,0,95648,0,0,0,0,6836,0,0,0,12656,0,0,0,1916,0,0,0,8518,0,0,0,13006,0,0,0,38350,0,0,0,1644,0,0,0,12722,0,0
2,65309696,rs1307944677,G,A,gnomAD Exomes,PASS,NA,p.Ala711Thr,p.Ala711Thr,c.2131G>A,missense_variant,,0,99012,0,0,0,0,6990,0,0,0,13220,0,0,0,2002,0,0,0,8786,0,0,0,13096,0,0,0,39892,0,0,0,1718,0,0,0,13308,0,0
2,65309704,rs778719307,G,T,gnomAD Exomes,PASS,NA,p.Gln713His,p.Gln713His,c.2139G>T,missense_variant,,1,102122,9.79220931826639E-06,0,0,0,7040,0,0,0,14170,0,0,0,2134,0,0,0,8856,0,0,0,13254,0,0,1,40900,0,0,0,1782,0,0,0,13986,0,0
2,65309714,rs758321362,C,A,gnomAD Exomes,PASS,NA,p.Leu717Met,p.Leu717Met,c.2149C>A,missense_variant,,1,105738,9.45733794851425E-06,0,0,0,7062,0,0,0,15826,0,0,0,2220,0,0,0,8842,0,0,0,13350,0,0,1,41670,0,0,0,1848,0,0,0,14920,0,0
2,65309726,rs746501565,G,A,gnomAD Exomes,PASS,NA,p.Ala721Thr,p.Ala721Thr,c.2161G>A,missense_variant,,4,106792,3.74559892126751E-05,0,0,0,7002,0,0,0,16258,0,0,0,2270,0,0,0,8800,0,0,0,13376,0,0,0,41944,0,0,0,1860,0,0,4,15282,0,0
2,65309729,rs575479626,G,T,gnomAD Exomes,PASS,NA,p.Asp722Tyr,p.Asp722Tyr,c.2164G>T,missense_variant,,1,107222,9.32644419988435E-06,0,0,0,7030,0,0,0,16410,0,0,0,2280,0,0,0,8828,0,0,0,13382,0,0,0,42052,0,0,0,1872,0,0,1,15368,0,0
2,65309729,rs575479626,G,A,gnomAD Exomes,PASS,NA,p.Asp722Asn,p.Asp722Asn,c.2164G>A,missense_variant,,1,107222,9.32644419988435E-06,0,0,0,7030,0,0,0,16410,0,0,0,2280,0,0,0,8828,0,0,0,13382,0,0,1,42052,0,0,0,1872,0,0,0,15368,0,0
2,65309732,rs141590287,C,T,gnomAD Exomes,PASS,NA,p.Arg723Cys,p.Arg723Cys,c.2167C>T,missense_variant,,1,107130,9.33445346774946E-06,0,0,0,7014,0,0,0,16368,0,0,0,2284,0,0,0,8812,0,0,0,13388,0,0,1,42058,0,0,0,1868,0,0,0,15338,0,0
2,65309733,rs769356766,G,A,gnomAD Exomes,PASS,NA,p.Arg723His,p.Arg723His,c.2168G>A,missense_variant,,0,107408,0,0,0,0,7024,0,0,0,16506,0,0,0,2288,0,0,0,8796,0,0,0,13386,0,0,0,42104,0,0,0,1874,0,0,0,15430,0,0
2,65309738,rs1296208134,T,C,gnomAD Exomes,PASS,NA,p.Tyr725His,p.Tyr725His,c.2173T>C,missense_variant,,1,108110,9.24983812783276E-06,0,0,0,7078,0,0,0,16700,0,0,0,2298,0,0,0,8874,0,0,0,13390,0,0,0,42326,0,0,0,1882,0,0,1,15562,0,0
2,65309745,rs767254642,C,CT,gnomAD Exomes,PASS,NA,p.Ile728TyrfsTer16,p.Ile728TyrfsTer16,c.2181dupT,frameshift_variant,,1,108424,9.22305024717775E-06,0,0,0,7100,0,0,0,16788,0,0,0,2304,0,0,0,8934,0,0,0,13392,0,0,0,42426,0,0,0,1892,0,0,1,15588,0,0
2,65309753,rs767543442,G,A,gnomAD Exomes,PASS,NA,p.Ala730Thr,p.Ala730Thr,c.2188G>A,missense_variant,,3,108702,2.7598388254126E-05,0,0,0,7114,0,0,0,16890,0,0,0,2306,0,0,0,8968,0,0,0,13392,0,0,3,42510,0,0,0,1896,0,0,0,15626,0,0
2,65309759,rs760928907,C,G,gnomAD Exomes,PASS,NA,p.Leu732Val,p.Leu732Val,c.2194C>G,missense_variant,,1,108622,9.20623814696839E-06,0,0,0,7124,0,0,0,16836,0,0,0,2306,0,0,1,8960,0,0,0,13394,0,0,0,42502,0,0,0,1890,0,0,0,15610,0,0
2,65309762,rs1264778052,G,T,gnomAD Exomes,PASS,NA,p.Asp733Tyr,p.Asp733Tyr,c.2197G>T,missense_variant,,1,108646,9.20420448060674E-06,0,0,0,7112,0,0,0,16862,0,0,0,2300,0,0,0,8962,0,0,0,13392,0,0,0,42500,0,0,0,1894,0,0,1,15624,0,0
2,65309765,rs200403553,A,G,gnomAD Exomes,PASS,NA,p.Met734Val,p.Met734Val,c.2200A>G,missense_variant,,52,108588,0.000478874277084,0,0,0,7116,0,0,0,16812,0,0,0,2304,0,0,0,8966,0,0,0,13394,0,0,4,42512,0,0,0,1890,0,0,48,15594,0,0
2,65309780,rs758181928,A,C,gnomAD Exomes,PASS,NA,p.Thr739Pro,p.Thr739Pro,c.2215A>C,missense_variant,,1,108570,9.21064750851985E-06,0,0,0,7114,0,0,0,16862,0,0,0,2306,0,0,0,8924,0,0,0,13394,0,0,1,42494,0,0,0,1878,0,0,0,15598,0,0
2,65309781,rs763990694,C,T,gnomAD Exomes,PASS,NA,p.Thr739Ile,p.Thr739Ile,c.2216C>T,missense_variant,,15,108354,0.000138435129298,0,0,0,7092,0,0,13,16762,0,0,0,2302,0,0,2,8910,0,0,0,13392,0,0,0,42448,0,0,0,1880,0,0,0,15568,0,0
2,65309788,rs757294495,C,G,gnomAD Exomes,PASS,NA,p.Ile741Met,p.Ile741Met,c.2223C>G,missense_variant,,1,108040,9.25583117363939E-06,0,0,0,7110,0,0,0,16576,0,0,0,2296,0,0,0,8910,0,0,0,13392,0,0,1,42392,0,0,0,1876,0,0,0,15488,0,0
2,65309808,rs540340877,C,T,"gnomAD Exomes,gnomAD Genomes",PASS,PASS,p.Ala748Val,p.Ala748Val,c.2243C>T,missense_variant,,6,116244,5.16155672550841E-05,0,0,5,9628,0,0,1,15816,0,0,0,2250,0,0,0,9756,0,0,0,14488,0,0,0,47092,0,0,0,2252,0,0,0,14962,0,0
2,65309811,rs779641254,C,T,"gnomAD Exomes,gnomAD Genomes",PASS,PASS,p.Ala749Val,p.Ala749Val,c.2246C>T,missense_variant,,7,115606,6.05504904589727E-05,0,0,0,9618,0,0,0,15606,0,0,0,2224,0,0,0,9728,0,0,7,14474,0,0,0,46916,0,0,0,2230,0,0,0,14810,0,0
2,65309825,rs561057413,T,C,gnomAD Exomes,PASS,NA,p.Cys754Arg,p.Cys754Arg,c.2260T>C,missense_variant,,1,99666,1.00335119298457E-05,0,0,0,6936,0,0,0,13724,0,0,0,2040,0,0,0,8650,0,0,0,13162,0,0,0,39790,0,0,0,1704,0,0,1,13660,0,0
2,65309834,rs373667566,G,A,gnomAD Genomes,NA,PASS,p.Val757Ile,p.Val757Ile,c.2269G>A,missense_variant,,1,10878,9.19286633572348E-05,0,0,1,2572,0,0,0,246,0,0,0,38,0,0,0,916,0,0,0,1162,0,0,0,5520,0,0,0,424,0,0,0,0,0,0
