Chromosome,Position,rsID,Reference,Alternate,Source,Filters - exomes,Filters - genomes,Consequence,Protein Consequence,Transcript Consequence,Annotation,Flags,Allele Count,Allele Number,Allele Frequency,Homozygote Count,Hemizygote Count,Allele Count African,Allele Number African,Homozygote Count African,Hemizygote Count African,Allele Count Latino,Allele Number Latino,Homozygote Count Latino,Hemizygote Count Latino,Allele Count Ashkenazi Jewish,Allele Number Ashkenazi Jewish,Homozygote Count Ashkenazi Jewish,Hemizygote Count Ashkenazi Jewish,Allele Count East Asian,Allele Number East Asian,Homozygote Count East Asian,Hemizygote Count East Asian,Allele Count European (Finnish),Allele Number European (Finnish),Homozygote Count European (Finnish),Hemizygote Count European (Finnish),Allele Count European (non-Finnish),Allele Number European (non-Finnish),Homozygote Count European (non-Finnish),Hemizygote Count European (non-Finnish),Allele Count Other,Allele Number Other,Homozygote Count Other,Hemizygote Count Other,Allele Count South Asian,Allele Number South Asian,Homozygote Count South Asian,Hemizygote Count South Asian
7,121716559,rs544183668,C,T,gnomAD Exomes,PASS,NA,p.Ser922Asn,p.Ser922Asn,c.2765G>A,missense_variant,,1,109372,9.14310792524595E-06,0,0,0,7162,0,0,0,17110,0,0,0,2320,0,0,0,9040,0,0,0,13372,0,0,0,42766,0,0,0,1914,0,0,1,15688,0,0
7,121716562,rs140285200,T,C,"gnomAD Exomes,gnomAD Genomes",PASS,PASS,p.Gln921Arg,p.Gln921Arg,c.2762A>G,missense_variant,,77,120252,0.000640321990487,0,0,1,9734,0,0,17,17352,0,0,0,2358,0,0,0,9956,0,0,24,14538,0,0,30,48288,0,0,5,2338,0,0,0,15688,0,0
7,121716568,rs1457424092,G,C,gnomAD Exomes,PASS,NA,p.Thr919Ser,p.Thr919Ser,c.2756C>G,missense_variant,,1,109380,9.1424392027793E-06,0,0,0,7162,0,0,0,17110,0,0,0,2320,0,0,0,9040,0,0,0,13382,0,0,1,42764,0,0,0,1914,0,0,0,15688,0,0
7,121716569,rs529263099,T,A,"gnomAD Exomes,gnomAD Genomes",PASS,PASS,p.Thr919Ser,p.Thr919Ser,c.2755A>T,missense_variant,,2,120258,1.66309102097158E-05,0,0,2,9736,0,0,0,17356,0,0,0,2358,0,0,0,9956,0,0,0,14544,0,0,0,48282,0,0,0,2338,0,0,0,15688,0,0
7,121716571,rs1245256113,T,C,gnomAD Genomes,NA,PASS,p.Tyr918Cys,p.Tyr918Cys,c.2753A>G,missense_variant,,1,10876,9.19455682236116E-05,0,0,1,2574,0,0,0,246,0,0,0,38,0,0,0,916,0,0,0,1162,0,0,0,5516,0,0,0,424,0,0,0,0,0,0
7,121716575,rs757109013,T,C,gnomAD Exomes,PASS,NA,p.Ile917Val,p.Ile917Val,c.2749A>G,missense_variant,,1,109386,9.14193772512022E-06,0,0,0,7162,0,0,0,17112,0,0,0,2320,0,0,0,9038,0,0,0,13386,0,0,0,42766,0,0,0,1914,0,0,1,15688,0,0
7,121716593,rs142899940,T,C,gnomAD Exomes,PASS,NA,p.Ile911Val,p.Ile911Val,c.2731A>G,missense_variant,,1,109394,9.14126917381209E-06,0,0,0,7164,0,0,0,17112,0,0,0,2320,0,0,0,9040,0,0,0,13388,0,0,0,42766,0,0,0,1914,0,0,1,15690,0,0
7,121716593,rs142899940,T,A,gnomAD Exomes,PASS,NA,p.Ile911Phe,p.Ile911Phe,c.2731A>T,missense_variant,,1,109394,9.14126917381209E-06,0,0,0,7164,0,0,1,17112,0,0,0,2320,0,0,0,9040,0,0,0,13388,0,0,0,42766,0,0,0,1914,0,0,0,15690,0,0
7,121716595,rs770967736,C,T,gnomAD Exomes,PASS,NA,p.Arg910Gln,p.Arg910Gln,c.2729G>A,missense_variant,,7,109394,6.39888842166847E-05,0,0,0,7164,0,0,1,17112,0,0,0,2320,0,0,0,9040,0,0,0,13388,0,0,5,42766,0,0,0,1914,0,0,1,15690,0,0
7,121716595,rs770967736,C,G,gnomAD Exomes,PASS,NA,p.Arg910Pro,p.Arg910Pro,c.2729G>C,missense_variant,,1,109394,9.14126917381209E-06,0,0,0,7164,0,0,0,17112,0,0,0,2320,0,0,0,9040,0,0,0,13388,0,0,1,42766,0,0,0,1914,0,0,0,15690,0,0
7,121716601,rs1382833883,A,C,gnomAD Genomes,NA,PASS,p.Leu908Trp,p.Leu908Trp,c.2723T>G,missense_variant,,1,10880,9.19117647058823E-05,0,0,0,2574,0,0,0,246,0,0,0,38,0,0,0,916,0,0,1,1162,0,0,0,5520,0,0,0,424,0,0,0,0,0,0
7,121716610,rs145309509,C,T,"gnomAD Exomes,gnomAD Genomes",PASS,PASS,p.Gly905Glu,p.Gly905Glu,c.2714G>A,missense_variant,,97,120266,0.000806545490829,0,0,0,9738,0,0,1,17358,0,0,0,2358,0,0,94,9952,0,0,0,14546,0,0,1,48286,0,0,0,2338,0,0,1,15690,0,0
7,121716611,rs772498344,C,T,gnomAD Exomes,PASS,NA,p.Gly905Arg,p.Gly905Arg,c.2713G>A,missense_variant,,0,109388,0,0,0,0,7164,0,0,0,17112,0,0,0,2320,0,0,0,9036,0,0,0,13386,0,0,0,42766,0,0,0,1914,0,0,0,15690,0,0
7,121716611,rs772498344,CAT,C,"gnomAD Exomes,gnomAD Genomes",PASS,PASS,p.Tyr904TrpfsTer8,p.Tyr904TrpfsTer8,c.2711_2712delAT,frameshift_variant,,4,120266,3.32596078692232E-05,0,0,0,9738,0,0,0,17358,0,0,0,2358,0,0,4,9950,0,0,0,14548,0,0,0,48286,0,0,0,2338,0,0,0,15690,0,0
7,121716613,rs150180890,T,C,gnomAD Exomes,PASS,NA,p.Tyr904Cys,p.Tyr904Cys,c.2711A>G,missense_variant,,1,109390,9.14160343724289E-06,0,0,0,7164,0,0,0,17112,0,0,0,2320,0,0,0,9036,0,0,0,13386,0,0,1,42768,0,0,0,1914,0,0,0,15690,0,0
7,121716625,rs576013507,G,A,gnomAD Exomes,PASS,NA,p.Ser900Leu,p.Ser900Leu,c.2699C>T,missense_variant,,17,109382,0.000155418624637,0,0,0,7164,0,0,0,17112,0,0,0,2320,0,0,0,9036,0,0,0,13378,0,0,0,42768,0,0,0,1914,0,0,17,15690,0,0
7,121716626,rs1272258159,A,T,gnomAD Exomes,PASS,NA,p.Ser900Thr,p.Ser900Thr,c.2698T>A,missense_variant,,1,109384,9.14210487822716E-06,0,0,0,7164,0,0,0,17112,0,0,0,2320,0,0,0,9036,0,0,0,13380,0,0,1,42768,0,0,0,1914,0,0,0,15690,0,0
7,121716644,rs1205435484,CT,C,gnomAD Exomes,PASS,NA,p.Gly894AlafsTer2,p.Gly894AlafsTer2,c.2679delA,frameshift_variant,,1,109372,9.14310792524595E-06,0,0,1,7162,0,0,0,17112,0,0,0,2320,0,0,0,9036,0,0,0,13370,0,0,0,42768,0,0,0,1914,0,0,0,15690,0,0
7,121716649,rs1265116149,G,A,gnomAD Exomes,PASS,NA,p.Ala892Val,p.Ala892Val,c.2675C>T,missense_variant,,1,109362,9.14394396591138E-06,0,0,0,7160,0,0,0,17112,0,0,0,2320,0,0,0,9036,0,0,0,13362,0,0,1,42768,0,0,0,1914,0,0,0,15690,0,0
7,121716655,rs775186542,A,G,gnomAD Exomes,PASS,NA,p.Ile890Thr,p.Ile890Thr,c.2669T>C,missense_variant,,1,109370,9.1432751211484E-06,0,0,0,7164,0,0,0,17112,0,0,0,2320,0,0,0,9036,0,0,0,13366,0,0,1,42768,0,0,0,1914,0,0,0,15690,0,0
7,121716657,rs1004095096,T,A,gnomAD Exomes,PASS,NA,p.Glu889Asp,p.Glu889Asp,c.2667A>T,missense_variant,,1,109360,9.1441111923921E-06,0,0,1,7162,0,0,0,17112,0,0,0,2320,0,0,0,9036,0,0,0,13360,0,0,0,42766,0,0,0,1914,0,0,0,15690,0,0
7,121716661,rs762517503,C,T,gnomAD Exomes,PASS,NA,p.Gly888Asp,p.Gly888Asp,c.2663G>A,missense_variant,,1,109354,9.14461290853558E-06,0,0,0,7164,0,0,0,17110,0,0,0,2320,0,0,1,9036,0,0,0,13352,0,0,0,42768,0,0,0,1914,0,0,0,15690,0,0
7,121717899,rs747351819,C,G,gnomAD Exomes,PASS,NA,p.Leu885Phe,p.Leu885Phe,c.2655G>C,missense_variant,,1,109406,9.14026653017202E-06,0,0,0,7164,0,0,0,17110,0,0,0,2320,0,0,0,9046,0,0,0,13394,0,0,0,42768,0,0,0,1914,0,0,1,15690,0,0
7,121717904,rs771603825,T,C,gnomAD Exomes,PASS,NA,p.Met884Val,p.Met884Val,c.2650A>G,missense_variant,,1,109408,9.14009944428195E-06,0,0,0,7164,0,0,0,17112,0,0,0,2320,0,0,0,9046,0,0,0,13394,0,0,1,42768,0,0,0,1914,0,0,0,15690,0,0
7,121717909,rs1278978854,G,C,gnomAD Genomes,NA,PASS,p.Ala882Gly,p.Ala882Gly,c.2645C>G,missense_variant,,1,10874,9.19624793084421E-05,0,0,1,2572,0,0,0,246,0,0,0,38,0,0,0,916,0,0,0,1162,0,0,0,5518,0,0,0,422,0,0,0,0,0,0
7,121717916,rs530285419,T,C,gnomAD Exomes,PASS,NA,p.Met880Val,p.Met880Val,c.2638A>G,missense_variant,,7,109404,6.39830353551972E-05,0,0,0,7164,0,0,0,17112,0,0,0,2320,0,0,0,9044,0,0,0,13394,0,0,0,42768,0,0,0,1914,0,0,7,15688,0,0
7,121717919,rs147476318,C,T,gnomAD Exomes,PASS,NA,p.Ala879Thr,p.Ala879Thr,c.2635G>A,missense_variant,,1,109056,9.16960093896713E-06,0,0,0,7064,0,0,0,17094,0,0,0,2306,0,0,1,9024,0,0,0,13338,0,0,0,42640,0,0,0,1902,0,0,0,15688,0,0
7,121717921,rs761594354,G,T,gnomAD Exomes,PASS,NA,p.Thr878Asn,p.Thr878Asn,c.2633C>A,missense_variant,,5,109406,4.57013326508601E-05,0,0,0,7164,0,0,0,17112,0,0,0,2320,0,0,5,9044,0,0,0,13394,0,0,0,42768,0,0,0,1914,0,0,0,15690,0,0
7,121717922,rs149105850,T,G,gnomAD Exomes,PASS,NA,p.Thr878Pro,p.Thr878Pro,c.2632A>C,missense_variant,,9,109342,8.2310548554078E-05,0,0,1,7154,0,0,0,17112,0,0,0,2320,0,0,0,9040,0,0,2,13392,0,0,6,42726,0,0,0,1910,0,0,0,15688,0,0
7,121717934,rs116061308,C,T,"gnomAD Exomes,gnomAD Genomes",PASS,PASS,p.Val874Met,p.Val874Met,c.2620G>A,missense_variant,,3,120280,2.49418024609245E-05,0,0,3,9738,0,0,0,17358,0,0,0,2358,0,0,0,9962,0,0,0,14556,0,0,0,48286,0,0,0,2334,0,0,0,15688,0,0
7,121717945,rs759400940,A,G,gnomAD Exomes,PASS,NA,p.Met870Thr,p.Met870Thr,c.2609T>C,missense_variant,,1,109408,9.14009944428195E-06,0,0,1,7164,0,0,0,17112,0,0,0,2320,0,0,0,9046,0,0,0,13394,0,0,0,42768,0,0,0,1914,0,0,0,15690,0,0
7,121717960,rs138726205,T,C,gnomAD Exomes,PASS,NA,p.Asn865Ser,p.Asn865Ser,c.2594A>G,missense_variant,,6,109408,5.48405966656917E-05,0,0,0,7164,0,0,3,17112,0,0,0,2320,0,0,0,9046,0,0,0,13394,0,0,2,42768,0,0,0,1914,0,0,1,15690,0,0
7,121717981,rs1241167269,A,G,gnomAD Exomes,PASS,NA,p.Leu858Pro,p.Leu858Pro,c.2573T>C,missense_variant,,1,109408,9.14009944428195E-06,0,0,0,7164,0,0,0,17112,0,0,0,2320,0,0,1,9046,0,0,0,13394,0,0,0,42768,0,0,0,1914,0,0,0,15690,0,0
7,121717996,rs1270298251,T,C,gnomAD Exomes,PASS,NA,p.His853Arg,p.His853Arg,c.2558A>G,missense_variant,,2,109408,1.82801988885639E-05,0,0,0,7164,0,0,1,17112,0,0,0,2320,0,0,0,9046,0,0,0,13394,0,0,1,42768,0,0,0,1914,0,0,0,15690,0,0
7,121717997,rs757721535,G,A,gnomAD Exomes,PASS,NA,p.His853Tyr,p.His853Tyr,c.2557C>T,missense_variant,,3,109408,2.74202983328459E-05,0,0,0,7164,0,0,2,17112,0,0,0,2320,0,0,0,9046,0,0,0,13394,0,0,0,42768,0,0,0,1914,0,0,1,15690,0,0
7,121718017,rs370656085,T,C,"gnomAD Exomes,gnomAD Genomes",PASS,PASS,p.His846Arg,p.His846Arg,c.2537A>G,missense_variant,,13,120290,0.000108072158949,0,0,0,9736,0,0,0,17358,0,0,0,2358,0,0,0,9962,0,0,0,14556,0,0,12,48292,0,0,0,2338,0,0,1,15690,0,0
7,121718018,rs746385156,G,A,gnomAD Exomes,PASS,NA,p.His846Tyr,p.His846Tyr,c.2536C>T,missense_variant,,1,109408,9.14009944428195E-06,0,0,0,7164,0,0,0,17112,0,0,0,2320,0,0,0,9046,0,0,0,13394,0,0,0,42768,0,0,0,1914,0,0,1,15690,0,0
7,121718026,rs770202556,C,G,gnomAD Exomes,PASS,NA,p.Gly843Ala,p.Gly843Ala,c.2528G>C,missense_variant,,1,109406,9.14026653017202E-06,0,0,0,7162,0,0,0,17112,0,0,0,2320,0,0,0,9046,0,0,0,13394,0,0,1,42768,0,0,0,1914,0,0,0,15690,0,0
7,121718031,rs149527213,G,C,gnomAD Exomes,PASS,NA,p.Ser841Arg,p.Ser841Arg,c.2523C>G,missense_variant,,1,109406,9.14026653017202E-06,0,0,0,7162,0,0,1,17112,0,0,0,2320,0,0,0,9046,0,0,0,13394,0,0,0,42768,0,0,0,1914,0,0,0,15690,0,0
7,121718033,rs747590381,T,A,gnomAD Exomes,PASS,NA,p.Ser841Cys,p.Ser841Cys,c.2521A>T,missense_variant,,2,109406,1.8280533060344E-05,0,0,2,7162,0,0,0,17112,0,0,0,2320,0,0,0,9046,0,0,0,13394,0,0,0,42768,0,0,0,1914,0,0,0,15690,0,0
7,121718035,rs771797768,T,G,gnomAD Exomes,PASS,NA,p.Asp840Ala,p.Asp840Ala,c.2519A>C,missense_variant,,1,109404,9.14043362217103E-06,0,0,0,7162,0,0,0,17110,0,0,0,2320,0,0,0,9046,0,0,0,13394,0,0,0,42768,0,0,0,1914,0,0,1,15690,0,0
7,121718042,rs566866368,T,C,gnomAD Exomes,PASS,NA,p.Met838Val,p.Met838Val,c.2512A>G,missense_variant,,10,109406,9.14026653017202E-05,0,0,0,7162,0,0,0,17112,0,0,0,2320,0,0,0,9046,0,0,0,13394,0,0,1,42768,0,0,0,1914,0,0,9,15690,0,0
7,121718069,rs759527383,C,T,gnomAD Exomes,PASS,NA,c.2486-1G>A,,c.2486-1G>A,splice_acceptor_variant,,2,109396,1.82822041025266E-05,0,0,0,7164,0,0,0,17108,0,0,0,2320,0,0,0,9042,0,0,0,13392,0,0,1,42768,0,0,1,1914,0,0,0,15688,0,0
7,121718922,rs374226696,A,T,gnomAD Exomes,PASS,NA,p.Ser827Thr,p.Ser827Thr,c.2479T>A,missense_variant,,1,109404,9.14043362217103E-06,0,0,0,7164,0,0,0,17112,0,0,0,2320,0,0,0,9044,0,0,0,13392,0,0,1,42768,0,0,0,1914,0,0,0,15690,0,0
7,121718925,rs776455006,G,T,gnomAD Exomes,PASS,NA,p.Leu826Ile,p.Leu826Ile,c.2476C>A,missense_variant,,1,109408,9.14009944428195E-06,0,0,0,7164,0,0,0,17112,0,0,0,2320,0,0,0,9046,0,0,0,13394,0,0,0,42768,0,0,0,1914,0,0,1,15690,0,0
7,121718927,rs1302112991,T,C,gnomAD Genomes,NA,PASS,p.Lys825Arg,p.Lys825Arg,c.2474A>G,missense_variant,,1,10866,9.20301859009755E-05,0,0,0,2574,0,0,0,246,0,0,0,38,0,0,0,916,0,0,0,1160,0,0,1,5508,0,0,0,424,0,0,0,0,0,0
7,121718933,rs574621404,A,G,gnomAD Exomes,PASS,NA,p.Val823Ala,p.Val823Ala,c.2468T>C,missense_variant,,1,109406,9.14026653017202E-06,0,0,0,7164,0,0,0,17112,0,0,0,2320,0,0,0,9046,0,0,0,13392,0,0,1,42768,0,0,0,1914,0,0,0,15690,0,0
7,121718933,rs574621404,A,T,gnomAD Exomes,PASS,NA,p.Val823Asp,p.Val823Asp,c.2468T>A,missense_variant,,11,109406,0.000100542931832,0,0,0,7164,0,0,0,17112,0,0,0,2320,0,0,0,9046,0,0,0,13392,0,0,0,42768,0,0,0,1914,0,0,11,15690,0,0
7,121718942,rs73441002,T,C,"gnomAD Exomes,gnomAD Genomes",PASS,PASS,p.Lys820Arg,p.Lys820Arg,c.2459A>G,missense_variant,,124,120284,0.001030893551927,1,0,120,9736,1,0,3,17358,0,0,0,2358,0,0,0,9962,0,0,0,14552,0,0,1,48290,0,0,0,2338,0,0,0,15690,0,0
7,121718961,rs774571411,T,C,gnomAD Exomes,PASS,NA,p.Ile814Val,p.Ile814Val,c.2440A>G,missense_variant,,1,109408,9.14009944428195E-06,0,0,0,7164,0,0,0,17112,0,0,0,2320,0,0,0,9046,0,0,0,13394,0,0,1,42768,0,0,0,1914,0,0,0,15690,0,0
7,121718976,rs1255042335,G,C,gnomAD Exomes,PASS,NA,p.Pro809Ala,p.Pro809Ala,c.2425C>G,missense_variant,,2,109406,1.8280533060344E-05,0,0,0,7164,0,0,0,17112,0,0,0,2320,0,0,0,9046,0,0,0,13392,0,0,2,42768,0,0,0,1914,0,0,0,15690,0,0
7,121719001,rs750859178,C,A,gnomAD Exomes,PASS,NA,p.Leu800Phe,p.Leu800Phe,c.2400G>T,missense_variant,,1,109402,9.14060072027934E-06,0,0,0,7164,0,0,0,17112,0,0,0,2320,0,0,0,9042,0,0,0,13392,0,0,1,42768,0,0,0,1914,0,0,0,15690,0,0
7,121719004,rs1477474490,C,A,gnomAD Exomes,PASS,NA,p.Trp799Cys,p.Trp799Cys,c.2397G>T,missense_variant,,1,109402,9.14060072027934E-06,0,0,0,7164,0,0,0,17112,0,0,0,2320,0,0,0,9040,0,0,0,13394,0,0,1,42768,0,0,0,1914,0,0,0,15690,0,0
7,121719651,rs760882250,C,A,gnomAD Exomes,PASS,NA,p.Trp799Leu,p.Trp799Leu,c.2396G>T,missense_variant,"lc_lof,os_lof",1,109390,9.14160343724289E-06,0,0,0,7164,0,0,0,17106,0,0,0,2320,0,0,0,9040,0,0,0,13394,0,0,0,42766,0,0,0,1910,0,0,1,15690,0,0
7,121719652,rs1377096132,A,G,gnomAD Exomes,PASS,NA,p.Trp799Arg,p.Trp799Arg,c.2395T>C,missense_variant,,1,109394,9.14126917381209E-06,0,0,0,7164,0,0,1,17106,0,0,0,2320,0,0,0,9040,0,0,0,13394,0,0,0,42768,0,0,0,1912,0,0,0,15690,0,0
7,121719669,rs760009453,T,C,gnomAD Exomes,PASS,NA,p.Gln793Arg,p.Gln793Arg,c.2378A>G,missense_variant,,1,109386,9.14193772512022E-06,0,0,0,7164,0,0,0,17106,0,0,0,2320,0,0,0,9038,0,0,0,13394,0,0,1,42764,0,0,0,1912,0,0,0,15688,0,0
7,121719677,rs140637835,G,T,gnomAD Exomes,PASS,NA,p.Asp790Glu,p.Asp790Glu,c.2370C>A,missense_variant,,2,109388,1.82835411562511E-05,0,0,0,7164,0,0,0,17106,0,0,0,2320,0,0,1,9038,0,0,0,13394,0,0,0,42766,0,0,0,1912,0,0,1,15688,0,0
7,121719685,rs577357909,C,T,gnomAD Exomes,PASS,NA,p.Gly788Arg,p.Gly788Arg,c.2362G>A,missense_variant,,1,109382,9.14227203744674E-06,0,0,0,7164,0,0,0,17106,0,0,0,2320,0,0,0,9038,0,0,0,13392,0,0,0,42762,0,0,0,1912,0,0,1,15688,0,0
7,121719697,rs546113656,G,T,gnomAD Exomes,PASS,NA,p.Leu784Ile,p.Leu784Ile,c.2350C>A,missense_variant,,15,109392,0.000137121544537,0,0,0,7164,0,0,0,17108,0,0,0,2320,0,0,0,9038,0,0,0,13394,0,0,0,42766,0,0,0,1912,0,0,15,15690,0,0
7,121719697,rs546113656,G,GA,gnomAD Exomes,PASS,NA,p.Leu784SerfsTer2,p.Leu784SerfsTer2,c.2349dupT,frameshift_variant,,1,109392,9.14143630247184E-06,0,0,0,7164,0,0,0,17108,0,0,0,2320,0,0,1,9038,0,0,0,13394,0,0,0,42766,0,0,0,1912,0,0,0,15690,0,0
7,121719708,rs147475291,T,G,"gnomAD Exomes,gnomAD Genomes",PASS,PASS,p.Lys780Thr,p.Lys780Thr,c.2339A>C,missense_variant,,96,120262,0.000798257138581,0,0,0,9736,0,0,8,17354,0,0,3,2358,0,0,0,9952,0,0,29,14554,0,0,55,48282,0,0,1,2336,0,0,0,15690,0,0
7,121719716,rs768754202,A,T,"gnomAD Exomes,gnomAD Genomes",PASS,PASS,p.Asp777Glu,p.Asp777Glu,c.2331T>A,missense_variant,,4,120256,3.32623736029803E-05,0,0,1,9734,0,0,0,17352,0,0,0,2358,0,0,0,9952,0,0,0,14556,0,0,0,48278,0,0,0,2336,0,0,3,15690,0,0
7,121719730,rs147414883,A,T,"gnomAD Exomes,gnomAD Genomes",PASS,PASS,p.Ser773Thr,p.Ser773Thr,c.2317T>A,missense_variant,,46,120264,0.000382491851261,0,0,0,9736,0,0,1,17354,0,0,0,2358,0,0,0,9954,0,0,16,14556,0,0,28,48284,0,0,1,2334,0,0,0,15688,0,0
7,121719733,rs531931836,G,C,gnomAD Exomes,PASS,NA,p.Pro772Ala,p.Pro772Ala,c.2314C>G,missense_variant,,3,109392,2.74243089074155E-05,0,0,0,7164,0,0,0,17108,0,0,0,2320,0,0,3,9038,0,0,0,13394,0,0,0,42766,0,0,0,1912,0,0,0,15690,0,0
7,121719735,rs139513373,G,A,"gnomAD Exomes,gnomAD Genomes",PASS,PASS,p.Ser771Leu,p.Ser771Leu,c.2312C>T,missense_variant,,87,120248,0.000723504756836,0,0,0,9734,0,0,0,17354,0,0,1,2358,0,0,0,9952,0,0,25,14552,0,0,57,48272,0,0,2,2336,0,0,2,15690,0,0
7,121719750,rs142569610,T,C,gnomAD Exomes,PASS,NA,p.Asp766Gly,p.Asp766Gly,c.2297A>G,missense_variant,,2,109386,1.82838754502404E-05,0,0,0,7164,0,0,0,17104,0,0,0,2320,0,0,0,9036,0,0,0,13394,0,0,2,42766,0,0,0,1912,0,0,0,15690,0,0
7,121721553,rs775829568,C,A,gnomAD Exomes,PASS,NA,c.2280+1G>T,,c.2280+1G>T,splice_donor_variant,,1,109378,9.14260637422516E-06,0,0,0,7152,0,0,0,17104,0,0,0,2320,0,0,0,9046,0,0,0,13394,0,0,0,42764,0,0,0,1914,0,0,1,15684,0,0
7,121721558,rs150922740,G,A,gnomAD Exomes,PASS,NA,p.Thr759Ile,p.Thr759Ile,c.2276C>T,missense_variant,,12,109378,0.000109711276491,0,0,0,7154,0,0,3,17104,0,0,0,2320,0,0,0,9046,0,0,0,13394,0,0,6,42766,0,0,1,1914,0,0,2,15680,0,0
7,121721558,rs150922740,G,C,"gnomAD Exomes,gnomAD Genomes",PASS,PASS,p.Thr759Ser,p.Thr759Ser,c.2276C>G,missense_variant,,32,120254,0.000266103414439,0,0,1,9726,0,0,10,17350,0,0,0,2358,0,0,0,9962,0,0,0,14554,0,0,20,48286,0,0,1,2338,0,0,0,15680,0,0
7,121721567,rs760267836,T,G,gnomAD Exomes,PASS,NA,p.Asn756Thr,p.Asn756Thr,c.2267A>C,missense_variant,,1,109376,9.14277355178467E-06,0,0,0,7150,0,0,0,17108,0,0,0,2320,0,0,0,9046,0,0,0,13394,0,0,1,42764,0,0,0,1914,0,0,0,15680,0,0
7,121721576,rs753561492,G,A,gnomAD Exomes,PASS,NA,p.Pro753Leu,p.Pro753Leu,c.2258C>T,missense_variant,,1,109378,9.14260637422516E-06,0,0,0,7156,0,0,0,17102,0,0,0,2320,0,0,0,9046,0,0,0,13394,0,0,0,42762,0,0,0,1914,0,0,1,15684,0,0
7,121721594,rs372679186,G,A,"gnomAD Exomes,gnomAD Genomes",PASS,PASS,p.Ala747Val,p.Ala747Val,c.2240C>T,missense_variant,,4,120226,3.32706735647863E-05,0,0,0,9718,0,0,0,17344,0,0,0,2358,0,0,0,9954,0,0,0,14556,0,0,1,48282,0,0,0,2336,0,0,3,15678,0,0
7,121721604,rs752515450,T,G,gnomAD Exomes,PASS,NA,p.Asn744His,p.Asn744His,c.2230A>C,missense_variant,,2,109348,1.82902293594762E-05,0,0,0,7146,0,0,0,17096,0,0,0,2320,0,0,0,9042,0,0,0,13394,0,0,0,42764,0,0,0,1910,0,0,2,15676,0,0
7,121721606,rs1411995864,A,T,gnomAD Exomes,PASS,NA,p.Ile743Lys,p.Ile743Lys,c.2228T>A,missense_variant,,1,109346,9.14528194904249E-06,0,0,0,7144,0,0,0,17094,0,0,0,2320,0,0,0,9042,0,0,0,13394,0,0,0,42764,0,0,0,1912,0,0,1,15676,0,0
7,121721623,rs1466422787,A,T,gnomAD Genomes,NA,PASS,p.Phe737Leu,p.Phe737Leu,c.2211T>A,missense_variant,,1,10880,9.19117647058823E-05,0,0,0,2572,0,0,0,246,0,0,0,38,0,0,0,914,0,0,0,1162,0,0,0,5524,0,0,1,424,0,0,0,0,0,0
7,121721629,rs1335856260,A,T,gnomAD Exomes,PASS,NA,p.Asn735Lys,p.Asn735Lys,c.2205T>A,missense_variant,,1,109288,9.15013542200424E-06,0,0,0,7138,0,0,0,17078,0,0,0,2320,0,0,0,9034,0,0,0,13394,0,0,0,42758,0,0,0,1910,0,0,1,15656,0,0
7,121721632,rs757370522,C,G,gnomAD Exomes,PASS,NA,p.Leu734Phe,p.Leu734Phe,c.2202G>C,missense_variant,,1,109268,9.15181022806311E-06,0,0,0,7132,0,0,0,17074,0,0,0,2320,0,0,1,9030,0,0,0,13394,0,0,0,42754,0,0,0,1910,0,0,0,15654,0,0
7,121721641,rs1300869370,C,T,gnomAD Exomes,PASS,NA,p.Met731Ile,p.Met731Ile,c.2193G>A,missense_variant,,1,109228,9.15516168015527E-06,0,0,0,7122,0,0,0,17066,0,0,0,2320,0,0,0,9026,0,0,0,13390,0,0,0,42750,0,0,0,1910,0,0,1,15644,0,0
7,121721642,rs746153221,A,G,gnomAD Exomes,PASS,NA,p.Met731Thr,p.Met731Thr,c.2192T>C,missense_variant,,2,109216,1.83123351889833E-05,1,0,0,7122,0,0,0,17062,0,0,0,2320,0,0,0,9024,0,0,0,13392,0,0,0,42746,0,0,0,1910,0,0,2,15640,1,0
7,121721651,rs769991420,T,C,gnomAD Exomes,PASS,NA,c.2185-2A>G,,c.2185-2A>G,splice_acceptor_variant,,4,109098,3.66642834882399E-05,0,0,0,7104,0,0,0,17028,0,0,0,2320,0,0,0,9008,0,0,0,13392,0,0,0,42732,0,0,0,1906,0,0,4,15608,0,0
7,121726051,rs749643631,AGTCCAGCTGCTTACCTTATATCTCAGT,A,"gnomAD Exomes,gnomAD Genomes",PASS,PASS,c.2172_2184+14delACTGAGATATAAGGTAAGCAGCTGGAC,,c.2172_2184+14delACTGAGATATAAGGTAAGCAGCTGGAC,splice_donor_variant,,2,120198,1.66392119669212E-05,0,0,1,9734,0,0,0,17318,0,0,0,2358,0,0,0,9936,0,0,0,14550,0,0,1,48278,0,0,0,2338,0,0,0,15686,0,0
7,121726068,rs1403480658,T,C,gnomAD Exomes,PASS,NA,p.Lys728Glu,p.Lys728Glu,c.2182A>G,missense_variant,,1,109338,9.14595108745358E-06,0,0,0,7162,0,0,0,17080,0,0,0,2320,0,0,0,9028,0,0,0,13392,0,0,1,42754,0,0,0,1912,0,0,0,15690,0,0
7,121726085,rs369466086,C,T,gnomAD Exomes,PASS,NA,p.Arg722Gln,p.Arg722Gln,c.2165G>A,missense_variant,,0,109340,0,0,0,0,7162,0,0,0,17084,0,0,0,2320,0,0,0,9028,0,0,0,13390,0,0,0,42752,0,0,0,1914,0,0,0,15690,0,0
7,121726086,rs748717715,G,A,"gnomAD Exomes,gnomAD Genomes",PASS,PASS,p.Arg722Trp,p.Arg722Trp,c.2164C>T,missense_variant,,2,120182,1.6641427168794E-05,0,0,1,9730,0,0,0,17328,0,0,0,2358,0,0,0,9940,0,0,0,14550,0,0,1,48250,0,0,0,2336,0,0,0,15690,0,0
7,121726103,rs761861976,G,A,gnomAD Exomes,PASS,NA,p.Ser716Phe,p.Ser716Phe,c.2147C>T,missense_variant,,1,109344,9.14544922446591E-06,0,0,0,7162,0,0,0,17082,0,0,0,2320,0,0,0,9030,0,0,0,13394,0,0,1,42754,0,0,0,1912,0,0,0,15690,0,0
7,121726133,rs147491865,G,A,gnomAD Exomes,PASS,NA,p.Thr706Met,p.Thr706Met,c.2117C>T,missense_variant,,5,109328,4.57339382408898E-05,0,0,0,7162,0,0,0,17074,0,0,0,2318,0,0,0,9024,0,0,0,13392,0,0,2,42754,0,0,0,1914,0,0,3,15690,0,0
7,121726133,rs147491865,G,C,gnomAD Exomes,PASS,NA,p.Thr706Arg,p.Thr706Arg,c.2117C>G,missense_variant,,1,109328,9.14678764817796E-06,0,0,1,7162,0,0,0,17074,0,0,0,2318,0,0,0,9024,0,0,0,13392,0,0,0,42754,0,0,0,1914,0,0,0,15690,0,0
7,121726136,rs1235977198,C,G,gnomAD Exomes,PASS,NA,p.Ser705Thr,p.Ser705Thr,c.2114G>C,missense_variant,,1,109320,9.14745700695207E-06,0,0,0,7162,0,0,1,17070,0,0,0,2320,0,0,0,9024,0,0,0,13392,0,0,0,42750,0,0,0,1912,0,0,0,15690,0,0
7,121726137,rs755152951,T,C,gnomAD Exomes,PASS,NA,p.Ser705Gly,p.Ser705Gly,c.2113A>G,missense_variant,,1,109322,9.14728965807431E-06,0,0,0,7162,0,0,0,17072,0,0,0,2320,0,0,0,9022,0,0,0,13392,0,0,0,42752,0,0,0,1912,0,0,1,15690,0,0
7,121726158,rs772439173,C,A,gnomAD Exomes,PASS,NA,p.Glu698Ter,p.Glu698Ter,c.2092G>T,stop_gained,,1,109290,9.14996797511209E-06,0,0,0,7160,0,0,0,17062,0,0,0,2320,0,0,0,9020,0,0,0,13390,0,0,1,42736,0,0,0,1912,0,0,0,15690,0,0
7,121726169,rs769432627,C,A,gnomAD Exomes,PASS,NA,p.Gly694Val,p.Gly694Val,c.2081G>T,missense_variant,,1,109284,9.15047033417518E-06,0,0,0,7160,0,0,1,17062,0,0,0,2320,0,0,0,9018,0,0,0,13388,0,0,0,42736,0,0,0,1912,0,0,0,15688,0,0
7,121726173,rs774809634,GA,G,gnomAD Exomes,PASS,NA,p.Pro693GlnfsTer3,p.Pro693GlnfsTer3,c.2076delT,frameshift_variant,,3,109238,2.74629707610905E-05,0,0,0,7154,0,0,0,17060,0,0,0,2318,0,0,0,9016,0,0,0,13372,0,0,0,42724,0,0,0,1912,0,0,3,15682,0,0
7,121726190,rs774243654,G,A,gnomAD Exomes,PASS,NA,p.Thr687Met,p.Thr687Met,c.2060C>T,missense_variant,,3,109204,2.74715211897E-05,0,0,0,7158,0,0,0,17056,0,0,0,2316,0,0,0,9018,0,0,0,13368,0,0,1,42706,0,0,0,1910,0,0,2,15672,0,0
7,121726194,rs117830956,C,T,gnomAD Exomes,PASS,NA,p.Val686Ile,p.Val686Ile,c.2056G>A,missense_variant,,2,109202,1.83146828812659E-05,0,0,0,7154,0,0,1,17052,0,0,0,2316,0,0,0,9022,0,0,0,13372,0,0,1,42706,0,0,0,1908,0,0,0,15672,0,0
7,121726209,rs201469892,A,C,gnomAD Exomes,PASS,NA,p.Ser681Ala,p.Ser681Ala,c.2041T>G,missense_variant,,2,109184,1.83177022274326E-05,0,0,0,7156,0,0,0,17048,0,0,0,2314,0,0,2,9022,0,0,0,13358,0,0,0,42706,0,0,0,1908,0,0,0,15672,0,0
7,121726212,rs575579841,T,C,"gnomAD Exomes,gnomAD Genomes",PASS,PASS,p.Ile680Val,p.Ile680Val,c.2038A>G,missense_variant,,2,119982,1.66691670417229E-05,0,0,0,9716,0,0,0,17284,0,0,0,2342,0,0,0,9932,0,0,0,14506,0,0,2,48208,0,0,0,2328,0,0,0,15666,0,0
7,121726215,rs1255244226,C,T,gnomAD Exomes,PASS,NA,p.Gly679Ser,p.Gly679Ser,c.2035G>A,missense_variant,,1,109106,9.1653987865012E-06,0,0,0,7144,0,0,0,17042,0,0,0,2308,0,0,0,9016,0,0,0,13336,0,0,1,42696,0,0,0,1910,0,0,0,15654,0,0
7,121726226,rs779031470,T,C,gnomAD Exomes,PASS,NA,p.Asn675Ser,p.Asn675Ser,c.2024A>G,missense_variant,,9,108994,8.25733526616144E-05,0,0,0,7144,0,0,0,17042,0,0,0,2298,0,0,9,9014,0,0,0,13314,0,0,0,42646,0,0,0,1908,0,0,0,15628,0,0
7,121726232,rs778216685,A,G,gnomAD Exomes,PASS,NA,p.Val673Ala,p.Val673Ala,c.2018T>C,missense_variant,,1,108910,9.18189330639978E-06,0,0,0,7132,0,0,0,17032,0,0,0,2300,0,0,0,9006,0,0,0,13298,0,0,0,42622,0,0,0,1904,0,0,1,15616,0,0
7,121731762,rs1419649805,C,T,gnomAD Exomes,PASS,NA,p.Gly671Arg,p.Gly671Arg,c.2011G>A,missense_variant,,1,109256,9.15281540601889E-06,0,0,0,7162,0,0,0,17070,0,0,0,2318,0,0,0,9028,0,0,0,13380,0,0,1,42710,0,0,0,1908,0,0,0,15680,0,0
7,121731765,rs146607857,C,T,gnomAD Exomes,PASS,NA,p.Asp670Asn,p.Asp670Asn,c.2008G>A,missense_variant,,2,109256,1.83056308120378E-05,0,0,0,7160,0,0,0,17068,0,0,0,2320,0,0,1,9028,0,0,0,13378,0,0,0,42716,0,0,0,1908,0,0,1,15678,0,0
7,121731783,rs202247760,A,G,"gnomAD Exomes,gnomAD Genomes",PASS,PASS,p.Ser664Pro,p.Ser664Pro,c.1990T>C,missense_variant,,15,120114,0.000124881362705,0,0,0,9736,0,0,5,17310,0,0,0,2358,0,0,0,9932,0,0,0,14534,0,0,10,48238,0,0,0,2328,0,0,0,15678,0,0
7,121731784,rs377317222,C,A,gnomAD Exomes,PASS,NA,p.Gln663His,p.Gln663His,c.1989G>T,missense_variant,,8,109238,7.32345886962412E-05,0,0,0,7162,0,0,0,17062,0,0,0,2320,0,0,0,9022,0,0,0,13372,0,0,8,42718,0,0,0,1904,0,0,0,15678,0,0
7,121731789,rs764609770,T,A,gnomAD Exomes,PASS,NA,p.Met662Leu,p.Met662Leu,c.1984A>T,missense_variant,,1,109230,9.15499404925387E-06,0,0,1,7158,0,0,0,17058,0,0,0,2320,0,0,0,9016,0,0,0,13376,0,0,0,42718,0,0,0,1904,0,0,0,15680,0,0
7,121731798,rs751949277,T,C,gnomAD Exomes,PASS,NA,p.Met659Val,p.Met659Val,c.1975A>G,missense_variant,,2,109214,1.83126705367444E-05,0,0,0,7154,0,0,0,17054,0,0,0,2320,0,0,0,9020,0,0,0,13374,0,0,0,42718,0,0,0,1902,0,0,2,15672,0,0
7,121731807,rs1281111526,C,G,gnomAD Genomes,NA,PASS,p.Gly656Arg,p.Gly656Arg,c.1966G>C,missense_variant,,1,10876,9.19455682236116E-05,0,0,1,2572,0,0,0,246,0,0,0,38,0,0,0,912,0,0,0,1162,0,0,0,5522,0,0,0,424,0,0,0,0,0,0
7,121731815,rs746338348,C,G,gnomAD Exomes,PASS,NA,p.Ser653Thr,p.Ser653Thr,c.1958G>C,missense_variant,,4,109192,3.66327203458129E-05,0,0,0,7150,0,0,0,17050,0,0,0,2320,0,0,0,9016,0,0,1,13378,0,0,3,42700,0,0,0,1904,0,0,0,15674,0,0
7,121731827,rs754460903,T,A,gnomAD Exomes,PASS,NA,p.Lys649Ile,p.Lys649Ile,c.1946A>T,missense_variant,,1,109160,9.16086478563576E-06,0,0,0,7148,0,0,0,17064,0,0,0,2320,0,0,0,9018,0,0,0,13380,0,0,1,42656,0,0,0,1906,0,0,0,15668,0,0
7,121731839,rs747867276,G,A,gnomAD Exomes,PASS,NA,p.Pro645Leu,p.Pro645Leu,c.1934C>T,missense_variant,,6,109136,5.49772760592288E-05,0,0,0,7146,0,0,4,17068,0,0,0,2320,0,0,0,9012,0,0,0,13368,0,0,2,42660,0,0,0,1902,0,0,0,15660,0,0
7,121731842,rs771702431,T,C,gnomAD Exomes,PASS,NA,p.Asn644Ser,p.Asn644Ser,c.1931A>G,missense_variant,,1,109124,9.16388695429053E-06,0,0,1,7142,0,0,0,17068,0,0,0,2312,0,0,0,9010,0,0,0,13368,0,0,0,42658,0,0,0,1904,0,0,0,15662,0,0
7,121731844,rs369424010,G,C,gnomAD Exomes,PASS,NA,p.Asn643Lys,p.Asn643Lys,c.1929C>G,missense_variant,,1,109110,9.16506278068005E-06,0,0,0,7138,0,0,0,17064,0,0,0,2316,0,0,0,9006,0,0,0,13368,0,0,1,42656,0,0,0,1906,0,0,0,15656,0,0
7,121731863,rs1292434754,G,A,gnomAD Exomes,PASS,NA,p.Pro637Leu,p.Pro637Leu,c.1910C>T,missense_variant,,1,108972,9.17666923613405E-06,0,0,0,7132,0,0,0,17056,0,0,0,2312,0,0,0,8990,0,0,0,13370,0,0,0,42550,0,0,0,1900,0,0,1,15662,0,0
7,121731887,rs753976876,T,C,gnomAD Exomes,PASS,NA,p.Tyr629Cys,p.Tyr629Cys,c.1886A>G,missense_variant,,1,108208,9.24146089013751E-06,0,0,0,7062,0,0,1,16996,0,0,0,2288,0,0,0,8960,0,0,0,13344,0,0,0,42098,0,0,0,1890,0,0,0,15570,0,0
7,121731888,rs751792587,A,T,gnomAD Exomes,PASS,NA,p.Tyr629Asn,p.Tyr629Asn,c.1885T>A,missense_variant,,1,108208,9.24146089013751E-06,0,0,1,7066,0,0,0,16998,0,0,0,2284,0,0,0,8954,0,0,0,13350,0,0,0,42096,0,0,0,1892,0,0,0,15568,0,0
7,121731888,rs751792587,A,G,gnomAD Exomes,PASS,NA,p.Tyr629His,p.Tyr629His,c.1885T>C,missense_variant,,0,108208,0,0,0,0,7066,0,0,0,16998,0,0,0,2284,0,0,0,8954,0,0,0,13350,0,0,0,42096,0,0,0,1892,0,0,0,15568,0,0
7,121731898,rs767865829,C,T,gnomAD Exomes,PASS,NA,c.1876-1G>A,,c.1876-1G>A,splice_acceptor_variant,,3,106780,2.80951489042892E-05,0,0,0,6896,0,0,0,16916,0,0,0,2246,0,0,0,8840,0,0,0,13322,0,0,3,41228,0,0,0,1880,0,0,0,15452,0,0
7,121732911,rs35040361,C,T,"gnomAD Exomes,gnomAD Genomes",PASS,PASS,p.Glu621Lys,p.Glu621Lys,c.1861G>A,missense_variant,,11,120242,9.14821776084895E-05,0,0,11,9738,0,0,0,17330,0,0,0,2358,0,0,0,9952,0,0,0,14556,0,0,0,48284,0,0,0,2334,0,0,0,15690,0,0
7,121732917,rs1307139922,C,T,gnomAD Genomes,NA,PASS,p.Ala619Thr,p.Ala619Thr,c.1855G>A,missense_variant,,4,10866,0.000368120743604,0,0,0,2570,0,0,0,246,0,0,0,36,0,0,0,912,0,0,0,1162,0,0,4,5516,0,0,0,424,0,0,0,0,0,0
7,121732932,rs573271928,C,T,gnomAD Exomes,PASS,NA,p.Glu614Lys,p.Glu614Lys,c.1840G>A,missense_variant,,1,109384,9.14210487822716E-06,0,0,1,7164,0,0,0,17092,0,0,0,2320,0,0,0,9042,0,0,0,13394,0,0,0,42768,0,0,0,1914,0,0,0,15690,0,0
7,121732932,rs573271928,C,G,gnomAD Exomes,PASS,NA,p.Glu614Gln,p.Glu614Gln,c.1840G>C,missense_variant,,2,109384,1.82842097564543E-05,0,0,0,7164,0,0,0,17092,0,0,0,2320,0,0,0,9042,0,0,0,13394,0,0,2,42768,0,0,0,1914,0,0,0,15690,0,0
7,121732933,rs750790934,C,T,gnomAD Exomes,PASS,NA,p.Met613Ile,p.Met613Ile,c.1839G>A,missense_variant,,1,109382,9.14227203744674E-06,0,0,0,7164,0,0,0,17092,0,0,0,2320,0,0,0,9040,0,0,0,13394,0,0,1,42768,0,0,0,1914,0,0,0,15690,0,0
7,121732938,rs766882150,C,T,gnomAD Exomes,PASS,NA,p.Ala612Thr,p.Ala612Thr,c.1834G>A,missense_variant,,2,109386,1.82838754502404E-05,0,0,0,7164,0,0,0,17094,0,0,0,2320,0,0,0,9044,0,0,0,13394,0,0,2,42766,0,0,0,1914,0,0,0,15690,0,0
7,121732941,rs1418119154,A,C,gnomAD Exomes,PASS,NA,p.Leu611Val,p.Leu611Val,c.1831T>G,missense_variant,,1,109378,9.14260637422516E-06,0,0,0,7164,0,0,1,17090,0,0,0,2320,0,0,0,9042,0,0,0,13392,0,0,0,42766,0,0,0,1914,0,0,0,15690,0,0
7,121732951,rs1359568955,CA,C,gnomAD Exomes,PASS,NA,p.Leu607ArgfsTer5,p.Leu607ArgfsTer5,c.1820delT,frameshift_variant,,1,109388,9.14177057812557E-06,0,0,0,7164,0,0,0,17092,0,0,0,2320,0,0,0,9046,0,0,0,13394,0,0,1,42768,0,0,0,1914,0,0,0,15690,0,0
7,121732970,rs1311052298,A,T,gnomAD Exomes,PASS,NA,p.Leu601Ter,p.Leu601Ter,c.1802T>A,stop_gained,,1,109388,9.14177057812557E-06,0,0,0,7164,0,0,0,17094,0,0,0,2320,0,0,0,9046,0,0,0,13394,0,0,0,42766,0,0,0,1914,0,0,1,15690,0,0
7,121732983,rs1342304760,T,C,gnomAD Exomes,PASS,NA,p.Ile597Val,p.Ile597Val,c.1789A>G,missense_variant,,1,109388,9.14177057812557E-06,0,0,0,7164,0,0,0,17094,0,0,0,2320,0,0,1,9046,0,0,0,13394,0,0,0,42766,0,0,0,1914,0,0,0,15690,0,0
7,121732994,rs777194593,G,A,gnomAD Exomes,PASS,NA,p.Ala593Val,p.Ala593Val,c.1778C>T,missense_variant,,5,109382,4.57113601872337E-05,0,0,1,7164,0,0,4,17090,0,0,0,2320,0,0,0,9044,0,0,0,13394,0,0,0,42766,0,0,0,1914,0,0,0,15690,0,0
7,121732998,rs141402102,C,A,gnomAD Exomes,PASS,NA,p.Asp592Tyr,p.Asp592Tyr,c.1774G>T,missense_variant,,3,109380,2.74273176083379E-05,0,0,0,7164,0,0,0,17092,0,0,0,2320,0,0,0,9042,0,0,0,13392,0,0,3,42766,0,0,0,1914,0,0,0,15690,0,0
7,121733006,rs745643453,C,G,gnomAD Exomes,PASS,NA,c.1767-1G>C,,c.1767-1G>C,splice_acceptor_variant,,1,109376,9.14277355178467E-06,0,0,0,7164,0,0,1,17088,0,0,0,2320,0,0,0,9040,0,0,0,13394,0,0,0,42766,0,0,0,1914,0,0,0,15690,0,0
7,121733133,rs202057188,T,A,"gnomAD Exomes,gnomAD Genomes",PASS,PASS,p.Ile579Phe,p.Ile579Phe,c.1735A>T,missense_variant,,69,120266,0.000573728235744,0,0,0,9738,0,0,0,17338,0,0,0,2358,0,0,66,9960,0,0,0,14556,0,0,0,48288,0,0,2,2338,0,0,1,15690,0,0
7,121733139,rs1406955012,T,C,gnomAD Exomes,PASS,NA,p.Ser577Gly,p.Ser577Gly,c.1729A>G,missense_variant,,1,109384,9.14210487822716E-06,0,0,0,7164,0,0,0,17094,0,0,0,2320,0,0,0,9046,0,0,0,13394,0,0,1,42762,0,0,0,1914,0,0,0,15690,0,0
7,121733141,rs1325649908,G,T,gnomAD Exomes,PASS,NA,p.Ala576Glu,p.Ala576Glu,c.1727C>A,missense_variant,,1,109384,9.14210487822716E-06,0,0,0,7164,0,0,0,17094,0,0,0,2320,0,0,0,9046,0,0,0,13394,0,0,1,42764,0,0,0,1912,0,0,0,15690,0,0
7,121733149,rs755952149,C,T,gnomAD Exomes,PASS,NA,p.Met573Ile,p.Met573Ile,c.1719G>A,missense_variant,,1,109386,9.14193772512022E-06,0,0,0,7164,0,0,0,17094,0,0,0,2320,0,0,0,9046,0,0,0,13394,0,0,1,42764,0,0,0,1914,0,0,0,15690,0,0
7,121733157,rs760800659,CTTTG,C,gnomAD Exomes,PASS,NA,p.Asn569LysfsTer14,p.Asn569LysfsTer14,c.1707_1710delCAAA,frameshift_variant,,1,109390,9.14160343724289E-06,0,0,0,7164,0,0,0,17094,0,0,0,2320,0,0,1,9046,0,0,0,13394,0,0,0,42768,0,0,0,1914,0,0,0,15690,0,0
7,121733158,rs201772763,T,G,gnomAD Exomes,PASS,NA,p.Lys570Asn,p.Lys570Asn,c.1710A>C,missense_variant,,2,109390,1.82832068744858E-05,0,0,0,7164,0,0,0,17094,0,0,0,2320,0,0,0,9046,0,0,0,13394,0,0,2,42768,0,0,0,1914,0,0,0,15690,0,0
7,121733160,rs749306292,T,C,gnomAD Exomes,PASS,NA,p.Lys570Glu,p.Lys570Glu,c.1708A>G,missense_variant,,1,109390,9.14160343724289E-06,0,0,0,7164,0,0,0,17094,0,0,0,2320,0,0,0,9046,0,0,0,13394,0,0,1,42768,0,0,0,1914,0,0,0,15690,0,0
7,121733190,rs74882337,G,A,"gnomAD Exomes,gnomAD Genomes",PASS,PASS,p.Pro560Ser,p.Pro560Ser,c.1678C>T,missense_variant,,443,120246,0.00368411423249,3,0,8,9734,0,0,5,17334,0,0,21,2358,0,0,0,9958,0,0,43,14550,0,0,354,48286,3,0,12,2336,0,0,0,15690,0,0
7,121733193,rs371752540,G,A,gnomAD Genomes,NA,PASS,p.His559Tyr,p.His559Tyr,c.1675C>T,missense_variant,,1,10876,9.19455682236116E-05,0,0,0,2568,0,0,0,246,0,0,0,38,0,0,0,914,0,0,0,1162,0,0,1,5524,0,0,0,424,0,0,0,0,0,0
7,121733201,rs1180829968,T,C,gnomAD Exomes,PASS,NA,p.Tyr556Cys,p.Tyr556Cys,c.1667A>G,missense_variant,,1,109350,9.14494741655236E-06,0,0,0,7164,0,0,1,17082,0,0,0,2320,0,0,0,9040,0,0,0,13386,0,0,0,42756,0,0,0,1914,0,0,0,15688,0,0
7,121738504,rs1256703262,C,A,gnomAD Exomes,PASS,NA,p.Ser552Ile,p.Ser552Ile,c.1655G>T,missense_variant,"lc_lof,os_lof",0,109230,0,0,0,0,7152,0,0,0,17050,0,0,0,2310,0,0,0,9034,0,0,0,13378,0,0,0,42712,0,0,0,1910,0,0,0,15684,0,0
7,121738514,rs779028142,G,A,gnomAD Exomes,PASS,NA,p.Leu549Phe,p.Leu549Phe,c.1645C>T,missense_variant,,1,109248,9.1534856473345E-06,0,0,0,7152,0,0,0,17062,0,0,0,2310,0,0,0,9034,0,0,0,13374,0,0,1,42720,0,0,0,1910,0,0,0,15686,0,0
7,121738529,,C,T,gnomAD Genomes,NA,PASS,p.Val544Met,p.Val544Met,c.1630G>A,missense_variant,,1,10856,9.21149594694178E-05,0,0,0,2564,0,0,0,246,0,0,0,38,0,0,0,912,0,0,0,1160,0,0,1,5512,0,0,0,424,0,0,0,0,0,0
7,121738537,rs376009620,C,T,gnomAD Exomes,PASS,NA,p.Gly541Asp,p.Gly541Asp,c.1622G>A,missense_variant,,1,109240,9.15415598681802E-06,0,0,0,7152,0,0,0,17060,0,0,0,2314,0,0,0,9028,0,0,0,13372,0,0,0,42720,0,0,0,1908,0,0,1,15686,0,0
7,121738540,rs747311809,A,G,gnomAD Exomes,PASS,NA,p.Leu540Pro,p.Leu540Pro,c.1619T>C,missense_variant,,1,109248,9.1534856473345E-06,0,0,1,7152,0,0,0,17060,0,0,0,2314,0,0,0,9028,0,0,0,13378,0,0,0,42724,0,0,0,1908,0,0,0,15684,0,0
7,121738542,rs771118183,C,G,gnomAD Exomes,PASS,NA,p.Lys539Asn,p.Lys539Asn,c.1617G>C,missense_variant,,1,109234,9.1546588058663E-06,0,0,0,7152,0,0,0,17060,0,0,0,2312,0,0,0,9028,0,0,0,13380,0,0,1,42712,0,0,0,1908,0,0,0,15682,0,0
7,121738547,rs777018927,C,T,gnomAD Exomes,PASS,NA,p.Glu538Lys,p.Glu538Lys,c.1612G>A,missense_variant,,2,109234,1.83093176117326E-05,0,0,0,7150,0,0,0,17060,0,0,0,2312,0,0,0,9028,0,0,0,13378,0,0,1,42714,0,0,0,1908,0,0,1,15684,0,0
7,121738555,rs746263286,T,C,gnomAD Exomes,PASS,NA,p.Lys535Arg,p.Lys535Arg,c.1604A>G,missense_variant,,1,109222,9.15566460969402E-06,0,0,0,7152,0,0,0,17056,0,0,0,2316,0,0,1,9024,0,0,0,13376,0,0,0,42708,0,0,0,1906,0,0,0,15684,0,0
7,121738567,rs770094116,A,T,gnomAD Exomes,PASS,NA,p.Met531Lys,p.Met531Lys,c.1592T>A,missense_variant,,1,109164,9.16052911216152E-06,0,0,0,7148,0,0,1,17034,0,0,0,2318,0,0,0,9022,0,0,0,13366,0,0,0,42692,0,0,0,1902,0,0,0,15682,0,0
7,121738568,rs776079202,T,C,gnomAD Exomes,PASS,NA,p.Met531Val,p.Met531Val,c.1591A>G,missense_variant,,1,109156,9.16120048371139E-06,0,0,0,7144,0,0,0,17034,0,0,0,2318,0,0,0,9018,0,0,0,13368,0,0,1,42688,0,0,0,1902,0,0,0,15684,0,0
7,121738579,rs572447864,T,G,gnomAD Exomes,PASS,NA,p.Asn527Thr,p.Asn527Thr,c.1580A>C,missense_variant,,1,109048,9.17027364096545E-06,0,0,1,7134,0,0,0,17012,0,0,0,2312,0,0,0,9006,0,0,0,13368,0,0,0,42648,0,0,0,1900,0,0,0,15668,0,0
7,121738586,rs1429167718,T,C,gnomAD Exomes,PASS,NA,p.Asn525Asp,p.Asn525Asp,c.1573A>G,missense_variant,,1,108984,9.17565881230273E-06,0,0,0,7130,0,0,1,16996,0,0,0,2310,0,0,0,9002,0,0,0,13360,0,0,0,42624,0,0,0,1902,0,0,0,15660,0,0
7,121738591,rs772585074,T,A,gnomAD Exomes,PASS,NA,p.Lys523Ile,p.Lys523Ile,c.1568A>T,missense_variant,,1,108944,9.17902775737994E-06,0,0,0,7128,0,0,0,16994,0,0,0,2306,0,0,0,8998,0,0,0,13362,0,0,1,42602,0,0,0,1902,0,0,0,15652,0,0
7,121738598,rs756975610,C,A,gnomAD Exomes,PASS,NA,p.Gly521Cys,p.Gly521Cys,c.1561G>T,missense_variant,,1,108896,9.18307375844843E-06,0,0,0,7128,0,0,0,16994,0,0,0,2316,0,0,0,8996,0,0,0,13348,0,0,1,42550,0,0,0,1900,0,0,0,15664,0,0
7,121738605,rs142898814,T,G,"gnomAD Exomes,gnomAD Genomes",PASS,PASS,p.Glu518Asp,p.Glu518Asp,c.1554A>C,missense_variant,,11,119624,9.19547916805992E-05,0,0,10,9694,0,0,1,17230,0,0,0,2350,0,0,0,9888,0,0,0,14496,0,0,0,47988,0,0,0,2314,0,0,0,15664,0,0
7,121738620,rs564539285,C,A,gnomAD Exomes,PASS,NA,p.Met513Ile,p.Met513Ile,c.1539G>T,missense_variant,,7,108554,6.44840355951876E-05,0,0,0,7122,0,0,0,16958,0,0,0,2308,0,0,0,8946,0,0,0,13322,0,0,0,42372,0,0,1,1890,0,0,6,15636,0,0
7,121738620,rs564539285,C,T,gnomAD Exomes,PASS,NA,p.Met513Ile,p.Met513Ile,c.1539G>A,missense_variant,,2,108554,1.84240101700536E-05,0,0,0,7122,0,0,2,16958,0,0,0,2308,0,0,0,8946,0,0,0,13322,0,0,0,42372,0,0,0,1890,0,0,0,15636,0,0
7,121738625,rs533476674,C,T,gnomAD Exomes,PASS,NA,p.Asp512Asn,p.Asp512Asn,c.1534G>A,missense_variant,,60,108404,0.000553485111251,1,0,0,7108,0,0,0,16948,0,0,0,2306,0,0,0,8940,0,0,0,13302,0,0,3,42284,0,0,1,1888,0,0,56,15628,1,0
7,121738799,rs759254083,C,G,gnomAD Exomes,PASS,NA,p.Gly510Arg,p.Gly510Arg,c.1528G>C,missense_variant,"lc_lof,os_lof",1,108380,9.22679461155195E-06,0,0,0,7136,0,0,1,16816,0,0,0,2276,0,0,0,9028,0,0,0,13250,0,0,0,42596,0,0,0,1896,0,0,0,15382,0,0
7,121738804,rs765134429,G,A,gnomAD Exomes,PASS,NA,p.Thr508Ile,p.Thr508Ile,c.1523C>T,missense_variant,,5,108424,4.61152512358887E-05,0,0,0,7136,0,0,0,16838,0,0,0,2280,0,0,0,9028,0,0,0,13268,0,0,0,42602,0,0,0,1894,0,0,5,15378,0,0
7,121738808,rs1316272058,T,G,gnomAD Exomes,PASS,NA,p.Ile507Leu,p.Ile507Leu,c.1519A>C,missense_variant,,2,108476,1.84372580109886E-05,1,0,0,7138,0,0,0,16842,0,0,0,2280,0,0,0,9032,0,0,0,13296,0,0,0,42608,0,0,0,1902,0,0,2,15378,1,0
7,121738812,rs762986459,T,C,gnomAD Exomes,PASS,NA,p.Ile505Met,p.Ile505Met,c.1515A>G,missense_variant,,1,108276,9.23565702464073E-06,0,0,0,7136,0,0,0,16772,0,0,0,2272,0,0,1,9032,0,0,0,13310,0,0,0,42582,0,0,0,1902,0,0,0,15270,0,0
7,121738814,rs1259093125,T,C,gnomAD Exomes,PASS,NA,p.Ile505Val,p.Ile505Val,c.1513A>G,missense_variant,,1,108368,9.22781632954378E-06,0,0,0,7138,0,0,0,16794,0,0,0,2280,0,0,0,9030,0,0,0,13314,0,0,1,42612,0,0,0,1902,0,0,0,15298,0,0
7,121738817,rs763968369,T,G,gnomAD Exomes,PASS,NA,p.Asn504His,p.Asn504His,c.1510A>C,missense_variant,,3,108244,2.77151620413141E-05,0,0,0,7134,0,0,0,16772,0,0,0,2274,0,0,3,9030,0,0,0,13302,0,0,0,42586,0,0,0,1904,0,0,0,15242,0,0
7,121738819,rs751449137,C,T,gnomAD Exomes,PASS,NA,p.Gly503Asp,p.Gly503Asp,c.1508G>A,missense_variant,,0,108358,0,0,0,0,7140,0,0,0,16802,0,0,0,2278,0,0,0,9032,0,0,0,13300,0,0,0,42600,0,0,0,1902,0,0,0,15304,0,0
7,121738836,rs781182754,T,G,gnomAD Exomes,PASS,NA,p.Glu497Asp,p.Glu497Asp,c.1491A>C,missense_variant,,1,108416,9.2237308146399E-06,0,0,0,7136,0,0,0,16852,0,0,0,2278,0,0,1,9028,0,0,0,13326,0,0,0,42604,0,0,0,1908,0,0,0,15284,0,0
7,121738850,rs1461500967,C,T,gnomAD Exomes,PASS,NA,p.Glu493Lys,p.Glu493Lys,c.1477G>A,missense_variant,,0,109024,0,0,0,0,7150,0,0,0,17010,0,0,0,2300,0,0,0,9028,0,0,0,13302,0,0,0,42718,0,0,0,1910,0,0,0,15606,0,0
7,121738854,rs147394896,T,C,"gnomAD Exomes,gnomAD Genomes",PASS,PASS,p.Ile491Met,p.Ile491Met,c.1473A>G,missense_variant,,41,119488,0.000343130690948,0,0,2,9688,0,0,5,17236,0,0,0,2334,0,0,0,9934,0,0,0,14350,0,0,34,48016,0,0,0,2324,0,0,0,15606,0,0
7,121738861,rs780517529,C,T,gnomAD Exomes,PASS,NA,p.Gly489Asp,p.Gly489Asp,c.1466G>A,missense_variant,,1,108910,9.18189330639978E-06,0,0,0,7148,0,0,0,16998,0,0,0,2296,0,0,0,9022,0,0,0,13260,0,0,0,42690,0,0,0,1904,0,0,1,15592,0,0
7,121738873,rs373782095,A,G,gnomAD Exomes,PASS,NA,p.Val485Ala,p.Val485Ala,c.1454T>C,missense_variant,,1,108862,9.1859418346163E-06,0,0,0,7148,0,0,0,16980,0,0,0,2304,0,0,0,9018,0,0,0,13246,0,0,1,42698,0,0,0,1908,0,0,0,15560,0,0
7,121738875,rs550968039,C,A,gnomAD Exomes,PASS,NA,p.Leu484Phe,p.Leu484Phe,c.1452G>T,missense_variant,,1,108580,9.20979922637686E-06,0,0,1,7140,0,0,0,16970,0,0,0,2288,0,0,0,9006,0,0,0,13196,0,0,0,42538,0,0,0,1892,0,0,0,15550,0,0
7,121738888,rs1337120116,C,T,gnomAD Exomes,PASS,NA,p.Arg480Lys,p.Arg480Lys,c.1439G>A,missense_variant,,1,108238,9.23889946229605E-06,0,0,0,7134,0,0,0,16884,0,0,0,2288,0,0,0,8978,0,0,0,13100,0,0,0,42516,0,0,0,1888,0,0,1,15450,0,0
7,121738904,rs769297239,G,T,gnomAD Exomes,PASS,NA,p.Leu475Ile,p.Leu475Ile,c.1423C>A,missense_variant,,0,105664,0,0,0,0,7042,0,0,0,16352,0,0,0,2202,0,0,0,8910,0,0,0,12750,0,0,0,41944,0,0,0,1842,0,0,0,14622,0,0
7,121738908,rs762677573,C,A,gnomAD Exomes,PASS,NA,p.Gln473His,p.Gln473His,c.1419G>T,missense_variant,,1,104058,9.61002517826597E-06,0,0,0,7006,0,0,0,15874,0,0,0,2158,0,0,0,8868,0,0,0,12572,0,0,0,41574,0,0,0,1804,0,0,1,14202,0,0
7,121738910,rs763891817,G,A,gnomAD Exomes,PASS,NA,p.Gln473Ter,p.Gln473Ter,c.1417C>T,stop_gained,,0,102488,0,0,0,0,6970,0,0,0,15372,0,0,0,2124,0,0,0,8852,0,0,0,12374,0,0,0,41286,0,0,0,1770,0,0,0,13740,0,0
7,121738912,rs761735188,G,A,gnomAD Exomes,PASS,NA,p.Ala472Val,p.Ala472Val,c.1415C>T,missense_variant,lcr,1,99692,1.00308951570838E-05,0,0,0,6954,0,0,0,14248,0,0,0,2046,0,0,0,8806,0,0,0,12100,0,0,1,40720,0,0,0,1688,0,0,0,13130,0,0
7,121738915,rs767641851,C,T,gnomAD Exomes,PASS,NA,p.Arg471His,p.Arg471His,c.1412G>A,missense_variant,lcr,5,97068,5.15102814521778E-05,0,0,0,6858,0,0,2,13386,0,0,0,1998,0,0,0,8724,0,0,0,11428,0,0,2,40218,0,0,0,1650,0,0,1,12806,0,0
7,121738916,rs750482228,G,A,gnomAD Exomes,PASS,NA,p.Arg471Cys,p.Arg471Cys,c.1411C>T,missense_variant,lcr,6,95216,6.30146193916989E-05,0,0,1,6788,0,0,2,12948,0,0,0,1982,0,0,1,8632,0,0,0,10848,0,0,0,39734,0,0,0,1624,0,0,2,12660,0,0
7,121738919,rs1170672845,C,T,gnomAD Exomes,PASS,NA,p.Glu470Lys,p.Glu470Lys,c.1408G>A,missense_variant,lcr,1,85974,1.16314234536023E-05,0,0,0,6394,0,0,0,11774,0,0,0,1846,0,0,0,8054,0,0,1,8694,0,0,0,35778,0,0,0,1522,0,0,0,11912,0,0
7,121741428,rs766428545,C,T,gnomAD Exomes,PASS,NA,p.Ser468Asn,p.Ser468Asn,c.1403G>A,missense_variant,,3,109208,2.74705149805875E-05,0,0,0,7148,0,0,1,17060,0,0,0,2316,0,0,0,9030,0,0,0,13336,0,0,1,42724,0,0,1,1910,0,0,0,15684,0,0
7,121741434,rs201224904,C,T,gnomAD Exomes,PASS,NA,p.Arg466Gln,p.Arg466Gln,c.1397G>A,missense_variant,,2,109218,1.8311999853504E-05,0,0,0,7150,0,0,0,17066,0,0,1,2318,0,0,0,9034,0,0,0,13332,0,0,0,42726,0,0,1,1908,0,0,0,15684,0,0
7,121741435,rs199721593,G,A,gnomAD Exomes,PASS,NA,p.Arg466Trp,p.Arg466Trp,c.1396C>T,missense_variant,,1,109200,9.15750915750916E-06,0,0,0,7146,0,0,0,17066,0,0,0,2318,0,0,0,9032,0,0,0,13322,0,0,0,42726,0,0,0,1908,0,0,1,15682,0,0
7,121741438,rs1011506361,G,C,gnomAD Exomes,PASS,NA,p.Leu465Val,p.Leu465Val,c.1393C>G,missense_variant,,4,109234,3.66186352234652E-05,0,0,0,7148,0,0,4,17066,0,0,0,2318,0,0,0,9038,0,0,0,13338,0,0,0,42732,0,0,0,1910,0,0,0,15684,0,0
7,121741440,rs765741746,G,C,gnomAD Exomes,PASS,NA,p.Thr464Arg,p.Thr464Arg,c.1391C>G,missense_variant,,1,109240,9.15415598681802E-06,0,0,0,7148,0,0,0,17074,0,0,0,2320,0,0,1,9036,0,0,0,13328,0,0,0,42734,0,0,0,1914,0,0,0,15686,0,0
7,121741444,rs1210884316,G,A,gnomAD Exomes,PASS,NA,p.Gln463Ter,p.Gln463Ter,c.1387C>T,stop_gained,,0,109240,0,0,0,0,7152,0,0,0,17076,0,0,0,2320,0,0,0,9036,0,0,0,13324,0,0,0,42732,0,0,0,1914,0,0,0,15686,0,0
7,121741461,rs753077687,T,A,gnomAD Exomes,PASS,NA,p.Asp457Val,p.Asp457Val,c.1370A>T,missense_variant,,1,109244,9.15382080480392E-06,0,0,0,7154,0,0,0,17074,0,0,0,2318,0,0,0,9042,0,0,0,13328,0,0,1,42730,0,0,0,1910,0,0,0,15688,0,0
7,121741464,rs1449180976,G,A,gnomAD Exomes,PASS,NA,p.Pro456Leu,p.Pro456Leu,c.1367C>T,missense_variant,,1,109242,9.15398839274272E-06,0,0,0,7152,0,0,0,17074,0,0,0,2318,0,0,0,9042,0,0,0,13330,0,0,1,42734,0,0,0,1906,0,0,0,15686,0,0
7,121741471,rs1240976387,T,A,gnomAD Exomes,PASS,NA,p.Thr454Ser,p.Thr454Ser,c.1360A>T,missense_variant,,1,109228,9.15516168015527E-06,0,0,0,7150,0,0,0,17070,0,0,0,2320,0,0,0,9044,0,0,0,13316,0,0,1,42734,0,0,0,1908,0,0,0,15686,0,0
7,121741474,rs747489536,C,T,gnomAD Exomes,PASS,NA,p.Gly453Ser,p.Gly453Ser,c.1357G>A,missense_variant,,1,109200,9.15750915750916E-06,0,0,1,7150,0,0,0,17068,0,0,0,2320,0,0,0,9038,0,0,0,13300,0,0,0,42732,0,0,0,1906,0,0,0,15686,0,0
7,121741485,rs748951951,A,G,gnomAD Exomes,PASS,NA,p.Ile449Thr,p.Ile449Thr,c.1346T>C,missense_variant,,1,109198,9.15767688052895E-06,0,0,0,7150,0,0,0,17066,0,0,0,2316,0,0,1,9040,0,0,0,13302,0,0,0,42734,0,0,0,1904,0,0,0,15686,0,0
7,121741486,rs768275798,T,G,gnomAD Exomes,PASS,NA,p.Ile449Leu,p.Ile449Leu,c.1345A>C,missense_variant,,6,109206,5.49420361518598E-05,0,0,0,7150,0,0,0,17068,0,0,0,2318,0,0,0,9040,0,0,0,13306,0,0,0,42736,0,0,0,1904,0,0,6,15684,0,0
7,121741686,rs757769673,C,T,gnomAD Exomes,PASS,NA,p.Val443Met,p.Val443Met,c.1327G>A,missense_variant,,2,109132,1.8326430377891E-05,0,0,0,7144,0,0,0,17036,0,0,0,2320,0,0,0,9018,0,0,0,13380,0,0,2,42656,0,0,0,1900,0,0,0,15678,0,0
7,121741688,rs936457409,G,A,gnomAD Exomes,PASS,NA,p.Pro442Leu,p.Pro442Leu,c.1325C>T,missense_variant,,1,109128,9.1635510593065E-06,0,0,0,7144,0,0,1,17036,0,0,0,2320,0,0,0,9016,0,0,0,13382,0,0,0,42654,0,0,0,1898,0,0,0,15678,0,0
7,121741703,rs779480047,C,T,gnomAD Exomes,PASS,NA,p.Ser437Asn,p.Ser437Asn,c.1310G>A,missense_variant,,1,109134,9.16304726299778E-06,0,0,0,7134,0,0,0,17042,0,0,0,2320,0,0,0,9016,0,0,0,13380,0,0,1,42662,0,0,0,1904,0,0,0,15676,0,0
7,121741716,rs754447458,G,A,gnomAD Exomes,PASS,NA,p.Gln433Ter,p.Gln433Ter,c.1297C>T,stop_gained,,1,109092,9.16657500091666E-06,0,0,0,7136,0,0,0,17044,0,0,0,2320,0,0,0,9008,0,0,0,13378,0,0,1,42642,0,0,0,1894,0,0,0,15670,0,0
7,121741721,rs548503194,G,A,"gnomAD Exomes,gnomAD Genomes",PASS,PASS,p.Ala431Val,p.Ala431Val,c.1292C>T,missense_variant,,5,119934,4.16895959444361E-05,0,0,2,9704,0,0,0,17280,0,0,0,2358,0,0,0,9916,0,0,0,14538,0,0,2,48150,0,0,0,2318,0,0,1,15670,0,0
7,121741722,rs771862141,C,T,gnomAD Exomes,PASS,NA,p.Ala431Thr,p.Ala431Thr,c.1291G>A,missense_variant,,4,109088,3.66676444705192E-05,0,0,0,7138,0,0,2,17036,0,0,0,2320,0,0,0,9006,0,0,0,13376,0,0,1,42644,0,0,0,1894,0,0,1,15674,0,0
7,121741723,rs146679922,G,T,gnomAD Exomes,PASS,NA,p.Asp430Glu,p.Asp430Glu,c.1290C>A,missense_variant,,1,109056,9.16960093896713E-06,0,0,0,7138,0,0,0,17036,0,0,0,2320,0,0,0,9002,0,0,0,13376,0,0,1,42622,0,0,0,1894,0,0,0,15668,0,0
7,121741725,rs1273190060,C,T,gnomAD Exomes,PASS,NA,p.Asp430Asn,p.Asp430Asn,c.1288G>A,missense_variant,,1,109010,9.1734703238235E-06,0,0,0,7134,0,0,1,17034,0,0,0,2320,0,0,0,9004,0,0,0,13374,0,0,0,42602,0,0,0,1894,0,0,0,15648,0,0
7,121753194,rs587777126,A,C,gnomAD Exomes,PASS,NA,p.Leu419Arg,p.Leu419Arg,c.1256T>G,missense_variant,,1,109394,9.14126917381209E-06,0,0,0,7164,0,0,0,17108,0,0,0,2320,0,0,0,9042,0,0,0,13394,0,0,0,42762,0,0,1,1914,0,0,0,15690,0,0
7,121753203,rs745731853,C,G,gnomAD Exomes,PASS,NA,p.Gly416Ala,p.Gly416Ala,c.1247G>C,missense_variant,,1,109396,9.1411020512633E-06,0,0,0,7164,0,0,0,17108,0,0,0,2320,0,0,0,9042,0,0,0,13394,0,0,0,42764,0,0,0,1914,0,0,1,15690,0,0
7,121753209,rs1313984525,C,T,gnomAD Exomes,PASS,NA,p.Cys414Tyr,p.Cys414Tyr,c.1241G>A,missense_variant,mnv,1,109396,9.1411020512633E-06,0,0,0,7164,0,0,0,17108,0,0,0,2320,0,0,0,9042,0,0,0,13394,0,0,0,42764,0,0,0,1914,0,0,1,15690,0,0
7,121753218,rs770064872,G,C,gnomAD Exomes,PASS,NA,p.Ala411Gly,p.Ala411Gly,c.1232C>G,missense_variant,,1,109392,9.14143630247184E-06,0,0,0,7164,0,0,1,17108,0,0,0,2320,0,0,0,9040,0,0,0,13392,0,0,0,42764,0,0,0,1914,0,0,0,15690,0,0
7,121753224,rs558549852,A,G,"gnomAD Exomes,gnomAD Genomes",PASS,PASS,p.Ile409Thr,p.Ile409Thr,c.1226T>C,missense_variant,,5,120276,4.1571053244205E-05,0,0,0,9736,0,0,1,17356,0,0,0,2358,0,0,0,9954,0,0,0,14556,0,0,4,48288,0,0,0,2338,0,0,0,15690,0,0
7,121753225,rs775124433,T,C,gnomAD Exomes,PASS,NA,p.Ile409Val,p.Ile409Val,c.1225A>G,missense_variant,,4,109396,3.65644082050532E-05,0,0,1,7162,0,0,3,17110,0,0,0,2320,0,0,0,9040,0,0,0,13394,0,0,0,42766,0,0,0,1914,0,0,0,15690,0,0
7,121753228,rs1295197743,G,A,gnomAD Exomes,PASS,NA,p.Pro408Ser,p.Pro408Ser,c.1222C>T,missense_variant,,1,109394,9.14126917381209E-06,0,0,0,7164,0,0,0,17110,0,0,0,2320,0,0,0,9040,0,0,0,13390,0,0,0,42766,0,0,0,1914,0,0,1,15690,0,0
7,121753239,rs34141526,G,A,gnomAD Exomes,PASS,NA,p.Pro404Leu,p.Pro404Leu,c.1211C>T,missense_variant,,2,109386,1.82838754502404E-05,0,0,0,7164,0,0,0,17110,0,0,0,2320,0,0,0,9040,0,0,0,13388,0,0,2,42760,0,0,0,1914,0,0,0,15690,0,0
7,121753275,rs1395015169,C,T,gnomAD Exomes,PASS,NA,p.Gly392Asp,p.Gly392Asp,c.1175G>A,missense_variant,,2,109362,1.82878879318228E-05,0,0,0,7162,0,0,2,17106,0,0,0,2320,0,0,0,9038,0,0,0,13390,0,0,0,42750,0,0,0,1914,0,0,0,15682,0,0
7,121753276,rs763826475,C,T,gnomAD Exomes,PASS,NA,p.Gly392Ser,p.Gly392Ser,c.1174G>A,missense_variant,,1,109366,9.14360953129857E-06,0,0,0,7162,0,0,0,17106,0,0,0,2320,0,0,0,9036,0,0,0,13390,0,0,1,42750,0,0,0,1914,0,0,0,15688,0,0
7,121753650,rs1156249911,A,T,gnomAD Exomes,PASS,NA,c.1166+2T>A,,c.1166+2T>A,splice_donor_variant,,1,109100,9.16590284142988E-06,0,0,1,7160,0,0,0,17110,0,0,0,2320,0,0,0,9038,0,0,0,13120,0,0,0,42754,0,0,0,1910,0,0,0,15688,0,0
7,121753651,rs777070121,C,T,gnomAD Exomes,PASS,NA,c.1166+1G>A,,c.1166+1G>A,splice_donor_variant,,1,109120,9.16422287390029E-06,0,0,0,7160,0,0,0,17112,0,0,0,2320,0,0,0,9042,0,0,0,13128,0,0,1,42760,0,0,0,1910,0,0,0,15688,0,0
7,121753684,rs1365192989,C,T,gnomAD Exomes,PASS,NA,p.Met378Ile,p.Met378Ile,c.1134G>A,missense_variant,,1,109266,9.15197774239013E-06,0,0,1,7160,0,0,0,17112,0,0,0,2320,0,0,0,9042,0,0,0,13270,0,0,0,42764,0,0,0,1910,0,0,0,15688,0,0
7,121753704,rs1266274090,T,C,gnomAD Exomes,PASS,NA,p.Ile372Val,p.Ile372Val,c.1114A>G,missense_variant,,1,109270,9.15164271986822E-06,0,0,0,7160,0,0,0,17112,0,0,0,2320,0,0,0,9044,0,0,0,13268,0,0,1,42766,0,0,0,1912,0,0,0,15688,0,0
7,121753737,rs1179525416,C,A,gnomAD Exomes,PASS,NA,p.Gly361Trp,p.Gly361Trp,c.1081G>T,missense_variant,,1,109198,9.15767688052895E-06,0,0,0,7162,0,0,0,17112,0,0,0,2320,0,0,0,9042,0,0,0,13194,0,0,1,42768,0,0,0,1912,0,0,0,15688,0,0
7,121753770,rs780164559,C,T,"gnomAD Exomes,gnomAD Genomes",PASS,PASS,p.Val350Met,p.Val350Met,c.1048G>A,missense_variant,,38,119350,0.000318391286133,0,0,0,9720,0,0,32,17348,0,0,0,2356,0,0,2,9952,0,0,0,13808,0,0,0,48156,0,0,3,2322,0,0,1,15688,0,0
7,121753776,rs1419323745,T,C,gnomAD Exomes,PASS,NA,c.1044-2A>G,,c.1044-2A>G,splice_acceptor_variant,,1,108466,9.21947891505172E-06,0,0,0,7162,0,0,0,17108,0,0,0,2320,0,0,0,9034,0,0,0,12486,0,0,1,42760,0,0,0,1908,0,0,0,15688,0,0
7,121755144,rs753881981,G,C,gnomAD Exomes,PASS,NA,p.Pro343Ala,p.Pro343Ala,c.1027C>G,missense_variant,,1,109402,9.14060072027934E-06,0,0,0,7164,0,0,0,17110,0,0,0,2320,0,0,0,9044,0,0,0,13394,0,0,1,42766,0,0,0,1914,0,0,0,15690,0,0
7,121755159,rs368840723,C,T,gnomAD Exomes,PASS,NA,p.Gly338Ser,p.Gly338Ser,c.1012G>A,missense_variant,,1,109392,9.14143630247184E-06,0,0,1,7164,0,0,0,17108,0,0,0,2320,0,0,0,9040,0,0,0,13392,0,0,0,42764,0,0,0,1914,0,0,0,15690,0,0
7,121755172,rs1302275173,C,G,gnomAD Exomes,PASS,NA,p.Lys333Asn,p.Lys333Asn,c.999G>C,missense_variant,,2,109386,1.82838754502404E-05,0,0,0,7164,0,0,0,17106,0,0,0,2320,0,0,0,9038,0,0,2,13394,0,0,0,42760,0,0,0,1914,0,0,0,15690,0,0
7,121755179,rs149832034,G,A,"gnomAD Exomes,gnomAD Genomes",PASS,PASS,p.Pro331Leu,p.Pro331Leu,c.992C>T,missense_variant,,107,120254,0.000889783292032,1,0,0,9734,0,0,1,17354,0,0,0,2358,0,0,0,9958,0,0,92,14556,1,0,11,48268,0,0,2,2336,0,0,1,15690,0,0
7,121755182,rs777979593,G,A,gnomAD Exomes,PASS,NA,p.Ala330Val,p.Ala330Val,c.989C>T,missense_variant,,4,109390,3.65664137489716E-05,0,0,0,7164,0,0,0,17108,0,0,0,2320,0,0,0,9040,0,0,0,13394,0,0,0,42760,0,0,0,1914,0,0,4,15690,0,0
7,121755200,,T,C,gnomAD Exomes,PASS,NA,p.Asp324Gly,p.Asp324Gly,c.971A>G,missense_variant,,1,109390,9.14160343724289E-06,0,0,0,7164,0,0,0,17106,0,0,0,2320,0,0,0,9040,0,0,0,13394,0,0,1,42764,0,0,0,1912,0,0,0,15690,0,0
7,121755206,rs868487258,C,T,gnomAD Exomes,PASS,NA,p.Arg322His,p.Arg322His,c.965G>A,missense_variant,,2,109382,1.82845440748935E-05,0,0,0,7164,0,0,2,17106,0,0,0,2320,0,0,0,9036,0,0,0,13394,0,0,0,42760,0,0,0,1912,0,0,0,15690,0,0
7,121755218,rs746428434,C,T,gnomAD Exomes,PASS,NA,p.Arg318His,p.Arg318His,c.953G>A,missense_variant,,2,109394,1.82825383476242E-05,0,0,0,7164,0,0,0,17108,0,0,0,2320,0,0,0,9040,0,0,0,13394,0,0,2,42766,0,0,0,1912,0,0,0,15690,0,0
7,121755219,rs548570072,G,A,gnomAD Exomes,PASS,NA,p.Arg318Cys,p.Arg318Cys,c.952C>T,missense_variant,,2,109390,1.82832068744858E-05,0,0,1,7164,0,0,0,17106,0,0,0,2320,0,0,0,9038,0,0,0,13394,0,0,0,42766,0,0,0,1912,0,0,1,15690,0,0
7,121755225,rs201997703,T,A,gnomAD Exomes,PASS,NA,p.Thr316Ser,p.Thr316Ser,c.946A>T,missense_variant,,1,109394,9.14126917381209E-06,0,0,0,7164,0,0,0,17108,0,0,0,2320,0,0,0,9038,0,0,0,13394,0,0,1,42766,0,0,0,1914,0,0,0,15690,0,0
7,121755263,rs148964986,G,A,gnomAD Exomes,PASS,NA,p.Thr303Ile,p.Thr303Ile,c.908C>T,missense_variant,,2,109394,1.82825383476242E-05,0,0,2,7164,0,0,0,17108,0,0,0,2320,0,0,0,9040,0,0,0,13394,0,0,0,42766,0,0,0,1914,0,0,0,15688,0,0
7,121755277,rs765122059,C,A,gnomAD Exomes,PASS,NA,c.895-1G>T,,c.895-1G>T,splice_acceptor_variant,,1,109390,9.14160343724289E-06,0,0,0,7164,0,0,0,17108,0,0,0,2318,0,0,1,9040,0,0,0,13394,0,0,0,42764,0,0,0,1914,0,0,0,15688,0,0
7,121756700,rs370266183,C,T,gnomAD Exomes,PASS,NA,p.Arg294His,p.Arg294His,c.881G>A,missense_variant,,1,109382,9.14227203744674E-06,0,0,0,7164,0,0,0,17106,0,0,0,2320,0,0,0,9042,0,0,0,13384,0,0,1,42764,0,0,0,1914,0,0,0,15688,0,0
7,121756701,rs759258946,G,A,gnomAD Exomes,PASS,NA,p.Arg294Cys,p.Arg294Cys,c.880C>T,missense_variant,,1,109376,9.14277355178467E-06,0,0,0,7164,0,0,0,17106,0,0,0,2320,0,0,0,9042,0,0,0,13378,0,0,0,42764,0,0,0,1914,0,0,1,15688,0,0
7,121756707,rs587777122,T,C,gnomAD Exomes,PASS,NA,p.Ile292Val,p.Ile292Val,c.874A>G,missense_variant,,1,109380,9.1424392027793E-06,0,0,0,7164,0,0,0,17106,0,0,0,2320,0,0,0,9040,0,0,0,13386,0,0,1,42762,0,0,0,1914,0,0,0,15688,0,0
7,121756712,rs560418184,C,T,gnomAD Exomes,PASS,NA,p.Arg290His,p.Arg290His,c.869G>A,missense_variant,,1,109380,9.1424392027793E-06,0,0,0,7164,0,0,0,17108,0,0,0,2320,0,0,0,9040,0,0,0,13388,0,0,0,42758,0,0,0,1914,0,0,1,15688,0,0
7,121756713,rs772963588,G,A,"gnomAD Exomes,gnomAD Genomes",PASS,PASS,p.Arg290Cys,p.Arg290Cys,c.868C>T,missense_variant,,7,120250,5.82120582120582E-05,0,0,0,9736,0,0,0,17352,0,0,0,2358,0,0,1,9956,0,0,0,14550,0,0,1,48272,0,0,0,2338,0,0,5,15688,0,0
7,121756713,rs772963588,G,T,gnomAD Exomes,PASS,NA,p.Arg290Ser,p.Arg290Ser,c.868C>A,missense_variant,,1,109382,9.14227203744674E-06,0,0,0,7164,0,0,0,17108,0,0,0,2320,0,0,0,9040,0,0,0,13388,0,0,1,42760,0,0,0,1914,0,0,0,15688,0,0
7,121756729,rs767663831,A,T,gnomAD Exomes,PASS,NA,p.Tyr284Ter,p.Tyr284Ter,c.852T>A,stop_gained,,1,109384,9.14210487822716E-06,0,0,0,7164,0,0,0,17110,0,0,0,2320,0,0,0,9038,0,0,0,13392,0,0,1,42760,0,0,0,1912,0,0,0,15688,0,0
7,121756748,rs1348049630,A,G,gnomAD Exomes,PASS,NA,p.Val278Ala,p.Val278Ala,c.833T>C,missense_variant,,1,109390,9.14160343724289E-06,0,0,0,7164,0,0,0,17112,0,0,0,2320,0,0,0,9038,0,0,0,13394,0,0,0,42760,0,0,0,1914,0,0,1,15688,0,0
7,121756751,rs370653940,G,T,gnomAD Exomes,PASS,NA,p.Ala277Asp,p.Ala277Asp,c.830C>A,missense_variant,,1,109390,9.14160343724289E-06,0,0,0,7164,0,0,0,17112,0,0,0,2320,0,0,0,9040,0,0,0,13394,0,0,1,42760,0,0,0,1914,0,0,0,15686,0,0
7,121756757,rs756447554,G,A,gnomAD Exomes,PASS,NA,p.Thr275Ile,p.Thr275Ile,c.824C>T,missense_variant,,3,109390,2.74248103117287E-05,0,0,0,7164,0,0,0,17110,0,0,0,2320,0,0,0,9042,0,0,0,13392,0,0,0,42760,0,0,0,1914,0,0,3,15688,0,0
7,121756760,rs780451768,T,A,gnomAD Exomes,PASS,NA,p.Lys274Ile,p.Lys274Ile,c.821A>T,missense_variant,,1,109390,9.14160343724289E-06,0,0,0,7164,0,0,0,17108,0,0,0,2320,0,0,0,9042,0,0,0,13394,0,0,0,42760,0,0,0,1914,0,0,1,15688,0,0
7,121756775,rs755507849,T,C,gnomAD Exomes,PASS,NA,p.His269Arg,p.His269Arg,c.806A>G,missense_variant,,1,109388,9.14177057812557E-06,0,0,0,7164,0,0,0,17108,0,0,0,2320,0,0,0,9040,0,0,0,13392,0,0,1,42762,0,0,0,1914,0,0,0,15688,0,0
7,121756793,rs746536178,G,A,gnomAD Exomes,PASS,NA,p.Thr263Met,p.Thr263Met,c.788C>T,missense_variant,,2,109380,1.82848784055586E-05,0,0,0,7164,0,0,0,17104,0,0,0,2320,0,0,2,9038,0,0,0,13392,0,0,0,42760,0,0,0,1914,0,0,0,15688,0,0
7,121756798,rs1471644722,A,C,gnomAD Exomes,PASS,NA,p.Tyr261Ter,p.Tyr261Ter,c.783T>G,stop_gained,,1,109380,9.1424392027793E-06,0,0,0,7164,0,0,0,17102,0,0,0,2320,0,0,0,9042,0,0,0,13392,0,0,0,42760,0,0,0,1912,0,0,1,15688,0,0
7,121756806,rs776165452,T,C,gnomAD Exomes,PASS,NA,p.Lys259Glu,p.Lys259Glu,c.775A>G,missense_variant,,1,109376,9.14277355178467E-06,0,0,1,7164,0,0,0,17102,0,0,0,2320,0,0,0,9042,0,0,0,13388,0,0,0,42758,0,0,0,1914,0,0,0,15688,0,0
7,121756814,rs1161855234,T,G,gnomAD Exomes,PASS,NA,p.Asp256Ala,p.Asp256Ala,c.767A>C,missense_variant,,2,109360,1.82882223847842E-05,0,0,0,7164,0,0,0,17096,0,0,0,2320,0,0,0,9038,0,0,0,13386,0,0,2,42754,0,0,0,1914,0,0,0,15688,0,0
7,121756936,rs1295081411,C,T,gnomAD Exomes,PASS,NA,p.Gly255Arg,p.Gly255Arg,c.763G>A,missense_variant,,1,109284,9.15047033417518E-06,0,0,0,7152,0,0,0,17108,0,0,0,2320,0,0,0,9032,0,0,0,13338,0,0,1,42740,0,0,0,1910,0,0,0,15684,0,0
7,121756948,rs747180922,CT,C,gnomAD Exomes,PASS,NA,p.Val251PhefsTer15,p.Val251PhefsTer15,c.750delA,frameshift_variant,,1,109294,9.1496330997127E-06,0,0,0,7152,0,0,0,17106,0,0,0,2320,0,0,0,9030,0,0,0,13350,0,0,1,42742,0,0,0,1910,0,0,0,15684,0,0
7,121756958,rs372232198,T,A,gnomAD Genomes,NA,PASS,p.Glu247Asp,p.Glu247Asp,c.741A>T,missense_variant,,1,10872,9.19793966151582E-05,0,0,1,2570,0,0,0,246,0,0,0,38,0,0,0,916,0,0,0,1162,0,0,0,5516,0,0,0,424,0,0,0,0,0,0
7,121756958,rs372232198,T,G,gnomAD Exomes,PASS,NA,p.Glu247Asp,p.Glu247Asp,c.741A>C,missense_variant,,1,109290,9.14996797511209E-06,0,0,0,7154,0,0,1,17106,0,0,0,2320,0,0,0,9026,0,0,0,13348,0,0,0,42742,0,0,0,1910,0,0,0,15684,0,0
7,121756971,rs761724579,A,G,gnomAD Exomes,PASS,NA,p.Val243Ala,p.Val243Ala,c.728T>C,missense_variant,,1,109280,9.15080527086384E-06,0,0,0,7152,0,0,0,17104,0,0,0,2320,0,0,0,9026,0,0,0,13342,0,0,0,42744,0,0,0,1910,0,0,1,15682,0,0
7,121756983,rs1199003323,G,GATTAT,gnomAD Exomes,PASS,NA,p.Pro239HisfsTer12,p.Pro239HisfsTer12,c.715_716insATAAT,frameshift_variant,,1,109234,9.1546588058663E-06,0,0,0,7138,0,0,0,17100,0,0,0,2320,0,0,1,9024,0,0,0,13322,0,0,0,42738,0,0,0,1910,0,0,0,15682,0,0
7,121756988,rs367559748,C,A,gnomAD Exomes,PASS,NA,p.Glu237Asp,p.Glu237Asp,c.711G>T,missense_variant,,1,109176,9.15952223932E-06,0,0,0,7130,0,0,0,17098,0,0,0,2320,0,0,1,9020,0,0,0,13286,0,0,0,42736,0,0,0,1908,0,0,0,15678,0,0
7,121756989,rs1246521751,T,TCACAAG,gnomAD Exomes,PASS,NA,p.Asn236_Glu237insAlaCys,p.Asn236_Glu237insAlaCys,c.709_710insCTTGTG,inframe_insertion,,1,109176,9.15952223932E-06,0,0,0,7130,0,0,0,17098,0,0,0,2320,0,0,1,9020,0,0,0,13286,0,0,0,42734,0,0,0,1910,0,0,0,15678,0,0
7,121756990,rs760852526,C,A,gnomAD Exomes,PASS,NA,p.Glu237Ter,p.Glu237Ter,c.709G>T,stop_gained,,3,109180,2.74775599926726E-05,0,0,0,7132,0,0,0,17098,0,0,0,2320,0,0,0,9020,0,0,0,13288,0,0,3,42734,0,0,0,1910,0,0,0,15678,0,0
7,121756994,rs1376633369,A,T,gnomAD Exomes,PASS,NA,p.Phe235Leu,p.Phe235Leu,c.705T>A,missense_variant,,1,109160,9.16086478563576E-06,0,0,1,7132,0,0,0,17096,0,0,0,2320,0,0,0,9018,0,0,0,13278,0,0,0,42728,0,0,0,1910,0,0,0,15678,0,0
7,121757001,rs766642949,G,T,gnomAD Exomes,PASS,NA,p.Ala233Glu,p.Ala233Glu,c.698C>A,missense_variant,,0,109028,0,0,0,0,7114,0,0,0,17090,0,0,0,2320,0,0,0,9006,0,0,0,13210,0,0,0,42704,0,0,0,1908,0,0,0,15676,0,0
7,121757008,rs201976194,C,A,gnomAD Exomes,PASS,NA,p.Ala231Ser,p.Ala231Ser,c.691G>T,missense_variant,,0,108912,0,0,0,0,7108,0,0,0,17086,0,0,0,2320,0,0,0,9006,0,0,0,13128,0,0,0,42684,0,0,0,1908,0,0,0,15672,0,0
7,121758362,rs1290346430,T,C,gnomAD Exomes,PASS,NA,p.Lys229Arg,p.Lys229Arg,c.686A>G,missense_variant,,2,109248,1.8306971294669E-05,0,0,0,7164,0,0,2,17102,0,0,0,2320,0,0,0,9040,0,0,0,13272,0,0,0,42752,0,0,0,1910,0,0,0,15688,0,0
7,121758381,rs772971021,C,T,gnomAD Exomes,PASS,NA,p.Gly223Arg,p.Gly223Arg,c.667G>A,missense_variant,,1,109362,9.14394396591138E-06,0,0,0,7164,0,0,0,17102,0,0,0,2320,0,0,0,9040,0,0,0,13374,0,0,0,42762,0,0,0,1912,0,0,1,15688,0,0
7,121758401,rs1487818304,G,A,gnomAD Exomes,PASS,NA,p.Pro216Leu,p.Pro216Leu,c.647C>T,missense_variant,,1,109380,9.1424392027793E-06,0,0,0,7164,0,0,0,17108,0,0,0,2320,0,0,0,9044,0,0,0,13376,0,0,1,42764,0,0,0,1914,0,0,0,15690,0,0
7,121758402,rs145053095,G,T,gnomAD Exomes,PASS,NA,p.Pro216Thr,p.Pro216Thr,c.646C>A,missense_variant,,1,109384,9.14210487822716E-06,0,0,0,7164,0,0,0,17108,0,0,0,2320,0,0,1,9042,0,0,0,13386,0,0,0,42762,0,0,0,1914,0,0,0,15688,0,0
7,121758408,rs770846452,T,C,gnomAD Exomes,PASS,NA,p.Ile214Val,p.Ile214Val,c.640A>G,missense_variant,,1,109400,9.14076782449726E-06,0,0,0,7164,0,0,0,17110,0,0,0,2320,0,0,1,9042,0,0,0,13392,0,0,0,42768,0,0,0,1914,0,0,0,15690,0,0
7,121758413,rs777054762,T,C,gnomAD Exomes,PASS,NA,p.Lys212Arg,p.Lys212Arg,c.635A>G,missense_variant,,2,109400,1.82815356489945E-05,0,0,0,7164,0,0,0,17110,0,0,0,2320,0,0,0,9042,0,0,0,13392,0,0,0,42768,0,0,0,1914,0,0,2,15690,0,0
7,121758420,rs1179321468,T,A,gnomAD Exomes,PASS,NA,p.Met210Leu,p.Met210Leu,c.628A>T,missense_variant,,1,109398,9.14093493482513E-06,0,0,0,7164,0,0,1,17110,0,0,0,2320,0,0,0,9042,0,0,0,13394,0,0,0,42766,0,0,0,1914,0,0,0,15688,0,0
7,121758428,rs1163839287,A,G,gnomAD Exomes,PASS,NA,p.Leu207Ser,p.Leu207Ser,c.620T>C,missense_variant,,1,109400,9.14076782449726E-06,0,0,0,7164,0,0,1,17108,0,0,0,2320,0,0,0,9042,0,0,0,13394,0,0,0,42768,0,0,0,1914,0,0,0,15690,0,0
7,121758435,rs147034804,T,A,"gnomAD Exomes,gnomAD Genomes",PASS,PASS,p.Ile205Leu,p.Ile205Leu,c.613A>T,missense_variant,,97,120282,0.000806438203555,0,0,4,9738,0,0,1,17354,0,0,3,2358,0,0,0,9958,0,0,7,14556,0,0,80,48290,0,0,1,2338,0,0,1,15690,0,0
7,121758440,rs763179634,T,C,"gnomAD Exomes,gnomAD Genomes",PASS,PASS,p.Tyr203Cys,p.Tyr203Cys,c.608A>G,missense_variant,,2,120282,1.66275918258759E-05,0,0,0,9738,0,0,0,17356,0,0,0,2358,0,0,0,9958,0,0,0,14556,0,0,2,48290,0,0,0,2338,0,0,0,15688,0,0
7,121758440,rs763179634,T,G,gnomAD Exomes,PASS,NA,p.Tyr203Ser,p.Tyr203Ser,c.608A>C,missense_variant,,5,109398,4.57046746741257E-05,0,0,0,7164,0,0,0,17110,0,0,0,2320,0,0,0,9042,0,0,0,13394,0,0,0,42766,0,0,0,1914,0,0,5,15688,0,0
7,121758441,rs200633154,A,T,gnomAD Exomes,PASS,NA,p.Tyr203Asn,p.Tyr203Asn,c.607T>A,missense_variant,,3,109398,2.74228048044754E-05,0,0,0,7164,0,0,0,17110,0,0,0,2320,0,0,3,9042,0,0,0,13392,0,0,0,42768,0,0,0,1914,0,0,0,15688,0,0
7,121758452,rs202056678,C,T,"gnomAD Exomes,gnomAD Genomes",PASS,PASS,p.Arg199His,p.Arg199His,c.596G>A,missense_variant,,3,120280,2.49418024609245E-05,0,0,1,9738,0,0,0,17354,0,0,0,2358,0,0,0,9960,0,0,1,14554,0,0,1,48290,0,0,0,2338,0,0,0,15688,0,0
7,121758462,rs532611163,G,T,gnomAD Exomes,PASS,NA,p.Gln196Lys,p.Gln196Lys,c.586C>A,missense_variant,,3,109402,2.7421802160838E-05,0,0,0,7164,0,0,0,17110,0,0,0,2320,0,0,3,9046,0,0,0,13392,0,0,0,42768,0,0,0,1914,0,0,0,15688,0,0
7,121758462,rs532611163,G,A,gnomAD Exomes,PASS,NA,p.Gln196Ter,p.Gln196Ter,c.586C>T,stop_gained,,1,109402,9.14060072027934E-06,0,0,0,7164,0,0,1,17110,0,0,0,2320,0,0,0,9046,0,0,0,13392,0,0,0,42768,0,0,0,1914,0,0,0,15688,0,0
7,121758491,rs1341995393,T,C,gnomAD Exomes,PASS,NA,p.His186Arg,p.His186Arg,c.557A>G,missense_variant,,2,109404,1.82808672443421E-05,0,0,0,7164,0,0,1,17110,0,0,0,2320,0,0,1,9046,0,0,0,13394,0,0,0,42766,0,0,0,1914,0,0,0,15690,0,0
7,121758503,rs778726238,A,G,gnomAD Exomes,PASS,NA,p.Ile182Thr,p.Ile182Thr,c.545T>C,missense_variant,,2,109394,1.82825383476242E-05,0,0,0,7164,0,0,0,17108,0,0,0,2320,0,0,0,9042,0,0,0,13392,0,0,0,42764,0,0,0,1914,0,0,2,15690,0,0
7,121758619,rs760346263,T,TA,gnomAD Exomes,PASS,NA,p.Met180TyrfsTer8,p.Met180TyrfsTer8,c.537dupT,frameshift_variant,,1,109366,9.14360953129857E-06,0,0,0,7160,0,0,0,17094,0,0,1,2320,0,0,0,9040,0,0,0,13394,0,0,0,42762,0,0,0,1910,0,0,0,15686,0,0
7,121758629,rs776823496,G,T,gnomAD Exomes,PASS,NA,p.His176Gln,p.His176Gln,c.528C>A,missense_variant,,8,109378,7.31408509938013E-05,0,0,0,7164,0,0,0,17100,0,0,0,2318,0,0,0,9042,0,0,0,13394,0,0,0,42758,0,0,0,1912,0,0,8,15690,0,0
7,121758633,rs1209059524,T,C,gnomAD Exomes,PASS,NA,p.His175Arg,p.His175Arg,c.524A>G,missense_variant,,1,109380,9.1424392027793E-06,0,0,0,7164,0,0,0,17098,0,0,0,2320,0,0,0,9042,0,0,0,13394,0,0,1,42760,0,0,0,1912,0,0,0,15690,0,0
7,121758634,rs138307481,G,A,gnomAD Exomes,PASS,NA,p.His175Tyr,p.His175Tyr,c.523C>T,missense_variant,,5,109376,4.57138677589233E-05,0,0,0,7164,0,0,0,17100,0,0,0,2318,0,0,0,9042,0,0,0,13392,0,0,5,42760,0,0,0,1912,0,0,0,15688,0,0
7,121758637,rs201772991,C,T,gnomAD Exomes,PASS,NA,p.Gly174Arg,p.Gly174Arg,c.520G>A,missense_variant,,1,109382,9.14227203744674E-06,0,0,0,7164,0,0,1,17100,0,0,0,2318,0,0,0,9042,0,0,0,13394,0,0,0,42760,0,0,0,1914,0,0,0,15690,0,0
7,121758649,rs554592041,G,A,gnomAD Exomes,PASS,NA,p.Leu170Phe,p.Leu170Phe,c.508C>T,missense_variant,,1,109370,9.1432751211484E-06,0,0,0,7164,0,0,0,17100,0,0,0,2320,0,0,1,9040,0,0,0,13394,0,0,0,42756,0,0,0,1912,0,0,0,15684,0,0
7,121758685,rs764897732,C,T,gnomAD Exomes,PASS,NA,c.473-1G>A,,c.473-1G>A,splice_acceptor_variant,,1,109250,9.1533180778032E-06,0,0,0,7142,0,0,0,17084,0,0,0,2316,0,0,0,9028,0,0,0,13390,0,0,1,42704,0,0,0,1908,0,0,0,15678,0,0
7,121766441,rs764000460,C,T,gnomAD Exomes,PASS,NA,p.Ala154Thr,p.Ala154Thr,c.460G>A,missense_variant,,3,109408,2.74202983328459E-05,0,0,0,7164,0,0,0,17112,0,0,0,2320,0,0,0,9046,0,0,0,13394,0,0,3,42768,0,0,0,1914,0,0,0,15690,0,0
7,121766451,rs370818397,A,C,gnomAD Exomes,PASS,NA,p.Phe150Leu,p.Phe150Leu,c.450T>G,missense_variant,,1,109408,9.14009944428195E-06,0,0,1,7164,0,0,0,17112,0,0,0,2320,0,0,0,9046,0,0,0,13394,0,0,0,42768,0,0,0,1914,0,0,0,15690,0,0
7,121766455,rs757079680,G,T,gnomAD Exomes,PASS,NA,p.Ala149Glu,p.Ala149Glu,c.446C>A,missense_variant,,1,109408,9.14009944428195E-06,0,0,1,7164,0,0,0,17112,0,0,0,2320,0,0,0,9046,0,0,0,13394,0,0,0,42768,0,0,0,1914,0,0,0,15690,0,0
7,121766471,rs1185783650,C,A,gnomAD Genomes,NA,PASS,p.Gly144Ter,p.Gly144Ter,c.430G>T,stop_gained,,2,10880,0.000183823529412,0,0,0,2574,0,0,0,246,0,0,0,38,0,0,0,916,0,0,0,1158,0,0,2,5524,0,0,0,424,0,0,0,0,0,0
7,121766483,rs200811805,C,T,gnomAD Exomes,PASS,NA,p.Val140Met,p.Val140Met,c.418G>A,missense_variant,,27,109408,0.000246782684996,0,0,0,7164,0,0,0,17112,0,0,0,2320,0,0,26,9046,0,0,0,13394,0,0,1,42768,0,0,0,1914,0,0,0,15690,0,0
7,121766484,rs185432776,C,T,gnomAD Exomes,PASS,NA,p.Met139Ile,p.Met139Ile,c.417G>A,missense_variant,,1,109406,9.14026653017202E-06,0,0,1,7164,0,0,0,17112,0,0,0,2320,0,0,0,9046,0,0,0,13394,0,0,0,42768,0,0,0,1914,0,0,0,15688,0,0
7,121766484,rs185432776,C,A,gnomAD Exomes,PASS,NA,p.Met139Ile,p.Met139Ile,c.417G>T,missense_variant,,2,109406,1.8280533060344E-05,0,0,2,7164,0,0,0,17112,0,0,0,2320,0,0,0,9046,0,0,0,13394,0,0,0,42768,0,0,0,1914,0,0,0,15688,0,0
7,121766485,rs772354429,A,G,gnomAD Exomes,PASS,NA,p.Met139Thr,p.Met139Thr,c.416T>C,missense_variant,,1,109402,9.14060072027934E-06,0,0,1,7164,0,0,0,17110,0,0,0,2320,0,0,0,9046,0,0,0,13390,0,0,0,42768,0,0,0,1914,0,0,0,15690,0,0
7,121766492,rs1004656242,C,T,gnomAD Exomes,PASS,NA,p.Glu137Lys,p.Glu137Lys,c.409G>A,missense_variant,,1,109404,9.14043362217103E-06,0,0,1,7164,0,0,0,17110,0,0,0,2320,0,0,0,9046,0,0,0,13392,0,0,0,42768,0,0,0,1914,0,0,0,15690,0,0
7,121766504,rs773718349,G,A,gnomAD Exomes,PASS,NA,p.Leu133Phe,p.Leu133Phe,c.397C>T,missense_variant,,1,109400,9.14076782449726E-06,0,0,0,7164,0,0,0,17106,0,0,0,2320,0,0,1,9044,0,0,0,13394,0,0,0,42768,0,0,0,1914,0,0,0,15690,0,0
7,121766506,rs761154340,C,T,gnomAD Exomes,PASS,NA,p.Arg132His,p.Arg132His,c.395G>A,missense_variant,,6,109386,5.48516263507213E-05,0,0,0,7162,0,0,0,17104,0,0,0,2320,0,0,0,9044,0,0,0,13388,0,0,6,42768,0,0,0,1914,0,0,0,15686,0,0
7,121766507,rs769390625,G,A,gnomAD Exomes,PASS,NA,p.Arg132Cys,p.Arg132Cys,c.394C>T,missense_variant,,4,109390,3.65664137489716E-05,0,0,0,7162,0,0,0,17104,0,0,0,2320,0,0,0,9040,0,0,0,13392,0,0,4,42768,0,0,0,1914,0,0,0,15690,0,0
7,121766513,rs774844734,C,G,gnomAD Exomes,PASS,NA,p.Glu130Gln,p.Glu130Gln,c.388G>C,missense_variant,,1,109382,9.14227203744674E-06,0,0,0,7160,0,0,0,17102,0,0,0,2320,0,0,0,9040,0,0,0,13388,0,0,1,42768,0,0,0,1914,0,0,0,15690,0,0
7,121766514,rs1158688887,C,T,gnomAD Genomes,NA,PASS,c.388-1G>A,,c.388-1G>A,splice_acceptor_variant,,1,10880,9.19117647058823E-05,0,0,0,2574,0,0,0,246,0,0,0,38,0,0,1,916,0,0,0,1160,0,0,0,5522,0,0,0,424,0,0,0,0,0,0
7,121769422,rs1375923557,A,G,gnomAD Genomes,NA,PASS,p.Leu127Pro,p.Leu127Pro,c.380T>C,missense_variant,,1,10858,9.20979922637686E-05,0,0,0,2574,0,0,0,246,0,0,0,38,0,0,0,916,0,0,0,1152,0,0,1,5510,0,0,0,422,0,0,0,0,0,0
7,121769425,rs778084182,A,G,gnomAD Exomes,PASS,NA,p.Ile126Thr,p.Ile126Thr,c.377T>C,missense_variant,,1,108484,9.21794919066406E-06,0,0,0,7154,0,0,1,16818,0,0,0,2290,0,0,0,9004,0,0,0,13392,0,0,0,42604,0,0,0,1898,0,0,0,15324,0,0
7,121769443,rs1250268294,A,T,gnomAD Exomes,PASS,NA,p.Met120Lys,p.Met120Lys,c.359T>A,missense_variant,,1,109262,9.15231278944189E-06,0,0,0,7160,0,0,0,17054,0,0,0,2320,0,0,0,9030,0,0,0,13392,0,0,1,42746,0,0,0,1912,0,0,0,15648,0,0
7,121769459,rs777159345,C,A,gnomAD Exomes,PASS,NA,p.Ala115Ser,p.Ala115Ser,c.343G>T,missense_variant,,1,109362,9.14394396591138E-06,0,0,0,7160,0,0,0,17092,0,0,0,2320,0,0,0,9034,0,0,0,13394,0,0,1,42762,0,0,0,1914,0,0,0,15686,0,0
7,121769495,rs1434356152,T,A,gnomAD Exomes,PASS,NA,p.Arg103Trp,p.Arg103Trp,c.307A>T,missense_variant,,1,109360,9.1441111923921E-06,0,0,0,7162,0,0,0,17088,0,0,0,2318,0,0,0,9040,0,0,1,13394,0,0,0,42760,0,0,0,1912,0,0,0,15686,0,0
7,121769497,rs767460043,G,A,gnomAD Exomes,PASS,NA,p.Ser102Phe,p.Ser102Phe,c.305C>T,missense_variant,,1,109360,9.1441111923921E-06,0,0,0,7160,0,0,0,17086,0,0,0,2320,0,0,0,9038,0,0,0,13394,0,0,1,42764,0,0,0,1912,0,0,0,15686,0,0
7,121769498,rs773119437,A,G,gnomAD Exomes,PASS,NA,p.Ser102Pro,p.Ser102Pro,c.304T>C,missense_variant,,2,109354,1.82892258170712E-05,0,0,0,7160,0,0,0,17078,0,0,0,2320,0,0,0,9040,0,0,0,13394,0,0,0,42760,0,0,0,1914,0,0,2,15688,0,0
7,121769503,rs760470068,A,G,gnomAD Exomes,PASS,NA,p.Leu100Ser,p.Leu100Ser,c.299T>C,missense_variant,,3,109362,2.74318318977341E-05,0,0,0,7160,0,0,0,17088,0,0,0,2320,0,0,0,9040,0,0,1,13392,0,0,2,42760,0,0,0,1914,0,0,0,15688,0,0
7,121769510,rs766257837,C,T,gnomAD Exomes,PASS,NA,p.Glu98Lys,p.Glu98Lys,c.292G>A,missense_variant,,8,109336,7.31689470988512E-05,0,0,1,7160,0,0,0,17084,0,0,0,2320,0,0,0,9038,0,0,0,13390,0,0,7,42754,0,0,0,1914,0,0,0,15676,0,0
7,121769516,rs753738857,G,A,gnomAD Exomes,PASS,NA,p.Pro96Ser,p.Pro96Ser,c.286C>T,missense_variant,,1,109344,9.14544922446591E-06,0,0,0,7160,0,0,0,17090,0,0,0,2320,0,0,0,9042,0,0,0,13386,0,0,0,42756,0,0,0,1914,0,0,1,15676,0,0
7,121769519,rs377076318,G,T,"gnomAD Exomes,gnomAD Genomes",PASS,PASS,p.Pro95Thr,p.Pro95Thr,c.283C>A,missense_variant,,2,120218,1.66364437937746E-05,0,0,0,9734,0,0,0,17336,0,0,0,2358,0,0,0,9956,0,0,0,14546,0,0,2,48280,0,0,0,2336,0,0,0,15672,0,0
7,121769532,rs1204862264,TA,T,gnomAD Exomes,PASS,NA,p.Leu90Ter,p.Leu90Ter,c.269delT,frameshift_variant,,1,109354,9.14461290853558E-06,0,0,0,7160,0,0,0,17090,0,0,0,2320,0,0,0,9040,0,0,0,13390,0,0,1,42762,0,0,0,1914,0,0,0,15678,0,0
7,121769561,rs758599644,C,T,gnomAD Exomes,PASS,NA,p.Glu81Lys,p.Glu81Lys,c.241G>A,missense_variant,,1,109310,9.14829384319824E-06,0,0,1,7156,0,0,0,17084,0,0,0,2318,0,0,0,9028,0,0,0,13380,0,0,0,42746,0,0,0,1912,0,0,0,15686,0,0
7,121769581,rs1160905642,T,C,gnomAD Exomes,PASS,NA,p.Lys74Arg,p.Lys74Arg,c.221A>G,missense_variant,,1,109280,9.15080527086384E-06,0,0,0,7156,0,0,0,17084,0,0,0,2320,0,0,0,9026,0,0,0,13362,0,0,1,42736,0,0,0,1908,0,0,0,15688,0,0
7,121773578,rs781618451,T,A,gnomAD Exomes,PASS,NA,p.His68Leu,p.His68Leu,c.203A>T,missense_variant,,1,109394,9.14126917381209E-06,0,0,0,7164,0,0,0,17104,0,0,0,2320,0,0,0,9046,0,0,0,13394,0,0,1,42764,0,0,0,1912,0,0,0,15690,0,0
7,121773584,rs750935785,G,T,gnomAD Exomes,PASS,NA,p.Ala66Asp,p.Ala66Asp,c.197C>A,missense_variant,,1,109390,9.14160343724289E-06,0,0,0,7164,0,0,0,17106,0,0,0,2320,0,0,0,9046,0,0,0,13394,0,0,0,42758,0,0,0,1912,0,0,1,15690,0,0
7,121773587,rs587777125,C,T,gnomAD Exomes,PASS,NA,p.Arg65Gln,p.Arg65Gln,c.194G>A,missense_variant,,1,109400,9.14076782449726E-06,0,0,0,7164,0,0,0,17104,0,0,0,2320,0,0,0,9046,0,0,0,13394,0,0,1,42768,0,0,0,1914,0,0,0,15690,0,0
7,121773588,rs780657249,G,A,gnomAD Exomes,PASS,NA,p.Arg65Trp,p.Arg65Trp,c.193C>T,missense_variant,,2,109394,1.82825383476242E-05,0,0,0,7164,0,0,0,17106,0,0,0,2320,0,0,0,9046,0,0,0,13390,0,0,2,42766,0,0,0,1914,0,0,0,15688,0,0
7,121773591,rs148068419,G,A,gnomAD Exomes,PASS,NA,p.Arg64Trp,p.Arg64Trp,c.190C>T,missense_variant,,4,109398,3.65637397393005E-05,0,0,0,7160,0,0,0,17108,0,0,0,2320,0,0,0,9046,0,0,0,13392,0,0,4,42768,0,0,0,1914,0,0,0,15690,0,0
7,121773596,rs1431496936,G,A,gnomAD Exomes,PASS,NA,p.Ser62Leu,p.Ser62Leu,c.185C>T,missense_variant,,2,109398,1.82818698696503E-05,0,0,0,7164,0,0,1,17106,0,0,0,2320,0,0,0,9046,0,0,0,13392,0,0,1,42766,0,0,0,1914,0,0,0,15690,0,0
7,121773603,rs770695432,G,A,gnomAD Exomes,PASS,NA,p.Gln60Ter,p.Gln60Ter,c.178C>T,stop_gained,,1,109406,9.14026653017202E-06,0,0,0,7164,0,0,0,17110,0,0,0,2320,0,0,0,9046,0,0,0,13394,0,0,1,42768,0,0,0,1914,0,0,0,15690,0,0
7,121773605,rs1355158409,A,G,gnomAD Exomes,PASS,NA,p.Ile59Thr,p.Ile59Thr,c.176T>C,missense_variant,,1,109406,9.14026653017202E-06,0,0,0,7164,0,0,0,17110,0,0,0,2320,0,0,0,9046,0,0,0,13394,0,0,1,42768,0,0,0,1914,0,0,0,15690,0,0
7,121773609,rs754563986,AG,A,gnomAD Exomes,PASS,NA,p.Leu58Ter,p.Leu58Ter,c.171delC,frameshift_variant,,1,109408,9.14009944428195E-06,0,0,0,7164,0,0,0,17112,0,0,0,2320,0,0,0,9046,0,0,0,13394,0,0,0,42768,0,0,0,1914,0,0,1,15690,0,0
7,121773627,rs764147148,T,C,gnomAD Exomes,PASS,NA,p.Asn52Asp,p.Asn52Asp,c.154A>G,missense_variant,,1,109408,9.14009944428195E-06,0,0,0,7164,0,0,0,17112,0,0,0,2320,0,0,0,9046,0,0,0,13394,0,0,0,42768,0,0,0,1914,0,0,1,15690,0,0
7,121773633,rs751795969,T,C,gnomAD Exomes,PASS,NA,p.Ile50Val,p.Ile50Val,c.148A>G,missense_variant,,2,109408,1.82801988885639E-05,0,0,2,7164,0,0,0,17112,0,0,0,2320,0,0,0,9046,0,0,0,13394,0,0,0,42768,0,0,0,1914,0,0,0,15690,0,0
7,121773639,rs762066518,T,C,gnomAD Exomes,PASS,NA,p.Lys48Glu,p.Lys48Glu,c.142A>G,missense_variant,,2,109408,1.82801988885639E-05,0,0,0,7164,0,0,0,17112,0,0,0,2320,0,0,2,9046,0,0,0,13394,0,0,0,42768,0,0,0,1914,0,0,0,15690,0,0
7,121773642,rs767822862,T,C,gnomAD Exomes,PASS,NA,p.Ile47Val,p.Ile47Val,c.139A>G,missense_variant,,1,109408,9.14009944428195E-06,0,0,0,7164,0,0,1,17112,0,0,0,2320,0,0,0,9046,0,0,0,13394,0,0,0,42768,0,0,0,1914,0,0,0,15690,0,0
7,121773650,rs750821357,G,A,gnomAD Exomes,PASS,NA,p.Pro44Leu,p.Pro44Leu,c.131C>T,missense_variant,,1,109404,9.14043362217103E-06,0,0,0,7164,0,0,0,17110,0,0,0,2320,0,0,0,9046,0,0,0,13394,0,0,1,42766,0,0,0,1914,0,0,0,15690,0,0
7,121773659,rs780710553,G,A,gnomAD Exomes,PASS,NA,p.Pro41Leu,p.Pro41Leu,c.122C>T,missense_variant,,2,109408,1.82801988885639E-05,0,0,0,7164,0,0,0,17112,0,0,0,2320,0,0,0,9046,0,0,0,13394,0,0,2,42768,0,0,0,1914,0,0,0,15690,0,0
7,121773663,rs1168367735,C,G,gnomAD Exomes,PASS,NA,p.Ala40Pro,p.Ala40Pro,c.118G>C,missense_variant,,1,109408,9.14009944428195E-06,0,0,0,7164,0,0,0,17112,0,0,0,2320,0,0,0,9046,0,0,1,13394,0,0,0,42768,0,0,0,1914,0,0,0,15690,0,0
7,121773665,rs1361134361,C,A,gnomAD Exomes,PASS,NA,p.Arg39Met,p.Arg39Met,c.116G>T,missense_variant,,1,109406,9.14026653017202E-06,0,0,0,7164,0,0,0,17112,0,0,0,2320,0,0,0,9046,0,0,0,13394,0,0,1,42766,0,0,0,1914,0,0,0,15690,0,0
7,121773672,rs754338654,C,T,gnomAD Exomes,PASS,NA,p.Glu37Lys,p.Glu37Lys,c.109G>A,missense_variant,,2,109408,1.82801988885639E-05,0,0,0,7164,0,0,0,17112,0,0,0,2320,0,0,0,9046,0,0,0,13394,0,0,0,42768,0,0,0,1914,0,0,2,15690,0,0
7,121773673,rs1336527971,C,T,gnomAD Exomes,PASS,NA,p.Trp36Ter,p.Trp36Ter,c.108G>A,stop_gained,,1,109408,9.14009944428195E-06,0,0,0,7164,0,0,0,17112,0,0,0,2320,0,0,0,9046,0,0,0,13394,0,0,0,42768,0,0,0,1914,0,0,1,15690,0,0
7,121773678,rs758036438,C,G,gnomAD Exomes,PASS,NA,p.Ala35Pro,p.Ala35Pro,c.103G>C,missense_variant,,1,109404,9.14043362217103E-06,0,0,0,7164,0,0,0,17110,0,0,0,2320,0,0,0,9046,0,0,0,13392,0,0,0,42768,0,0,0,1914,0,0,1,15690,0,0
7,121773679,rs777413121,G,C,gnomAD Exomes,PASS,NA,p.Asn34Lys,p.Asn34Lys,c.102C>G,missense_variant,,1,109408,9.14009944428195E-06,0,0,0,7164,0,0,0,17112,0,0,0,2320,0,0,0,9046,0,0,0,13394,0,0,1,42768,0,0,0,1914,0,0,0,15690,0,0
7,121773687,rs745684465,C,T,gnomAD Exomes,PASS,NA,p.Asp32Asn,p.Asp32Asn,c.94G>A,missense_variant,,2,109406,1.8280533060344E-05,0,0,0,7164,0,0,0,17110,0,0,0,2320,0,0,0,9046,0,0,0,13394,0,0,2,42768,0,0,0,1914,0,0,0,15690,0,0
7,121773690,rs987766346,C,G,gnomAD Exomes,PASS,NA,p.Glu31Gln,p.Glu31Gln,c.91G>C,missense_variant,,1,109408,9.14009944428195E-06,0,0,0,7164,0,0,0,17112,0,0,0,2320,0,0,0,9046,0,0,0,13394,0,0,1,42768,0,0,0,1914,0,0,0,15690,0,0
7,121773695,rs769524976,C,T,gnomAD Exomes,PASS,NA,p.Arg29Gln,p.Arg29Gln,c.86G>A,missense_variant,,1,109408,9.14009944428195E-06,0,0,0,7164,0,0,0,17112,0,0,0,2320,0,0,0,9046,0,0,0,13394,0,0,1,42768,0,0,0,1914,0,0,0,15690,0,0
7,121773696,rs775465354,G,A,gnomAD Exomes,PASS,NA,p.Arg29Trp,p.Arg29Trp,c.85C>T,missense_variant,,3,109408,2.74202983328459E-05,0,0,0,7164,0,0,1,17112,0,0,0,2320,0,0,0,9046,0,0,0,13394,0,0,0,42768,0,0,0,1914,0,0,2,15690,0,0
7,121773699,rs762873545,C,T,gnomAD Exomes,PASS,NA,p.Val28Ile,p.Val28Ile,c.82G>A,missense_variant,,3,109408,2.74202983328459E-05,0,0,0,7164,0,0,0,17112,0,0,0,2320,0,0,0,9046,0,0,0,13394,0,0,3,42768,0,0,0,1914,0,0,0,15690,0,0
7,121773699,rs762873545,C,G,gnomAD Exomes,PASS,NA,p.Val28Leu,p.Val28Leu,c.82G>C,missense_variant,,1,109408,9.14009944428195E-06,0,0,0,7164,0,0,0,17112,0,0,0,2320,0,0,0,9046,0,0,0,13394,0,0,1,42768,0,0,0,1914,0,0,0,15690,0,0
7,121773708,rs761748339,C,T,gnomAD Exomes,PASS,NA,p.Val25Met,p.Val25Met,c.73G>A,missense_variant,,1,109408,9.14009944428195E-06,0,0,0,7164,0,0,0,17112,0,0,0,2320,0,0,0,9046,0,0,0,13394,0,0,1,42768,0,0,0,1914,0,0,0,15690,0,0
7,121773710,rs767810117,G,A,gnomAD Exomes,PASS,NA,p.Ala24Val,p.Ala24Val,c.71C>T,missense_variant,,2,109408,1.82801988885639E-05,1,0,0,7164,0,0,0,17112,0,0,0,2320,0,0,0,9046,0,0,0,13394,0,0,0,42768,0,0,2,1914,1,0,0,15690,0,0
7,121773711,rs750543258,C,T,gnomAD Exomes,PASS,NA,p.Ala24Thr,p.Ala24Thr,c.70G>A,missense_variant,,2,109408,1.82801988885639E-05,0,0,0,7164,0,0,0,17112,0,0,0,2320,0,0,0,9046,0,0,0,13394,0,0,0,42768,0,0,0,1914,0,0,2,15690,0,0
7,121773732,rs766832910,A,C,gnomAD Exomes,PASS,NA,p.Ser17Ala,p.Ser17Ala,c.49T>G,missense_variant,,1,109404,9.14043362217103E-06,0,0,0,7164,0,0,0,17112,0,0,0,2320,0,0,0,9046,0,0,0,13390,0,0,1,42768,0,0,0,1914,0,0,0,15690,0,0
7,121773744,rs149272323,C,G,"gnomAD Exomes,gnomAD Genomes",PASS,PASS,p.Gly13Arg,p.Gly13Arg,c.37G>C,missense_variant,,152,120276,0.001263760018624,0,0,1,9734,0,0,2,17358,0,0,0,2358,0,0,0,9962,0,0,28,14548,0,0,115,48288,0,0,6,2338,0,0,0,15690,0,0
7,121773748,rs780915761,C,A,gnomAD Exomes,PASS,NA,p.Arg11Ser,p.Arg11Ser,c.33G>T,missense_variant,,3,109396,2.74233061537899E-05,0,0,0,7164,0,0,0,17112,0,0,0,2320,0,0,0,9046,0,0,0,13382,0,0,0,42768,0,0,0,1914,0,0,3,15690,0,0
7,121773755,rs1280977000,A,T,gnomAD Exomes,PASS,NA,p.Leu9Gln,p.Leu9Gln,c.26T>A,missense_variant,,1,109394,9.14126917381209E-06,0,0,0,7164,0,0,0,17112,0,0,0,2320,0,0,0,9046,0,0,0,13380,0,0,1,42768,0,0,0,1914,0,0,0,15690,0,0
7,121773765,rs1228800947,T,C,gnomAD Exomes,PASS,NA,p.Arg6Gly,p.Arg6Gly,c.16A>G,missense_variant,,1,109382,9.14227203744674E-06,0,0,0,7164,0,0,0,17112,0,0,0,2320,0,0,0,9046,0,0,0,13370,0,0,0,42766,0,0,0,1914,0,0,1,15690,0,0
7,121773778,rs779793755,C,T,gnomAD Exomes,PASS,NA,p.Met1?,p.Met1?,c.3G>A,start_lost,,1,109352,9.14478015948497E-06,0,0,0,7164,0,0,0,17112,0,0,0,2320,0,0,0,9046,0,0,0,13340,0,0,1,42766,0,0,0,1914,0,0,0,15690,0,0
